{
  "embedding": [
    2.106413319366294,
    2.044683566858786,
    3.8209536462130873,
    0.04246335403582539,
    0.2781081513341025,
    3.1142602713572884,
    0.562464192476224,
    1.1214898364181083,
    0.8409193431485587,
    0.3935336287706621,
    2.4381851221862143,
    5.044260334831547,
    0.45532751216655154,
    1.7127555965770913,
    0.07415050034947668,
    3.3342334988919946,
    0.5497430433808617,
    2.60517452927495,
    1.009887919182058,
    1.890852741955854,
    3.643687994369903,
    4.662050051901021,
    2.375393287497974,
    0.6165233792543313,
    2.840218683672079,
    1.9373803818488236,
    3.4825931302719724,
    5.332722284114422,
    1.0695536939373647,
    2.525484580855631,
    4.885914289937201,
    0.3354491005093504,
    0.43479596913675495,
    0.9414686112992178,
    2.1376197496577727,
    0.51569906785159,
    2.0897220834500767,
    0.6942829512909666,
    0.5838010983516441,
    2.4932485351656823,
    0.5515728849761858,
    1.6031247106015634,
    1.55598611066475,
    2.7063358075129305,
    2.7692190986018876,
    4.376258350644115,
    2.497386218600963,
    3.819589272636464,
    5.38320011271902,
    2.2815319381038446,
    1.456724297191747,
    0.4089998946342784,
    1.1895807449243376,
    3.023087055864819,
    1.284906613677921,
    2.687733066286498,
    2.642058095609438,
    2.125041362649214,
    3.226618958035185,
    4.1913452292460605,
    0.22211860031388578,
    3.2119268342273486,
    0.7705770627291628,
    0.984516464802206
  ],
  "timestamp": 1754306479.972068
}