{
  "query": "/*+  */ select count(*)\nfrom title AS t\ninner join cast_info AS ci\non t.id = ci.movie_id AND ci.person_id < 496343 AND ci.role_id > 1;",
  "predicted_latency": 900.0113606452942,
  "actual_latency": 1367.866,
  "q_error": 1.5198319263650863,
  "inference_time": 0.01795816421508789
}