{
  "query": "/*+  */ select count(*)\nfrom cast_info AS ci\ninner join title AS t\non t.id = ci.movie_id AND ci.person_id < 3204799 AND t.kind_id < 7;",
  "predicted_latency": 1413.4334325790405,
  "actual_latency": 6169.67,
  "q_error": 4.365023394658515,
  "inference_time": 0.012323856353759766
}