{
  "predicted_latency": 430.7856140136719,
  "inference_time": 0.02321648597717285
}