{
  "predicted_latency": 0.02913774736225605,
  "actual_latency": 0.182631,
  "q_error": 6.267848968505859,
  "inference_time": 0.08623075485229492,
  "timestamp": 1745756407.315806
}