{
  "predicted_latency": 0.0291377454996109,
  "actual_latency": 1.8328710000000001,
  "q_error": 62.903663635253906,
  "inference_time": 0.052288055419921875,
  "timestamp": 1745761942.1321917
}