{
  "query": "/*+  */ select count(*)\nfrom cast_info AS ci\ninner join title AS t\non t.id = ci.movie_id AND ci.person_id > 1479854 AND t.production_year < 1976;",
  "predicted_latency": 1564.26203250885,
  "actual_latency": 3865.048,
  "q_error": 2.4708443468393986,
  "inference_time": 0.019420623779296875
}