{
  "query": "/*+  */ select count(*)\nfrom title AS t\ninner join cast_info AS ci\non t.id = ci.movie_id AND ci.person_id > 686645 AND ci.role_id = 2;",
  "predicted_latency": 1115.9330606460571,
  "actual_latency": 3164.687,
  "q_error": 2.8359111416305196,
  "inference_time": 0.016846656799316406
}