{
  "predicted_latency": 0.02913774363696575,
  "actual_latency": 4.757589,
  "q_error": 163.2792510986328,
  "inference_time": 0.067626953125,
  "timestamp": 1745492756.4233956
}