{
  "query": "/*+  */ select count(*)\nfrom title AS t\ninner join cast_info AS ci\non t.id = ci.movie_id AND ci.person_id < 2491585;",
  "predicted_latency": 921.6011762619019,
  "actual_latency": 7397.769,
  "q_error": 8.027082853785,
  "inference_time": 0.018544912338256836
}