{
  "query": "/*+  */ select count(*)\nfrom title AS t\ninner join cast_info AS ci\non t.id = ci.movie_id AND t.production_year > 2008 AND ci.person_id < 1015495;",
  "predicted_latency": 1431.5630197525024,
  "actual_latency": 2958.268,
  "q_error": 2.0664601971287606,
  "inference_time": 0.029604673385620117
}