{
  "predicted_latency": 0.0291377454996109,
  "actual_latency": 3.658224,
  "q_error": 125.54931640625,
  "inference_time": 0.7958381175994873,
  "timestamp": 1745453211.9361367
}