{
  "predicted_latency": 320.0002610683441,
  "actual_latency": 29806.066,
  "q_error": 93.14388025962943,
  "inference_time": 0.1337723731994629
}