{
    "embedding": [
        0.5287011861801147,
        0.5287011861801147,
        0.55621337890625,
        0.6045167446136475,
        0.601999819278717,
        1.418179988861084,
        0.5287011861801147,
        0.5287011861801147,
        1.7348239421844482,
        0.5287011861801147,
        0.5287011861801147,
        0.5287011861801147,
        0.5287011861801147,
        1.7049481868743896,
        3.333355665206909,
        2.3759989738464355,
        0.5287011861801147,
        1.3829342126846313,
        0.5287011861801147,
        2.3477413654327393,
        0.5287011861801147,
        3.203218936920166,
        2.9997284412384033,
        0.5287011861801147,
        1.058313250541687,
        2.665086030960083,
        0.5287011861801147,
        0.5287011861801147,
        0.5287011861801147,
        0.5287011861801147,
        1.1698689460754395,
        2.353652238845825,
        0.5287011861801147,
        0.5287011861801147,
        2.1497340202331543,
        2.510363817214966,
        0.5287011861801147,
        2.776688814163208,
        2.758976936340332,
        0.5287011861801147,
        0.5287011861801147,
        0.5287011861801147,
        0.6279138922691345,
        0.5287011861801147,
        1.4829611778259277,
        0.5287011861801147,
        0.5287011861801147,
        0.8189020156860352,
        0.5287011861801147,
        3.577702283859253,
        3.1781466007232666,
        1.8171507120132446,
        0.5287011861801147,
        0.5287011861801147,
        2.999753952026367,
        0.5287011861801147,
        0.5287011861801147,
        0.5287011861801147,
        0.5287011861801147,
        0.6499610543251038,
        0.5287011861801147,
        2.2613720893859863,
        0.5287011861801147,
        3.8617124557495117
    ],
    "timestamp": 1754257705.2042806
}