{
    "embedding": [
        0.5287011861801147,
        0.5287011861801147,
        0.5562134385108948,
        0.6045167446136475,
        0.6019999384880066,
        1.4181803464889526,
        0.5287011861801147,
        0.5287011861801147,
        1.7348240613937378,
        0.5287011861801147,
        0.5287011861801147,
        0.5287011861801147,
        0.5287011861801147,
        1.7049481868743896,
        3.333355665206909,
        2.3759989738464355,
        0.5287011861801147,
        1.3829344511032104,
        0.5287011861801147,
        2.3477413654327393,
        0.5287011861801147,
        3.2032182216644287,
        2.999729633331299,
        0.5287011861801147,
        1.058313250541687,
        2.6650853157043457,
        0.5287011861801147,
        0.5287011861801147,
        0.5287011861801147,
        0.5287011861801147,
        1.1698687076568604,
        2.353652238845825,
        0.5287011861801147,
        0.5287011861801147,
        2.1497340202331543,
        2.5103635787963867,
        0.5287011861801147,
        2.776689291000366,
        2.758977174758911,
        0.5287011861801147,
        0.5287011861801147,
        0.5287011861801147,
        0.6279138922691345,
        0.5287011861801147,
        1.482960820198059,
        0.5287011861801147,
        0.5287011861801147,
        0.8189018964767456,
        0.5287011861801147,
        3.5777032375335693,
        3.1781466007232666,
        1.8171510696411133,
        0.5287011861801147,
        0.5287011861801147,
        2.999753475189209,
        0.5287011861801147,
        0.5287011861801147,
        0.5287011861801147,
        0.5287011861801147,
        0.6499610543251038,
        0.5287011861801147,
        2.2613718509674072,
        0.5287011861801147,
        3.86171293258667
    ],
    "timestamp": 1754257700.7357721
}