{
  "query": "/*+ NoNestLoop(t ci) */ select count(*)\nfrom title AS t\ninner join cast_info AS ci\non t.id = ci.movie_id AND ci.person_id > 3631795;",
  "predicted_latency": 584.3132138252258,
  "actual_latency": 1284.718,
  "q_error": 2.198680381690414,
  "inference_time": 0.029479265213012695
}