{
  "query": "/*+  */ select count(*)\nfrom movie_companies AS mc\ninner join title AS t\non t.id = mc.movie_id AND mc.company_id > 71767;",
  "predicted_latency": 1018.7958478927612,
  "actual_latency": 558.856,
  "q_error": 1.8230024333509192,
  "inference_time": 0.020702838897705078
}