{
  "predicted_latency": 0.02913774736225605,
  "actual_latency": 2.652314,
  "q_error": 91.0267333984375,
  "inference_time": 1.1560165882110596,
  "timestamp": 1745757613.2463512
}