{
  "pg_runtime": 6921.036,
  "opt_runtime": 2735.351,
  "pg_slowdown": 2.530218608142063,
  "pg_opt_diff": 4185.6849999999995,
  "original_num_of_plans": 21,
  "pg_plan_card_error": 11538.0,
  "opt_plan_card_error": 1.0,
  "num_tables": 7,
  "opt_hint": "/*+ Rows(ci n #48290) Rows(mc t #2609129) Rows(k mk #41840) Rows(cn mc #2609129) Rows(ci t #36244344) Rows(ci mc #80274241) Rows(mk t #4523930) Rows(mc mk #34863638) Rows(ci mk #215765477) Rows(cn mc t #2609129) Rows(k mc mk #148552) Rows(ci n t #48290) Rows(ci mk t #215765477) Rows(ci mc mk #3101350543) Rows(ci k mk #1038393) Rows(k mk t #41840) Rows(ci mc n #112630) Rows(cn mc mk #34863638) Rows(ci mc t #80274241) Rows(mc mk t #34863638) Rows(ci cn mc #80274241) Rows(ci mk n #313632) Rows(cn k mc mk #148552) Rows(ci cn mc mk #3101350543) Rows(ci mc n t #112630) Rows(k mc mk t #148552) Rows(ci mc mk n #3810463) Rows(ci cn mc t #80274241) Rows(ci k mk n #1972) Rows(ci cn mc n #112630) Rows(cn mc mk t #34863638) Rows(ci mc mk t #3101350543) Rows(ci mk n t #313632) Rows(ci k mk t #1038393) Rows(ci k mc mk #7796926) Rows(ci cn mc n t #112630) Rows(ci cn mc mk n #3810463) Rows(ci k mc mk n #11538) Rows(ci k mc mk t #7796926) Rows(ci k mk n t #1972) Rows(cn k mc mk t #148552) Rows(ci cn mc mk t #3101350543) Rows(ci mc mk n t #3810463) Rows(ci cn k mc mk #7796926) Rows(ci cn k mc mk t #7796926) Rows(ci cn mc mk n t #3810463) Rows(ci k mc mk n t #11538) Rows(ci cn k mc mk n #11538) Rows(ci cn k mc mk n t #11538) */"
}