{
  "predicted_latency": 426.73903703689575,
  "actual_latency": 131.315,
  "q_error": 3.2497356511967084,
  "inference_time": 0.09240555763244629
}