{
  "predicted_latency": 0.010861066170036793,
  "actual_latency": 4.848954,
  "q_error": 446.452880859375,
  "inference_time": 1.2122366428375244,
  "timestamp": 1744732425.0203924
}