{
  "query": "/*+ NoNestLoop(t ci) */ select count(*)\nfrom title AS t\ninner join cast_info AS ci\non t.id = ci.movie_id;",
  "predicted_latency": 764.4410133361816,
  "actual_latency": 10739.224,
  "q_error": 14.048466543064931,
  "inference_time": 0.019535303115844727
}