{
  "predicted_latency": 612.1963262557983,
  "actual_latency": 2235.462,
  "q_error": 3.651544290819447,
  "inference_time": 0.09190678596496582
}