{
  "query": "/*+  */ select count(*)\nfrom title AS t\ninner join cast_info AS ci\non t.id = ci.movie_id AND ci.person_id > 2659967 AND ci.role_id > 1;",
  "predicted_latency": 925.2986311912537,
  "actual_latency": 4457.914,
  "q_error": 4.817811082526692,
  "inference_time": 0.02487945556640625
}