{
  "predicted_latency": 0.0291377454996109,
  "actual_latency": 0.168963,
  "q_error": 5.79876708984375,
  "inference_time": 0.11181020736694336,
  "timestamp": 1745481386.3229804
}