{
  "predicted_latency": 898.7151980400085,
  "actual_latency": 617.262,
  "q_error": 1.4559703951320648,
  "inference_time": 0.07909178733825684
}