{
  "query": "/*+  */ select count(*)\nfrom title AS t\ninner join cast_info AS ci\non t.id = ci.movie_id AND t.kind_id = 1 AND t.production_year > 2009 AND ci.person_id > 2731173;",
  "predicted_latency": 1561.7345571517944,
  "actual_latency": 2044.379,
  "q_error": 1.3090438388764516,
  "inference_time": 0.01559758186340332
}