{
  "pg_runtime": 6634.51,
  "opt_runtime": 6629.41,
  "pg_slowdown": 1.0007692992287398,
  "pg_opt_diff": 5.100000000000364,
  "original_num_of_plans": 2,
  "pg_plan_card_error": 1.4562924329625715,
  "opt_plan_card_error": 1.0,
  "num_tables": 3,
  "opt_hint": "/*+ Rows(movie_companies title #294635) Rows(cast_info title #1759319) Rows(cast_info movie_companies title #2873214) */"
}