{
  "predicted_latency": 838.3592963218689,
  "actual_latency": 92.361,
  "q_error": 9.076983752036778,
  "inference_time": 0.05312633514404297
}