{
  "predicted_latency": 91.94455295801163,
  "actual_latency": 970.636,
  "q_error": 10.556753703977014,
  "inference_time": 0.11485123634338379
}