{
  "query": "/*+  */ select count(*)\nfrom title AS t\ninner join cast_info AS ci\non t.id = ci.movie_id AND ci.person_id < 1049343 AND ci.role_id < 5;",
  "predicted_latency": 1098.4290838241577,
  "actual_latency": 4448.662,
  "q_error": 4.050022041033434,
  "inference_time": 0.029903888702392578
}