{
  "query": "/*+  */ select count(*)\nfrom movie_keyword AS mk\ninner join title AS t\non t.id = mk.movie_id AND mk.keyword_id > 76;",
  "predicted_latency": 1284.5423221588135,
  "actual_latency": 1394.878,
  "q_error": 1.0858949338903487,
  "inference_time": 0.02845478057861328
}