{
  "predicted_latency": 0.02913774736225605,
  "actual_latency": 3.395789,
  "q_error": 116.5426025390625,
  "inference_time": 1.5681471824645996,
  "timestamp": 1745757137.4651504
}