{
  "query": "/*+  */ select count(*)\nfrom title AS t\ninner join cast_info AS ci\non t.id = ci.movie_id AND ci.person_id < 398145 AND ci.role_id < 4;",
  "predicted_latency": 899.0881443023682,
  "actual_latency": 1724.595,
  "q_error": 1.9181600946792259,
  "inference_time": 0.026030540466308594
}