{
  "predicted_latency": 0.02913774363696575,
  "actual_latency": 8.236422000000001,
  "q_error": 282.6719055175781,
  "inference_time": 0.3369760513305664,
  "timestamp": 1745479935.1883945
}