{
  "predicted_latency": 0.02913774363696575,
  "actual_latency": 8.718168,
  "q_error": 299.205322265625,
  "inference_time": 2.8735287189483643,
  "timestamp": 1745756890.746427
}