{
  "predicted_latency": 1459.3226318359375,
  "inference_time": 0.021349191665649414
}