{
  "predicted_latency": 1046.7896728515625,
  "inference_time": 0.00830984115600586
}