{
  "predicted_latency": 446.4286267757416,
  "actual_latency": 87.911,
  "q_error": 5.078188472156404,
  "inference_time": 0.14906048774719238
}