{
  "query": "/*+  */ select count(*)\nfrom movie_keyword AS mk\ninner join title AS t\non t.id = mk.movie_id AND mk.keyword_id < 39760;",
  "predicted_latency": 1202.7087211608887,
  "actual_latency": 1323.241,
  "q_error": 1.1002173483225184,
  "inference_time": 0.02555060386657715
}