{
  "predicted_latency": 624.1863403320312,
  "inference_time": 0.006798505783081055
}