{
  "predicted_latency": 558.7990283966064,
  "actual_latency": 942.48,
  "q_error": 1.686617105803335,
  "inference_time": 0.11768531799316406
}