{
  "predicted_latency": 743.1430053710938,
  "inference_time": 0.008138895034790039
}