{
  "predicted_latency": 0.0291377454996109,
  "actual_latency": 8.091592,
  "q_error": 277.70135498046875,
  "inference_time": 0.40195560455322266,
  "timestamp": 1745453240.024832
}