{
  "query": "/*+  */ select count(*)\nfrom title AS t\ninner join cast_info AS ci\non t.id = ci.movie_id AND ci.person_id > 797927;",
  "predicted_latency": 1133.0732107162476,
  "actual_latency": 9162.102,
  "q_error": 8.08606356001337,
  "inference_time": 0.013956308364868164
}