{
  "query": "/*+ NoNestLoop(ci t) */ select count(*)\nfrom cast_info AS ci\ninner join title AS t\non t.id = ci.movie_id AND ci.person_id > 695459;",
  "predicted_latency": 1162.0235443115234,
  "actual_latency": 8861.716,
  "q_error": 7.626107098587573,
  "inference_time": 0.029204130172729492
}