{
  "predicted_latency": 0.02913774736225605,
  "actual_latency": 2.954406,
  "q_error": 101.39445495605469,
  "inference_time": 1.5541284084320068,
  "timestamp": 1745760433.6942387
}