{
  "predicted_latency": 0.02913774363696575,
  "actual_latency": 15.279843999999999,
  "q_error": 524.400390625,
  "inference_time": 1.5462067127227783,
  "timestamp": 1745478648.7424996
}