{
  "embedding": [
    1.7910265529393767,
    3.156658043839319,
    1.4370530886562685,
    0.00806182915782048,
    1.175332965595185,
    3.668334099784171,
    2.437458556798771,
    1.2532340274168916,
    1.4559153816973618,
    3.1877576476379863,
    1.7393554634612745,
    3.8548160075482945,
    0.9205395544800901,
    1.3101154486950894,
    0.17542668269224895,
    2.3395784024158144,
    1.23344904113535,
    1.7429436966446965,
    1.0642979460563362,
    2.9364420890994767,
    5.241264848095089,
    2.976141775995807,
    3.443587748705408,
    0.39136175257944783,
    2.459135673668239,
    3.606337452378842,
    4.794646728388815,
    6.719123023839037,
    2.4006684152139557,
    3.7122296389232186,
    3.451800884569534,
    0.8878318941395272,
    0.3872129212066671,
    2.2777396659021187,
    0.6453099824597915,
    0.09799684539499837,
    1.789421518704033,
    0.873432221839327,
    1.3367729571255775,
    4.947636791589801,
    0.00806182915782048,
    2.4032963728035215,
    1.998143615016252,
    1.4780811933314206,
    3.3639420265374267,
    5.360423751614136,
    1.1972365095858268,
    3.083519122867464,
    1.8413297831478586,
    2.9401645069402247,
    1.3096433670811352,
    2.052232319628914,
    2.039801620132728,
    3.9153675001671786,
    1.1583223413294577,
    2.6587247558830533,
    2.775617826548528,
    4.405835292244135,
    4.062377612098402,
    3.6891156430576033,
    0.010467841274956051,
    4.4326831937023385,
    1.5165155061275133,
    1.8610949757116846
  ],
  "timestamp": 1754305236.548185
}