{
  "predicted_latency": 0.02913774736225605,
  "actual_latency": 4.953353,
  "q_error": 169.997802734375,
  "inference_time": 3.819697380065918,
  "timestamp": 1745481486.9363286
}