{
  "query": "/*+  */ select count(*)\nfrom title AS t\ninner join cast_info AS ci\non t.id = ci.movie_id AND t.kind_id < 7 AND ci.person_id > 1486854 AND ci.role_id > 2;",
  "predicted_latency": 1159.1144800186157,
  "actual_latency": 3506.855,
  "q_error": 3.0254604359214623,
  "inference_time": 0.020175457000732422
}