{
  "predicted_latency": 1094.8939208984375,
  "inference_time": 0.02084636688232422
}