{
  "predicted_latency": 421.8575954437256,
  "actual_latency": 4204.293,
  "q_error": 9.966142711209852,
  "inference_time": 0.09140777587890625
}