{
  "predicted_latency": 898.7151980400085,
  "actual_latency": 1054.078,
  "q_error": 1.1728721204435169,
  "inference_time": 0.06886672973632812
}