{
  "predicted_latency": 684.9587559700012,
  "actual_latency": 3200.171,
  "q_error": 4.672063787940184,
  "inference_time": 0.12038254737854004
}