{
  "predicted_latency": 0.0291377454996109,
  "actual_latency": 0.788183,
  "q_error": 27.05023956298828,
  "inference_time": 0.08768677711486816,
  "timestamp": 1745757431.6465688
}