{
  "predicted_latency": 0.02913774736225605,
  "actual_latency": 14.89287,
  "q_error": 511.1194763183594,
  "inference_time": 1.3634250164031982,
  "timestamp": 1745759813.2331526
}