{
  "query": "/*+  */ select count(*)\nfrom title AS t\ninner join cast_info AS ci\non t.id = ci.movie_id AND ci.person_id < 2710548 AND ci.role_id > 1;",
  "predicted_latency": 1035.4517698287964,
  "actual_latency": 5318.799,
  "q_error": 5.13669410298021,
  "inference_time": 0.018688201904296875
}