{
  "predicted_latency": 534.4199829101562,
  "inference_time": 0.021663188934326172
}