{
  "predicted_latency": 0.0291377454996109,
  "actual_latency": 49.087633000000004,
  "q_error": 1684.675048828125,
  "inference_time": 0.1064157485961914,
  "timestamp": 1745759197.5392919
}