{
  "predicted_latency": 177.0262451171875,
  "inference_time": 0.013104677200317383
}