{
  "query": "/*+ NoNestLoop(t ci) */ select count(*)\nfrom title AS t\ninner join cast_info AS ci\non t.id = ci.movie_id AND ci.person_id < 484343;",
  "predicted_latency": 612.8779649734497,
  "actual_latency": 2055.877,
  "q_error": 3.3544638859533187,
  "inference_time": 0.015166044235229492
}