{
  "predicted_latency": 0.02913774363696575,
  "actual_latency": 0.8606050000000001,
  "q_error": 29.53574562072754,
  "inference_time": 5.36094069480896,
  "timestamp": 1745481196.4060338
}