{
  "predicted_latency": 0.02913774363696575,
  "actual_latency": 28.533807,
  "q_error": 979.2730712890625,
  "inference_time": 0.3814551830291748,
  "timestamp": 1745452053.5154018
}