{
  "predicted_latency": 420.1217956542969,
  "inference_time": 0.005823373794555664
}