{
  "predicted_latency": 0.02913774736225605,
  "actual_latency": 0.132419,
  "q_error": 4.544586181640625,
  "inference_time": 0.07185101509094238,
  "timestamp": 1745756088.785353
}