{
  "predicted_latency": 0.0291377454996109,
  "actual_latency": 8.520358,
  "q_error": 292.41650390625,
  "inference_time": 0.7636411190032959,
  "timestamp": 1745492912.526222
}