{
  "query": "/*+  */ select count(*)\nfrom cast_info AS ci\ninner join title AS t\non t.id = ci.movie_id AND ci.person_id > 614009 AND t.kind_id < 4;",
  "predicted_latency": 1436.4733695983887,
  "actual_latency": 5560.349,
  "q_error": 3.8708333322980923,
  "inference_time": 0.026459693908691406
}