{
  "predicted_latency": 171.1321324110031,
  "actual_latency": 219.582,
  "q_error": 1.28311379579281,
  "inference_time": 0.18329358100891113
}