{
  "predicted_latency": 304.351806640625,
  "inference_time": 0.00777435302734375
}