{
  "predicted_latency": 155.97926330566406,
  "inference_time": 0.0059583187103271484
}