{
  "predicted_latency": 0.02913774736225605,
  "actual_latency": 1.379779,
  "q_error": 47.353660583496094,
  "inference_time": 1.3316245079040527,
  "timestamp": 1745479753.8125637
}