{
  "pg_runtime": 5703.892,
  "opt_runtime": 4534.786,
  "pg_slowdown": 1.2578084169793238,
  "pg_opt_diff": 1169.1059999999998,
  "original_num_of_plans": 6,
  "pg_plan_card_error": 140.61528822055138,
  "opt_plan_card_error": 1.0,
  "num_tables": 5,
  "opt_hint": "/*+ Rows(ci n #36244344) Rows(k mk #35548) Rows(ci t #21334720) Rows(mk t #1970380) Rows(ci mk #215765477) Rows(ci mk t #114182642) Rows(ci n t #21334720) Rows(ci k mk #1564305) Rows(k mk t #14165) Rows(ci mk n #215765477) Rows(ci k mk n #1564305) Rows(ci k mk t #785477) Rows(ci mk n t #114182642) Rows(ci k mk n t #785477) */"
}