{
  "predicted_latency": 379.481201171875,
  "inference_time": 0.019878864288330078
}