{
  "predicted_latency": 314.74871826171875,
  "inference_time": 0.013206720352172852
}