{
  "predicted_latency": 1136.00439453125,
  "inference_time": 0.029201984405517578
}