{
  "query": "/*+  */ select count(*)\nfrom title AS t\ninner join cast_info AS ci\non t.id = ci.movie_id AND ci.person_id > 870309;",
  "predicted_latency": 1098.2266664505005,
  "actual_latency": 8042.229,
  "q_error": 7.32292271320702,
  "inference_time": 0.018946170806884766
}