{
  "predicted_latency": 200.86853206157684,
  "actual_latency": 323.135,
  "q_error": 1.6086890100881606,
  "inference_time": 0.11454916000366211
}