{
  "query": "/*+  */ select count(*)\nfrom title AS t\ninner join movie_companies AS mc\non t.id = mc.movie_id AND t.production_year < 1972;",
  "predicted_latency": 1292.2465801239014,
  "actual_latency": 584.345,
  "q_error": 2.2114445749067784,
  "inference_time": 0.028530597686767578
}