{
  "predicted_latency": 0.02913774736225605,
  "actual_latency": 3.351642,
  "q_error": 115.0274887084961,
  "inference_time": 0.8297226428985596,
  "timestamp": 1745769760.3080432
}