{
  "predicted_latency": 0.02913774363696575,
  "actual_latency": 117.288628,
  "q_error": 4025.316162109375,
  "inference_time": 0.4387340545654297,
  "timestamp": 1745771127.4113832
}