{
  "predicted_latency": 310.179740190506,
  "actual_latency": 331.004,
  "q_error": 1.0671361056550766,
  "inference_time": 0.16448664665222168
}