{
  "predicted_latency": 1066.6390657424927,
  "actual_latency": 254.151,
  "q_error": 4.196871410077051,
  "inference_time": 0.11407470703125
}