{
  "predicted_latency": 0.0291377454996109,
  "actual_latency": 7.191319999999999,
  "q_error": 246.80426025390625,
  "inference_time": 3.098909854888916,
  "timestamp": 1745454025.9010322
}