{
  "predicted_latency": 282.01359510421753,
  "actual_latency": 39.15,
  "q_error": 7.203412390912326,
  "inference_time": 0.09548568725585938
}