{
  "predicted_latency": 548.7616658210754,
  "actual_latency": 6297.814,
  "q_error": 11.476410238271658,
  "inference_time": 0.1014246940612793
}