{
  "query": "/*+  */ select count(*)\nfrom title AS t\ninner join cast_info AS ci\non t.id = ci.movie_id AND ci.person_id < 2632444 AND ci.role_id > 1;",
  "predicted_latency": 1006.531834602356,
  "actual_latency": 5522.499,
  "q_error": 5.486661037583315,
  "inference_time": 0.029760122299194336
}