{
  "predicted_latency": 586.8582153320312,
  "inference_time": 0.02656245231628418
}