{
  "query": "/*+  */ select count(*)\nfrom title AS t\ninner join movie_info AS mi\non t.id = mi.movie_id AND t.production_year < 1972;",
  "predicted_latency": 1228.4066677093506,
  "actual_latency": 2027.433,
  "q_error": 1.6504575018146226,
  "inference_time": 0.026986360549926758
}