{
  "predicted_latency": 48.20684343576431,
  "actual_latency": 0.786,
  "q_error": 61.33186187756274,
  "inference_time": 0.05164980888366699
}