{
  "predicted_latency": 524.227294921875,
  "inference_time": 0.007761716842651367
}