{
  "predicted_latency": 31.66983276605606,
  "actual_latency": 663.932,
  "q_error": 20.964177641999008,
  "inference_time": 0.05891227722167969
}