{
  "predicted_latency": 0.02913774736225605,
  "actual_latency": 61.399265,
  "q_error": 2107.20703125,
  "inference_time": 1.960970163345337,
  "timestamp": 1745453419.4412262
}