{
  "predicted_latency": 857.5658569335938,
  "inference_time": 0.008064746856689453
}