{
  "predicted_latency": 640.5482177734375,
  "inference_time": 0.020865917205810547
}