{
  "predicted_latency": 524.4627685546875,
  "inference_time": 0.008179187774658203
}