{
  "predicted_latency": 265.5709683895111,
  "actual_latency": 3.572,
  "q_error": 74.34797547298743,
  "inference_time": 0.049253225326538086
}