{
  "predicted_latency": 277.28741455078125,
  "inference_time": 0.05299639701843262
}