{
  "predicted_latency": 519.5178389549255,
  "actual_latency": 329.783,
  "q_error": 1.5753323820661633,
  "inference_time": 0.13706231117248535
}