{
  "predicted_latency": 565.1477575302124,
  "actual_latency": 7816.268,
  "q_error": 13.830485737320029,
  "inference_time": 0.07444262504577637
}