{
  "predicted_latency": 1013.6899948120117,
  "actual_latency": 3815.529,
  "q_error": 3.7639998614246832,
  "inference_time": 0.05472230911254883
}