{
  "predicted_latency": 0.02913774736225605,
  "actual_latency": 4.913736,
  "q_error": 168.63815307617188,
  "inference_time": 5.03234601020813,
  "timestamp": 1745754123.9121027
}