{
  "query": "/*+  */ select count(*)\nfrom movie_companies AS mc\ninner join title AS t\non t.id = mc.movie_id AND mc.company_id < 91464;",
  "predicted_latency": 1297.863483428955,
  "actual_latency": 1072.83,
  "q_error": 1.2097568891892985,
  "inference_time": 0.015647172927856445
}