{
  "query": "/*+  */ select count(*)\nfrom title AS t\ninner join cast_info AS ci\non t.id = ci.movie_id AND ci.person_id > 1249515 AND ci.role_id < 3;",
  "predicted_latency": 881.3902139663696,
  "actual_latency": 4709.806,
  "q_error": 5.343610497789924,
  "inference_time": 0.01841115951538086
}