{
  "query": "/*+  */ select count(*)\nfrom title AS t\ninner join cast_info AS ci\non t.id = ci.movie_id AND ci.person_id > 1010118 AND ci.role_id > 1;",
  "predicted_latency": 1032.2527885437012,
  "actual_latency": 7123.553,
  "q_error": 6.900977240322969,
  "inference_time": 0.026486635208129883
}