{
  "query": "/*+ NoNestLoop(t ci) */ select count(*)\nfrom title AS t\ninner join cast_info AS ci\non t.id = ci.movie_id AND ci.person_id < 1710352;",
  "predicted_latency": 674.2745637893677,
  "actual_latency": 6108.096,
  "q_error": 9.058766751741311,
  "inference_time": 0.016342639923095703
}