{
  "predicted_latency": 0.02913774736225605,
  "actual_latency": 1.078317,
  "q_error": 37.007564544677734,
  "inference_time": 1.8196775913238525,
  "timestamp": 1745452607.638399
}