{
  "query": "/*+  */ select count(*)\nfrom movie_keyword AS mk\ninner join title AS t\non t.id = mk.movie_id AND mk.keyword_id > 348;",
  "predicted_latency": 1203.2694816589355,
  "actual_latency": 1154.677,
  "q_error": 1.0420831814082516,
  "inference_time": 0.017212867736816406
}