{
  "predicted_latency": 295.5061950683594,
  "inference_time": 0.03541445732116699
}