{
  "predicted_latency": 0.02913774736225605,
  "actual_latency": 3.577769,
  "q_error": 122.78811645507812,
  "inference_time": 1.8344073295593262,
  "timestamp": 1745760581.4498324
}