{
  "query": "/*+  */ select count(*)\nfrom title AS t\ninner join cast_info AS ci\non t.id = ci.movie_id AND ci.person_id < 782025 AND ci.role_id > 1;",
  "predicted_latency": 915.6082272529602,
  "actual_latency": 1967.169,
  "q_error": 2.1484833157320673,
  "inference_time": 0.019875049591064453
}