{
  "predicted_latency": 700.0094056129456,
  "actual_latency": 2410.011,
  "q_error": 3.442826597293696,
  "inference_time": 0.09735894203186035
}