{
  "predicted_latency": 393.79656314849854,
  "actual_latency": 95.882,
  "q_error": 4.107095838097854,
  "inference_time": 0.04140019416809082
}