{
  "predicted_latency": 1389.4171142578125,
  "inference_time": 0.03499627113342285
}