{
  "predicted_latency": 535.474419593811,
  "actual_latency": 255.052,
  "q_error": 2.0994715571483895,
  "inference_time": 0.058710575103759766
}