{
  "predicted_latency": 416.735595703125,
  "inference_time": 0.011218547821044922
}