{
  "predicted_latency": 0.02913774736225605,
  "actual_latency": 9.951859,
  "q_error": 341.5452575683594,
  "inference_time": 0.6793553829193115,
  "timestamp": 1745453667.3452477
}