{
  "predicted_latency": 0.02913774363696575,
  "actual_latency": 0.42287,
  "q_error": 14.512791633605957,
  "inference_time": 0.06962180137634277,
  "timestamp": 1745492747.682521
}