{
  "predicted_latency": 823.5920667648315,
  "actual_latency": 6620.277,
  "q_error": 8.038296223523913,
  "inference_time": 0.11271429061889648
}