{
  "query": "/*+  */ select count(*)\nfrom cast_info AS ci\ninner join title AS t\non t.id = ci.movie_id AND t.production_year > 2012;",
  "predicted_latency": 1120.9511756896973,
  "actual_latency": 4476.951,
  "q_error": 3.9938858150939787,
  "inference_time": 0.03870844841003418
}