{
  "query": "/*+  */ select count(*)\nfrom title AS t\ninner join cast_info AS ci\non t.id = ci.movie_id AND ci.person_id < 2623673 AND ci.role_id > 2;",
  "predicted_latency": 942.7223801612854,
  "actual_latency": 3151.073,
  "q_error": 3.3425248687327223,
  "inference_time": 0.022345304489135742
}