{
  "predicted_latency": 40.10939025878906,
  "inference_time": 0.010218381881713867
}