{
  "query": "/*+  */ select count(*)\nfrom cast_info AS ci\ninner join title AS t\non t.id = ci.movie_id AND ci.person_id < 931300 AND ci.role_id = 10 AND t.production_year < 1956;",
  "predicted_latency": 1253.8812160491943,
  "actual_latency": 513.289,
  "q_error": 2.4428367178123715,
  "inference_time": 0.012717485427856445
}