{
  "query": "/*+  */ select count(*)\nfrom title AS t\ninner join movie_keyword AS mk\non t.id = mk.movie_id AND mk.keyword_id = 2867;",
  "predicted_latency": 422.6061701774597,
  "actual_latency": 38.497,
  "q_error": 10.977639041417765,
  "inference_time": 0.015830516815185547
}