{
  "predicted_latency": 634.93412733078,
  "actual_latency": 4056.768,
  "q_error": 6.389273824442824,
  "inference_time": 0.09424328804016113
}