{
  "predicted_latency": 525.4080200195312,
  "inference_time": 0.006551027297973633
}