{
    "embedding": [
        0.6381587982177734,
        0.6381587982177734,
        0.6381587982177734,
        0.7933526635169983,
        0.6381587982177734,
        1.73699152469635,
        0.6381587982177734,
        0.6381587982177734,
        0.6381587982177734,
        0.6381587982177734,
        0.6381587982177734,
        0.6381587982177734,
        0.6381587982177734,
        1.665297031402588,
        3.388641119003296,
        0.9276290535926819,
        0.6381587982177734,
        2.5813894271850586,
        0.6381587982177734,
        2.4580862522125244,
        0.6381587982177734,
        1.339472770690918,
        4.794681072235107,
        0.6381587982177734,
        1.0895386934280396,
        2.5070505142211914,
        0.6381587982177734,
        0.6381587982177734,
        0.6381587982177734,
        0.6381587982177734,
        3.4576728343963623,
        1.1450426578521729,
        0.6381587982177734,
        0.6381587982177734,
        0.8805153369903564,
        1.8600783348083496,
        0.6381587982177734,
        2.5810911655426025,
        2.8267641067504883,
        0.6381587982177734,
        0.6381587982177734,
        0.6381587982177734,
        0.9255542755126953,
        0.6381587982177734,
        0.6765052676200867,
        0.6381587982177734,
        0.6381587982177734,
        1.1602164506912231,
        0.6381587982177734,
        4.410408020019531,
        1.7403483390808105,
        2.0197441577911377,
        0.6381587982177734,
        0.6381587982177734,
        2.672386646270752,
        0.6381587982177734,
        0.6381587982177734,
        0.6381587982177734,
        0.6381587982177734,
        0.6381587982177734,
        0.6381587982177734,
        0.6936406493186951,
        0.6381587982177734,
        3.140753746032715
    ],
    "timestamp": 1754257591.9773796
}