{
    "embedding": [
        0.6381587982177734,
        0.6381587982177734,
        0.6381587982177734,
        0.7933526635169983,
        0.6381587982177734,
        1.7369917631149292,
        0.6381587982177734,
        0.6381587982177734,
        0.6381587982177734,
        0.6381587982177734,
        0.6381587982177734,
        0.6381587982177734,
        0.6381587982177734,
        1.665297269821167,
        3.3886404037475586,
        0.9276288151741028,
        0.6381587982177734,
        2.5813891887664795,
        0.6381587982177734,
        2.4580862522125244,
        0.6381587982177734,
        1.339473009109497,
        4.794682025909424,
        0.6381587982177734,
        1.0895386934280396,
        2.5070505142211914,
        0.6381587982177734,
        0.6381587982177734,
        0.6381587982177734,
        0.6381587982177734,
        3.457672119140625,
        1.1450426578521729,
        0.6381587982177734,
        0.6381587982177734,
        0.8805152177810669,
        1.8600783348083496,
        0.6381587982177734,
        2.5810906887054443,
        2.8267648220062256,
        0.6381587982177734,
        0.6381587982177734,
        0.6381587982177734,
        0.9255542755126953,
        0.6381587982177734,
        0.6765053272247314,
        0.6381587982177734,
        0.6381587982177734,
        1.1602165699005127,
        0.6381587982177734,
        4.410408020019531,
        1.7403477430343628,
        2.019744634628296,
        0.6381587982177734,
        0.6381587982177734,
        2.672386884689331,
        0.6381587982177734,
        0.6381587982177734,
        0.6381587982177734,
        0.6381587982177734,
        0.6381587982177734,
        0.6381587982177734,
        0.6936407685279846,
        0.6381587982177734,
        3.1407530307769775
    ],
    "timestamp": 1754257595.3856022
}