{
  "predicted_latency": 319.0431296825409,
  "actual_latency": 7865.981,
  "q_error": 24.654914236288135,
  "inference_time": 0.07615923881530762
}