{
  "query": "/*+  */ select count(*)\nfrom movie_info AS mi\ninner join title AS t\non t.id = mi.movie_id AND t.production_year < 1961;",
  "predicted_latency": 1216.3890600204468,
  "actual_latency": 1916.379,
  "q_error": 1.5754655011183565,
  "inference_time": 0.030008792877197266
}