{
  "predicted_latency": 0.0291377454996109,
  "actual_latency": 47.149152,
  "q_error": 1618.1468505859375,
  "inference_time": 0.09775257110595703,
  "timestamp": 1745761725.4544818
}