{
  "predicted_latency": 0.02913774736225605,
  "actual_latency": 4.734064999999999,
  "q_error": 162.47189331054688,
  "inference_time": 0.6946766376495361,
  "timestamp": 1745770460.3097148
}