{
  "query": "/*+  */ select count(*)\nfrom movie_keyword AS mk\ninner join title AS t\non t.id = mk.movie_id AND mk.keyword_id < 46432;",
  "predicted_latency": 1211.330533027649,
  "actual_latency": 1219.534,
  "q_error": 1.0067722778784804,
  "inference_time": 0.012099742889404297
}