{
  "query": "/*+  */ select count(*)\nfrom cast_info AS ci\ninner join title AS t\non t.id = ci.movie_id AND ci.person_id > 920076 AND ci.role_id < 2 AND t.production_year > 2005;",
  "predicted_latency": 1537.6135110855103,
  "actual_latency": 2376.052,
  "q_error": 1.5452855889140678,
  "inference_time": 0.026643753051757812
}