{
  "predicted_latency": 936.9431762695312,
  "inference_time": 0.16312122344970703
}