{
  "pg_runtime": 4911.907,
  "opt_runtime": 2020.898,
  "pg_slowdown": 2.4305566139409316,
  "pg_opt_diff": 2891.009,
  "original_num_of_plans": 6,
  "pg_plan_card_error": 3967.8928571428573,
  "opt_plan_card_error": 1.0,
  "num_tables": 9,
  "opt_hint": "/*+ Rows(kt t #662825) Rows(miidx t #1380035) Rows(mc t #2609129) Rows(it2 mi #3036719) Rows(ct mc #1334883) Rows(it miidx #459925) Rows(mi t #14835720) Rows(mc mi #67371414) Rows(mc miidx #4073078) Rows(cn mc #148132) Rows(mi miidx #20885030) Rows(mc mi miidx #177388547) Rows(kt mc t #1307690) Rows(mi miidx t #20885030) Rows(kt mi t #8301049) Rows(mc miidx t #4073078) Rows(cn ct mc #71294) Rows(cn mc mi #4118374) Rows(it2 mc mi #10905021) Rows(cn mc t #148132) Rows(kt miidx t #629900) Rows(ct mc mi #19468013) Rows(it2 mi t #3036719) Rows(cn mc miidx #252250) Rows(ct mc t #1334883) Rows(it2 mi miidx #3367474) Rows(it mc miidx #1354883) Rows(it mi miidx #6930334) Rows(mc mi t #67371414) Rows(ct mc miidx #1753403) Rows(it miidx t #459925) Rows(cn mc miidx t #252250) Rows(ct it2 mc mi #3243070) Rows(cn ct mc miidx #94568) Rows(kt mi miidx t #13638164) Rows(mc mi miidx t #177388547) Rows(it mc mi miidx #57984052) Rows(cn kt mc t #72141) Rows(it mi miidx t #6930334) Rows(kt mc miidx t #2327681) Rows(it kt miidx t #209880) Rows(cn it mc miidx #83899) Rows(it it2 mi miidx #1118984) Rows(ct it mc miidx #584222) Rows(it mc miidx t #1354883) Rows(it2 kt mi t #1083597) Rows(ct mc mi t #19468013) Rows(cn mc mi t #4118374) Rows(cn it2 mc mi #723088) Rows(it2 mc mi t #10905021) Rows(ct mc mi miidx #42553106) Rows(cn mc mi miidx #11191850) Rows(ct kt mc t #640620) Rows(cn ct mc mi #938848) Rows(it2 mc mi miidx #29157386) Rows(kt mc mi t #53714510) Rows(it2 mi miidx t #3367474) Rows(cn ct mc t #71294) Rows(ct mc miidx t #1753403) Rows(kt mc mi miidx t #148621556) Rows(cn ct it2 mc mi #175621) Rows(ct it2 mc mi t #3243070) Rows(it it2 mi miidx t #1118984) Rows(ct it mc miidx t #584222) Rows(cn kt mc miidx t #146473) Rows(ct it2 mc mi miidx #7548645) Rows(cn it mc mi miidx #3659290) Rows(cn ct it mc miidx #31510) Rows(it kt mi miidx t #4514712) Rows(ct kt mc mi t #13398803) Rows(cn it mc miidx t #83899) Rows(cn it2 mc mi t #723088) Rows(cn ct mc mi t #938848) Rows(cn mc mi miidx t #11191850) Rows(it kt mc miidx t #773084) Rows(it2 kt mi miidx t #2184715) Rows(it2 kt mc mi t #8699319) Rows(ct it mc mi miidx #14091607) Rows(cn it2 mc mi miidx #1975563) Rows(cn ct mc mi miidx #2001907) Rows(it2 mc mi miidx t #29157386) Rows(cn ct kt mc t #32853) Rows(ct mc mi miidx t #42553106) Rows(cn ct mc miidx t #94568) Rows(it mc mi miidx t #57984052) Rows(cn kt mc mi t #3354059) Rows(ct kt mc miidx t #908567) Rows(it it2 mc mi miidx #9595757) Rows(ct kt mc mi miidx t #31047995) Rows(cn ct kt mc mi t #661497) Rows(ct it2 kt mc mi t #2250196) Rows(cn ct mc mi miidx t #2001907) Rows(ct it2 mc mi miidx t #7548645) Rows(ct it it2 mc mi miidx #2504990) Rows(it2 kt mc mi miidx t #24740873) Rows(it it2 mc mi miidx t #9595757) Rows(cn ct kt mc miidx t #49448) Rows(cn kt mc mi miidx t #9599039) Rows(it it2 kt mi miidx t #724731) Rows(cn it2 kt mc mi t #585922) Rows(ct it mc mi miidx t #14091607) Rows(cn it2 mc mi miidx t #1975563) Rows(cn it mc mi miidx t #3659290) Rows(it kt mc mi miidx t #48395055) Rows(cn ct it2 mc mi t #175621) Rows(cn ct it mc mi miidx #662744) Rows(ct it kt mc miidx t #302610) Rows(cn it it2 mc mi miidx #650584) Rows(cn it kt mc miidx t #48640) Rows(cn ct it2 mc mi miidx #404319) Rows(cn ct it mc miidx t #31510) Rows(ct it2 kt mc mi miidx t #5792160) Rows(ct it it2 mc mi miidx t #2504990) Rows(cn ct it it2 mc mi miidx #134189) Rows(cn ct kt mc mi miidx t #1562656) Rows(cn ct it kt mc miidx t #16470) Rows(cn ct it mc mi miidx t #662744) Rows(cn it kt mc mi miidx t #3128353) Rows(cn it it2 mc mi miidx t #650584) Rows(cn it2 kt mc mi miidx t #1692741) Rows(ct it kt mc mi miidx t #10256570) Rows(cn ct it2 kt mc mi t #128993) Rows(it it2 kt mc mi miidx t #8123586) Rows(cn ct it2 mc mi miidx t #404319) Rows(cn ct it kt mc mi miidx t #516327) Rows(cn it it2 kt mc mi miidx t #556310) Rows(cn ct it2 kt mc mi miidx t #335055) Rows(ct it it2 kt mc mi miidx t #1919495) Rows(cn ct it it2 mc mi miidx t #134189) Rows(cn ct it it2 kt mc mi miidx t #111101) */"
}