{
  "query": "/*+  */ select count(*)\nfrom title AS t\ninner join cast_info AS ci\non t.id = ci.movie_id AND ci.person_id < 2526556 AND ci.role_id > 1;",
  "predicted_latency": 983.5649728775024,
  "actual_latency": 5175.628,
  "q_error": 5.262110935953995,
  "inference_time": 0.0169680118560791
}