{
  "predicted_latency": 567.2358274459839,
  "actual_latency": 6570.385,
  "q_error": 11.583162914062719,
  "inference_time": 0.09950399398803711
}