{
  "predicted_latency": 0.02913774736225605,
  "actual_latency": 1.972606,
  "q_error": 67.69932556152344,
  "inference_time": 0.28192901611328125,
  "timestamp": 1745454015.4754055
}