{
  "query": "/*+  */ select count(*)\nfrom title AS t\ninner join movie_keyword AS mk\non t.id = mk.movie_id AND mk.keyword_id > 196;",
  "predicted_latency": 1235.670804977417,
  "actual_latency": 1228.896,
  "q_error": 1.0055129197079469,
  "inference_time": 0.029827356338500977
}