{
  "predicted_latency": 0.0291377454996109,
  "actual_latency": 46.410934999999995,
  "q_error": 1592.8114013671875,
  "inference_time": 0.20077204704284668,
  "timestamp": 1745753833.1690826
}