{
  "pg_runtime": 6618.164,
  "opt_runtime": 7784.1,
  "pg_slowdown": 0.850215696098457,
  "pg_opt_diff": -1165.9360000000006,
  "original_num_of_plans": 254,
  "pg_plan_card_error": 26.338912818275993,
  "opt_plan_card_error": 1.0,
  "num_tables": 8,
  "opt_hint": "/*+ Rows(ci n #276090) Rows(ci rt #276166) Rows(chn ci #801259) Rows(an n #193486) Rows(mc t #2609129) Rows(ci t #867477) Rows(an ci #1806603) Rows(ci mc #1548085) Rows(cn mc #1153798) Rows(ci n rt #276005) Rows(an chn ci #1732265) Rows(cn mc t #1153798) Rows(ci rt t #276166) Rows(an ci mc #3578955) Rows(ci n t #276090) Rows(chn ci n #255493) Rows(chn ci rt #255651) Rows(an ci rt #503508) Rows(an ci n #503115) Rows(chn ci t #801259) Rows(an ci t #1806603) Rows(ci mc n #474803) Rows(ci mc rt #474025) Rows(ci mc t #1548085) Rows(ci cn mc #671694) Rows(chn ci mc #1405362) Rows(ci cn mc n #189829) Rows(an ci mc n #962140) Rows(chn ci mc rt #426705) Rows(an chn ci mc #3405373) Rows(chn ci mc t #1405362) Rows(an ci n rt #503022) Rows(an ci n t #503115) Rows(ci cn mc rt #189554) Rows(chn ci cn mc #620402) Rows(ci cn mc t #671694) Rows(an ci mc rt #961173) Rows(chn ci rt t #255651) Rows(an ci mc t #3578955) Rows(ci mc n rt #473712) Rows(an chn ci n #482841) Rows(ci mc n t #474803) Rows(an ci cn mc #1935320) Rows(ci n rt t #276005) Rows(an chn ci rt #483319) Rows(an ci rt t #503508) Rows(an chn ci t #1732265) Rows(chn ci n rt #255493) Rows(chn ci mc n #426400) Rows(chn ci n t #255493) Rows(ci mc rt t #474025) Rows(an chn ci n t #482841) Rows(an chn ci mc rt #910376) Rows(chn ci mc n rt #426400) Rows(an chn ci mc t #3405373) Rows(chn ci mc n t #426400) Rows(chn ci cn mc n #173567) Rows(an chn ci cn mc #1856933) Rows(an ci cn mc rt #505250) Rows(an ci cn mc t #1935320) Rows(chn ci cn mc rt #173657) Rows(ci cn mc rt t #189554) Rows(chn ci cn mc t #620402) Rows(an ci mc rt t #961173) Rows(chn ci mc rt t #426705) Rows(an chn ci rt t #483319) Rows(chn ci n rt t #255493) Rows(ci cn mc n rt #189464) Rows(ci mc n rt t #473712) Rows(ci cn mc n t #189829) Rows(an chn ci mc n #909946) Rows(an ci mc n rt #960723) Rows(an ci n rt t #503022) Rows(an ci cn mc n #505615) Rows(an chn ci n rt #482841) Rows(an ci mc n t #962140) Rows(an chn ci mc n rt #909946) Rows(an chn ci mc rt t #910376) Rows(chn ci cn mc n rt #173567) Rows(an ci cn mc n rt #505134) Rows(chn ci cn mc n t #173567) Rows(an chn ci cn mc n #483082) Rows(an chn ci cn mc rt #483198) Rows(chn ci mc n rt t #426400) Rows(ci cn mc n rt t #189464) Rows(an ci mc n rt t #960723) Rows(an chn ci n rt t #482841) Rows(an chn ci cn mc t #1856933) Rows(chn ci cn mc rt t #173657) Rows(an ci cn mc n t #505615) Rows(an chn ci mc n t #909946) Rows(an ci cn mc rt t #505250) Rows(an chn ci cn mc rt t #483198) Rows(an ci cn mc n rt t #505134) Rows(an chn ci cn mc n t #483082) Rows(chn ci cn mc n rt t #173567) Rows(an chn ci mc n rt t #909946) Rows(an chn ci cn mc n rt #483082) Rows(an chn ci cn mc n rt t #483082) */"
}