{
  "predicted_latency": 464.064359664917,
  "actual_latency": 179.576,
  "q_error": 2.584222611400839,
  "inference_time": 0.1103048324584961
}