{
  "predicted_latency": 0.0291377454996109,
  "actual_latency": 34.530256,
  "q_error": 1185.069580078125,
  "inference_time": 1.163090467453003,
  "timestamp": 1745769709.5503159
}