{
  "query": "/*+  */ select count(*)\nfrom title AS t\ninner join movie_keyword AS mk\non t.id = mk.movie_id AND t.production_year < 1983;",
  "predicted_latency": 1102.0240783691406,
  "actual_latency": 823.275,
  "q_error": 1.3385856225066237,
  "inference_time": 0.030568599700927734
}