{
  "predicted_latency": 989.4520263671875,
  "inference_time": 0.031475067138671875
}