{
  "predicted_latency": 0.02913774363696575,
  "actual_latency": 140.754797,
  "q_error": 4830.6689453125,
  "inference_time": 5.543034553527832,
  "timestamp": 1745756385.8368955
}