{
  "predicted_latency": 0.02913774736225605,
  "actual_latency": 2.2860650000000002,
  "q_error": 78.45716857910156,
  "inference_time": 1.9609482288360596,
  "timestamp": 1745479317.2662854
}