{
  "predicted_latency": 834.0748901367188,
  "inference_time": 0.04970502853393555
}