{
  "predicted_latency": 608.357421875,
  "inference_time": 0.04566311836242676
}