{
  "query": "/*+  */ select count(*)\nfrom title AS t\ninner join cast_info AS ci\non t.id = ci.movie_id AND ci.person_id < 2303691;",
  "predicted_latency": 838.4496569633484,
  "actual_latency": 7311.956,
  "q_error": 8.720805046879077,
  "inference_time": 0.012070655822753906
}