{
  "query": "/*+  */ select count(*)\nfrom title AS t\ninner join cast_info AS ci\non t.id = ci.movie_id AND t.production_year > 2009 AND ci.person_id > 2352915;",
  "predicted_latency": 1506.2265396118164,
  "actual_latency": 2947.255,
  "q_error": 1.9567142939597681,
  "inference_time": 0.026462793350219727
}