{
  "predicted_latency": 0.0291377454996109,
  "actual_latency": 10.481215,
  "q_error": 359.7126159667969,
  "inference_time": 1.9803071022033691,
  "timestamp": 1745770473.0349932
}