{
  "predicted_latency": 242.62195825576782,
  "actual_latency": 3476.842,
  "q_error": 14.330285786972233,
  "inference_time": 0.10950422286987305
}