{
  "predicted_latency": 121.53700256347656,
  "inference_time": 0.02909994125366211
}