{
  "predicted_latency": 628.4273681640625,
  "inference_time": 0.007748842239379883
}