{
  "predicted_latency": 766.0120725631714,
  "actual_latency": 382.076,
  "q_error": 2.004868331335052,
  "inference_time": 0.09085488319396973
}