{
  "query": "/*+  */ select count(*)\nfrom title AS t\ninner join cast_info AS ci\non t.id = ci.movie_id AND ci.person_id < 2404186;",
  "predicted_latency": 879.1231513023376,
  "actual_latency": 7805.794,
  "q_error": 8.879067726104648,
  "inference_time": 0.01959848403930664
}