{
  "predicted_latency": 0.02913774736225605,
  "actual_latency": 4.741781,
  "q_error": 162.73670959472656,
  "inference_time": 0.7403490543365479,
  "timestamp": 1745480207.419602
}