{
  "predicted_latency": 314.2097473144531,
  "inference_time": 0.007707118988037109
}