{
  "predicted_latency": 408.45319628715515,
  "actual_latency": 250.927,
  "q_error": 1.6277769880768318,
  "inference_time": 0.061946868896484375
}