{
  "predicted_latency": 0.02913774363696575,
  "actual_latency": 82.776848,
  "q_error": 2840.880615234375,
  "inference_time": 3.624260902404785,
  "timestamp": 1745772240.3016832
}