{
  "query": "/*+  */ select count(*)\nfrom movie_keyword AS mk\ninner join title AS t\non t.id = mk.movie_id AND mk.keyword_id < 77135;",
  "predicted_latency": 1265.1197910308838,
  "actual_latency": 1178.055,
  "q_error": 1.0739055400901347,
  "inference_time": 0.012571096420288086
}