{
  "predicted_latency": 0.0291377454996109,
  "actual_latency": 3.043439,
  "q_error": 104.4500503540039,
  "inference_time": 0.6069374084472656,
  "timestamp": 1745761844.44329
}