{
  "query": "/*+ NoNestLoop(ci t) */ select count(*)\nfrom cast_info AS ci\ninner join title AS t\non t.id = ci.movie_id AND ci.person_id < 3237784;",
  "predicted_latency": 1130.0551891326904,
  "actual_latency": 10249.11,
  "q_error": 9.06956589249957,
  "inference_time": 0.017127037048339844
}