{
  "embedding": [
    0.3658590909478226,
    1.0754442457561464,
    1.567530136019222,
    0.13460074187201274,
    0.13460074187201274,
    2.9793009163213813,
    0.301477385053319,
    0.809317726485895,
    0.6807829615932466,
    2.005136353189388,
    2.6548947617388583,
    0.45969310138034436,
    0.3070988529031312,
    0.13460074187201274,
    0.22258433644040698,
    0.7787697719878405,
    0.29450752947698455,
    1.561322098450994,
    0.5157875723367463,
    0.39258269536162194,
    1.9312334076016522,
    1.6916954842342231,
    2.0302074852339387,
    0.4727912817609398,
    0.6788389686537396,
    2.5723275013134,
    2.6431825399038082,
    3.0553666656615452,
    2.3333554478658303,
    1.8515500470449842,
    2.8920882286058824,
    0.23191697859922183,
    0.22491857066697415,
    1.458010840228041,
    1.8766962477393803,
    0.2740695749542699,
    0.7313666932674665,
    0.6599123629714699,
    0.8342681059925904,
    3.4052504231637264,
    0.7806964014143748,
    2.8169554441826277,
    1.941269698574038,
    0.26020703048691896,
    1.8019858382858382,
    2.4644921718084136,
    0.975469020572004,
    2.1613369077839204,
    2.464584226501358,
    0.638357503681989,
    0.27393536854288164,
    1.599367928263454,
    1.3293055092629458,
    0.7152370470236388,
    0.6356147330160518,
    1.0303743680338386,
    2.5884769984571734,
    3.1347869144257055,
    1.924600066292012,
    1.1643219842350865,
    0.20371719818877584,
    1.3024399896701557,
    1.1896473902442881,
    2.457599227561692
  ],
  "timestamp": 1754306707.3265324
}