{
  "embedding": [
    0.5606737704950852,
    1.1716179186218825,
    1.636002246695188,
    0.14017737849717388,
    0.14017737849717388,
    3.190448123688568,
    0.33032307709226444,
    0.9330184597104584,
    0.7182775205854174,
    2.103206262379564,
    2.845728293124888,
    1.4927487954389027,
    0.38255373785774405,
    0.2251007798900583,
    0.2231023994248716,
    0.9146482417576078,
    0.2612277340289411,
    1.5977729473351916,
    0.5553731748232447,
    0.5498037865501391,
    2.282535782597546,
    1.7690811805816038,
    2.333400957186589,
    0.14017737849717388,
    0.8682473417085474,
    2.860512222614371,
    2.8147650517096023,
    3.254952840322831,
    2.5059968535207644,
    2.0009586098246146,
    3.1659906841971677,
    0.24896697907825888,
    0.1700037871188146,
    1.536337323416546,
    1.8624837592286654,
    0.3767178959014885,
    0.8063146259509599,
    0.7807495763088627,
    0.9251541118294748,
    3.689380170264136,
    0.8500369651315315,
    3.111462629162705,
    2.0820409217536513,
    0.24336441271052064,
    1.9893592509652247,
    2.65704851571616,
    1.166003668447379,
    2.4362154411870067,
    2.6497497695743784,
    0.5754207708112772,
    0.3015333067987368,
    1.6358894194375033,
    1.5097128345537203,
    0.9383418164522944,
    0.6548880083081724,
    1.1753145337476443,
    2.721289754236389,
    3.508631879210499,
    2.1151920588058286,
    1.41372074287657,
    0.3058093337842747,
    1.4858959471461388,
    1.3238032888395672,
    2.6571158388572145
  ],
  "timestamp": 1754306718.947721
}