{
  "query": "/*+  */ select count(*)\nfrom cast_info AS ci\ninner join title AS t\non t.id = ci.movie_id AND ci.person_id < 2590729 AND ci.role_id = 1 AND t.production_year > 2011;",
  "predicted_latency": 1494.3453073501587,
  "actual_latency": 2264.348,
  "q_error": 1.5152776194782216,
  "inference_time": 0.01889801025390625
}