{
  "query": "/*+  */ select count(*)\nfrom movie_info AS mi\ninner join title AS t\non t.id = mi.movie_id AND t.production_year < 1952;",
  "predicted_latency": 1191.0690069198608,
  "actual_latency": 1787.012,
  "q_error": 1.500342960498372,
  "inference_time": 0.030009984970092773
}