{
  "predicted_latency": 0.02913774736225605,
  "actual_latency": 0.089321,
  "q_error": 3.065473794937134,
  "inference_time": 0.3602018356323242,
  "timestamp": 1745481357.9328516
}