{
  "query": "/*+  */ select count(*)\nfrom movie_keyword AS mk\ninner join title AS t\non t.id = mk.movie_id AND mk.keyword_id < 29431;",
  "predicted_latency": 1198.2921361923218,
  "actual_latency": 1200.304,
  "q_error": 1.0016789426775938,
  "inference_time": 0.018312931060791016
}