{
  "predicted_latency": 328.6864161491394,
  "actual_latency": 682.501,
  "q_error": 2.076450277428926,
  "inference_time": 0.1265549659729004
}