{
  "query": "/*+ NoNestLoop(ci t) */ select count(*)\nfrom cast_info AS ci\ninner join title AS t\non t.id = ci.movie_id AND ci.person_id > 334326;",
  "predicted_latency": 1130.2152872085571,
  "actual_latency": 10134.59,
  "q_error": 8.966955335589862,
  "inference_time": 0.017963409423828125
}