{
  "query": "/*+  */ select count(*)\nfrom title AS t\ninner join cast_info AS ci\non t.id = ci.movie_id AND t.kind_id < 7 AND ci.person_id > 860079;",
  "predicted_latency": 1455.1070928573608,
  "actual_latency": 6256.113,
  "q_error": 4.299417569132326,
  "inference_time": 0.017281293869018555
}