{
  "predicted_latency": 671.3470816612244,
  "actual_latency": 2412.637,
  "q_error": 3.5937253112503535,
  "inference_time": 0.05781221389770508
}