{
  "pg_runtime": 9723.647,
  "opt_runtime": 9716.704,
  "pg_slowdown": 1.0007145427091328,
  "pg_opt_diff": 6.9430000000011205,
  "original_num_of_plans": 2,
  "pg_plan_card_error": 7.431314634546563,
  "opt_plan_card_error": 1.0,
  "num_tables": 3,
  "opt_hint": "/*+ Rows(movie_companies title #2229308) Rows(movie_keyword title #3961736) Rows(movie_companies movie_keyword title #31339132) */"
}