{
  "query": "/*+  */ select count(*)\nfrom cast_info AS ci\ninner join title AS t\non t.id = ci.movie_id AND t.production_year < 1980;",
  "predicted_latency": 1323.7805366516113,
  "actual_latency": 5431.395,
  "q_error": 4.10294217932698,
  "inference_time": 0.01742410659790039
}