{
  "predicted_latency": 118.7930703163147,
  "actual_latency": 192.238,
  "q_error": 1.6182593773199125,
  "inference_time": 0.11816239356994629
}