{
  "predicted_latency": 628.0783081054688,
  "inference_time": 0.0902857780456543
}