{
  "predicted_latency": 828.9687037467957,
  "actual_latency": 217.962,
  "q_error": 3.8032716883988753,
  "inference_time": 0.08630824089050293
}