{
  "predicted_latency": 303.4038841724396,
  "actual_latency": 9801.705,
  "q_error": 32.305799336534534,
  "inference_time": 0.10909533500671387
}