{
  "predicted_latency": 634.58056640625,
  "inference_time": 0.005379915237426758
}