{
  "query": "/*+  */ select count(*)\nfrom movie_companies AS mc\ninner join title AS t\non t.id = mc.movie_id AND mc.company_id < 157301;",
  "predicted_latency": 1181.0710430145264,
  "actual_latency": 1310.62,
  "q_error": 1.1096876921601744,
  "inference_time": 0.012795686721801758
}