{
  "query": "/*+  */ select count(*)\nfrom title AS t\ninner join cast_info AS ci\non t.id = ci.movie_id AND t.kind_id = 7 AND ci.person_id < 1749977 AND ci.role_id > 1;",
  "predicted_latency": 1286.2626314163208,
  "actual_latency": 2820.601,
  "q_error": 2.1928655401379413,
  "inference_time": 0.017600059509277344
}