{
  "query": "/*+  */ select count(*)\nfrom title AS t\ninner join cast_info AS ci\non t.id = ci.movie_id AND ci.person_id < 631958 AND ci.role_id > 1;",
  "predicted_latency": 908.6318612098694,
  "actual_latency": 1650.945,
  "q_error": 1.8169569772753944,
  "inference_time": 0.015121221542358398
}