{
  "query": "/*+  */ select count(*)\nfrom title AS t\ninner join cast_info AS ci\non t.id = ci.movie_id AND ci.person_id > 1064865;",
  "predicted_latency": 987.6791834831238,
  "actual_latency": 7517.892,
  "q_error": 7.611674039223543,
  "inference_time": 0.03293037414550781
}