{
  "predicted_latency": 0.0291377454996109,
  "actual_latency": 0.8914,
  "q_error": 30.592620849609375,
  "inference_time": 0.594557523727417,
  "timestamp": 1745756390.469164
}