{
  "predicted_latency": 591.1253662109375,
  "inference_time": 0.011646509170532227
}