{
  "query": "/*+  */ select count(*)\nfrom title AS t\ninner join cast_info AS ci\non t.id = ci.movie_id AND t.kind_id > 1 AND ci.person_id < 3133267 AND ci.role_id = 3;",
  "predicted_latency": 1382.2760581970215,
  "actual_latency": 1859.769,
  "q_error": 1.3454396384654153,
  "inference_time": 0.031742095947265625
}