{
  "predicted_latency": 0.02913774363696575,
  "actual_latency": 2.162828,
  "q_error": 74.22770690917969,
  "inference_time": 0.9360620975494385,
  "timestamp": 1745481189.8956628
}