{
  "predicted_latency": 0.02913774363696575,
  "actual_latency": 6.7059359999999995,
  "q_error": 230.14602661132812,
  "inference_time": 0.24760723114013672,
  "timestamp": 1745481306.3498065
}