{
  "predicted_latency": 1636.8765869140625,
  "inference_time": 0.0214841365814209
}