{
  "predicted_latency": 741.8329467773438,
  "inference_time": 0.032080888748168945
}