{
  "query": "/*+  */ select count(*)\nfrom title AS t\ninner join cast_info AS ci\non t.id = ci.movie_id AND ci.person_id < 2921859 AND ci.role_id = 10;",
  "predicted_latency": 1046.8405485153198,
  "actual_latency": 1283.766,
  "q_error": 1.2263242972587367,
  "inference_time": 0.018608808517456055
}