{
  "query": "/*+  */ select count(*)\nfrom title AS t\ninner join cast_info AS ci\non t.id = ci.movie_id AND ci.person_id < 2703132;",
  "predicted_latency": 1018.6325311660767,
  "actual_latency": 8203.245,
  "q_error": 8.053193618909225,
  "inference_time": 0.01739335060119629
}