{
  "predicted_latency": 0.02913774363696575,
  "actual_latency": 1.2816569999999998,
  "q_error": 43.98614501953125,
  "inference_time": 0.08293461799621582,
  "timestamp": 1745492751.3935924
}