{
  "predicted_latency": 339.7051692008972,
  "actual_latency": 411.452,
  "q_error": 1.2112032353463325,
  "inference_time": 0.10501956939697266
}