{
  "predicted_latency": 1179.608642578125,
  "inference_time": 0.007552146911621094
}