{
  "query": "/*+  */ select count(*)\nfrom title AS t\ninner join cast_info AS ci\non t.id = ci.movie_id AND t.production_year < 1985 AND ci.person_id < 1535342;",
  "predicted_latency": 1520.1441049575806,
  "actual_latency": 3279.3,
  "q_error": 2.157229692438605,
  "inference_time": 0.020482301712036133
}