{
  "predicted_latency": 0.02913774363696575,
  "actual_latency": 9.828968999999999,
  "q_error": 337.3277282714844,
  "inference_time": 0.5759148597717285,
  "timestamp": 1745769770.8321624
}