{
  "predicted_latency": 688.4651780128479,
  "actual_latency": 4431.813,
  "q_error": 6.437236248885917,
  "inference_time": 0.14513182640075684
}