{
  "query": "/*+  */ select count(*)\nfrom movie_companies AS mc\ninner join title AS t\non t.id = mc.movie_id AND mc.company_id > 76944;",
  "predicted_latency": 966.3169980049133,
  "actual_latency": 583.729,
  "q_error": 1.6554205770227508,
  "inference_time": 0.025138378143310547
}