{
  "predicted_latency": 397.3262023925781,
  "inference_time": 0.013997793197631836
}