{
  "predicted_latency": 755.4880976676941,
  "actual_latency": 49.189,
  "q_error": 15.358883036201062,
  "inference_time": 0.10427379608154297
}