{
  "predicted_latency": 634.4093084335327,
  "actual_latency": 1203.494,
  "q_error": 1.8970308033021088,
  "inference_time": 0.10521602630615234
}