{
  "predicted_latency": 0.02913774736225605,
  "actual_latency": 1.012481,
  "q_error": 34.748085021972656,
  "inference_time": 0.3304283618927002,
  "timestamp": 1745481397.8353364
}