{
  "query": "/*+  */ select count(*)\nfrom title AS t\ninner join cast_info AS ci\non t.id = ci.movie_id AND t.production_year < 2002 AND ci.person_id > 1419405;",
  "predicted_latency": 1407.4844121932983,
  "actual_latency": 5027.377,
  "q_error": 3.5718882258637477,
  "inference_time": 0.018622875213623047
}