{
  "query": "/*+  */ select count(*)\nfrom title AS t\ninner join movie_info AS mi\non t.id = mi.movie_id AND t.production_year > 2003;",
  "predicted_latency": 1028.7611484527588,
  "actual_latency": 2976.192,
  "q_error": 2.8929863889943235,
  "inference_time": 0.22368669509887695
}