{
  "predicted_latency": 677.948974609375,
  "inference_time": 0.006437063217163086
}