{
  "predicted_latency": 258.3759460449219,
  "inference_time": 0.021950721740722656
}