{
  "query": "/*+  */ select count(*)\nfrom movie_keyword AS mk\ninner join title AS t\non t.id = mk.movie_id AND mk.keyword_id < 59415;",
  "predicted_latency": 1229.2242050170898,
  "actual_latency": 1166.488,
  "q_error": 1.0537821263631428,
  "inference_time": 0.026272296905517578
}