{
  "predicted_latency": 1058.0224990844727,
  "actual_latency": 23.562,
  "q_error": 44.90376449726138,
  "inference_time": 0.07308793067932129
}