{
  "predicted_latency": 0.0291377454996109,
  "actual_latency": 7.147978,
  "q_error": 245.3167724609375,
  "inference_time": 0.300539493560791,
  "timestamp": 1745754849.4097693
}