{
    "embedding": [
        0.6109477281570435,
        0.6109477281570435,
        0.6109477281570435,
        0.774822473526001,
        0.6109477281570435,
        1.5335173606872559,
        0.6109477281570435,
        0.6109477281570435,
        0.6109477281570435,
        0.6109477281570435,
        0.6109477281570435,
        0.6109477281570435,
        0.6109477281570435,
        2.120469570159912,
        4.270050525665283,
        0.6109477281570435,
        0.6109477281570435,
        1.934433937072754,
        0.6109477281570435,
        2.8471100330352783,
        0.6109477281570435,
        0.665809154510498,
        3.9093079566955566,
        0.6109477281570435,
        0.8275535106658936,
        0.6109477281570435,
        0.6109477281570435,
        0.6109477281570435,
        0.6109477281570435,
        0.6109477281570435,
        3.3833014965057373,
        1.1616915464401245,
        0.6109477281570435,
        0.6109477281570435,
        1.2543948888778687,
        1.883156657218933,
        0.6109477281570435,
        2.25561785697937,
        3.5406785011291504,
        0.6109477281570435,
        0.6109477281570435,
        0.6109477281570435,
        0.7863571047782898,
        0.6109477281570435,
        0.6109477281570435,
        0.6109477281570435,
        0.6109477281570435,
        1.1680413484573364,
        0.6109477281570435,
        1.6836891174316406,
        0.8985254168510437,
        1.6140727996826172,
        0.6109477281570435,
        0.6109477281570435,
        2.7339401245117188,
        0.6109477281570435,
        0.6109477281570435,
        0.6109477281570435,
        0.6109477281570435,
        0.6109477281570435,
        0.6109477281570435,
        0.6109477281570435,
        0.6109477281570435,
        2.8120625019073486
    ],
    "timestamp": 1754257811.2354217
}