{
    "embedding": [
        0.6109477877616882,
        0.6109477877616882,
        0.6109477877616882,
        0.774822473526001,
        0.6109477877616882,
        1.5335173606872559,
        0.6109477877616882,
        0.6109477877616882,
        0.6109477877616882,
        0.6109477877616882,
        0.6109477877616882,
        0.6109477877616882,
        0.6109477877616882,
        2.120469808578491,
        4.270049571990967,
        0.6109477877616882,
        0.6109477877616882,
        1.934434175491333,
        0.6109477877616882,
        2.8471105098724365,
        0.6109477877616882,
        0.6658093929290771,
        3.9093074798583984,
        0.6109477877616882,
        0.8275535106658936,
        0.6109477877616882,
        0.6109477877616882,
        0.6109477877616882,
        0.6109477877616882,
        0.6109477877616882,
        3.38330078125,
        1.161691427230835,
        0.6109477877616882,
        0.6109477877616882,
        1.2543948888778687,
        1.8831562995910645,
        0.6109477877616882,
        2.255618095397949,
        3.5406785011291504,
        0.6109477877616882,
        0.6109477877616882,
        0.6109477877616882,
        0.7863571047782898,
        0.6109477877616882,
        0.6109477877616882,
        0.6109477877616882,
        0.6109477877616882,
        1.168041706085205,
        0.6109477877616882,
        1.683688759803772,
        0.8985254168510437,
        1.6140722036361694,
        0.6109477877616882,
        0.6109477877616882,
        2.7339396476745605,
        0.6109477877616882,
        0.6109477877616882,
        0.6109477877616882,
        0.6109477877616882,
        0.6109477877616882,
        0.6109477877616882,
        0.6109477877616882,
        0.6109477877616882,
        2.8120627403259277
    ],
    "timestamp": 1754257815.145491
}