{
  "predicted_latency": 0.0291377454996109,
  "actual_latency": 21.631726,
  "q_error": 742.3953247070312,
  "inference_time": 0.23947906494140625,
  "timestamp": 1745771196.424883
}