{
  "pg_runtime": 5794.028,
  "opt_runtime": 3909.489,
  "pg_slowdown": 1.482042282252233,
  "pg_opt_diff": 1884.5390000000002,
  "original_num_of_plans": 2,
  "pg_plan_card_error": 11364.166666666666,
  "opt_plan_card_error": 1.0,
  "num_tables": 8,
  "opt_hint": "/*+ Rows(ci ml #1845530) Rows(lt ml #21505) Rows(lt ml t #14194) Rows(ci lt ml #1533243) Rows(ci lt ml t #1097209) Rows(it pi #84178) Rows(it n pi #13062) Rows(ci ml t #1324499) Rows(an it pi #72978) Rows(an pi #72978) Rows(ml t #19906) Rows(ci n pi #917290) Rows(an it n pi #12595) Rows(ci it pi #4800305) Rows(an n #87695) Rows(ci it n pi #917290) Rows(n pi #13062) Rows(ci n pi t #529364) Rows(an n pi #12595) Rows(an ci lt ml #1391095) Rows(an ci ml #1668423) Rows(an ci n pi #1618304) Rows(ci ml n pi #73392) Rows(ci lt ml pi #312846) Rows(an ci it pi #7905254) Rows(ci it ml pi #362836) Rows(an ci ml pi #617814) Rows(ci ml pi #362836) Rows(ci it pi t #2887422) Rows(an ci it n pi #1618304) Rows(an ci ml t #1174354) Rows(ci lt ml pi t #204548) Rows(ci it ml n pi #73392) Rows(ci ml n t #181888) Rows(an ci pi #7905254) Rows(an ci lt ml pi #526923) Rows(ci ml pi t #233638) Rows(ci it lt ml pi #312846) Rows(ci pi #4800305) Rows(an ci lt ml t #979503) Rows(ci n #5178915) Rows(an ci it ml pi #617814) Rows(ci it lt ml n pi #63647) Rows(an ci ml n pi #127027) Rows(an ci ml pi t #399781) Rows(an ci #27596163) Rows(an ci ml n t #221689) Rows(ci it n pi t #529364) Rows(ci it ml pi t #233638) Rows(an ci n pi t #934459) Rows(ci ml n #269841) Rows(an ci lt ml pi t #345472) Rows(an ci it ml n pi #127027) Rows(ci it ml n pi t #45470) Rows(an ci it lt ml n pi #109842) Rows(ci lt ml n t #150772) Rows(an ci n #5055354) Rows(ci it lt ml n pi t #40156) Rows(an ci ml n #325477) Rows(an ci ml n pi t #77651) Rows(ci n t #3317839) Rows(an ci it lt ml n pi t #68185) Rows(an ci it ml n pi t #77651) Rows(ci it lt ml pi t #204548) Rows(ci lt ml n #224149) Rows(ci ml n pi t #45470) Rows(an ci n t #3148386) Rows(ci pi t #2887422) Rows(an ci it lt ml pi t #345472) Rows(an ci it ml pi t #399781) Rows(an ci it lt ml pi #526923) Rows(ci t #23942001) Rows(an ci lt ml n t #184511) Rows(an ci lt ml n #271703) Rows(an ci it n pi t #934459) Rows(ci lt ml n pi #63647) Rows(ci lt ml n pi t #40156) Rows(an ci pi t #4826302) Rows(an ci t #17889004) Rows(an ci lt ml n pi t #68185) Rows(an ci lt ml n pi #109842) Rows(an ci it pi t #4826302) */"
}