{
  "predicted_latency": 1242.3173828125,
  "inference_time": 0.02177906036376953
}