{
  "predicted_latency": 617.6902055740356,
  "actual_latency": 7944.831,
  "q_error": 12.862161206873372,
  "inference_time": 0.07652044296264648
}