{
  "predicted_latency": 0.0291377454996109,
  "actual_latency": 2.421254,
  "q_error": 83.09681701660156,
  "inference_time": 0.562913179397583,
  "timestamp": 1745759723.8258533
}