{
  "predicted_latency": 885.0843906402588,
  "actual_latency": 239.962,
  "q_error": 3.6884356299758245,
  "inference_time": 0.07493853569030762
}