{
  "query": "/*+  */ select count(*)\nfrom cast_info AS ci\ninner join title AS t\non t.id = ci.movie_id AND ci.person_id < 2650422 AND t.production_year > 2009;",
  "predicted_latency": 1600.2342700958252,
  "actual_latency": 4246.37,
  "q_error": 2.6535927141128646,
  "inference_time": 0.026584386825561523
}