{
  "predicted_latency": 0.02913774736225605,
  "actual_latency": 0.218743,
  "q_error": 7.507203578948975,
  "inference_time": 0.13458037376403809,
  "timestamp": 1745481251.048
}