{
  "query": "/*+  */ select count(*)\nfrom title AS t\ninner join cast_info AS ci\non t.id = ci.movie_id AND ci.person_id < 2842699;",
  "predicted_latency": 1108.2950830459595,
  "actual_latency": 8455.91,
  "q_error": 7.629655792354846,
  "inference_time": 0.01444101333618164
}