{
  "predicted_latency": 171.16020619869232,
  "actual_latency": 1655.845,
  "q_error": 9.674240507035863,
  "inference_time": 0.12720894813537598
}