{
  "predicted_latency": 1082.9112529754639,
  "actual_latency": 2444.713,
  "q_error": 2.257537719072342,
  "inference_time": 0.03589653968811035
}