{
  "predicted_latency": 1009.7052612304688,
  "inference_time": 0.008234024047851562
}