{
  "predicted_latency": 0.0291377454996109,
  "actual_latency": 1.214721,
  "q_error": 41.68891525268555,
  "inference_time": 1.2659900188446045,
  "timestamp": 1745771199.3244321
}