{
  "query": "/*+  */ select count(*)\nfrom movie_companies AS mc\ninner join title AS t\non t.id = mc.movie_id AND mc.company_id > 189050;",
  "predicted_latency": 579.7179937362671,
  "actual_latency": 314.676,
  "q_error": 1.8422694890499025,
  "inference_time": 0.014538764953613281
}