{
  "query": "/*+  */ select count(*)\nfrom cast_info AS ci\ninner join title AS t\non t.id = ci.movie_id AND ci.person_id > 1157768 AND ci.role_id < 4 AND t.production_year < 1978;",
  "predicted_latency": 1566.2041902542114,
  "actual_latency": 3365.031,
  "q_error": 2.148526367723368,
  "inference_time": 0.020359277725219727
}