{
  "query": "/*+  */ select count(*)\nfrom cast_info AS ci\ninner join title AS t\non t.id = ci.movie_id AND t.kind_id = 6;",
  "predicted_latency": 1140.6112909317017,
  "actual_latency": 3271.24,
  "q_error": 2.8679709082380787,
  "inference_time": 0.024173259735107422
}