{
  "query": "/*+ NoNestLoop(t ci) */ select count(*)\nfrom title AS t\ninner join cast_info AS ci\non t.id = ci.movie_id AND ci.person_id > 3035950;",
  "predicted_latency": 619.4420456886292,
  "actual_latency": 2700.032,
  "q_error": 4.358812933013604,
  "inference_time": 0.015074968338012695
}