{
  "predicted_latency": 0.02913774736225605,
  "actual_latency": 0.759073,
  "q_error": 26.051191329956055,
  "inference_time": 0.06954455375671387,
  "timestamp": 1745759118.886278
}