{
  "predicted_latency": 155.398428440094,
  "actual_latency": 142.738,
  "q_error": 1.0886969723556026,
  "inference_time": 0.13692188262939453
}