{
  "query": "/*+  */ select count(*)\nfrom title AS t\ninner join cast_info AS ci\non t.id = ci.movie_id AND ci.person_id < 2729731 AND ci.role_id > 1;",
  "predicted_latency": 1045.5496311187744,
  "actual_latency": 5284.1,
  "q_error": 5.053896862213829,
  "inference_time": 0.026216506958007812
}