{
  "query": "/*+  */ select count(*)\nfrom cast_info AS ci\ninner join title AS t\non t.id = ci.movie_id AND t.production_year < 1969;",
  "predicted_latency": 1229.7033071517944,
  "actual_latency": 4298.507,
  "q_error": 3.49556431620574,
  "inference_time": 0.026459693908691406
}