{
  "predicted_latency": 1679.2593994140625,
  "inference_time": 0.017488718032836914
}