{
  "query": "/*+  */ select count(*)\nfrom title AS t\ninner join cast_info AS ci\non t.id = ci.movie_id AND ci.person_id < 2912712 AND ci.role_id < 2;",
  "predicted_latency": 1093.8267707824707,
  "actual_latency": 4488.205,
  "q_error": 4.103213707952453,
  "inference_time": 0.015130996704101562
}