{
  "predicted_latency": 0.02913774363696575,
  "actual_latency": 0.242841,
  "q_error": 8.33424186706543,
  "inference_time": 0.7383627891540527,
  "timestamp": 1745481389.7211463
}