{
  "query": "/*+  */ select count(*)\nfrom cast_info AS ci\ninner join title AS t\non t.id = ci.movie_id AND t.production_year < 1961;",
  "predicted_latency": 1173.842191696167,
  "actual_latency": 4207.149,
  "q_error": 3.584083984850464,
  "inference_time": 0.025371313095092773
}