{
  "query": "/*+  */ select count(*)\nfrom title AS t\ninner join cast_info AS ci\non t.id = ci.movie_id AND ci.person_id > 3088118 AND ci.role_id > 1;",
  "predicted_latency": 905.6058526039124,
  "actual_latency": 2839.17,
  "q_error": 3.135105622204693,
  "inference_time": 0.010248422622680664
}