{
  "predicted_latency": 256.12279772758484,
  "actual_latency": 445.948,
  "q_error": 1.741149182956823,
  "inference_time": 0.1039283275604248
}