{
  "predicted_latency": 0.02913774736225605,
  "actual_latency": 0.45638,
  "q_error": 15.66284465789795,
  "inference_time": 0.13997292518615723,
  "timestamp": 1745761793.6958537
}