{
  "query": "/*+ NoNestLoop(ci t) */ select count(*)\nfrom cast_info AS ci\ninner join title AS t\non t.id = ci.movie_id AND ci.person_id > 188275;",
  "predicted_latency": 1143.720269203186,
  "actual_latency": 10174.891,
  "q_error": 8.896310814784025,
  "inference_time": 0.017175674438476562
}