{
  "query": "/*+  */ select count(*)\nfrom title AS t\ninner join cast_info AS ci\non t.id = ci.movie_id AND ci.person_id > 1098749 AND ci.role_id = 1;",
  "predicted_latency": 911.2829566001892,
  "actual_latency": 2770.978,
  "q_error": 3.040743799640403,
  "inference_time": 0.026891708374023438
}