{
  "query": "/*+  */ select count(*)\nfrom title AS t\ninner join cast_info AS ci\non t.id = ci.movie_id AND t.production_year < 1989;",
  "predicted_latency": 1305.0862550735474,
  "actual_latency": 5565.893,
  "q_error": 4.26477022370168,
  "inference_time": 0.01259469985961914
}