{
  "predicted_latency": 0.0291377454996109,
  "actual_latency": 8.143943,
  "q_error": 279.498046875,
  "inference_time": 1.7639472484588623,
  "timestamp": 1745769756.0242243
}