{
  "predicted_latency": 1.0,
  "actual_latency": 6621.801,
  "q_error": 6621.801,
  "inference_time": 1.6591932773590088,
  "timestamp": 1744674684.5411484
}