{
  "predicted_latency": 0.02913774363696575,
  "actual_latency": 22.96005,
  "q_error": 787.983154296875,
  "inference_time": 1.8133718967437744,
  "timestamp": 1745760956.225882
}