{
  "query": "/*+ NoHashJoin(t ci) */ select count(*)\nfrom title AS t\ninner join cast_info AS ci\non t.id = ci.movie_id AND ci.person_id < 964468;",
  "predicted_latency": 437.5303089618683,
  "actual_latency": 6094.821,
  "q_error": 13.930054387457709,
  "inference_time": 0.026678085327148438
}