{
  "predicted_latency": 519.4814205169678,
  "actual_latency": 846.175,
  "q_error": 1.6288840497084947,
  "inference_time": 0.045337677001953125
}