{
  "query": "/*+  */ select count(*)\nfrom movie_keyword AS mk\ninner join title AS t\non t.id = mk.movie_id AND mk.keyword_id < 45534;",
  "predicted_latency": 1209.7532749176025,
  "actual_latency": 1221.03,
  "q_error": 1.0093215082084943,
  "inference_time": 0.02969980239868164
}