{
  "query": "/*+  */ select count(*)\nfrom cast_info AS ci\ninner join title AS t\non t.id = ci.movie_id AND t.production_year = 2007;",
  "predicted_latency": 1140.8956050872803,
  "actual_latency": 3844.538,
  "q_error": 3.369754412986705,
  "inference_time": 0.018906831741333008
}