{
  "embedding": [
    1.449386171193228,
    1.138346073087331,
    2.5336236541518984,
    0.1546181435241321,
    0.01503377706885273,
    5.40422145093995,
    0.6181925705605846,
    1.1535024213265612,
    0.6274704373056224,
    1.9678880242276349,
    4.310376102011526,
    6.460856576989077,
    0.7709627071035461,
    1.8778470426638993,
    0.12076199288990548,
    2.9674973018831223,
    2.6889321972111415,
    3.6180316161686203,
    0.4783857732161956,
    3.037995195908805,
    3.3422494653203287,
    3.6045399769024176,
    2.776493659392069,
    0.8522016292925226,
    2.363460694406231,
    2.501360312947211,
    0.8825643380241392,
    2.177389575015954,
    1.7867107091018188,
    1.0631721166151247,
    3.11862378475104,
    1.388374861622197,
    0.16451526660162014,
    1.8973999795591996,
    2.51425066267887,
    0.42971274229539075,
    1.4798813189630782,
    0.23777010516695615,
    1.3066551113202955,
    3.2997588492444176,
    0.9886200458964294,
    3.5996085689484514,
    1.3128250202606742,
    1.508055899304982,
    1.92207566906735,
    2.3170783471989522,
    1.1773627046202224,
    3.6449143773816752,
    6.24148637123637,
    2.7762535553418357,
    0.35070308715072407,
    4.213021764131442,
    2.600513411662616,
    3.1781371578068147,
    1.047049335148944,
    0.2369695388621026,
    2.5898624395853274,
    4.5006165651877605,
    3.3007571818458685,
    2.020161703321641,
    0.06137877398064411,
    3.3152979148998747,
    1.1077289376101416,
    3.0393504327539724
  ],
  "timestamp": 1754305330.9720783
}