{
  "embedding": [
    0.7152878025036753,
    1.3892952430868415,
    2.534575341016695,
    0.13798650397332451,
    0.3092438438792256,
    3.4132953873657423,
    0.8756166907965185,
    1.1751168526160458,
    0.6813746223353154,
    1.1677255861768285,
    4.178304565180983,
    6.4638739090075035,
    1.7936183156457672,
    2.799484926165388,
    0.12468077229940833,
    2.539639204072018,
    2.4029444179489037,
    3.754494934931649,
    0.8416466568997341,
    1.7287351020816766,
    2.398232745914042,
    3.6271819285973255,
    1.6220133063371078,
    0.5937537047538798,
    1.1581586053378263,
    1.516600068559752,
    0.2896507622779853,
    1.618663475017044,
    1.3572811842281476,
    1.9597890768994173,
    1.553898518401926,
    0.9372804778602414,
    0.06563260040319266,
    1.3492536871376786,
    3.8500265831487583,
    0.429345813636509,
    1.6155287243853758,
    0.2344878345967796,
    1.2099443340748302,
    2.887008625624372,
    1.0859617658379006,
    4.280076633908802,
    2.0916844917118436,
    0.23358023938033182,
    1.6563027601957063,
    1.939679716429798,
    0.8880521962068473,
    2.9853500271485682,
    6.537705433219522,
    2.455658096695129,
    0.8985215305443176,
    4.449283468066229,
    2.8860976765082023,
    1.414476757176271,
    0.9961002547039667,
    0.893932298920457,
    3.288737623074683,
    2.911879156606486,
    1.6258937915861307,
    1.6235337701809411,
    0.02124433075398809,
    1.794903941848539,
    1.6968564265334407,
    4.385961022423334
  ],
  "timestamp": 1754305329.669669
}