{
  "predicted_latency": 647.6518511772156,
  "actual_latency": 4314.247,
  "q_error": 6.661367511199319,
  "inference_time": 0.06775546073913574
}