{
  "pg_runtime": 411.099,
  "opt_runtime": 378.904,
  "pg_slowdown": 1.0849687519793931,
  "pg_opt_diff": 32.19499999999999,
  "original_num_of_plans": 5,
  "pg_plan_card_error": 65.50523168908819,
  "opt_plan_card_error": 1.0,
  "num_tables": 5,
  "opt_hint": "/*+ Rows(it mi #706674) Rows(mc t #105501) Rows(mi t #476405) Rows(mc mi #294926) Rows(ct mc #798) Rows(ct mc mi #691) Rows(mc mi t #99367) Rows(it mi t #476405) Rows(ct mc t #767) Rows(it mc mi #294926) Rows(ct mc mi t #669) Rows(it mc mi t #99367) Rows(ct it mc mi #691) Rows(ct it mc mi t #669) */"
}