{
  "query": "/*+  */ select count(*)\nfrom title AS t\ninner join cast_info AS ci\non t.id = ci.movie_id AND ci.person_id > 995224;",
  "predicted_latency": 1026.599645614624,
  "actual_latency": 7792.999,
  "q_error": 7.591078989058428,
  "inference_time": 0.018050670623779297
}