{
  "predicted_latency": 474.808007478714,
  "actual_latency": 101.318,
  "q_error": 4.686314450331768,
  "inference_time": 0.11179590225219727
}