{
  "query": "/*+  */ select count(*)\nfrom title AS t\ninner join movie_keyword AS mk\non t.id = mk.movie_id AND mk.keyword_id < 67279;",
  "predicted_latency": 1241.0205602645874,
  "actual_latency": 1242.384,
  "q_error": 1.001098643954071,
  "inference_time": 0.012244939804077148
}