{
  "predicted_latency": 691.2544369697571,
  "actual_latency": 219.815,
  "q_error": 3.1447100378489052,
  "inference_time": 0.06046032905578613
}