{
  "query": "/*+  */ select count(*)\nfrom movie_keyword AS mk\ninner join title AS t\non t.id = mk.movie_id AND mk.keyword_id > 365;",
  "predicted_latency": 1200.8832693099976,
  "actual_latency": 1198.295,
  "q_error": 1.0021599600348807,
  "inference_time": 0.016927242279052734
}