{
  "predicted_latency": 504.1162967681885,
  "actual_latency": 390.172,
  "q_error": 1.2920360681140328,
  "inference_time": 0.08404803276062012
}