{
  "pg_runtime": 2268.542,
  "opt_runtime": 563.898,
  "pg_slowdown": 4.022965146178919,
  "pg_opt_diff": 1704.6439999999998,
  "original_num_of_plans": 50,
  "pg_plan_card_error": 615.0,
  "opt_plan_card_error": 1.0,
  "num_tables": 11,
  "opt_hint": "/*+ Rows(kt t #282115) Rows(cc t #40855) Rows(cc mk #2171367) Rows(mc t #1217080) Rows(cc mi #40) Rows(cc mc #612638) Rows(cc cct1 #24592) Rows(mi mk #4463) Rows(cn mc #1110154) Rows(it1 mi #1783) Rows(ct mc #2609129) Rows(mc mk #34863638) Rows(mc mi #2884) Rows(k mk #4523930) Rows(mk t #2079172) Rows(cc cct1 mi #6) Rows(cc mk t #506457) Rows(cc mc mi #57) Rows(cn mc mk #11833840) Rows(cn ct mc #1110154) Rows(it1 mi mk #4463) Rows(ct mc mk #34863638) Rows(k mi mk #4463) Rows(cc it1 mi #40) Rows(ct mc t #1217080) Rows(kt mc t #505603) Rows(kt mk t #1111554) Rows(cc cct1 mc #227682) Rows(cc mi mk #741) Rows(cc cct1 mk #1023805) Rows(mc mk t #17519537) Rows(cc mc mk #29258051) Rows(k mc mk #34863638) Rows(cc kt t #6897) Rows(cc k mk #2171367) Rows(cn mc mi #2171) Rows(ct mc mi #2884) Rows(cc cct1 t #2291) Rows(cc ct mc #612638) Rows(cc mc t #159585) Rows(it1 mc mi #2884) Rows(mc mi mk #9187) Rows(k mk t #2079172) Rows(ct mc mi mk #9187) Rows(cc cct1 mc mk #16526281) Rows(it1 mc mi mk #9187) Rows(cc cct1 kt t #1187) Rows(cn mc mi mk #7142) Rows(ct it1 mc mi #2884) Rows(cn ct mc mk #11833840) Rows(cc cct1 k mk #1023805) Rows(cc k mc mk #29258051) Rows(cc ct mc mk #29258051) Rows(k mc mi mk #9187) Rows(cc cct1 ct mc #227682) Rows(cc cct1 mc t #31327) Rows(cc ct mc t #159585) Rows(it1 k mi mk #4463) Rows(cc it1 mc mi #57) Rows(cc cct1 mk t #146325) Rows(cc kt mc t #81742) Rows(ct kt mc t #505603) Rows(cc mc mi mk #929) Rows(cc cct1 mc mi #7) Rows(cn k mc mk #11833840) Rows(cc kt mk t #386762) Rows(cn ct mc mi #2171) Rows(cc ct mc mi #57) Rows(cc it1 mi mk #741) Rows(ct k mc mk #34863638) Rows(k kt mk t #1111554) Rows(k mc mk t #17519537) Rows(ct mc mk t #17519537) Rows(cc cct1 it1 mi #6) Rows(cc cct1 mi mk #625) Rows(kt mc mk t #14553618) Rows(cn it1 mc mi #2171) Rows(cc k mi mk #741) Rows(cc mc mk t #9827516) Rows(cc ct kt mc t #81742) Rows(cn k mc mi mk #7142) Rows(cc cct1 kt mc t #26452) Rows(cn it1 mc mi mk #7142) Rows(cc cct1 ct mc mi #7) Rows(cn ct it1 mc mi #2171) Rows(cc cct1 ct mc mk #16526281) Rows(cc it1 k mi mk #741) Rows(ct k mc mi mk #9187) Rows(cc cct1 it1 mi mk #625) Rows(cc cct1 k mi mk #625) Rows(cc k mc mi mk #929) Rows(k kt mc mk t #14553618) Rows(cc it1 mc mi mk #929) Rows(ct kt mc mk t #14553618) Rows(cc cct1 mc mk t #3632716) Rows(cc cct1 ct mc t #31327) Rows(cc ct it1 mc mi #57) Rows(cn ct k mc mk #11833840) Rows(cc kt mc mk t #9131174) Rows(it1 k mc mi mk #9187) Rows(cc cct1 mc mi mk #628) Rows(cc ct mc mk t #9827516) Rows(cc cct1 it1 mc mi #7) Rows(cc cct1 kt mk t #136880) Rows(cn ct mc mi mk #7142) Rows(cc ct mc mi mk #929) Rows(cc ct k mc mk #29258051) Rows(ct k mc mk t #17519537) Rows(ct it1 mc mi mk #9187) Rows(cc cct1 k mc mk #16526281) Rows(ct it1 k mc mi mk #9187) Rows(cc ct k mc mi mk #929) Rows(cc ct kt mc mk t #9131174) Rows(cc cct1 ct kt mc t #26452) Rows(ct k kt mc mk t #14553618) Rows(cc cct1 ct mc mk t #3632716) Rows(cc cct1 ct it1 mc mi #7) Rows(cc cct1 kt mc mk t #3561140) Rows(cc ct it1 mc mi mk #929) Rows(cn it1 k mc mi mk #7142) Rows(cn ct k mc mi mk #7142) Rows(cc cct1 ct mc mi mk #628) Rows(cc it1 k mc mi mk #929) Rows(cc cct1 it1 mc mi mk #628) Rows(cc cct1 ct k mc mk #16526281) Rows(cn ct it1 mc mi mk #7142) Rows(cc cct1 k mc mi mk #628) Rows(cc cct1 it1 k mi mk #625) Rows(cc ct it1 k mc mi mk #929) Rows(cn ct it1 k mc mi mk #7142) Rows(cc cct1 it1 k mc mi mk #628) Rows(cc cct1 ct k mc mi mk #628) Rows(cc cct1 ct it1 mc mi mk #628) Rows(cc cct1 ct kt mc mk t #3561140) Rows(cc cct1 ct it1 k mc mi mk #628) Rows(mi t #1763) Rows(cc cn mc #276333) Rows(mc mi t #2847) Rows(cn mc t #459538) Rows(it1 mi t #1763) Rows(mi mk t #4354) Rows(cc mi t #39) Rows(kt mi t #823) Rows(cc mi mk t #731) Rows(mc mi mk t #8786) Rows(cc cn mc mi #49) Rows(ct mc mi t #2847) Rows(it1 mc mi t #2847) Rows(cn mc mi t #2144) Rows(cn ct mc t #459538) Rows(kt mc mi t #1172) Rows(cn kt mc t #151319) Rows(it1 mi mk t #4354) Rows(cc cct1 cn mc #102934) Rows(cc k mk t #506457) Rows(cc mc mi t #56) Rows(cc cn ct mc #276333) Rows(cc cn mc mk #10541657) Rows(it1 kt mi t #823) Rows(cn mc mk t #4604661) Rows(k mi mk t #4354) Rows(cc cn mc t #49497) Rows(kt mi mk t #2535) Rows(cc it1 mi t #39) Rows(cc cct1 mi t #5) Rows(cc kt mi t #32) Rows(cn kt mc mi t #949) Rows(cc it1 kt mi t #32) Rows(cc cct1 k mk t #146325) Rows(cc cct1 mc mi t #6) Rows(cc cn mc mi mk #843) Rows(cc cct1 cn ct mc #102934) Rows(cn ct mc mi t #2144) Rows(cc ct mc mi t #56) Rows(cc cn ct mc t #49497) Rows(cc cct1 cn mc mi #6) Rows(cn ct mc mk t #4604661) Rows(cc cn k mc mk #10541657) Rows(it1 mc mi mk t #8786) Rows(cc cct1 cn mc mk #6122527) Rows(ct kt mc mi t #1172) Rows(cc cct1 mi mk t #615) Rows(cn it1 mc mi t #2144) Rows(cc cn mc mi t #48) Rows(cn k mc mk t #4604661) Rows(cn kt mc mk t #3258834) Rows(k mc mi mk t #8786) Rows(ct it1 mc mi t #2847) Rows(cc kt mc mi t #37) Rows(cc k mi mk t #731) Rows(cc cct1 cn mc t #7918) Rows(cc cn ct mc mk #10541657) Rows(cc cct1 it1 mi t #5) Rows(cn ct kt mc t #151319) Rows(it1 k mi mk t #4354) Rows(cc it1 mi mk t #731) Rows(cc it1 mc mi t #56) Rows(cc cct1 kt mi t #5) Rows(cc k kt mk t #386762) Rows(ct mc mi mk t #8786) Rows(cc cn ct mc mi #49) Rows(cc cn mc mk t #2367048) Rows(cc k mc mk t #9827516) Rows(it1 kt mi mk t #2535) Rows(cc cn it1 mc mi #49) Rows(kt mc mi mk t #4476) Rows(cn mc mi mk t #6915) Rows(k kt mi mk t #2535) Rows(cc mc mi mk t #919) Rows(it1 kt mc mi t #1172) Rows(cc kt mi mk t #680) Rows(cc cn kt mc t #20200) Rows(cn it1 mc mi mk t #6915) Rows(cc cct1 cn mc mk t #837843) Rows(cn kt mc mi mk t #3628) Rows(cc cct1 cn k mc mk #6122527) Rows(cc cn ct k mc mk #10541657) Rows(cc cct1 kt mc mi t #6) Rows(cc ct kt mc mi t #37) Rows(ct it1 mc mi mk t #8786) Rows(cc cct1 it1 mc mi t #6) Rows(cc cn it1 mc mi mk #843) Rows(cc cn ct mc mi t #48) Rows(cn ct it1 mc mi t #2144) Rows(cc cct1 cn mc mi t #5) Rows(cc cct1 it1 kt mi t #5) Rows(ct k mc mi mk t #8786) Rows(cn ct kt mc mk t #3258834) Rows(k kt mc mi mk t #4476) Rows(cc it1 kt mi mk t #680) Rows(cc cn k mc mk t #2367048) Rows(cc cn kt mc mk t #2085425) Rows(cc k mc mi mk t #919) Rows(cc cct1 cn kt mc t #6320) Rows(cc cn ct kt mc t #20200) Rows(cc cct1 kt mi mk t #615) Rows(cn ct k mc mk t #4604661) Rows(cc cn mc mi mk t #833) Rows(cc it1 k mi mk t #731) Rows(cc cct1 mc mi mk t #618) Rows(cc cn it1 mc mi t #48) Rows(it1 kt mc mi mk t #4476) Rows(cc cct1 it1 mi mk t #615) Rows(it1 k mc mi mk t #8786) Rows(cc ct mc mi mk t #919) Rows(cn ct mc mi mk t #6915) Rows(cc ct k mc mk t #9827516) Rows(cc cct1 cn ct mc mi #6) Rows(ct it1 kt mc mi t #1172) Rows(cn it1 kt mc mi t #949) Rows(cc kt mc mi mk t #700) Rows(cc cn ct mc mk t #2367048) Rows(cc cct1 cn it1 mc mi #6) Rows(cc cn ct it1 mc mi #49) Rows(cn k kt mc mk t #3258834) Rows(cc cct1 k mc mk t #3632716) Rows(cc cct1 cn mc mi mk #625) Rows(cn k mc mi mk t #6915) Rows(cc cct1 cn ct mc mk #6122527) Rows(it1 k kt mi mk t #2535) Rows(cc it1 mc mi mk t #919) Rows(cc k kt mi mk t #680) Rows(cc it1 kt mc mi t #37) Rows(cn ct kt mc mi t #949) Rows(cc ct it1 mc mi t #56) Rows(cc cct1 k mi mk t #615) Rows(ct kt mc mi mk t #4476) Rows(cc cn ct mc mi mk #843) Rows(cc cn k mc mi mk #843) Rows(cc k kt mc mk t #9131174) Rows(cc cn kt mc mi t #33) Rows(cc cct1 k kt mk t #136880) Rows(cc cct1 cn ct mc t #7918) Rows(cc cct1 ct mc mi t #6) Rows(cc ct k kt mc mk t #9131174) Rows(cc cct1 cn ct kt mc t #6320) Rows(cn ct k kt mc mk t #3258834) Rows(cc ct kt mc mi mk t #700) Rows(cc it1 kt mc mi mk t #700) Rows(cn ct kt mc mi mk t #3628) Rows(cc it1 k mc mi mk t #919) Rows(cc cct1 it1 kt mi mk t #615) Rows(cc cct1 kt mc mi mk t #618) Rows(cc cct1 ct k mc mk t #3632716) Rows(cn ct it1 kt mc mi t #949) Rows(cc it1 k kt mi mk t #680) Rows(cc cn k mc mi mk t #833) Rows(cc k kt mc mi mk t #700) Rows(cc cct1 