{
  "predicted_latency": 0.0291377454996109,
  "actual_latency": 2.249871,
  "q_error": 77.21499633789062,
  "inference_time": 0.06536674499511719,
  "timestamp": 1745761787.9548042
}