{
  "predicted_latency": 0.0291377454996109,
  "actual_latency": 2.8164279999999997,
  "q_error": 96.65908813476562,
  "inference_time": 0.07944488525390625,
  "timestamp": 1745760294.047556
}