{
  "query": "/*+  */ select count(*)\nfrom title AS t\ninner join cast_info AS ci\non t.id = ci.movie_id AND t.kind_id < 7 AND ci.person_id < 2250259;",
  "predicted_latency": 1215.9286737442017,
  "actual_latency": 4883.501,
  "q_error": 4.016272586912739,
  "inference_time": 0.02663707733154297
}