{
  "predicted_latency": 230.73561096191406,
  "inference_time": 0.005319833755493164
}