{
  "query": "/*+ NoNestLoop(mk t) */ select count(*)\nfrom movie_keyword AS mk\ninner join title AS t\non t.id = mk.movie_id AND mk.keyword_id < 104716;",
  "predicted_latency": 1293.9257621765137,
  "actual_latency": 1180.582,
  "q_error": 1.0960066832939293,
  "inference_time": 0.017726421356201172
}