{
  "predicted_latency": 0.02913774363696575,
  "actual_latency": 1.269749,
  "q_error": 43.57746505737305,
  "inference_time": 4.965515613555908,
  "timestamp": 1745756215.6746087
}