{
  "query": "/*+  */ select count(*)\nfrom movie_keyword AS mk\ninner join title AS t\non t.id = mk.movie_id AND mk.keyword_id < 30953;",
  "predicted_latency": 1198.0338096618652,
  "actual_latency": 1208.726,
  "q_error": 1.0089247817982305,
  "inference_time": 0.017838239669799805
}