{
  "predicted_latency": 0.02913774736225605,
  "actual_latency": 2.83006,
  "q_error": 97.1269302368164,
  "inference_time": 0.11823534965515137,
  "timestamp": 1745755528.8495853
}