{
  "predicted_latency": 0.02913774363696575,
  "actual_latency": 1.415991,
  "q_error": 48.59645080566406,
  "inference_time": 2.2121424674987793,
  "timestamp": 1745755033.0167837
}