{
  "predicted_latency": 0.02913774363696575,
  "actual_latency": 2.814601,
  "q_error": 96.59638977050781,
  "inference_time": 1.1884965896606445,
  "timestamp": 1745762003.5304003
}