{
  "predicted_latency": 436.04081869125366,
  "actual_latency": 404.301,
  "q_error": 1.0785054172293753,
  "inference_time": 0.1260225772857666
}