{
  "predicted_latency": 398.52428436279297,
  "actual_latency": 105.852,
  "q_error": 3.764919740418631,
  "inference_time": 0.041933298110961914
}