{
  "predicted_latency": 0.02913774736225605,
  "actual_latency": 7.444127000000001,
  "q_error": 255.48052978515625,
  "inference_time": 1.032660961151123,
  "timestamp": 1745769898.1186695
}