{
  "predicted_latency": 597.8239135742188,
  "inference_time": 0.013840198516845703
}