{
  "query": "/*+  */ select count(*)\nfrom cast_info AS ci\ninner join title AS t\non t.id = ci.movie_id AND t.production_year < 1936;",
  "predicted_latency": 1141.9209241867065,
  "actual_latency": 3833.23,
  "q_error": 3.35682613288664,
  "inference_time": 0.017447710037231445
}