{
  "predicted_latency": 639.1255855560303,
  "actual_latency": 27176.339,
  "q_error": 42.521125134361455,
  "inference_time": 0.10738444328308105
}