{
  "query": "/*+  */ select count(*)\nfrom cast_info AS ci\ninner join title AS t\non t.id = ci.movie_id AND ci.person_id > 591507 AND t.production_year > 2004;",
  "predicted_latency": 1466.6807651519775,
  "actual_latency": 6174.528,
  "q_error": 4.209864986782039,
  "inference_time": 0.026503801345825195
}