{
  "predicted_latency": 201.53575134277344,
  "inference_time": 0.030948400497436523
}