{
    "embedding": [
        0.5864694118499756,
        0.5864694118499756,
        0.5864694118499756,
        0.7314484119415283,
        0.5864694118499756,
        1.4931691884994507,
        0.5864694118499756,
        0.5864694118499756,
        0.5864694118499756,
        0.5864694118499756,
        0.5864694118499756,
        0.5864694118499756,
        0.5864694118499756,
        1.5211560726165771,
        3.7127010822296143,
        2.8193275928497314,
        0.5864694118499756,
        1.9132204055786133,
        0.5864694118499756,
        2.2356996536254883,
        0.5864694118499756,
        0.8377362489700317,
        4.297183513641357,
        0.5864694118499756,
        0.8914473056793213,
        1.1450982093811035,
        0.5864694118499756,
        0.5864694118499756,
        0.5864694118499756,
        0.5864694118499756,
        3.7226500511169434,
        1.0848877429962158,
        0.5864694118499756,
        0.5864694118499756,
        1.8845034837722778,
        2.8695387840270996,
        0.5864694118499756,
        2.091646909713745,
        3.1562819480895996,
        0.5864694118499756,
        0.5864694118499756,
        0.5864694118499756,
        1.0143935680389404,
        0.5864694118499756,
        0.9755299687385559,
        0.5864694118499756,
        0.5864694118499756,
        1.1017765998840332,
        0.5864694118499756,
        3.39363169670105,
        1.4788850545883179,
        1.7427421808242798,
        0.5864694118499756,
        0.5864694118499756,
        2.988173007965088,
        0.5864694118499756,
        0.5864694118499756,
        0.5864694118499756,
        0.5864694118499756,
        0.5864694118499756,
        0.5864694118499756,
        0.5864694118499756,
        0.5864694118499756,
        2.8351550102233887
    ],
    "timestamp": 1754257752.1149263
}