{
    "embedding": [
        0.5864693522453308,
        0.5864693522453308,
        0.5864693522453308,
        0.7314484119415283,
        0.5864693522453308,
        1.4931684732437134,
        0.5864693522453308,
        0.5864693522453308,
        0.5864693522453308,
        0.5864693522453308,
        0.5864693522453308,
        0.5864693522453308,
        0.5864693522453308,
        1.5211560726165771,
        3.7127013206481934,
        2.8193273544311523,
        0.5864693522453308,
        1.9132195711135864,
        0.5864693522453308,
        2.23569917678833,
        0.5864693522453308,
        0.8377359509468079,
        4.297183036804199,
        0.5864693522453308,
        0.8914473056793213,
        1.1450979709625244,
        0.5864693522453308,
        0.5864693522453308,
        0.5864693522453308,
        0.5864693522453308,
        3.7226505279541016,
        1.0848877429962158,
        0.5864693522453308,
        0.5864693522453308,
        1.8845034837722778,
        2.8695380687713623,
        0.5864693522453308,
        2.091646909713745,
        3.1562817096710205,
        0.5864693522453308,
        0.5864693522453308,
        0.5864693522453308,
        1.0143934488296509,
        0.5864693522453308,
        0.9755299091339111,
        0.5864693522453308,
        0.5864693522453308,
        1.1017765998840332,
        0.5864693522453308,
        3.3936314582824707,
        1.478885293006897,
        1.7427421808242798,
        0.5864693522453308,
        0.5864693522453308,
        2.9881725311279297,
        0.5864693522453308,
        0.5864693522453308,
        0.5864693522453308,
        0.5864693522453308,
        0.5864693522453308,
        0.5864693522453308,
        0.5864693522453308,
        0.5864693522453308,
        2.8351552486419678
    ],
    "timestamp": 1754257753.383676
}