{
  "query": "/*+  */ select count(*)\nfrom movie_keyword AS mk\ninner join title AS t\non t.id = mk.movie_id AND mk.keyword_id < 37400;",
  "predicted_latency": 1200.9462118148804,
  "actual_latency": 1412.992,
  "q_error": 1.17656559977376,
  "inference_time": 0.01371145248413086
}