{
  "predicted_latency": 0.02913774736225605,
  "actual_latency": 6.732361,
  "q_error": 231.05288696289062,
  "inference_time": 2.490734577178955,
  "timestamp": 1745452065.2140558
}