{
  "query": "/*+  */ select count(*)\nfrom title AS t\ninner join movie_info AS mi\non t.id = mi.movie_id AND t.production_year < 1975;",
  "predicted_latency": 1214.5062685012817,
  "actual_latency": 2235.403,
  "q_error": 1.8405858067398198,
  "inference_time": 0.02854299545288086
}