{
  "predicted_latency": 718.9379334449768,
  "actual_latency": 3273.338,
  "q_error": 4.553018901527362,
  "inference_time": 0.10584211349487305
}