{
  "query": "/*+  */ select count(*)\nfrom cast_info AS ci\ninner join title AS t\non t.id = ci.movie_id AND t.production_year < 1942;",
  "predicted_latency": 1144.378423690796,
  "actual_latency": 3597.226,
  "q_error": 3.1433885203798186,
  "inference_time": 0.02647233009338379
}