{
  "predicted_latency": 0.02913774736225605,
  "actual_latency": 45.770836,
  "q_error": 1570.84326171875,
  "inference_time": 0.7177448272705078,
  "timestamp": 1745761840.6895435
}