{
  "predicted_latency": 0.02913774736225605,
  "actual_latency": 8.435944,
  "q_error": 289.5194091796875,
  "inference_time": 3.331224203109741,
  "timestamp": 1745754252.2668824
}