{
  "query": "/*+  */ select count(*)\nfrom title AS t\ninner join cast_info AS ci\non t.id = ci.movie_id AND ci.person_id < 2550774 AND ci.role_id < 4;",
  "predicted_latency": 992.0666813850403,
  "actual_latency": 7301.767,
  "q_error": 7.360157474299898,
  "inference_time": 0.013547658920288086
}