{
  "predicted_latency": 889.2760620117188,
  "inference_time": 0.015140056610107422
}