{
  "predicted_latency": 704.6798706054688,
  "inference_time": 0.01821112632751465
}