{
  "query": "/*+ NoNestLoop(t ci) */ select count(*)\nfrom title AS t\ninner join cast_info AS ci\non t.id = ci.movie_id AND ci.person_id < 1824902;",
  "predicted_latency": 693.8440203666687,
  "actual_latency": 6443.133,
  "q_error": 9.286140416105427,
  "inference_time": 0.011772871017456055
}