{
  "predicted_latency": 628.0783081054688,
  "inference_time": 0.007826566696166992
}