{
  "predicted_latency": 1963.331298828125,
  "inference_time": 0.006959676742553711
}