{
  "predicted_latency": 530.7813882827759,
  "actual_latency": 549.744,
  "q_error": 1.0357258414402462,
  "inference_time": 0.13803839683532715
}