{
  "predicted_latency": 131.99299573898315,
  "actual_latency": 4366.679,
  "q_error": 33.082656966397906,
  "inference_time": 0.10186457633972168
}