{
  "query": "/*+  */ select count(*)\nfrom title AS t\ninner join movie_info AS mi\non t.id = mi.movie_id AND t.production_year > 2007;",
  "predicted_latency": 1107.2866916656494,
  "actual_latency": 2416.387,
  "q_error": 2.1822595884044453,
  "inference_time": 0.018373966217041016
}