{
  "predicted_latency": 659.2683792114258,
  "actual_latency": 1495.431,
  "q_error": 2.2683190141604213,
  "inference_time": 0.09002494812011719
}