{
  "query": "/*+  */ select count(*)\nfrom title AS t\ninner join cast_info AS ci\non t.id = ci.movie_id AND ci.person_id < 2861355 AND ci.role_id = 1;",
  "predicted_latency": 1063.7768507003784,
  "actual_latency": 4822.057,
  "q_error": 4.532959141595545,
  "inference_time": 0.028357744216918945
}