{
  "predicted_latency": 0.0291377454996109,
  "actual_latency": 8.133346,
  "q_error": 279.13433837890625,
  "inference_time": 1.4121146202087402,
  "timestamp": 1745453461.075629
}