{
  "predicted_latency": 1047.5513935089111,
  "actual_latency": 2755.372,
  "q_error": 2.6302976799739812,
  "inference_time": 0.05408883094787598
}