{
  "predicted_latency": 416.735595703125,
  "inference_time": 0.014449834823608398
}