{
    "embedding": [
        0.5326275825500488,
        0.5326275825500488,
        0.5326275825500488,
        0.8741148114204407,
        0.5326275825500488,
        1.0645697116851807,
        1.1849249601364136,
        0.5326275825500488,
        0.6457697749137878,
        0.5326275825500488,
        0.5326275825500488,
        0.5326275825500488,
        0.5326275825500488,
        4.205404758453369,
        2.5435779094696045,
        2.2154407501220703,
        0.5326275825500488,
        2.1889219284057617,
        0.5326275825500488,
        1.4289162158966064,
        0.5326275825500488,
        0.8022158145904541,
        0.7682648301124573,
        0.5326275825500488,
        1.7949745655059814,
        2.1765761375427246,
        0.5326275825500488,
        0.5326275825500488,
        0.5326275825500488,
        0.5326275825500488,
        3.536827325820923,
        0.9656662940979004,
        0.5326275825500488,
        0.5326275825500488,
        1.8329200744628906,
        3.3508403301239014,
        0.5326275825500488,
        1.1678617000579834,
        2.20810866355896,
        0.5326275825500488,
        0.5326275825500488,
        0.5326275825500488,
        0.8195396065711975,
        0.5326275825500488,
        1.4028369188308716,
        0.5326275825500488,
        0.5326275825500488,
        0.8014072775840759,
        0.5326275825500488,
        4.2795610427856445,
        1.7142012119293213,
        0.7567356824874878,
        0.5326275825500488,
        0.5326275825500488,
        7.262905597686768,
        0.5326275825500488,
        0.5326275825500488,
        0.5326275825500488,
        0.5326275825500488,
        0.5326275825500488,
        0.5326275825500488,
        0.5695300698280334,
        0.5326275825500488,
        6.103931427001953
    ],
    "timestamp": 1754258575.8593578
}