{
    "embedding": [
        0.5326275825500488,
        0.5326275825500488,
        0.5326275825500488,
        0.8741146326065063,
        0.5326275825500488,
        1.064569354057312,
        1.184924840927124,
        0.5326275825500488,
        0.6457697153091431,
        0.5326275825500488,
        0.5326275825500488,
        0.5326275825500488,
        0.5326275825500488,
        4.205404281616211,
        2.5435776710510254,
        2.2154409885406494,
        0.5326275825500488,
        2.1889216899871826,
        0.5326275825500488,
        1.4289158582687378,
        0.5326275825500488,
        0.8022156953811646,
        0.7682645916938782,
        0.5326275825500488,
        1.7949743270874023,
        2.1765763759613037,
        0.5326275825500488,
        0.5326275825500488,
        0.5326275825500488,
        0.5326275825500488,
        3.536827325820923,
        0.9656662344932556,
        0.5326275825500488,
        0.5326275825500488,
        1.8329200744628906,
        3.3508403301239014,
        0.5326275825500488,
        1.167861819267273,
        2.2081081867218018,
        0.5326275825500488,
        0.5326275825500488,
        0.5326275825500488,
        0.8195396065711975,
        0.5326275825500488,
        1.402836799621582,
        0.5326275825500488,
        0.5326275825500488,
        0.8014072179794312,
        0.5326275825500488,
        4.279560565948486,
        1.7142012119293213,
        0.7567355632781982,
        0.5326275825500488,
        0.5326275825500488,
        7.262905597686768,
        0.5326275825500488,
        0.5326275825500488,
        0.5326275825500488,
        0.5326275825500488,
        0.5326275825500488,
        0.5326275825500488,
        0.5695300698280334,
        0.5326275825500488,
        6.103932857513428
    ],
    "timestamp": 1754258576.8564603
}