{
  "predicted_latency": 0.02913774736225605,
  "actual_latency": 4.336787999999999,
  "q_error": 148.8374481201172,
  "inference_time": 0.6765577793121338,
  "timestamp": 1745769903.2326515
}