{
  "predicted_latency": 0.0291377454996109,
  "actual_latency": 0.648314,
  "q_error": 22.249971389770508,
  "inference_time": 0.09900283813476562,
  "timestamp": 1745753913.4021285
}