{
  "predicted_latency": 0.0291377454996109,
  "actual_latency": 47.053953,
  "q_error": 1614.879638671875,
  "inference_time": 0.2434062957763672,
  "timestamp": 1745754792.0319426
}