{
  "query": "/*+ NoNestLoop(ci t) */ select count(*)\nfrom cast_info AS ci\ninner join title AS t\non t.id = ci.movie_id AND ci.person_id > 734325;",
  "predicted_latency": 1167.6756143569946,
  "actual_latency": 8516.331,
  "q_error": 7.293404859439236,
  "inference_time": 0.019429922103881836
}