{
  "predicted_latency": 0.02913774736225605,
  "actual_latency": 4.77092,
  "q_error": 163.7367401123047,
  "inference_time": 0.13332438468933105,
  "timestamp": 1745479187.3874996
}