{
  "query": "/*+ NoNestLoop(t ci) */ select count(*)\nfrom title AS t\ninner join cast_info AS ci\non t.id = ci.movie_id AND ci.person_id > 3195272;",
  "predicted_latency": 613.9393448829651,
  "actual_latency": 2108.237,
  "q_error": 3.433949978237495,
  "inference_time": 0.026525497436523438
}