{
  "query": "/*+  */ select count(*)\nfrom movie_companies AS mc\ninner join title AS t\non t.id = mc.movie_id AND mc.company_id > 71525;",
  "predicted_latency": 1023.135781288147,
  "actual_latency": 564.425,
  "q_error": 1.8127045777351234,
  "inference_time": 0.021839141845703125
}