{
  "predicted_latency": -10.351601988077164,
  "actual_latency": 0.237,
  "q_error": -0.022895007002102032,
  "inference_time": 0.03483223915100098
}