{
  "query": "/*+ NoNestLoop(ci t) */ select count(*)\nfrom cast_info AS ci\ninner join title AS t\non t.id = ci.movie_id AND ci.person_id < 3932632;",
  "predicted_latency": 1182.934045791626,
  "actual_latency": 10751.907,
  "q_error": 9.089185519894952,
  "inference_time": 0.02064990997314453
}