{
  "predicted_latency": 752.3830533027649,
  "actual_latency": 5332.476,
  "q_error": 7.08744831052723,
  "inference_time": 0.04990983009338379
}