{
  "query": "/*+  */ select count(*)\nfrom movie_info AS mi\ninner join title AS t\non t.id = mi.movie_id AND t.production_year = 2011;",
  "predicted_latency": 1188.2940530776978,
  "actual_latency": 1724.184,
  "q_error": 1.450974189035399,
  "inference_time": 0.33414411544799805
}