{
  "query": "/*+  */ select count(*)\nfrom title AS t\ninner join cast_info AS ci\non t.id = ci.movie_id AND ci.person_id > 1323115;",
  "predicted_latency": 849.9925136566162,
  "actual_latency": 7836.371,
  "q_error": 9.219341199004692,
  "inference_time": 0.02947521209716797
}