{
  "predicted_latency": 0.02913774736225605,
  "actual_latency": 6.210278000000001,
  "q_error": 213.13514709472656,
  "inference_time": 0.7832126617431641,
  "timestamp": 1745756872.1370506
}