{
  "predicted_latency": -44.19273883104324,
  "actual_latency": 0.489,
  "q_error": -0.011065166200029706,
  "inference_time": 0.054322242736816406
}