{
  "predicted_latency": 512.2877807617188,
  "inference_time": 0.01434779167175293
}