{
  "predicted_latency": 0.02913774363696575,
  "actual_latency": 13.182113,
  "q_error": 452.4067687988281,
  "inference_time": 4.540268182754517,
  "timestamp": 1745453710.510285
}