{
  "predicted_latency": 1891.4437255859375,
  "inference_time": 0.005864381790161133
}