{
  "predicted_latency": 263.0429382324219,
  "inference_time": 0.013044357299804688
}