{
  "predicted_latency": 0.02913774736225605,
  "actual_latency": 5.780344,
  "q_error": 198.37991333007812,
  "inference_time": 1.7332818508148193,
  "timestamp": 1745453265.6276157
}