{
  "predicted_latency": 298.33248257637024,
  "actual_latency": 40.688,
  "q_error": 7.332198254433008,
  "inference_time": 0.09430766105651855
}