{
  "query": "/*+  */ select count(*)\nfrom title AS t\ninner join movie_keyword AS mk\non t.id = mk.movie_id AND t.production_year < 1975;",
  "predicted_latency": 1229.5668125152588,
  "actual_latency": 617.776,
  "q_error": 1.9903117189972723,
  "inference_time": 0.018143892288208008
}