{
  "predicted_latency": 320.6619322299957,
  "actual_latency": 113.841,
  "q_error": 2.816752595549896,
  "inference_time": 0.12276530265808105
}