{
  "predicted_latency": 1197.3621845245361,
  "actual_latency": 87033.583,
  "q_error": 72.68776659633727,
  "inference_time": 0.05665397644042969
}