{
  "query": "/*+ NoNestLoop(t ci) */ select count(*)\nfrom title AS t\ninner join cast_info AS ci\non t.id = ci.movie_id AND ci.person_id < 1274810;",
  "predicted_latency": 640.4500603675842,
  "actual_latency": 4761.874,
  "q_error": 7.435199548996744,
  "inference_time": 0.026578664779663086
}