{
  "predicted_latency": 0.02913774736225605,
  "actual_latency": 0.306226,
  "q_error": 10.509596824645996,
  "inference_time": 0.5206937789916992,
  "timestamp": 1745481369.5737672
}