{
  "predicted_latency": 0.02913774363696575,
  "actual_latency": 227.736774,
  "q_error": 7815.86865234375,
  "inference_time": 2.834996461868286,
  "timestamp": 1745757853.5762382
}