{
  "query": "/*+  */ select count(*)\nfrom title AS t\ninner join cast_info AS ci\non t.id = ci.movie_id AND t.production_year < 1988;",
  "predicted_latency": 1320.591926574707,
  "actual_latency": 6135.051,
  "q_error": 4.6456826492289895,
  "inference_time": 0.025413036346435547
}