{
  "predicted_latency": 0.02913774363696575,
  "actual_latency": 27.873416000000002,
  "q_error": 956.608642578125,
  "inference_time": 1.9120399951934814,
  "timestamp": 1745762039.176224
}