{
  "predicted_latency": 161.8078351020813,
  "actual_latency": 195.742,
  "q_error": 1.2097189229218122,
  "inference_time": 0.14293408393859863
}