{
  "predicted_latency": 836.135983467102,
  "actual_latency": 1830.681,
  "q_error": 2.1894536728451044,
  "inference_time": 0.037665367126464844
}