{
  "query": "/*+  */ select count(*)\nfrom title AS t\ninner join cast_info AS ci\non t.id = ci.movie_id AND t.production_year < 1998 AND ci.person_id < 2517576;",
  "predicted_latency": 1546.6315746307373,
  "actual_latency": 5052.011,
  "q_error": 3.2664605345369226,
  "inference_time": 0.02667093276977539
}