{
  "pg_runtime": 755.27,
  "opt_runtime": 730.771,
  "pg_slowdown": 1.0335248662029555,
  "pg_opt_diff": 24.499000000000024,
  "original_num_of_plans": 16,
  "pg_plan_card_error": 4115.0,
  "opt_plan_card_error": 1.0,
  "num_tables": 8,
  "opt_hint": "/*+ Rows(mi mk #4094443) Rows(mi_idx mk #10130503) Rows(kt t #893209) Rows(k mk #37091) Rows(mi mi_idx #760767) Rows(mi t #266130) Rows(mi_idx t #417391) Rows(it2 mi_idx #454230) Rows(mk t #1253091) Rows(it1 mi #614251) Rows(mi mi_idx mk #10249732) Rows(mi_idx mk t #2472463) Rows(it2 mi_idx mk #3403472) Rows(it2 mi mi_idx #256352) Rows(mi mi_idx t #220783) Rows(it1 mi mk #2892323) Rows(k mi_idx mk #94604) Rows(kt mi t #182758) Rows(it2 mi_idx t #140455) Rows(kt mi_idx t #318957) Rows(k mk t #9739) Rows(kt mk t #962609) Rows(it1 mi mi_idx #632417) Rows(it1 mi t #239502) Rows(k mi mk #34571) Rows(mi mk t #891611) Rows(it2 mi_idx mk t #821632) Rows(k mi_idx mk t #21914) Rows(k mi mk t #7395) Rows(it1 it2 mi mi_idx #213239) Rows(it2 mi mi_idx mk #3371857) Rows(it1 kt mi t #165761) Rows(it1 mi mi_idx t #192051) Rows(kt mi mk t #665722) Rows(it2 kt mi_idx t #106971) Rows(it2 k mi_idx mk #31800) Rows(k mi mi_idx mk #93577) Rows(it1 k mi mk #23916) Rows(kt mi_idx mk t #2062926) Rows(it2 mi mi_idx t #74007) Rows(k kt mk t #8073) Rows(it1 mi mk t #790670) Rows(mi mi_idx mk t #1908608) Rows(it1 mi mi_idx mk #6867550) Rows(kt mi mi_idx t #152788) Rows(k mi mi_idx mk t #17606) Rows(k kt mi mk t #6017) Rows(it2 kt mi mi_idx t #50884) Rows(k kt mi_idx mk t #17891) Rows(it1 kt mi mi_idx t #133720) Rows(it1 k mi mk t #6566) Rows(it1 kt mi mk t #584037) Rows(it1 it2 mi mi_idx mk #2302523) Rows(it2 kt mi_idx mk t #684995) Rows(it1 mi mi_idx mk t #1680466) Rows(it2 k mi mi_idx mk #30819) Rows(kt mi mi_idx mk t #1588788) Rows(it2 mi mi_idx mk t #632890) Rows(it1 it2 mi mi_idx t #64250) Rows(it1 k mi mi_idx mk #62495) Rows(it2 k mi_idx mk t #7271) Rows(it1 it2 kt mi mi_idx t #44414) Rows(it2 k mi mi_idx mk t #5831) Rows(k kt mi mi_idx mk t #14185) Rows(it1 it2 mi mi_idx mk t #556517) Rows(it1 k kt mi mk t #5316) Rows(it1 it2 k mi mi_idx mk #20967) Rows(it1 k mi mi_idx mk t #15497) Rows(it2 kt mi mi_idx mk t #526600) Rows(it2 k kt mi_idx mk t #5949) Rows(it1 kt mi mi_idx mk t #1390619) Rows(it2 k kt mi mi_idx mk t #4709) Rows(it1 it2 k mi mi_idx mk t #5131) Rows(it1 k kt mi mi_idx mk t #12401) Rows(it1 it2 kt mi mi_idx mk t #460150) Rows(it1 it2 k kt mi mi_idx mk t #4115) */"
}