{
  "query": "/*+ NoNestLoop(t ci) */ select count(*)\nfrom title AS t\ninner join cast_info AS ci\non t.id = ci.movie_id AND ci.person_id < 2593019;",
  "predicted_latency": 594.6699380874634,
  "actual_latency": 8387.705,
  "q_error": 14.104807495357779,
  "inference_time": 0.21702265739440918
}