{
  "query": "/*+ NoNestLoop(t ci) */ select count(*)\nfrom title AS t\ninner join cast_info AS ci\non t.id = ci.movie_id AND ci.person_id > 2982816;",
  "predicted_latency": 621.3768720626831,
  "actual_latency": 2660.921,
  "q_error": 4.282298102224139,
  "inference_time": 0.026781558990478516
}