{
  "query": "/*+ NoNestLoop(ci t) */ select count(*)\nfrom cast_info AS ci\ninner join title AS t\non t.id = ci.movie_id AND ci.person_id < 3366524;",
  "predicted_latency": 1127.173662185669,
  "actual_latency": 9802.885,
  "q_error": 8.696871945172598,
  "inference_time": 0.017968177795410156
}