{
  "predicted_latency": 0.02913774736225605,
  "actual_latency": 0.043201,
  "q_error": 1.482647180557251,
  "inference_time": 0.20420551300048828,
  "timestamp": 1745481346.9862413
}