{
  "query": "/*+  */ select count(*)\nfrom title AS t\ninner join cast_info AS ci\non t.id = ci.movie_id AND ci.person_id > 1622429 AND ci.role_id > 1;",
  "predicted_latency": 944.7525143623352,
  "actual_latency": 6733.717,
  "q_error": 7.1274930710768745,
  "inference_time": 0.012428760528564453
}