{
  "query": "/*+  */ select count(*)\nfrom cast_info AS ci\ninner join title AS t\non t.id = ci.movie_id AND ci.person_id > 632226 AND t.kind_id < 7;",
  "predicted_latency": 1441.6685104370117,
  "actual_latency": 6796.927,
  "q_error": 4.714625415477552,
  "inference_time": 0.021700143814086914
}