{
  "predicted_latency": 509.9252462387085,
  "actual_latency": 158.049,
  "q_error": 3.226374391731099,
  "inference_time": 0.07402586936950684
}