{
    "embedding": [
        0.6253489255905151,
        0.6253489255905151,
        0.6253489255905151,
        0.7862057089805603,
        0.6253489255905151,
        1.1599308252334595,
        1.8503221273422241,
        0.6253489255905151,
        0.9881737232208252,
        0.6253489255905151,
        0.6253489255905151,
        0.6253489255905151,
        0.6253489255905151,
        1.721286416053772,
        4.672458171844482,
        0.6253489255905151,
        0.6253489255905151,
        2.5113651752471924,
        0.6253489255905151,
        1.331051230430603,
        0.6253489255905151,
        0.6417779326438904,
        2.2865936756134033,
        0.6253489255905151,
        2.0130186080932617,
        2.4640774726867676,
        0.6253489255905151,
        0.6253489255905151,
        0.6253489255905151,
        0.6253489255905151,
        3.5333433151245117,
        1.1770633459091187,
        0.6253489255905151,
        0.6253489255905151,
        1.209959864616394,
        1.6131923198699951,
        0.6253489255905151,
        2.0066728591918945,
        3.2867591381073,
        0.6253489255905151,
        0.6253489255905151,
        0.6253489255905151,
        0.8193485736846924,
        0.6253489255905151,
        1.6105867624282837,
        0.6253489255905151,
        0.6253489255905151,
        1.0461814403533936,
        0.6253489255905151,
        4.596343040466309,
        2.3501994609832764,
        0.6253489255905151,
        0.6253489255905151,
        0.6253489255905151,
        3.3332018852233887,
        0.6253489255905151,
        0.6253489255905151,
        0.6253489255905151,
        0.6253489255905151,
        0.6253489255905151,
        0.6253489255905151,
        0.7797977328300476,
        0.6253489255905151,
        3.949516534805298
    ],
    "timestamp": 1754258443.7302992
}