{
    "embedding": [
        0.6253489255905151,
        0.6253489255905151,
        0.6253489255905151,
        0.7862057089805603,
        0.6253489255905151,
        1.159930944442749,
        1.8503224849700928,
        0.6253489255905151,
        0.9881736040115356,
        0.6253489255905151,
        0.6253489255905151,
        0.6253489255905151,
        0.6253489255905151,
        1.721286654472351,
        4.672459125518799,
        0.6253489255905151,
        0.6253489255905151,
        2.5113651752471924,
        0.6253489255905151,
        1.331051230430603,
        0.6253489255905151,
        0.6417778730392456,
        2.2865943908691406,
        0.6253489255905151,
        2.0130183696746826,
        2.464077949523926,
        0.6253489255905151,
        0.6253489255905151,
        0.6253489255905151,
        0.6253489255905151,
        3.5333433151245117,
        1.1770635843276978,
        0.6253489255905151,
        0.6253489255905151,
        1.2099602222442627,
        1.6131925582885742,
        0.6253489255905151,
        2.0066730976104736,
        3.2867581844329834,
        0.6253489255905151,
        0.6253489255905151,
        0.6253489255905151,
        0.8193485736846924,
        0.6253489255905151,
        1.6105862855911255,
        0.6253489255905151,
        0.6253489255905151,
        1.046181321144104,
        0.6253489255905151,
        4.596343040466309,
        2.3501992225646973,
        0.6253489255905151,
        0.6253489255905151,
        0.6253489255905151,
        3.3332018852233887,
        0.6253489255905151,
        0.6253489255905151,
        0.6253489255905151,
        0.6253489255905151,
        0.6253489255905151,
        0.6253489255905151,
        0.7797975540161133,
        0.6253489255905151,
        3.949516534805298
    ],
    "timestamp": 1754258434.938252
}