{
  "predicted_latency": 1068.10986328125,
  "inference_time": 0.15532159805297852
}