{
  "query": "/*+  */ select count(*)\nfrom title AS t\ninner join movie_keyword AS mk\non t.id = mk.movie_id AND mk.keyword_id > 106936;",
  "predicted_latency": 390.1990056037903,
  "actual_latency": 675.056,
  "q_error": 1.730030036738368,
  "inference_time": 0.0265655517578125
}