{
  "query": "/*+  */ select count(*)\nfrom cast_info AS ci\ninner join title AS t\non t.id = ci.movie_id AND t.production_year < 1951;",
  "predicted_latency": 1148.5220193862915,
  "actual_latency": 3801.266,
  "q_error": 3.3097023268488943,
  "inference_time": 0.02635979652404785
}