{
  "predicted_latency": 1551.6702880859375,
  "inference_time": 0.026177167892456055
}