{
  "query": "/*+  */ select count(*)\nfrom title AS t\ninner join cast_info AS ci\non t.id = ci.movie_id AND ci.person_id > 792528 AND ci.role_id > 1;",
  "predicted_latency": 1134.9151134490967,
  "actual_latency": 7247.804,
  "q_error": 6.386208020416039,
  "inference_time": 0.017987966537475586
}