{
  "query": "/*+ NoNestLoop(t ci) */ select count(*)\nfrom title AS t\ninner join cast_info AS ci\non t.id = ci.movie_id AND ci.person_id > 2924208;",
  "predicted_latency": 623.1563091278076,
  "actual_latency": 3223.468,
  "q_error": 5.172808094507915,
  "inference_time": 0.014943599700927734
}