{
  "pg_runtime": 11630.336,
  "opt_runtime": 4760.705,
  "pg_slowdown": 2.4429860703404223,
  "pg_opt_diff": 6869.630999999999,
  "original_num_of_plans": 8,
  "pg_plan_card_error": 3135.549295774648,
  "opt_plan_card_error": 1.0,
  "num_tables": 7,
  "opt_hint": "/*+ Rows(ci n #4857682) Rows(mc t #2609129) Rows(k mk #41840) Rows(cn mc #2609129) Rows(ci t #36244344) Rows(ci mc #80274241) Rows(mk t #4523930) Rows(mc mk #34863638) Rows(ci mk #215765477) Rows(cn mc t #2609129) Rows(k mc mk #148552) Rows(ci n t #4857682) Rows(ci mk t #215765477) Rows(ci mc mk #3101350543) Rows(ci k mk #1038393) Rows(k mk t #41840) Rows(ci mc n #11092265) Rows(cn mc mk #34863638) Rows(ci mc t #80274241) Rows(mc mk t #34863638) Rows(ci cn mc #80274241) Rows(ci mk n #30165755) Rows(cn k mc mk #148552) Rows(ci cn mc mk #3101350543) Rows(ci mc n t #11092265) Rows(k mc mk t #148552) Rows(ci mc mk n #437029982) Rows(ci cn mc t #80274241) Rows(ci k mk n #149494) Rows(ci cn mc n #11092265) Rows(cn mc mk t #34863638) Rows(ci mc mk t #3101350543) Rows(ci mk n t #30165755) Rows(ci k mk t #1038393) Rows(ci k mc mk #7796926) Rows(ci cn mc n t #11092265) Rows(ci cn mc mk n #437029982) Rows(ci k mc mk n #1113120) Rows(ci k mc mk t #7796926) Rows(ci k mk n t #149494) Rows(cn k mc mk t #148552) Rows(ci cn mc mk t #3101350543) Rows(ci mc mk n t #437029982) Rows(ci cn k mc mk #7796926) Rows(ci cn k mc mk t #7796926) Rows(ci cn mc mk n t #437029982) Rows(ci k mc mk n t #1113120) Rows(ci cn k mc mk n #1113120) Rows(ci cn k mc mk n t #1113120) */"
}