{
  "query": "/*+ NoNestLoop(t ci) */ select count(*)\nfrom title AS t\ninner join cast_info AS ci\non t.id = ci.movie_id AND ci.person_id > 1463459;",
  "predicted_latency": 784.1084599494934,
  "actual_latency": 6683.851,
  "q_error": 8.524140908300524,
  "inference_time": 0.033318281173706055
}