{
  "query": "/*+  */ select count(*)\nfrom cast_info AS ci\ninner join title AS t\non t.id = ci.movie_id AND ci.person_id > 2678622 AND ci.role_id = 10 AND t.production_year = 2011;",
  "predicted_latency": 1250.4054307937622,
  "actual_latency": 761.368,
  "q_error": 1.6423141382271937,
  "inference_time": 0.026494741439819336
}