{
  "predicted_latency": 381.83510303497314,
  "actual_latency": 10207.158,
  "q_error": 26.73184816919544,
  "inference_time": 0.08279085159301758
}