{
  "query": "/*+  */ select count(*)\nfrom title AS t\ninner join cast_info AS ci\non t.id = ci.movie_id AND ci.person_id > 1706033 AND ci.role_id > 1;",
  "predicted_latency": 942.7048563957214,
  "actual_latency": 6295.5,
  "q_error": 6.678124078059616,
  "inference_time": 0.026512622833251953
}