{
  "query": "/*+  */ select count(*)\nfrom title AS t\ninner join cast_info AS ci\non t.id = ci.movie_id AND ci.person_id < 2923812 AND ci.role_id > 4;",
  "predicted_latency": 1087.119698524475,
  "actual_latency": 2375.968,
  "q_error": 2.1855624575884804,
  "inference_time": 0.017590761184692383
}