{
  "query": "/*+ NoNestLoop(t ci) */ select count(*)\nfrom title AS t\ninner join cast_info AS ci\non t.id = ci.movie_id AND ci.person_id < 1874817;",
  "predicted_latency": 702.0689845085144,
  "actual_latency": 6881.131,
  "q_error": 9.801217760413042,
  "inference_time": 0.013457059860229492
}