{
  "predicted_latency": 1649.7864990234375,
  "inference_time": 0.025984525680541992
}