{
  "query": "/*+  */ select count(*)\nfrom title AS t\ninner join movie_info AS mi\non t.id = mi.movie_id AND t.production_year < 2003;",
  "predicted_latency": 1032.7881574630737,
  "actual_latency": 3118.045,
  "q_error": 3.0190557254830668,
  "inference_time": 0.026269912719726562
}