{
  "predicted_latency": 522.16637134552,
  "actual_latency": 119.523,
  "q_error": 4.3687522179456675,
  "inference_time": 0.06203508377075195
}