{
  "predicted_latency": 633.0769062042236,
  "actual_latency": 16704.577,
  "q_error": 26.386331322929806,
  "inference_time": 0.0714874267578125
}