{
  "predicted_latency": 381.44347071647644,
  "actual_latency": 230.886,
  "q_error": 1.6520857510480342,
  "inference_time": 0.13463163375854492
}