{
  "predicted_latency": 560.0780248641968,
  "actual_latency": 134.517,
  "q_error": 4.163622626613713,
  "inference_time": 0.05206751823425293
}