{
  "embedding": [
    0.07906047382686865,
    1.5198140984366324,
    2.5464814555620143,
    0.07906047382686865,
    0.12074783374301278,
    2.8549533837886405,
    1.4800614534413854,
    1.7917399172367152,
    0.7183187621419431,
    0.9532216369660396,
    3.8506382224041964,
    3.1969712615426675,
    1.2166810329715527,
    1.6731664824746333,
    0.09672207016060076,
    2.882035663441708,
    0.9179559426494356,
    2.6640562095183333,
    0.6537132098124371,
    1.4475576941599984,
    1.0694917557806334,
    1.5508883430824303,
    1.3925071437502803,
    0.07906047382686865,
    1.3526208173700427,
    1.6591009997773802,
    1.0487132208689907,
    1.2792597433719575,
    2.4389181324462204,
    0.2498735857413148,
    2.35957905862473,
    1.425020847443543,
    0.7970118441801168,
    1.5113398561861113,
    3.370887932679975,
    1.5353587292348685,
    0.33705181664352984,
    0.28968469526041685,
    1.4288499313454013,
    3.211559120981532,
    1.7186550679093358,
    3.8026812553564917,
    1.6421891207281039,
    1.0022020914154155,
    1.599368980999167,
    2.2280240352314378,
    2.438042442216331,
    2.4587537297334205,
    4.2453349388995685,
    1.2738646160174862,
    0.644049805133212,
    3.74735353461053,
    2.156974226436801,
    0.09201716515511808,
    0.49338298671880076,
    0.7079400231446737,
    2.899086394069765,
    3.1511618734800284,
    1.2060605885095783,
    0.16248448299459914,
    0.07906047382686865,
    1.0684948053105994,
    0.9332143340327275,
    4.210450504606555
  ],
  "timestamp": 1754304476.270129
}