{
  "embedding": [
    0.1989811270155637,
    2.4794756612461204,
    2.960458230605689,
    0.0652982626722946,
    1.3598001679408083,
    3.796943185067753,
    1.9533260208579557,
    1.4026704434622148,
    1.262352050808718,
    3.5048485187185,
    3.5416193368189606,
    3.516838673211581,
    2.4036786890443635,
    1.7633455369137745,
    0.09170229488713968,
    3.4450300756212013,
    1.1122791984292981,
    2.8608432580263132,
    0.5325835616608708,
    1.4501960466643056,
    1.6807797736110428,
    2.8042035743422633,
    1.7253417232404173,
    0.14701054474548278,
    1.5521793308260938,
    1.92186681734158,
    3.7886981453152018,
    5.919987604059272,
    2.980761754947319,
    3.2744327860107645,
    4.202976527169873,
    1.6748734252396016,
    0.214045798318897,
    2.4550198810050596,
    3.4024241357375344,
    0.9634815404373899,
    0.556370237971027,
    0.28485095490230955,
    2.299305791377763,
    2.9097295388199647,
    1.8609755012600089,
    3.7105709516922585,
    1.9644173048478841,
    0.7742838383624707,
    2.5749115924689168,
    1.8280972210717918,
    1.9313053428161322,
    2.9004879799034673,
    4.063488723382923,
    1.9815178439644698,
    1.095683809514754,
    3.5327494089475797,
    2.9314373291856963,
    0.3665460283555984,
    0.8671643035671776,
    2.75068803638327,
    3.2757158803132773,
    2.7802810806560236,
    1.1775703381616676,
    0.33821185854124713,
    0.2759118134478933,
    1.3527886735986367,
    0.25990734211918715,
    4.551760496610401
  ],
  "timestamp": 1754304470.2068086
}