{
  "predicted_latency": 0.02913774363696575,
  "actual_latency": 251.469957,
  "q_error": 8630.3857421875,
  "inference_time": 0.437741756439209,
  "timestamp": 1745479165.627352
}