{
  "predicted_latency": 0.02913774736225605,
  "actual_latency": 6.702942,
  "q_error": 230.04324340820312,
  "inference_time": 4.460678577423096,
  "timestamp": 1745453678.9431393
}