{
  "query": "/*+ NoNestLoop(t ci) */ select count(*)\nfrom title AS t\ninner join cast_info AS ci\non t.id = ci.movie_id AND ci.person_id > 1684605;",
  "predicted_latency": 711.8907570838928,
  "actual_latency": 6245.819,
  "q_error": 8.773563833845312,
  "inference_time": 0.026205778121948242
}