{
  "query": "/*+  */ select count(*)\nfrom title AS t\ninner join cast_info AS ci\non t.id = ci.movie_id AND ci.person_id > 849263 AND ci.role_id > 1;",
  "predicted_latency": 1108.3608865737915,
  "actual_latency": 7228.383,
  "q_error": 6.521687193730428,
  "inference_time": 0.017167329788208008
}