{
  "predicted_latency": 0.02913774736225605,
  "actual_latency": 4.111238999999999,
  "q_error": 141.09666442871094,
  "inference_time": 0.17729973793029785,
  "timestamp": 1745754332.755696
}