{
  "predicted_latency": 0.02913774736225605,
  "actual_latency": 2.6354029999999997,
  "q_error": 90.44635009765625,
  "inference_time": 0.07529020309448242,
  "timestamp": 1745453126.8551297
}