{
  "predicted_latency": 0.02913774736225605,
  "actual_latency": 47.481194,
  "q_error": 1629.5423583984375,
  "inference_time": 0.8917064666748047,
  "timestamp": 1745759720.7088625
}