{
  "predicted_latency": 0.02913774736225605,
  "actual_latency": 0.11828100000000001,
  "q_error": 4.059373378753662,
  "inference_time": 1.5503673553466797,
  "timestamp": 1745481316.7580504
}