{
  "predicted_latency": 0.010861066170036793,
  "actual_latency": 11.085902,
  "q_error": 1020.7011108398438,
  "inference_time": 0.36768245697021484,
  "timestamp": 1744728301.177507
}