{
  "query": "/*+ NoNestLoop(t ci) */ select count(*)\nfrom title AS t\ninner join cast_info AS ci\non t.id = ci.movie_id AND ci.person_id > 2235399;",
  "predicted_latency": 642.7831649780273,
  "actual_latency": 5587.092,
  "q_error": 8.692032250395025,
  "inference_time": 0.012477397918701172
}