{
  "predicted_latency": 459.97354388237,
  "actual_latency": 49.657,
  "q_error": 9.263015161656364,
  "inference_time": 0.12689542770385742
}