{
  "query": "/*+  */ select count(*)\nfrom title AS t\ninner join cast_info AS ci\non t.id = ci.movie_id AND ci.person_id < 2708934;",
  "predicted_latency": 1021.4953422546387,
  "actual_latency": 8470.797,
  "q_error": 8.292545887975667,
  "inference_time": 0.012563467025756836
}