{
  "query": "/*+ NoNestLoop(ci t) */ select count(*)\nfrom cast_info AS ci\ninner join title AS t\non t.id = ci.movie_id AND ci.person_id < 3160768;",
  "predicted_latency": 1136.2240314483643,
  "actual_latency": 9750.407,
  "q_error": 8.581412406469688,
  "inference_time": 0.012491464614868164
}