{
  "predicted_latency": 0.0291377454996109,
  "actual_latency": 110.06123600000001,
  "q_error": 3777.2734375,
  "inference_time": 0.10311675071716309,
  "timestamp": 1745755828.186157
}