{
  "predicted_latency": 430.62204122543335,
  "actual_latency": 174.055,
  "q_error": 2.474057287785087,
  "inference_time": 0.034898996353149414
}