{
  "query": "/*+  */ select count(*)\nfrom movie_companies AS mc\ninner join title AS t\non t.id = mc.movie_id AND mc.company_id > 74403;",
  "predicted_latency": 990.3534054756165,
  "actual_latency": 619.929,
  "q_error": 1.5975271450046964,
  "inference_time": 0.02536916732788086
}