{
  "query": "/*+  */ select count(*)\nfrom cast_info AS ci\ninner join title AS t\non t.id = ci.movie_id AND ci.person_id < 2673415 AND t.production_year > 2009;",
  "predicted_latency": 1598.171353340149,
  "actual_latency": 4553.9,
  "q_error": 2.849444141569946,
  "inference_time": 0.016043663024902344
}