{
  "pg_runtime": 6884.815,
  "opt_runtime": 343.198,
  "pg_slowdown": 20.06076667113445,
  "pg_opt_diff": 6541.616999999999,
  "original_num_of_plans": 550,
  "pg_plan_card_error": 1273.0,
  "opt_plan_card_error": 1.0,
  "num_tables": 11,
  "opt_hint": "/*+ Rows(mc t #2609129) Rows(ci t #1244716) Rows(mi t #73047) Rows(mi_idx t #1380035) Rows(it2 mi_idx #459925) Rows(it1 mi #72258) Rows(k mk #76714) Rows(ci mc #1557234) Rows(mk t #4523930) Rows(mc mi_idx #4073078) Rows(ci mi_idx #1000868) Rows(mi mi_idx #119694) Rows(mc mk #34863638) Rows(ci mk #2619220) Rows(mi mk #1017014) Rows(ci n #558518) Rows(mi_idx mk #10424626) Rows(mc mi #279951) Rows(ci mi #40193) Rows(cn mc #1814) Rows(it2 mi mi_idx #39854) Rows(ci mk t #2619220) Rows(ci k mk #43178) Rows(ci mc mi_idx #3043788) Rows(cn mc mk #72721) Rows(it1 mi mi_idx #117278) Rows(mc mk t #34863638) Rows(it2 mc mi_idx #1354883) Rows(mi mi_idx mk #2936949) Rows(mi_idx mk t #10424626) Rows(it2 mi_idx mk #3461792) Rows(mc mi mi_idx #740827) Rows(ci mc mk #24878483) Rows(ci mi mi_idx #67015) Rows(it1 mi mk #942436) Rows(cn mc mi #746) Rows(k mk t #76714) Rows(ci mc n #702910) Rows(ci mi_idx mk #6806711) Rows(ci mi_idx n #501122) Rows(it1 mc mi #264183) Rows(cn mc t #1814) Rows(ci mc mi #179051) Rows(mc mi mk #14834277) Rows(mc mi_idx mk #101051093) Rows(k mc mk #619597) Rows(ci n t #558518) Rows(ci mi mk #695376) Rows(mi mi_idx t #119694) Rows(k mi_idx mk #191689) Rows(it2 mi_idx t #459925) Rows(ci mi n #20103) Rows(ci mc t #1557234) Rows(it1 mi t #72258) Rows(k mi mk #35720) Rows(ci mk n #1436455) Rows(ci it2 mi_idx #333558) Rows(ci mi_idx t #1000868) Rows(mc mi t #279951) Rows(mc mi_idx t #4073078) Rows(ci mi t #40193) Rows(ci cn mc #1454) Rows(ci it1 mi #39664) Rows(cn mc mi_idx #4370) Rows(mi mk t #1017014) Rows(ci it2 mc mi_idx #1012476) Rows(ci cn mc mk #67213) Rows(ci mc mi t #179051) Rows(cn mc mi mi_idx #2058) Rows(ci it2 mi mi_idx #22316) Rows(mc mi mk t #14834277) Rows(ci it1 mi mk #648071) Rows(ci it1 mc mi #168881) Rows(ci cn mc n #775) Rows(ci mi n t #20103) Rows(it2 mi_idx mk t #3461792) Rows(it2 mc mi mi_idx #245390) Rows(cn mc mi_idx mk #220641) Rows(k mi_idx mk t #191689) Rows(k mi mk t #35720) Rows(ci it1 mi n #19740) Rows(ci mc mk t #24878483) Rows(it1 it2 mi mi_idx #39066) Rows(it2 mi mi_idx mk #971711) Rows(ci mk n t #1436455) Rows(cn it2 mc mi_idx #1449) Rows(ci cn mc mi #608) Rows(cn it1 mc mi #724) Rows(k mc mi mk #407237) Rows(it1 mi mi_idx t #117278) Rows(k mc mi_idx mk #1815867) Rows(ci k mc mk #435137) Rows(ci mi mi_idx t #67015) Rows(cn k mc mk #1551) Rows(ci mi mk n #439603) Rows(mc mi mi_idx mk #45083372) Rows(cn mc mi mk #57895) Rows(ci k mi mk #23628) Rows(ci mi_idx mk t #6806711) Rows(ci k mi_idx mk #117383) Rows(it2 mc mi_idx mk #33227886) Rows(ci it2 mi_idx mk #2258844) Rows(ci it2 mi_idx n #166987) Rows(it1 mc mi t #264183) Rows(ci cn mc t #1454) Rows(ci mc mi_idx mk #74202199) Rows(it2 k mi_idx mk #63701) Rows(k mi mi_idx mk #100334) Rows(it1 k mi mk #33928) Rows(ci it1 mi t #39664) Rows(ci mc mi_idx n #1518376) Rows(ci mc mi mi_idx #497390) Rows(cn mc mi_idx t #4370) Rows(mc mi_idx mk t #101051093) Rows(it2 mi mi_idx t #39854) Rows(ci mc n t #702910) Rows(ci mi mk t #695376) Rows(cn mc mi t #746) Rows(ci k mk n #24462) Rows(ci it2 mi_idx t #333558) Rows(mc mi mi_idx t #740827) Rows(it1 mi mk t #942436) Rows(it2 mc mi_idx t #1354883) Rows(ci mc mi mk #11209983) Rows(ci mc mi n #108363) Rows(ci mc mi_idx t #3043788) Rows(it1 mc mi mi_idx #691538) Rows(ci mi_idx n t #501122) Rows(ci it1 mi mi_idx #65405) Rows(mi mi_idx mk t #2936949) Rows(ci cn mc mi_idx #4179) Rows(k mc mk t #619597) Rows(ci mc mk n #16106294) Rows(it1 mi mi_idx mk #2704804) Rows(cn mc mk t #72721) Rows(ci k mk t #43178) Rows(ci mi mi_idx mk #2031870) Rows(ci mi mi_idx n #36140) Rows(ci mi_idx mk n #3884477) Rows(it1 mc mi mk #13014883) Rows(ci it1 mi mk t #648071) Rows(ci cn mc mi_idx t #4179) Rows(it2 mc mi mi_idx t #245390) Rows(ci mi mk n t #439603) Rows(cn it1 mc mi mi_idx #1992) Rows(ci mc mi_idx mk n #48646012) Rows(ci mc mi mi_idx mk #33977836) Rows(cn mc mi mk t #57895) Rows(ci mi mi_idx mk t #2031870) Rows(it2 k mi_idx mk t #63701) Rows(cn it1 mc mi mk #54663) Rows(ci it2 mc mi mi_idx #165012) Rows(ci k mi mi_idx mk #67635) Rows(ci k mi_idx mk t #117383) Rows(ci mc mk n t #16106294) Rows(it2 mi mi_idx mk t #971711) Rows(ci mc mi mi_idx t #497390) Rows(it2 k mc mi_idx mk #598256) Rows(ci mi mi_idx n t #36140) Rows(ci it2 mi_idx n t #166987) Rows(it2 k mi mi_idx mk #33306) Rows(ci mi mi_idx mk n #1296126) Rows(it1 k mc mi mk #364660) Rows(k mc mi mk t #407237) Rows(it1 k mi mi_idx mk #94796) Rows(ci cn mc mk n #50695) Rows(ci k mc mk t #435137) Rows(ci k mk n t #24462) Rows(ci k mi_idx mk n #68362) Rows(it1 it2 mi mi_idx mk #897133) Rows(cn k mc mk t #1551) Rows(cn mc mi_idx mk t #220641) Rows(ci cn it2 mc mi_idx #1381) Rows(ci mc mi mi_idx n #306232) Rows(ci cn mc mk t #67213) Rows(ci it2 mc mi_idx mk #24381880) Rows(ci it1 it2 mi mi_idx #21787) Rows(it1 it2 mi mi_idx t #39066) Rows(ci it1 mi mi_idx t #65405) Rows(ci it1 k mi mk #22375) Rows(it1 mc mi mi_idx mk #39302137) Rows(cn mc mi mi_idx mk #175170) Rows(ci k mc mi mk #308772) Rows(ci k mi mk n #14583) Rows(ci cn mc mi mk #60375) Rows(ci cn mc mi n #458) Rows(cn it2 mc mi mi_idx #683) Rows(ci it1 mc mi mi_idx #466009) Rows(ci it2 mc mi_idx t #1012476) Rows(ci k mc mk n #283066) Rows(it1 mc mi mi_idx t #691538) Rows(cn mc mi mi_idx t #2058) Rows(ci k mi mk t #23628) Rows(ci it1 mc mi mk #10088737) Rows(ci it1 mc mi n #100679) Rows(ci cn mc mi t #608) Rows(ci it1 mi mi_idx mk #1886348) Rows(ci it1 mi mi_idx n #35028) Rows(ci it1 mc mi t #168881) Rows(ci mi_idx mk n t #3884477) Rows(ci mc mi n t #108363) Rows(ci it2 k mi_idx mk #38991) Rows(it1 mi mi_idx mk t #2704804) Rows(ci it2 mc mi_idx n #504360) Rows(cn k mc mi mk #1620) Rows(ci cn mc mi mi_idx #1822) Rows(ci mc mi mk n #7860293) Rows(it1 k mi mk t #33928) Rows(it2 mc mi_idx mk t #33227886) Rows(mc mi mi_idx mk t #45083372) Rows(k mi mi_idx mk t #100334) Rows(ci mc mi mk t #11209983) Rows(cn it2 mc mi_idx mk #72391) Rows(ci it2 mi_idx mk n #1286350) Rows(it1 mc mi mk t #13014883) Rows(ci it1 mi n t #19740) Rows(cn it2 mc mi_idx t #1449) Rows(k mc mi_idx mk t #1815867) Rows(ci it2 mi_idx mk t #2258844) Rows(ci mc mi_idx mk t #74202199) Rows(k mc mi mi_idx mk #1224898) Rows(ci it2 mi mi_idx mk #673420) Rows(ci it2 mi mi_idx n #12026) Rows(ci it1 mi mk n #402571) Rows(ci k mc mi_idx mk #1299082) Rows(cn k mc mi_idx mk #4693) Rows(ci cn mc n t #775) Rows(ci cn mc mi_idx mk #207792) Rows(ci cn mc mi_idx n #2290) Rows(cn it1 mc mi t #724) Rows(it2 mc mi mi_idx mk #14755141) Rows(ci cn it1 mc mi #594) Rows(it1 it2 mc mi mi_idx #229623) Rows(ci cn k mc mk #1472) Rows(ci mc mi_idx n t #1518376) Rows(ci it2 mi mi_idx t #22316) Rows(ci it1 mc mi mk t #10088737) Rows(it1 mc mi mi_idx mk t #39302137) Rows(ci cn k mc mi mk #1617) Rows(ci mc mi mi_idx mk t #33977836) Rows(cn it2 mc mi mi_idx t #683) Rows(ci cn mc mi mi_idx mk #185577) Rows(ci cn mc mi mi_idx n #1375) Rows(ci cn mc mi_idx n t #2290) Rows(ci cn mc mi n t #458) Rows(ci k mc mi_idx mk t #1299082) Rows(ci k mi_idx mk n t #68362) Rows(ci cn mc mi mi_idx t #1822) Rows(ci cn mc mi_idx mk n #157449) Rows(cn it1 it2 mc mi mi_idx #661) Rows(ci it2 k mc mi_idx mk #427983) Rows(ci it1 mc mi mk n #6939230) Rows(it2 k mi mi_idx mk t #33306) Rows(ci it1 k mi mi_idx mk #63779) Rows(cn it1 mc mi mi_idx t #1992) Rows(ci cn it2 mc mi mi_idx #602) Rows(ci it2 mc mi mi_idx mk #11174722) Rows(ci it2 mc mi mi_idx n #101344) Rows(ci cn mc mi_idx mk t #207792) Rows(ci cn mc mi mk t #60375) Rows(ci cn k mc mi_idx mk #4499) Rows(ci k mi mk n t #14583) Rows(ci k mc mi_idx mk n #853365) Rows(ci it2 mc mi mi_idx t #165012) Rows(ci k mc mi mk n #210533) Rows(it1 it2 mc mi mi_idx mk #12935747) Rows(ci it2 mc mi_idx mk n #15919661) Rows(cn it1 k mc mi mk #1528) Rows(ci mi mi_idx mk n t #1296126) Rows(ci it2 mi mi_idx n t #12026) Rows(cn it1 mc mi mi_idx mk #165474) 