{
  "query": "/*+  */ select count(*)\nfrom cast_info AS ci\ninner join title AS t\non t.id = ci.movie_id AND ci.person_id < 1446309 AND t.kind_id = 4 AND t.production_year > 2010;",
  "predicted_latency": 1470.4573154449463,
  "actual_latency": 2337.669,
  "q_error": 1.5897564488586624,
  "inference_time": 0.026426076889038086
}