{
  "query": "/*+  */ select count(*)\nfrom movie_keyword AS mk\ninner join title AS t\non t.id = mk.movie_id AND mk.keyword_id > 384;",
  "predicted_latency": 1200.5177736282349,
  "actual_latency": 1125.048,
  "q_error": 1.0670813810861712,
  "inference_time": 0.026564359664916992
}