{
  "query": "/*+  */ select count(*)\nfrom title AS t\ninner join movie_info AS mi\non t.id = mi.movie_id AND t.kind_id = 4;",
  "predicted_latency": 1005.9866905212402,
  "actual_latency": 1716.24,
  "q_error": 1.7060265470418403,
  "inference_time": 0.026643037796020508
}