{
  "predicted_latency": 1649.7864990234375,
  "inference_time": 0.06267714500427246
}