{
  "predicted_latency": 827.5277709960938,
  "inference_time": 0.013144493103027344
}