{
  "embedding": [
    1.6539617286008257,
    3.1539245084163685,
    3.3100139720720407,
    0.003876394100597083,
    1.7520182539944982,
    4.292111340097511,
    1.724732549113818,
    1.32114034665716,
    1.263522822656583,
    3.913601663589088,
    4.292061770556183,
    3.654359158307142,
    2.2519281856666007,
    4.071548190474555,
    0.160356429419346,
    2.201482767965231,
    1.3880149162353081,
    2.0442096193358714,
    0.4987289635637819,
    0.6889026086649659,
    2.5241528231422223,
    3.1950858155380955,
    3.0549728576777784,
    0.8172607343941458,
    1.5885910301409591,
    2.5340186061256222,
    4.6469959102082505,
    6.870715020176797,
    1.9168529587235277,
    4.18407408971614,
    3.837268778047182,
    1.342504683332979,
    0.9143782819450568,
    3.4953093650124885,
    2.7462130754196594,
    0.0058695441660374685,
    1.4048582724309024,
    0.3344617865868312,
    1.2461172811166474,
    3.4226626962608133,
    1.034913618563169,
    5.101728068191385,
    2.3021166529131127,
    1.3851726552815316,
    4.124849961962869,
    2.402253722018306,
    0.7007173906905791,
    1.7091505577089956,
    3.7646211039134827,
    2.027800154576879,
    1.174360352547402,
    2.5843370035260733,
    2.136157865014303,
    2.3066617113123957,
    1.1470482493580818,
    2.495835411136744,
    3.1583828095213464,
    4.150649309795816,
    0.989839285555185,
    2.8282013103200994,
    0.007170924027536886,
    1.6432392881518676,
    0.6528533861179259,
    4.003439325584242
  ],
  "timestamp": 1754305633.6417212
}