{
  "embedding": [
    0.9096458395166382,
    1.0323525997622192,
    3.016116047448311,
    0.10361354888768162,
    0.5313601234833468,
    3.7508145041724594,
    2.0637367068752948,
    1.2036663712838118,
    1.252498653297768,
    2.327002961999834,
    4.149529581303071,
    3.2747487083241116,
    0.13826614635336834,
    2.0603512305343066,
    0.24826396092647976,
    4.068373665769848,
    1.1593883584747486,
    2.2291086218665916,
    0.5987102569147843,
    0.742425650211474,
    2.373774720683193,
    2.4198379063219755,
    2.8225925173595563,
    0.4480858284713335,
    1.7079600319183834,
    2.4307614914600877,
    3.687904086223526,
    4.029603658955149,
    2.2013848649757914,
    1.0042765789336483,
    2.20557352296391,
    2.259494340705921,
    0.7976679411741654,
    3.3894194193739744,
    4.306445268663401,
    1.0263083276614933,
    1.230932264390501,
    0.6992449544417354,
    1.5038237531869354,
    3.2909196237769405,
    1.0910303927131235,
    4.795120206840677,
    2.4669240088644675,
    0.33672542232768804,
    2.1497216462958164,
    2.410492219006346,
    2.4501635620162094,
    2.3430009362494575,
    3.7464147968247614,
    3.229595005672132,
    0.7362285433051067,
    2.6011459375167143,
    2.068146684824089,
    2.0785621195550177,
    1.1860421257850282,
    1.4770314502321655,
    2.8355385929907526,
    3.8527059299013464,
    1.225112789174381,
    2.5606758610607727,
    0.10361354888768162,
    1.6113830484442269,
    0.5360358940162341,
    3.8110803600164296
  ],
  "timestamp": 1754305638.92552
}