{
  "predicted_latency": 486.5095317363739,
  "actual_latency": 7426.933,
  "q_error": 15.265750238218251,
  "inference_time": 0.08213376998901367
}