{
  "predicted_latency": 541.3898229598999,
  "actual_latency": 564.92,
  "q_error": 1.0434625403770157,
  "inference_time": 0.04952692985534668
}