{
  "query": "/*+  */ select count(*)\nfrom cast_info AS ci\ninner join title AS t\non t.id = ci.movie_id AND t.production_year = 2004;",
  "predicted_latency": 1129.1418075561523,
  "actual_latency": 3847.552,
  "q_error": 3.407501143126933,
  "inference_time": 0.019906044006347656
}