{
  "predicted_latency": 408.8023602962494,
  "actual_latency": 1973.787,
  "q_error": 4.828218209331383,
  "inference_time": 0.0711069107055664
}