{
  "predicted_latency": 837.7911376953125,
  "inference_time": 0.040480852127075195
}