{
  "predicted_latency": 0.0291377454996109,
  "actual_latency": 3.452752,
  "q_error": 118.49757385253906,
  "inference_time": 0.505774736404419,
  "timestamp": 1745759019.6922016
}