{
  "query": "/*+  */ select count(*)\nfrom cast_info AS ci\ninner join title AS t\non t.id = ci.movie_id AND ci.person_id < 2863153 AND t.production_year < 2002;",
  "predicted_latency": 1511.2799406051636,
  "actual_latency": 6021.072,
  "q_error": 3.9840878173695438,
  "inference_time": 0.5334892272949219
}