{
  "predicted_latency": 0.0291377454996109,
  "actual_latency": 2.964906,
  "q_error": 101.75481414794922,
  "inference_time": 0.4297630786895752,
  "timestamp": 1745481529.6936731
}