{
  "predicted_latency": 489.3149108886719,
  "inference_time": 0.00978541374206543
}