{
  "query": "/*+  */ select count(*)\nfrom title AS t\ninner join cast_info AS ci\non t.id = ci.movie_id AND ci.person_id > 2236748 AND ci.role_id > 1;",
  "predicted_latency": 933.8261485099792,
  "actual_latency": 5834.951,
  "q_error": 6.248433939561766,
  "inference_time": 0.03257918357849121
}