{
  "predicted_latency": 391.1128342151642,
  "actual_latency": 5006.006,
  "q_error": 12.799390769278693,
  "inference_time": 0.06628704071044922
}