{
  "query": "/*+  */ select count(*)\nfrom cast_info AS ci\ninner join title AS t\non t.id = ci.movie_id AND ci.person_id > 2569445 AND t.production_year > 2011;",
  "predicted_latency": 1314.6626949310303,
  "actual_latency": 2833.033,
  "q_error": 2.1549504758318454,
  "inference_time": 0.014020442962646484
}