{
  "query": "/*+  */ select count(*)\nfrom title AS t\ninner join cast_info AS ci\non t.id = ci.movie_id AND ci.person_id < 2433072;",
  "predicted_latency": 894.2626118659973,
  "actual_latency": 7499.927,
  "q_error": 8.38671649746198,
  "inference_time": 0.019087553024291992
}