{
  "predicted_latency": 0.0291377454996109,
  "actual_latency": 0.037793,
  "q_error": 1.2970460653305054,
  "inference_time": 1.2087700366973877,
  "timestamp": 1745481331.1587207
}