{
  "predicted_latency": 409.1663062572479,
  "actual_latency": 132.183,
  "q_error": 3.0954533204515555,
  "inference_time": 0.051343679428100586
}