{
  "predicted_latency": -110.6298565864563,
  "actual_latency": 13.261,
  "q_error": -0.11986818395300584,
  "inference_time": 0.03461027145385742
}