{
  "query": "/*+  */ select count(*)\nfrom title AS t\ninner join cast_info AS ci\non t.id = ci.movie_id AND ci.person_id > 1017125;",
  "predicted_latency": 1014.4549608230591,
  "actual_latency": 7746.581,
  "q_error": 7.636200027761663,
  "inference_time": 0.029907941818237305
}