{
  "predicted_latency": 810.3324770927429,
  "actual_latency": 197.364,
  "q_error": 4.105776519997279,
  "inference_time": 0.07898664474487305
}