{
  "query": "/*+  */ select count(*)\nfrom cast_info AS ci\ninner join title AS t\non t.id = ci.movie_id AND t.production_year = 2012;",
  "predicted_latency": 1147.8476524353027,
  "actual_latency": 3876.415,
  "q_error": 3.3771162852280088,
  "inference_time": 0.026903629302978516
}