{
  "query": "/*+  */ select count(*)\nfrom title AS t\ninner join cast_info AS ci\non t.id = ci.movie_id AND ci.person_id < 1919031 AND ci.role_id > 2;",
  "predicted_latency": 874.9473690986633,
  "actual_latency": 2957.135,
  "q_error": 3.3797861499330244,
  "inference_time": 0.19893836975097656
}