{
  "query": "/*+  */ select count(*)\nfrom title AS t\ninner join cast_info AS ci\non t.id = ci.movie_id AND ci.person_id < 2342779;",
  "predicted_latency": 854.0758490562439,
  "actual_latency": 7655.423,
  "q_error": 8.963399455047538,
  "inference_time": 0.015492916107177734
}