{
  "query": "/*+  */ select count(*)\nfrom cast_info AS ci\ninner join title AS t\non t.id = ci.movie_id AND ci.person_id < 1376936 AND t.production_year = 2012;",
  "predicted_latency": 1303.3607006072998,
  "actual_latency": 2541.682,
  "q_error": 1.9500986939499596,
  "inference_time": 0.029061079025268555
}