{
  "predicted_latency": 0.02913774736225605,
  "actual_latency": 5.073179,
  "q_error": 174.1101837158203,
  "inference_time": 0.15443944931030273,
  "timestamp": 1745758814.030709
}