{
  "query": "/*+  */ select count(*)\nfrom title AS t\ninner join cast_info AS ci\non t.id = ci.movie_id AND ci.person_id < 2604461 AND ci.role_id > 1;",
  "predicted_latency": 999.4063973426819,
  "actual_latency": 5010.305,
  "q_error": 5.01328089686226,
  "inference_time": 0.026502370834350586
}