{
  "predicted_latency": 0.02913774363696575,
  "actual_latency": 1.829846,
  "q_error": 62.79985427856445,
  "inference_time": 0.6084351539611816,
  "timestamp": 1745761850.5111356
}