{
  "query": "/*+  */ select count(*)\nfrom title AS t\ninner join cast_info AS ci\non t.id = ci.movie_id AND t.kind_id > 1 AND ci.person_id > 921968;",
  "predicted_latency": 1353.4432649612427,
  "actual_latency": 7023.804,
  "q_error": 5.1895814045822855,
  "inference_time": 0.026619911193847656
}