{
  "predicted_latency": 0.02913774363696575,
  "actual_latency": 3.792547,
  "q_error": 130.1592559814453,
  "inference_time": 1.988914966583252,
  "timestamp": 1745453692.3294494
}