{
  "predicted_latency": 143.1254893541336,
  "actual_latency": 40.994,
  "q_error": 3.491376527153574,
  "inference_time": 0.10501694679260254
}