{
  "query": "/*+ NoNestLoop(t ci) */ select count(*)\nfrom title AS t\ninner join cast_info AS ci\non t.id = ci.movie_id AND ci.person_id < 1656796;",
  "predicted_latency": 665.2762293815613,
  "actual_latency": 6127.652,
  "q_error": 9.210688326706407,
  "inference_time": 0.015052556991577148
}