{
  "query": "/*+  */ select count(*)\nfrom title AS t\ninner join cast_info AS ci\non t.id = ci.movie_id AND t.production_year < 1993 AND ci.person_id > 2848110 AND ci.role_id > 2;",
  "predicted_latency": 1484.329342842102,
  "actual_latency": 2393.229,
  "q_error": 1.6123301823418736,
  "inference_time": 0.012437820434570312
}