{
  "embedding": [
    0.06332219880112112,
    0.6568352311478693,
    2.7581733380226194,
    0.06332219880112112,
    0.06332219880112112,
    2.799069669852362,
    1.6144845012096332,
    2.629924513456343,
    0.7112419318493801,
    1.6734511770334073,
    3.7261427800781743,
    2.9052823329371247,
    1.5857125103020955,
    1.4508111294529784,
    0.11441827555828282,
    3.0259350557953253,
    0.6856991104647993,
    2.968734563929409,
    0.5251558829689832,
    0.06332219880112112,
    0.8851075740919857,
    1.7858305205957652,
    1.644598316371431,
    0.06332219880112112,
    1.4683386614708798,
    1.7359313558282436,
    2.2958749102250064,
    2.769821954172461,
    3.079944170262521,
    1.340353890379227,
    2.1446155977334507,
    1.4866226491624048,
    0.33917741543880864,
    1.907950870948767,
    3.826311498003802,
    0.7806129636278479,
    1.1546513089440313,
    0.26603912378669914,
    2.0408030774138184,
    3.753800344958627,
    1.500156249102419,
    4.268098636446016,
    1.6040029109016127,
    0.3708462028874143,
    1.8448865785971065,
    2.264096230490037,
    2.3395766395960713,
    2.8898719188984097,
    4.560852534789656,
    1.1282209671737493,
    0.8161655830831345,
    3.448071489208094,
    2.2156933134600227,
    0.7391480126181398,
    0.8277076157378894,
    1.52895689969212,
    3.4992450521344876,
    3.423423004518249,
    0.8271465947505483,
    0.3088015389997124,
    0.328727214496044,
    1.0237994082779187,
    0.5999125974903347,
    4.62846990857962
  ],
  "timestamp": 1754305190.2689476
}