{
  "predicted_latency": 75.86894929409027,
  "actual_latency": 44.512,
  "q_error": 1.704460579036895,
  "inference_time": 0.04603457450866699
}