{
    "embedding": [
        0.48981380462646484,
        0.48981380462646484,
        0.5207093358039856,
        0.8417016267776489,
        0.5575159192085266,
        1.164563775062561,
        1.017154335975647,
        0.48981380462646484,
        0.6302390694618225,
        0.48981380462646484,
        0.48981380462646484,
        0.48981380462646484,
        0.5394241213798523,
        4.7182087898254395,
        1.864793062210083,
        2.0970499515533447,
        0.48981380462646484,
        2.1561648845672607,
        0.48981380462646484,
        1.071209192276001,
        1.0122592449188232,
        0.6656354069709778,
        0.6924012303352356,
        0.48981380462646484,
        1.1824942827224731,
        2.0297887325286865,
        0.48981380462646484,
        0.48981380462646484,
        0.48981380462646484,
        0.48981380462646484,
        2.7249739170074463,
        0.793364942073822,
        0.48981380462646484,
        0.48981380462646484,
        1.6041409969329834,
        3.965238332748413,
        0.48981380462646484,
        1.2169134616851807,
        1.541943073272705,
        0.48981380462646484,
        0.48981380462646484,
        0.48981380462646484,
        0.7495371699333191,
        0.48981380462646484,
        0.9718458652496338,
        0.48981380462646484,
        0.48981380462646484,
        0.732796847820282,
        0.48981380462646484,
        4.201107501983643,
        1.5820847749710083,
        0.7516351342201233,
        0.48981380462646484,
        0.48981380462646484,
        7.72580099105835,
        0.48981380462646484,
        0.48981380462646484,
        0.48981380462646484,
        0.48981380462646484,
        0.5671344995498657,
        0.48981380462646484,
        0.6299757957458496,
        0.48981380462646484,
        6.050609588623047
    ],
    "timestamp": 1754257737.8869872
}