{
    "embedding": [
        0.4898138642311096,
        0.4898138642311096,
        0.5207093358039856,
        0.8417016267776489,
        0.5575159788131714,
        1.164563775062561,
        1.017154335975647,
        0.4898138642311096,
        0.6302393078804016,
        0.4898138642311096,
        0.4898138642311096,
        0.4898138642311096,
        0.5394241809844971,
        4.718209743499756,
        1.8647929430007935,
        2.097050189971924,
        0.4898138642311096,
        2.1561644077301025,
        0.4898138642311096,
        1.0712093114852905,
        1.0122592449188232,
        0.6656354069709778,
        0.6924012899398804,
        0.4898138642311096,
        1.1824944019317627,
        2.0297887325286865,
        0.4898138642311096,
        0.4898138642311096,
        0.4898138642311096,
        0.4898138642311096,
        2.724973678588867,
        0.7933648824691772,
        0.4898138642311096,
        0.4898138642311096,
        1.6041412353515625,
        3.965238332748413,
        0.4898138642311096,
        1.2169135808944702,
        1.5419434309005737,
        0.4898138642311096,
        0.4898138642311096,
        0.4898138642311096,
        0.7495371699333191,
        0.4898138642311096,
        0.9718455672264099,
        0.4898138642311096,
        0.4898138642311096,
        0.7327969074249268,
        0.4898138642311096,
        4.201106548309326,
        1.582085371017456,
        0.7516353130340576,
        0.4898138642311096,
        0.4898138642311096,
        7.725800514221191,
        0.4898138642311096,
        0.4898138642311096,
        0.4898138642311096,
        0.4898138642311096,
        0.5671344995498657,
        0.4898138642311096,
        0.6299759149551392,
        0.4898138642311096,
        6.050609588623047
    ],
    "timestamp": 1754257736.9231615
}