{
  "predicted_latency": 0.0291377454996109,
  "actual_latency": 2.575084,
  "q_error": 88.37622833251953,
  "inference_time": 1.2040393352508545,
  "timestamp": 1745756755.8760052
}