{
  "predicted_latency": 0.02913774363696575,
  "actual_latency": 116.281052,
  "q_error": 3990.736328125,
  "inference_time": 0.3231019973754883,
  "timestamp": 1745770079.8601341
}