{
  "query": "/*+ NoNestLoop(t ci) */ select count(*)\nfrom title AS t\ninner join cast_info AS ci\non t.id = ci.movie_id AND ci.person_id > 2324514;",
  "predicted_latency": 641.0067081451416,
  "actual_latency": 5329.479,
  "q_error": 8.314232803306732,
  "inference_time": 0.017050981521606445
}