{
  "predicted_latency": 357.56078362464905,
  "actual_latency": 332.347,
  "q_error": 1.0758658378882586,
  "inference_time": 0.1343536376953125
}