{
  "query": "/*+  */ select count(*)\nfrom title AS t\ninner join movie_info AS mi\non t.id = mi.movie_id AND t.production_year < 1988;",
  "predicted_latency": 1162.0136499404907,
  "actual_latency": 2395.197,
  "q_error": 2.0612468710007525,
  "inference_time": 0.029862642288208008
}