{
  "predicted_latency": 710.3539428710938,
  "inference_time": 0.005942344665527344
}