{
  "predicted_latency": 524.4627685546875,
  "inference_time": 0.008309364318847656
}