{
  "embedding": [
    1.731092243258451,
    0.8937703044629665,
    1.3305332106459797,
    -0.02428986127737084,
    -0.02428986127737084,
    3.0081108226915694,
    1.1722149358006684,
    0.11647969777456743,
    0.6602443834944183,
    1.962692734159262,
    3.9787345773466787,
    3.899258456651058,
    1.4295343894617754,
    1.3422277640222515,
    0.03690868368662268,
    2.528018689905185,
    1.3336479137533872,
    2.8545698669749613,
    0.38238554388585433,
    0.2982412237109176,
    0.812405287216896,
    3.157671620230115,
    3.766089152966803,
    -0.02428986127737084,
    2.5357365388912037,
    0.9260399776360887,
    1.5428661255957394,
    2.993450783367756,
    1.1580249287527575,
    1.7491894693658132,
    1.6040319907635305,
    1.8883906325422952,
    0.089941459551712,
    1.3998991775611707,
    4.376874692272191,
    -0.02428986127737084,
    2.0335321271808935,
    0.25492622677651167,
    0.9354388177941486,
    2.6616241678210604,
    1.1031427223775496,
    3.08635707204291,
    2.6422772190506647,
    0.5221705073357436,
    2.0799671798131936,
    2.684462367731724,
    2.224445783700136,
    2.505508354343383,
    3.939914153726033,
    2.489619154360683,
    0.0164852340567341,
    3.160450509827341,
    1.9983278944470013,
    2.5108155202948605,
    0.7296529136746107,
    0.410448537390864,
    2.939991242841105,
    3.7703688569030516,
    1.1684697684476362,
    2.7460475233722415,
    -0.02428986127737084,
    1.1804112064286814,
    0.18627520339851966,
    2.516705652542764
  ],
  "timestamp": 1754304228.1866903
}