{
  "predicted_latency": 1342.23095703125,
  "inference_time": 0.03387880325317383
}