{
  "predicted_latency": 0.0291377454996109,
  "actual_latency": 0.347451,
  "q_error": 11.924429893493652,
  "inference_time": 0.0644993782043457,
  "timestamp": 1745481288.736567
}