{
  "predicted_latency": 773.8359375,
  "inference_time": 0.046819210052490234
}