{
  "predicted_latency": 893.2648301124573,
  "actual_latency": 3491.497,
  "q_error": 3.908691893265784,
  "inference_time": 1.211021900177002
}