{
  "predicted_latency": 463.20435404777527,
  "actual_latency": 795.162,
  "q_error": 1.7166548480198145,
  "inference_time": 0.07117748260498047
}