{
  "query": "/*+  */ select count(*)\nfrom title AS t\ninner join cast_info AS ci\non t.id = ci.movie_id AND ci.person_id < 804293 AND ci.role_id < 5;",
  "predicted_latency": 1093.2955741882324,
  "actual_latency": 3505.567,
  "q_error": 3.2064220168483435,
  "inference_time": 0.01756119728088379
}