{
  "query": "/*+  */ select count(*)\nfrom title AS t\ninner join cast_info AS ci\non t.id = ci.movie_id AND t.production_year < 1993 AND ci.person_id < 1253428 AND ci.role_id > 2;",
  "predicted_latency": 1475.3278493881226,
  "actual_latency": 1951.223,
  "q_error": 1.3225690823970075,
  "inference_time": 0.014847040176391602
}