{
  "query": "/*+  */ select count(*)\nfrom title AS t\ninner join cast_info AS ci\non t.id = ci.movie_id AND ci.person_id < 1335964 AND ci.role_id > 1;",
  "predicted_latency": 932.3196411132812,
  "actual_latency": 3164.602,
  "q_error": 3.3943315794797093,
  "inference_time": 0.024641752243041992
}