{
  "query": "/*+  */ select count(*)\nfrom title AS t\ninner join cast_info AS ci\non t.id = ci.movie_id AND t.kind_id < 7 AND ci.person_id > 1107762 AND ci.role_id < 2;",
  "predicted_latency": 1302.7278184890747,
  "actual_latency": 1908.709,
  "q_error": 1.4651633080298787,
  "inference_time": 0.018852710723876953
}