{
  "predicted_latency": 0.0291377454996109,
  "actual_latency": 1.490883,
  "q_error": 51.166725158691406,
  "inference_time": 0.09472775459289551,
  "timestamp": 1745479936.8533642
}