{
  "query": "/*+  */ select count(*)\nfrom title AS t\ninner join movie_info AS mi\non t.id = mi.movie_id AND t.production_year < 1980;",
  "predicted_latency": 1196.4898109436035,
  "actual_latency": 2223.977,
  "q_error": 1.858751307080564,
  "inference_time": 0.02668929100036621
}