{
  "query": "/*+ NoNestLoop(mk t) */ select count(*)\nfrom movie_keyword AS mk\ninner join title AS t\non t.id = mk.movie_id AND mk.keyword_id < 123345;",
  "predicted_latency": 1293.1742668151855,
  "actual_latency": 1172.544,
  "q_error": 1.1028790960639305,
  "inference_time": 0.023378610610961914
}