{
  "predicted_latency": 0.02913774736225605,
  "actual_latency": 1.4272960000000001,
  "q_error": 48.984432220458984,
  "inference_time": 0.13439583778381348,
  "timestamp": 1745453213.5940034
}