{
  "predicted_latency": 1555.515380859375,
  "inference_time": 0.023056745529174805
}