{
  "query": "/*+  */ select count(*)\nfrom movie_companies AS mc\ninner join title AS t\non t.id = mc.movie_id AND mc.company_id < 109084;",
  "predicted_latency": 1248.6035823822021,
  "actual_latency": 1119.63,
  "q_error": 1.1151930391131017,
  "inference_time": 0.01786065101623535
}