{
  "predicted_latency": 500.2317810058594,
  "inference_time": 0.042386531829833984
}