{
  "query": "/*+  */ select count(*)\nfrom title AS t\ninner join cast_info AS ci\non t.id = ci.movie_id AND ci.person_id > 3404638 AND ci.role_id > 1;",
  "predicted_latency": 888.8428807258606,
  "actual_latency": 1867.177,
  "q_error": 2.1006828546291523,
  "inference_time": 0.25197887420654297
}