{
  "query": "/*+ NoNestLoop(t ci) */ select count(*)\nfrom title AS t\ninner join cast_info AS ci\non t.id = ci.movie_id AND ci.person_id < 1670032;",
  "predicted_latency": 667.3229336738586,
  "actual_latency": 6170.755,
  "q_error": 9.247029719221127,
  "inference_time": 0.017618417739868164
}