{
  "predicted_latency": 1063.8544921875,
  "inference_time": 0.019136667251586914
}