{
  "predicted_latency": 784.5302124023438,
  "inference_time": 0.0033888816833496094
}