{
    "embedding": [
        0.5834138989448547,
        0.5834138989448547,
        0.5834138989448547,
        0.7623540163040161,
        0.5834138989448547,
        0.9510685205459595,
        0.5834138989448547,
        0.5834138989448547,
        0.6706050634384155,
        0.5834138989448547,
        0.5834138989448547,
        0.5834138989448547,
        0.5834138989448547,
        2.7706077098846436,
        3.4499998092651367,
        2.510830879211426,
        0.5834138989448547,
        2.712550401687622,
        0.5834138989448547,
        1.5368825197219849,
        1.238287329673767,
        1.537787675857544,
        1.6409553289413452,
        0.5834138989448547,
        1.4553216695785522,
        1.8189387321472168,
        0.5834138989448547,
        0.5834138989448547,
        0.5834138989448547,
        0.5834138989448547,
        2.9623968601226807,
        1.0682651996612549,
        0.5834138989448547,
        0.5834138989448547,
        1.6893051862716675,
        2.145094633102417,
        0.5834138989448547,
        1.5663869380950928,
        2.4155960083007812,
        0.5834138989448547,
        0.5834138989448547,
        0.5834138989448547,
        0.9077916741371155,
        0.5834138989448547,
        1.0318301916122437,
        0.5834138989448547,
        0.5834138989448547,
        0.9302518963813782,
        0.5834138989448547,
        3.321775197982788,
        1.9281060695648193,
        0.6642875671386719,
        0.5834138989448547,
        0.5834138989448547,
        3.4587697982788086,
        0.5834138989448547,
        0.5834138989448547,
        0.5834138989448547,
        0.5834138989448547,
        0.6301260590553284,
        0.5834138989448547,
        0.5834138989448547,
        0.5834138989448547,
        4.4763503074646
    ],
    "timestamp": 1754257762.738583
}