{
    "embedding": [
        0.5834138989448547,
        0.5834138989448547,
        0.5834138989448547,
        0.7623541951179504,
        0.5834138989448547,
        0.9510680437088013,
        0.5834138989448547,
        0.5834138989448547,
        0.6706051826477051,
        0.5834138989448547,
        0.5834138989448547,
        0.5834138989448547,
        0.5834138989448547,
        2.7706074714660645,
        3.450000286102295,
        2.5108299255371094,
        0.5834138989448547,
        2.712550163269043,
        0.5834138989448547,
        1.5368824005126953,
        1.238287329673767,
        1.537787914276123,
        1.640954852104187,
        0.5834138989448547,
        1.4553215503692627,
        1.818938970565796,
        0.5834138989448547,
        0.5834138989448547,
        0.5834138989448547,
        0.5834138989448547,
        2.9623970985412598,
        1.068265438079834,
        0.5834138989448547,
        0.5834138989448547,
        1.6893054246902466,
        2.145094156265259,
        0.5834138989448547,
        1.5663869380950928,
        2.415595769882202,
        0.5834138989448547,
        0.5834138989448547,
        0.5834138989448547,
        0.9077916741371155,
        0.5834138989448547,
        1.031830072402954,
        0.5834138989448547,
        0.5834138989448547,
        0.9302517771720886,
        0.5834138989448547,
        3.321775197982788,
        1.9281063079833984,
        0.6642874479293823,
        0.5834138989448547,
        0.5834138989448547,
        3.458770513534546,
        0.5834138989448547,
        0.5834138989448547,
        0.5834138989448547,
        0.5834138989448547,
        0.6301261782646179,
        0.5834138989448547,
        0.5834138989448547,
        0.5834138989448547,
        4.476349830627441
    ],
    "timestamp": 1754257761.6694677
}