{
  "query": "/*+  */ select count(*)\nfrom title AS t\ninner join cast_info AS ci\non t.id = ci.movie_id AND t.production_year < 1999 AND ci.person_id < 668628;",
  "predicted_latency": 1169.5373058319092,
  "actual_latency": 1865.012,
  "q_error": 1.5946579820071574,
  "inference_time": 0.015598058700561523
}