{
  "predicted_latency": 0.02913774736225605,
  "actual_latency": 2.8849609999999997,
  "q_error": 99.01111602783203,
  "inference_time": 1.674084186553955,
  "timestamp": 1745761563.9248881
}