{
  "query": "/*+ NoNestLoop(ci t) */ select count(*)\nfrom cast_info AS ci\ninner join title AS t\non t.id = ci.movie_id AND ci.person_id < 3533227;",
  "predicted_latency": 1134.6113681793213,
  "actual_latency": 10322.209,
  "q_error": 9.097572340178257,
  "inference_time": 0.027379751205444336
}