{
  "predicted_latency": 538.3894443511963,
  "actual_latency": 96.114,
  "q_error": 5.601571512487216,
  "inference_time": 0.04553484916687012
}