{
  "query": "/*+ NoNestLoop(t ci) */ select count(*)\nfrom title AS t\ninner join cast_info AS ci\non t.id = ci.movie_id AND ci.person_id > 3060506;",
  "predicted_latency": 618.7641620635986,
  "actual_latency": 2469.218,
  "q_error": 3.9905640167734946,
  "inference_time": 0.02065443992614746
}