{
  "predicted_latency": 0.02913774736225605,
  "actual_latency": 0.585105,
  "q_error": 20.08065414428711,
  "inference_time": 1.5799663066864014,
  "timestamp": 1745481237.7451713
}