{
  "query": "/*+ NoNestLoop(t ci) */ select count(*)\nfrom title AS t\ninner join cast_info AS ci\non t.id = ci.movie_id AND ci.person_id < 2011619;",
  "predicted_latency": 730.7403087615967,
  "actual_latency": 6994.193,
  "q_error": 9.571379758498924,
  "inference_time": 0.030397653579711914
}