{
  "query": "/*+ NoNestLoop(t ci) */ select count(*)\nfrom title AS t\ninner join cast_info AS ci\non t.id = ci.movie_id AND ci.person_id < 215756;",
  "predicted_latency": 582.2710990905762,
  "actual_latency": 1299.203,
  "q_error": 2.2312682220174906,
  "inference_time": 0.016389131546020508
}