{
  "embedding": [
    1.6750677685085553,
    3.2266197601018525,
    3.130463387448329,
    0.1786554230277772,
    0.37365124176215436,
    4.052514895916009,
    3.673709367158108,
    2.891122154558682,
    1.7688886649935718,
    2.9977128927742798,
    4.305734128680233,
    4.66980831342489,
    2.8087940962337905,
    2.342200555357571,
    0.26800238598660914,
    4.077980963375774,
    2.4748802886371273,
    3.1894273106364714,
    0.7037435125157308,
    0.7654484004502006,
    0.9801529836999675,
    2.095173820855817,
    2.375194408057743,
    1.4433738095930706,
    1.6721324993810014,
    1.7525272064379382,
    3.9903863970082365,
    3.083446167895035,
    2.4299568804929987,
    3.4279614546338957,
    2.0634874402643284,
    3.0444263315437277,
    1.122262407523775,
    3.2254768656691324,
    4.0655287230692325,
    0.11676961188384863,
    1.7859942199985182,
    0.3349552487559462,
    2.583669348012545,
    4.1072894505731865,
    1.950317947790983,
    2.8297669353518695,
    2.3414148565365553,
    0.4469022606148273,
    2.9369286976346074,
    2.5353552746538663,
    2.250948013459344,
    3.0361177904709646,
    4.739711006227342,
    1.913641236769227,
    2.128323233572471,
    3.8069861797931597,
    3.1337184550119597,
    0.6171165467685841,
    0.9559968339858304,
    3.6783525201294314,
    3.9405854337663486,
    2.7776565560347013,
    1.4136185459932173,
    1.413203265412139,
    0.5246757921902406,
    2.448943581102194,
    2.6398610144077836,
    2.9862514060300374
  ],
  "timestamp": 1754305004.4227464
}