{
  "embedding": [
    0.8547290980984479,
    1.7438094496140608,
    2.3141379460854448,
    0.20119959106666047,
    0.6274310149812694,
    3.732231037412794,
    3.6217715734067184,
    2.039339281551489,
    1.1401523658188701,
    1.6778858949658897,
    4.604485497775139,
    5.9228754778475645,
    1.836014211002088,
    3.6653164327708536,
    0.8094246040994798,
    4.405955109423717,
    2.876435004850347,
    3.5316597952046807,
    0.617554927412445,
    1.3550798460744682,
    2.3416670531175745,
    3.1923655140149134,
    3.009135558870731,
    1.8456399896551228,
    1.2821303436576241,
    1.6861389081515188,
    2.8739770362186103,
    4.146880206422852,
    2.049846871484848,
    1.8910216845631453,
    1.9282288987571952,
    1.9385349601393922,
    0.7019640779587307,
    3.36406912701781,
    4.276352235954288,
    1.8346605306125021,
    1.0714218861239955,
    0.29473712006647823,
    1.1557319544261697,
    3.1362444326504657,
    1.2534374904555712,
    3.147149436570002,
    3.1408011915275913,
    0.7632698841183292,
    2.3068682986451323,
    2.8581635186527476,
    2.9003659082367514,
    2.911394361608664,
    5.5255730529100235,
    2.6414565473892444,
    1.4254528776163526,
    3.3125249997090846,
    3.2868381399468594,
    1.9851630626037615,
    0.7440238298249534,
    2.902973773769533,
    3.492510649864438,
    3.0893096058999747,
    1.5198356229149466,
    1.472253566292349,
    0.21903821306614385,
    2.586349461082998,
    1.9679613762956785,
    3.7532200695498084
  ],
  "timestamp": 1754304993.701835
}