{
  "predicted_latency": 0.02913774736225605,
  "actual_latency": 1.091283,
  "q_error": 37.45254898071289,
  "inference_time": 1.062718152999878,
  "timestamp": 1745481507.5448463
}