{
  "predicted_latency": 640.5482177734375,
  "inference_time": 0.009366750717163086
}