{
  "predicted_latency": -23.930715397000313,
  "actual_latency": 3.713,
  "q_error": -0.15515624745867063,
  "inference_time": 0.04744863510131836
}