{
  "query": "/*+  */ select count(*)\nfrom title AS t\ninner join cast_info AS ci\non t.id = ci.movie_id AND t.kind_id > 1 AND ci.person_id > 3391173 AND ci.role_id > 1;",
  "predicted_latency": 1197.0524787902832,
  "actual_latency": 1588.796,
  "q_error": 1.3272567645535513,
  "inference_time": 0.018062591552734375
}