{
  "query": "/*+  */ select count(*)\nfrom title AS t\ninner join cast_info AS ci\non t.id = ci.movie_id AND ci.person_id > 1006061 AND ci.role_id = 1;",
  "predicted_latency": 966.0434126853943,
  "actual_latency": 2686.886,
  "q_error": 2.7813304916919117,
  "inference_time": 0.017150402069091797
}