{
  "predicted_latency": 657.8004956245422,
  "actual_latency": 6950.489,
  "q_error": 10.566256860905716,
  "inference_time": 0.1029965877532959
}