{
  "query": "/*+  */ select count(*)\nfrom cast_info AS ci\ninner join title AS t\non t.id = ci.movie_id AND t.production_year < 1978;",
  "predicted_latency": 1307.416558265686,
  "actual_latency": 6019.399,
  "q_error": 4.604040664732633,
  "inference_time": 0.028890371322631836
}