{
  "predicted_latency": 0.02913774736225605,
  "actual_latency": 5.333964,
  "q_error": 183.06027221679688,
  "inference_time": 0.10627865791320801,
  "timestamp": 1745481256.5572755
}