{
  "predicted_latency": 0.02913774363696575,
  "actual_latency": 18.683145,
  "q_error": 641.2008056640625,
  "inference_time": 0.5341105461120605,
  "timestamp": 1745452084.6882672
}