{
  "predicted_latency": 545.1222658157349,
  "actual_latency": 353.941,
  "q_error": 1.5401500979421285,
  "inference_time": 0.03853297233581543
}