{
  "embedding": [
    0.33316180961312747,
    1.927281658296086,
    2.7310186411270703,
    0.17663713762820202,
    1.3648319466920766,
    2.299698497781712,
    1.0400171908124305,
    1.2642038766634933,
    1.5198868320527836,
    3.5393070701038716,
    2.6291795254809642,
    3.5443875842842893,
    2.362005689737916,
    2.8990208420885386,
    0.2141259731285622,
    4.453512112191801,
    1.1206018309232768,
    2.788850953666774,
    0.9769510466891241,
    1.211057964386317,
    1.2777676158823397,
    2.312906294547356,
    1.5589717143498139,
    0.2790269754294937,
    1.15182999395736,
    1.1343043547005711,
    3.4171187795726468,
    2.541808362676625,
    2.0591427490399763,
    3.4451170666081126,
    4.08082432479233,
    2.430641347540647,
    1.9519828933395096,
    3.114320449936165,
    4.343627925050577,
    1.7809707083161346,
    1.1743765089219795,
    0.4253899629315326,
    1.7572927914124976,
    2.884433273260637,
    2.3944887986875245,
    2.096826985897622,
    2.0200835524368315,
    0.5908463405975102,
    1.2879115529931013,
    1.4764521232190575,
    4.512828290949977,
    2.101008034551453,
    3.351970071304901,
    2.4241550946180763,
    1.3882676629741262,
    1.8378060927118582,
    2.2190356315088886,
    1.2566326979697604,
    0.6597908347687614,
    2.1756395780676345,
    3.257678954961231,
    1.229355457388178,
    1.2630636071241501,
    1.0990313817549084,
    0.31800300725080294,
    0.6810928488689246,
    0.5465473430307299,
    2.9044368836147756
  ],
  "timestamp": 1754305385.1192083
}