{
  "embedding": [
    0.4479503708025678,
    2.0444011214359827,
    2.7716996340517577,
    0.1764642191620074,
    1.5443320066057558,
    2.331321810709088,
    1.11571414418907,
    1.5083449883757905,
    1.5548221366301358,
    3.7004427869340373,
    2.7643103427048477,
    3.6810529668831045,
    2.5441168053036045,
    3.005846404784591,
    0.21559153249502586,
    4.586353244591412,
    1.250231455872307,
    2.825759752392368,
    1.0157732406370545,
    1.3645395909719529,
    1.4013529437755967,
    2.409444346014522,
    1.7106501628973005,
    0.37353070524548454,
    1.3077228431137375,
    1.1837107066665706,
    3.5803757544404746,
    2.654683118564862,
    2.133661775017868,
    3.686539641938027,
    4.287078210634869,
    2.539611549381914,
    1.9774088581672908,
    3.1987140720740155,
    4.4635315322315465,
    2.07254046161644,
    1.2183254588818508,
    0.5324141884014915,
    1.8508907593918775,
    2.950112520110165,
    2.560659026080867,
    2.220195316452925,
    2.033854760352772,
    0.7471937261143504,
    1.4262684994371162,
    1.525916359723588,
    4.910549396521292,
    2.2332046227478686,
    3.4468828267941767,
    2.5026312113610927,
    1.4620928574354883,
    1.8719201547655464,
    2.358667521239687,
    1.4367549877747956,
    0.6507440745926854,
    2.4486334900363476,
    3.341323789947339,
    1.3590033927950969,
    1.3334766224972052,
    1.2673071705046892,
    0.4344803099308597,
    1.2921786045857384,
    0.5783243631332328,
    2.981004605791803
  ],
  "timestamp": 1754305592.6148193
}