{
  "predicted_latency": 598.1912231445312,
  "inference_time": 0.03949141502380371
}