{
  "predicted_latency": 0.0291377454996109,
  "actual_latency": 33.929536999999996,
  "q_error": 1164.453125,
  "inference_time": 0.3670022487640381,
  "timestamp": 1745759352.006296
}