{
    "embedding": [
        0.5505282878875732,
        0.5505282878875732,
        0.5791224837303162,
        0.6276485919952393,
        0.6272717714309692,
        1.2778210639953613,
        0.5505282878875732,
        0.5505282878875732,
        1.7244548797607422,
        0.5505282878875732,
        0.5505282878875732,
        0.5505282878875732,
        0.5505282878875732,
        2.169326066970825,
        2.9198975563049316,
        1.856773853302002,
        0.5505282878875732,
        2.2903451919555664,
        0.5505282878875732,
        2.2273037433624268,
        0.5505282878875732,
        2.6499521732330322,
        2.654204845428467,
        0.5505282878875732,
        0.9414302110671997,
        2.6330947875976562,
        0.5505282878875732,
        0.5505282878875732,
        0.5505282878875732,
        0.5505282878875732,
        0.9482970833778381,
        1.2767874002456665,
        0.5505282878875732,
        0.5505282878875732,
        1.6835219860076904,
        2.009493350982666,
        0.5505282878875732,
        2.7334206104278564,
        2.311919927597046,
        0.5505282878875732,
        0.5505282878875732,
        0.5505282878875732,
        0.6685962080955505,
        0.5505282878875732,
        0.8659075498580933,
        0.5505282878875732,
        0.5505282878875732,
        0.8341963291168213,
        0.5505282878875732,
        3.7548351287841797,
        3.505350112915039,
        1.877323865890503,
        0.5505282878875732,
        0.5505282878875732,
        2.6652047634124756,
        0.5505282878875732,
        0.5505282878875732,
        0.5505282878875732,
        0.5505282878875732,
        0.664298415184021,
        0.5505282878875732,
        0.9489990472793579,
        0.5505282878875732,
        3.2848620414733887
    ],
    "timestamp": 1754257786.5197875
}