{
    "embedding": [
        0.5505282282829285,
        0.5505282282829285,
        0.5791223645210266,
        0.6276485323905945,
        0.6272717118263245,
        1.2778210639953613,
        0.5505282282829285,
        0.5505282282829285,
        1.724454641342163,
        0.5505282282829285,
        0.5505282282829285,
        0.5505282282829285,
        0.5505282282829285,
        2.1693263053894043,
        2.9198973178863525,
        1.8567739725112915,
        0.5505282282829285,
        2.2903451919555664,
        0.5505282282829285,
        2.2273032665252686,
        0.5505282282829285,
        2.6499521732330322,
        2.654204845428467,
        0.5505282282829285,
        0.941430389881134,
        2.6330947875976562,
        0.5505282282829285,
        0.5505282282829285,
        0.5505282282829285,
        0.5505282282829285,
        0.9482969641685486,
        1.276787281036377,
        0.5505282282829285,
        0.5505282282829285,
        1.6835217475891113,
        2.009493350982666,
        0.5505282282829285,
        2.7334201335906982,
        2.3119192123413086,
        0.5505282282829285,
        0.5505282282829285,
        0.5505282282829285,
        0.6685961484909058,
        0.5505282282829285,
        0.8659071326255798,
        0.5505282282829285,
        0.5505282282829285,
        0.8341962695121765,
        0.5505282282829285,
        3.754835367202759,
        3.505349636077881,
        1.8773233890533447,
        0.5505282282829285,
        0.5505282282829285,
        2.6652050018310547,
        0.5505282282829285,
        0.5505282282829285,
        0.5505282282829285,
        0.5505282282829285,
        0.6642982959747314,
        0.5505282282829285,
        0.9489989280700684,
        0.5505282282829285,
        3.2848618030548096
    ],
    "timestamp": 1754257784.3849406
}