{
  "predicted_latency": -24.409877136349678,
  "actual_latency": 2.513,
  "q_error": -0.10295012899748666,
  "inference_time": 0.0692911148071289
}