{
  "predicted_latency": 3008.8984375,
  "inference_time": 0.021342754364013672
}