{
  "predicted_latency": 1024.886474609375,
  "inference_time": 0.005538225173950195
}