{
  "predicted_latency": 0.02913774363696575,
  "actual_latency": 249.339476,
  "q_error": 8557.267578125,
  "inference_time": 1.086935043334961,
  "timestamp": 1745478913.6232536
}