{
  "predicted_latency": 3287.40478515625,
  "inference_time": 0.04809689521789551
}