{
  "query": "/*+ NoNestLoop(t ci) */ select count(*)\nfrom title AS t\ninner join cast_info AS ci\non t.id = ci.movie_id AND ci.person_id > 1864558;",
  "predicted_latency": 679.8744797706604,
  "actual_latency": 6039.359,
  "q_error": 8.883050003637782,
  "inference_time": 0.025697708129882812
}