{
  "predicted_latency": 0.0291377454996109,
  "actual_latency": 106.428241,
  "q_error": 3652.590087890625,
  "inference_time": 0.10608816146850586,
  "timestamp": 1745754726.380013
}