{
  "predicted_latency": 539.2524600028992,
  "actual_latency": 5825.749,
  "q_error": 10.803379552443172,
  "inference_time": 0.04530477523803711
}