{
  "query": "/*+  */ select count(*)\nfrom title AS t\ninner join cast_info AS ci\non t.id = ci.movie_id AND ci.person_id > 1084043;",
  "predicted_latency": 976.944088935852,
  "actual_latency": 7652.206,
  "q_error": 7.832798301011531,
  "inference_time": 0.018451213836669922
}