{
  "predicted_latency": 1877.6112060546875,
  "inference_time": 0.015532732009887695
}