{
  "predicted_latency": 0.02913774736225605,
  "actual_latency": 0.18634,
  "q_error": 6.395141124725342,
  "inference_time": 0.06148076057434082,
  "timestamp": 1745760924.9339914
}