{
  "predicted_latency": 0.0291377454996109,
  "actual_latency": 0.9163680000000001,
  "q_error": 31.44951629638672,
  "inference_time": 0.3168013095855713,
  "timestamp": 1745760888.5358808
}