{
  "query": "/*+  */ select count(*)\nfrom title AS t\ninner join cast_info AS ci\non t.id = ci.movie_id AND t.production_year > 1980 AND t.production_year < 1995;",
  "predicted_latency": 1355.3845882415771,
  "actual_latency": 4574.955,
  "q_error": 3.3753925193552385,
  "inference_time": 0.015767812728881836
}