{
  "query": "/*+  */ select count(*)\nfrom title AS t\ninner join cast_info AS ci\non t.id = ci.movie_id AND ci.person_id > 2341566 AND ci.role_id > 1;",
  "predicted_latency": 931.9663643836975,
  "actual_latency": 5261.588,
  "q_error": 5.645684437849266,
  "inference_time": 0.01569986343383789
}