{
  "predicted_latency": 0.02913774363696575,
  "actual_latency": 0.70887,
  "q_error": 24.32823944091797,
  "inference_time": 1.1226954460144043,
  "timestamp": 1745760930.910068
}