{
  "predicted_latency": 464.69131112098694,
  "actual_latency": 329.854,
  "q_error": 1.4087787661237607,
  "inference_time": 0.10867071151733398
}