{
  "predicted_latency": 261.60186529159546,
  "actual_latency": 16.378,
  "q_error": 15.972760122823022,
  "inference_time": 0.1700448989868164
}