{
  "embedding": [
    0.22490858432504027,
    1.4025782100005435,
    3.922439870761674,
    0.14337231374948295,
    0.14337231374948295,
    2.3406430805293548,
    1.0981075203180986,
    1.2049305886230932,
    1.118501982468503,
    2.3986923625825094,
    2.6280465706999157,
    1.652087378600364,
    0.9020644417293755,
    2.0321577915724474,
    0.24623646818053108,
    3.360178698940552,
    0.2697067642078806,
    2.581919116599406,
    0.5780639486207063,
    0.14337231374948295,
    0.6446503228728321,
    1.2913747139314196,
    0.2753650530071018,
    0.14337231374948295,
    0.5121035053893198,
    1.7641430134830598,
    3.3018390181886366,
    3.4795541197455444,
    4.23311276531317,
    0.9546483180227389,
    3.277816187737295,
    1.2806102324574258,
    1.2298014928825285,
    2.230205915126423,
    3.573724113495328,
    1.3273058075470114,
    0.5907123381904468,
    0.3433043076664499,
    1.357193926934735,
    2.5101485208094743,
    1.453469092643627,
    2.7139774575451368,
    1.9110171182650726,
    0.45767444748017083,
    1.58888957994932,
    3.03123828371201,
    2.0644460059391037,
    1.5356781633109813,
    2.707505328777897,
    1.210328138691427,
    0.5934269888123431,
    3.5392909201149734,
    1.771569010610693,
    1.1597232186145459,
    0.9303273742479914,
    1.7434751693633057,
    3.2532957772086837,
    2.520744875090784,
    0.7573107112443782,
    1.5413165705531944,
    0.14337231374948295,
    0.9069345158498777,
    1.8172882531985917,
    3.326818114007692
  ],
  "timestamp": 1754304744.3227878
}