{
  "embedding": [
    0.14610125025005485,
    1.3336540858394308,
    3.7396645704363944,
    0.13094743611530177,
    0.13094743611530177,
    2.199273842519832,
    1.027267288365383,
    1.002619564912541,
    1.0499046359587059,
    2.340419158658638,
    2.514322157995063,
    1.5897312155762107,
    0.7897274509721787,
    1.933208065123394,
    0.23423435209710305,
    3.2387251796799683,
    0.2499051711198429,
    2.530207604182057,
    0.5467198260932371,
    0.13094743611530177,
    0.6162952922056549,
    1.2241890089799712,
    0.22998205996813043,
    0.3348189740953842,
    0.45047443091223566,
    1.6478184831440867,
    3.1719584321926693,
    3.329269342612774,
    4.014770347332769,
    0.8939816700542721,
    3.035661499403641,
    1.2336693072081615,
    1.163160570402217,
    2.197836185388481,
    3.4596094486462388,
    1.0904098085269127,
    0.5919168005134271,
    0.32748874968293407,
    1.2905439885814172,
    2.372659898931846,
    1.3542602480585548,
    2.4979071436652336,
    1.8955022584590258,
    0.4509649846530651,
    1.4725077674778957,
    2.8894926327684067,
    1.886492780626413,
    1.4275533167652956,
    2.650145347496632,
    1.1546267724939796,
    0.5666772588230151,
    3.3713689615936793,
    1.652207506543789,
    1.0524243186142146,
    0.9215235945003957,
    1.4735587818457605,
    3.140500656907811,
    2.3487643164803114,
    0.6929463601758022,
    1.4058266251569418,
    0.13094743611530177,
    0.5934307848902627,
    1.663903555790512,
    3.154379176624552
  ],
  "timestamp": 1754304740.5868132
}