{
  "query": "/*+  */ select count(*)\nfrom title AS t\ninner join cast_info AS ci\non t.id = ci.movie_id AND ci.person_id < 2979910 AND ci.role_id < 2;",
  "predicted_latency": 1137.0786428451538,
  "actual_latency": 4627.981,
  "q_error": 4.07006237354001,
  "inference_time": 0.026356220245361328
}