{
  "predicted_latency": 507.7756042480469,
  "inference_time": 0.007407426834106445
}