{
  "predicted_latency": 0.02913774736225605,
  "actual_latency": 0.5114569999999999,
  "q_error": 17.55307388305664,
  "inference_time": 3.101329803466797,
  "timestamp": 1745481234.258197
}