{
  "query": "/*+  */ select count(*)\nfrom movie_companies AS mc\ninner join title AS t\non t.id = mc.movie_id AND mc.company_id > 118193;",
  "predicted_latency": 769.4430351257324,
  "actual_latency": 420.706,
  "q_error": 1.8289328774149463,
  "inference_time": 0.017816543579101562
}