{
  "predicted_latency": 0.02913774363696575,
  "actual_latency": 10.582708,
  "q_error": 363.1958923339844,
  "inference_time": 5.731170892715454,
  "timestamp": 1745479747.1221464
}