{
  "predicted_latency": 0.02913774736225605,
  "actual_latency": 0.6573479999999999,
  "q_error": 22.560012817382812,
  "inference_time": 0.48049283027648926,
  "timestamp": 1745481335.5836918
}