{
  "query": "/*+  */ select count(*)\nfrom title AS t\ninner join cast_info AS ci\non t.id = ci.movie_id AND t.kind_id = 1 AND ci.person_id > 2274616 AND ci.role_id > 3;",
  "predicted_latency": 1025.0884294509888,
  "actual_latency": 2311.464,
  "q_error": 2.2548922937682176,
  "inference_time": 0.023041486740112305
}