{
  "query": "/*+ NoNestLoop(t ci) */ select count(*)\nfrom title AS t\ninner join cast_info AS ci\non t.id = ci.movie_id AND ci.person_id > 1826334;",
  "predicted_latency": 685.3756904602051,
  "actual_latency": 5888.409,
  "q_error": 8.591505479346875,
  "inference_time": 0.026296138763427734
}