{
  "query": "/*+  */ select count(*)\nfrom title AS t\ninner join cast_info AS ci\non t.id = ci.movie_id AND t.production_year > 2002 AND ci.person_id < 480151 AND ci.role_id > 1;",
  "predicted_latency": 1410.6707572937012,
  "actual_latency": 1100.716,
  "q_error": 1.2815937601467602,
  "inference_time": 0.011949777603149414
}