{
  "predicted_latency": 1024.886474609375,
  "inference_time": 0.007417917251586914
}