{
  "predicted_latency": 274.54425048828125,
  "inference_time": 0.016223430633544922
}