{
  "predicted_latency": 313.2805526256561,
  "actual_latency": 6092.635,
  "q_error": 19.4478557603931,
  "inference_time": 0.06742405891418457
}