{
  "predicted_latency": 121.9780044555664,
  "inference_time": 0.0070934295654296875
}