{
  "query": "/*+ NoNestLoop(t ci) */ select count(*)\nfrom title AS t\ninner join cast_info AS ci\non t.id = ci.movie_id AND ci.person_id > 3809719;",
  "predicted_latency": 556.0061931610107,
  "actual_latency": 1013.535,
  "q_error": 1.8228843715532068,
  "inference_time": 0.018021106719970703
}