{
  "predicted_latency": 0.02913774363696575,
  "actual_latency": 3.306939,
  "q_error": 113.4933090209961,
  "inference_time": 0.21337556838989258,
  "timestamp": 1745760429.060758
}