{
  "predicted_latency": 0.02913774363696575,
  "actual_latency": 3.6255189999999997,
  "q_error": 124.42689514160156,
  "inference_time": 0.2263500690460205,
  "timestamp": 1745760809.3048282
}