{
  "predicted_latency": 391.74920320510864,
  "actual_latency": 1563.3,
  "q_error": 3.990563317576171,
  "inference_time": 0.09403443336486816
}