{
  "predicted_latency": 0.0291377454996109,
  "actual_latency": 0.410447,
  "q_error": 14.08643627166748,
  "inference_time": 0.6704843044281006,
  "timestamp": 1745761088.7303293
}