{
  "predicted_latency": 0.02913774736225605,
  "actual_latency": 8.0921,
  "q_error": 277.71881103515625,
  "inference_time": 2.8009755611419678,
  "timestamp": 1745452705.797583
}