{
  "predicted_latency": 0.0291377454996109,
  "actual_latency": 8.801245000000002,
  "q_error": 302.0564880371094,
  "inference_time": 0.24930095672607422,
  "timestamp": 1745770101.3811781
}