{
  "predicted_latency": 1182.9495429992676,
  "actual_latency": 29918.959,
  "q_error": 25.291830219692237,
  "inference_time": 0.05992293357849121
}