{
  "predicted_latency": 0.0291377454996109,
  "actual_latency": 2.97711,
  "q_error": 102.17365264892578,
  "inference_time": 0.41191697120666504,
  "timestamp": 1745756148.1877365
}