{
  "predicted_latency": 734.0165972709656,
  "actual_latency": 2139.63,
  "q_error": 2.914961334600648,
  "inference_time": 0.0635528564453125
}