{
  "predicted_latency": 0.02913774736225605,
  "actual_latency": 16.153213,
  "q_error": 554.3741455078125,
  "inference_time": 0.18878746032714844,
  "timestamp": 1745479680.4981391
}