{
  "query": "/*+  */ select count(*)\nfrom title AS t\ninner join cast_info AS ci\non t.id = ci.movie_id AND ci.person_id > 950463 AND ci.role_id > 1;",
  "predicted_latency": 1060.1556301116943,
  "actual_latency": 7091.669,
  "q_error": 6.6892716489680355,
  "inference_time": 0.017787456512451172
}