{
  "query": "/*+ NoNestLoop(t ci) */ select count(*)\nfrom title AS t\ninner join cast_info AS ci\non t.id = ci.movie_id AND ci.person_id > 2265703;",
  "predicted_latency": 650.4443287849426,
  "actual_latency": 4954.693,
  "q_error": 7.617397493887871,
  "inference_time": 0.026831865310668945
}