{
    "embedding": [
        0.6424903869628906,
        0.6424903869628906,
        0.6424903869628906,
        0.7877408862113953,
        0.6424903869628906,
        0.8237106204032898,
        1.5384165048599243,
        0.6424903869628906,
        0.7794976830482483,
        0.6424903869628906,
        0.6424903869628906,
        0.6424903869628906,
        0.6424903869628906,
        1.9836058616638184,
        4.0317063331604,
        0.6424903869628906,
        0.6424903869628906,
        2.5541067123413086,
        0.6424903869628906,
        1.7861227989196777,
        0.6424903869628906,
        0.6752361059188843,
        2.5053858757019043,
        0.6424903869628906,
        1.3079837560653687,
        2.3651280403137207,
        0.6424903869628906,
        0.6424903869628906,
        0.6424903869628906,
        0.6424903869628906,
        1.1074084043502808,
        1.1601231098175049,
        0.6424903869628906,
        0.6424903869628906,
        1.0808579921722412,
        1.7752442359924316,
        0.6424903869628906,
        1.7534617185592651,
        2.701343297958374,
        0.6424903869628906,
        0.6424903869628906,
        0.6424903869628906,
        0.7891368865966797,
        0.6424903869628906,
        1.2621937990188599,
        0.6424903869628906,
        0.6424903869628906,
        1.073735237121582,
        0.6424903869628906,
        4.135450839996338,
        1.7008798122406006,
        0.6424903869628906,
        0.6424903869628906,
        0.6424903869628906,
        2.4699621200561523,
        0.6424903869628906,
        0.6424903869628906,
        0.6424903869628906,
        0.6424903869628906,
        0.6424903869628906,
        0.6424903869628906,
        0.7676169872283936,
        0.6424903869628906,
        3.538241386413574
    ],
    "timestamp": 1754257576.4162748
}