{
    "embedding": [
        0.6424904465675354,
        0.6424904465675354,
        0.6424904465675354,
        0.7877408862113953,
        0.6424904465675354,
        0.8237105011940002,
        1.5384165048599243,
        0.6424904465675354,
        0.7794977426528931,
        0.6424904465675354,
        0.6424904465675354,
        0.6424904465675354,
        0.6424904465675354,
        1.983606219291687,
        4.031705856323242,
        0.6424904465675354,
        0.6424904465675354,
        2.5541069507598877,
        0.6424904465675354,
        1.7861225605010986,
        0.6424904465675354,
        0.6752362847328186,
        2.5053870677948,
        0.6424904465675354,
        1.3079843521118164,
        2.3651280403137207,
        0.6424904465675354,
        0.6424904465675354,
        0.6424904465675354,
        0.6424904465675354,
        1.1074082851409912,
        1.1601232290267944,
        0.6424904465675354,
        0.6424904465675354,
        1.0808579921722412,
        1.7752442359924316,
        0.6424904465675354,
        1.7534620761871338,
        2.7013442516326904,
        0.6424904465675354,
        0.6424904465675354,
        0.6424904465675354,
        0.7891369462013245,
        0.6424904465675354,
        1.2621935606002808,
        0.6424904465675354,
        0.6424904465675354,
        1.0737354755401611,
        0.6424904465675354,
        4.135451316833496,
        1.700879693031311,
        0.6424904465675354,
        0.6424904465675354,
        0.6424904465675354,
        2.4699625968933105,
        0.6424904465675354,
        0.6424904465675354,
        0.6424904465675354,
        0.6424904465675354,
        0.6424904465675354,
        0.6424904465675354,
        0.7676169872283936,
        0.6424904465675354,
        3.5382421016693115
    ],
    "timestamp": 1754257575.733748
}