{
  "predicted_latency": 0.02913774363696575,
  "actual_latency": 80.54600500000001,
  "q_error": 2764.318603515625,
  "inference_time": 2.744971513748169,
  "timestamp": 1745757115.8498821
}