{
  "query": "/*+  */ select count(*)\nfrom title AS t\ninner join cast_info AS ci\non t.id = ci.movie_id AND ci.person_id > 680361 AND ci.role_id = 1;",
  "predicted_latency": 1144.1677808761597,
  "actual_latency": 3312.936,
  "q_error": 2.8954984184776476,
  "inference_time": 0.018997669219970703
}