{
    "embedding": [
        0.5964192152023315,
        0.5964192152023315,
        0.5964192152023315,
        0.7259883880615234,
        0.5964192152023315,
        0.8155938982963562,
        1.6513622999191284,
        0.5964192152023315,
        0.6385459303855896,
        0.5964192152023315,
        0.5964192152023315,
        0.5964192152023315,
        0.5964192152023315,
        1.610909342765808,
        4.678537845611572,
        0.5964192152023315,
        0.5964192152023315,
        0.6382635235786438,
        0.5964192152023315,
        1.4023493528366089,
        0.5964192152023315,
        0.7261983156204224,
        2.8224291801452637,
        0.5964192152023315,
        1.1552077531814575,
        2.003216505050659,
        0.5964192152023315,
        0.5964192152023315,
        0.5964192152023315,
        0.5964192152023315,
        0.5964192152023315,
        1.11508309841156,
        0.5964192152023315,
        0.5964192152023315,
        1.1610121726989746,
        1.4292346239089966,
        0.5964192152023315,
        2.3182647228240967,
        3.6467483043670654,
        0.5964192152023315,
        0.5964192152023315,
        0.5964192152023315,
        0.7349381446838379,
        0.5964192152023315,
        1.4912503957748413,
        0.5964192152023315,
        0.5964192152023315,
        0.9953691363334656,
        0.5964192152023315,
        3.7739365100860596,
        2.2957239151000977,
        0.7000732421875,
        0.5964192152023315,
        0.5964192152023315,
        3.0020053386688232,
        0.5964192152023315,
        0.5964192152023315,
        0.5964192152023315,
        0.5964192152023315,
        0.5964192152023315,
        0.5964192152023315,
        0.5964192152023315,
        0.5964192152023315,
        3.513211488723755
    ],
    "timestamp": 1754257854.7362068
}