{
    "embedding": [
        0.5964192152023315,
        0.5964192152023315,
        0.5964192152023315,
        0.7259882688522339,
        0.5964192152023315,
        0.8155938982963562,
        1.6513622999191284,
        0.5964192152023315,
        0.6385459303855896,
        0.5964192152023315,
        0.5964192152023315,
        0.5964192152023315,
        0.5964192152023315,
        1.610909342765808,
        4.678539752960205,
        0.5964192152023315,
        0.5964192152023315,
        0.6382633447647095,
        0.5964192152023315,
        1.4023493528366089,
        0.5964192152023315,
        0.7261983752250671,
        2.82243013381958,
        0.5964192152023315,
        1.155207872390747,
        2.0032155513763428,
        0.5964192152023315,
        0.5964192152023315,
        0.5964192152023315,
        0.5964192152023315,
        0.5964192152023315,
        1.11508309841156,
        0.5964192152023315,
        0.5964192152023315,
        1.1610116958618164,
        1.4292346239089966,
        0.5964192152023315,
        2.3182647228240967,
        3.6467490196228027,
        0.5964192152023315,
        0.5964192152023315,
        0.5964192152023315,
        0.7349381446838379,
        0.5964192152023315,
        1.4912502765655518,
        0.5964192152023315,
        0.5964192152023315,
        0.9953690767288208,
        0.5964192152023315,
        3.7739365100860596,
        2.2957239151000977,
        0.7000731825828552,
        0.5964192152023315,
        0.5964192152023315,
        3.0020060539245605,
        0.5964192152023315,
        0.5964192152023315,
        0.5964192152023315,
        0.5964192152023315,
        0.5964192152023315,
        0.5964192152023315,
        0.5964192152023315,
        0.5964192152023315,
        3.513211727142334
    ],
    "timestamp": 1754257855.4734914
}