{
  "query": "/*+  */ select count(*)\nfrom title AS t\ninner join cast_info AS ci\non t.id = ci.movie_id AND ci.person_id < 2587677 AND ci.role_id = 1;",
  "predicted_latency": 908.3868265151978,
  "actual_latency": 5003.244,
  "q_error": 5.507834167073638,
  "inference_time": 0.012717008590698242
}