{
  "query": "/*+  */ select count(*)\nfrom title AS t\ninner join cast_info AS ci\non t.id = ci.movie_id AND ci.person_id < 2913869 AND ci.role_id > 3;",
  "predicted_latency": 1093.8130617141724,
  "actual_latency": 2793.692,
  "q_error": 2.5540854262810297,
  "inference_time": 0.014691352844238281
}