{
  "query": "/*+  */ select count(*)\nfrom title AS t\ninner join cast_info AS ci\non t.id = ci.movie_id AND ci.person_id > 814675;",
  "predicted_latency": 1124.7045993804932,
  "actual_latency": 8482.691,
  "q_error": 7.542150182965744,
  "inference_time": 0.0172879695892334
}