{
  "predicted_latency": 200.62221586704254,
  "actual_latency": 7804.286,
  "q_error": 38.900407745332146,
  "inference_time": 0.2058854103088379
}