{
  "predicted_latency": 337.69774436950684,
  "actual_latency": 2276.548,
  "q_error": 6.741377571977545,
  "inference_time": 0.08916378021240234
}