{
  "predicted_latency": 0.010861066170036793,
  "actual_latency": 3.83438,
  "q_error": 353.03900146484375,
  "inference_time": 0.057007789611816406,
  "timestamp": 1744804552.18871
}