{
  "query": "/*+  */ select count(*)\nfrom movie_info AS mi\ninner join title AS t\non t.id = mi.movie_id AND t.production_year < 1964;",
  "predicted_latency": 1226.1130809783936,
  "actual_latency": 2144.057,
  "q_error": 1.748661712579659,
  "inference_time": 0.026164770126342773
}