{
  "predicted_latency": 0.02913774736225605,
  "actual_latency": 0.155798,
  "q_error": 5.346947193145752,
  "inference_time": 0.07869601249694824,
  "timestamp": 1745754320.585563
}