{
  "predicted_latency": 407.4075927734375,
  "inference_time": 0.006114006042480469
}