{
  "predicted_latency": 0.02913774736225605,
  "actual_latency": 4.735424,
  "q_error": 162.51853942871094,
  "inference_time": 0.1643216609954834,
  "timestamp": 1745759054.341596
}