{
  "query": "/*+ NoNestLoop(t ci) */ select count(*)\nfrom title AS t\ninner join cast_info AS ci\non t.id = ci.movie_id AND ci.person_id < 2307100;",
  "predicted_latency": 667.0286655426025,
  "actual_latency": 7250.192,
  "q_error": 10.869385941760454,
  "inference_time": 0.016934633255004883
}