{
  "predicted_latency": 0.02913774736225605,
  "actual_latency": 11.582174,
  "q_error": 397.49725341796875,
  "inference_time": 1.0938537120819092,
  "timestamp": 1745757592.359624
}