{
  "query": "/*+  */ select count(*)\nfrom movie_companies AS mc\ninner join title AS t\non t.id = mc.movie_id AND mc.company_id = 11339;",
  "predicted_latency": 383.5645020008087,
  "actual_latency": 25.942,
  "q_error": 14.785463803901346,
  "inference_time": 0.026257038116455078
}