{
  "predicted_latency": 2621.06982421875,
  "inference_time": 0.02306509017944336
}