{
  "query": "/*+  */ select count(*)\nfrom cast_info AS ci\ninner join title AS t\non t.id = ci.movie_id AND ci.person_id < 2824939 AND ci.role_id = 1 AND t.production_year < 1997;",
  "predicted_latency": 1558.3606958389282,
  "actual_latency": 3083.322,
  "q_error": 1.9785676116145396,
  "inference_time": 0.019502878189086914
}