{
  "predicted_latency": 292.2397255897522,
  "actual_latency": 293.042,
  "q_error": 1.002745261304324,
  "inference_time": 0.055095672607421875
}