{
  "pg_runtime": 5710.42,
  "opt_runtime": 5758.199,
  "pg_slowdown": 0.9917024402942657,
  "pg_opt_diff": -47.77899999999954,
  "original_num_of_plans": 2,
  "pg_plan_card_error": 1.6160831545997438,
  "opt_plan_card_error": 1.0,
  "num_tables": 3,
  "opt_hint": "/*+ Rows(movie_companies title #2609129) Rows(cast_info title #2728943) Rows(cast_info movie_companies title #4450853) */"
}