{
  "query": "/*+  */ select count(*)\nfrom cast_info AS ci\ninner join title AS t\non t.id = ci.movie_id AND t.production_year < 1979;",
  "predicted_latency": 1315.4314756393433,
  "actual_latency": 5121.256,
  "q_error": 3.89321381983117,
  "inference_time": 0.02505326271057129
}