{
  "predicted_latency": 541.2998199462891,
  "actual_latency": 2236.256,
  "q_error": 4.13127054101347,
  "inference_time": 0.05414438247680664
}