{
  "query": "/*+  */ select count(*)\nfrom cast_info AS ci\ninner join title AS t\non t.id = ci.movie_id AND ci.person_id > 1986630 AND ci.role_id = 3 AND t.production_year = 1981;",
  "predicted_latency": 1432.9248666763306,
  "actual_latency": 591.342,
  "q_error": 2.4231745194427767,
  "inference_time": 0.026490449905395508
}