{
  "predicted_latency": 0.0291377454996109,
  "actual_latency": 11.327404,
  "q_error": 388.7536315917969,
  "inference_time": 0.8314623832702637,
  "timestamp": 1745492932.411729
}