{
  "pg_runtime": 172.863,
  "opt_runtime": 165.569,
  "pg_slowdown": 1.0440541405697927,
  "pg_opt_diff": 7.294000000000011,
  "original_num_of_plans": 8,
  "pg_plan_card_error": 940.0,
  "opt_plan_card_error": 1.0,
  "num_tables": 5,
  "opt_hint": "/*+ Rows(mi_idx mk #6172880) Rows(k mk #12951) Rows(mi_idx t #571625) Rows(it mi_idx #448969) Rows(mk t #2742670) Rows(mi_idx mk t #3631792) Rows(k mi_idx mk #14957) Rows(k mk t #7874) Rows(it mi_idx mk #3435922) Rows(it mi_idx t #294217) Rows(it mi_idx mk t #2012691) Rows(it k mi_idx mk #8092) Rows(k mi_idx mk t #8826) Rows(it k mi_idx mk t #4700) */"
}