{
  "predicted_latency": 231.0638278722763,
  "actual_latency": 342.992,
  "q_error": 1.4844036955433524,
  "inference_time": 0.13120627403259277
}