{
  "predicted_latency": 0.0291377454996109,
  "actual_latency": 0.32714299999999996,
  "q_error": 11.22746467590332,
  "inference_time": 0.23885154724121094,
  "timestamp": 1745770102.1392217
}