{
  "predicted_latency": 0.02913774736225605,
  "actual_latency": 8.476168,
  "q_error": 290.89990234375,
  "inference_time": 6.67564582824707,
  "timestamp": 1745452313.3374264
}