{
  "query": "/*+ NoNestLoop(t ci) */ select count(*)\nfrom title AS t\ninner join cast_info AS ci\non t.id = ci.movie_id AND ci.person_id < 1367117;",
  "predicted_latency": 641.2182450294495,
  "actual_latency": 5238.136,
  "q_error": 8.169037672593715,
  "inference_time": 0.026406288146972656
}