{
  "predicted_latency": 0.0291377454996109,
  "actual_latency": 28.13852,
  "q_error": 965.706787109375,
  "inference_time": 1.1949093341827393,
  "timestamp": 1745759117.9789283
}