{
  "predicted_latency": 390.0872497558594,
  "inference_time": 0.007147073745727539
}