{
  "predicted_latency": 0.010861066170036793,
  "actual_latency": 13.176742,
  "q_error": 1213.2088623046875,
  "inference_time": 0.6514694690704346,
  "timestamp": 1744725324.838624
}