{
  "predicted_latency": 1020.427001953125,
  "inference_time": 0.008152246475219727
}