{
  "predicted_latency": 0.02913774363696575,
  "actual_latency": 40.966915,
  "q_error": 1405.97412109375,
  "inference_time": 2.091641902923584,
  "timestamp": 1745761999.4072454
}