{
    "embedding": [
        0.5215582251548767,
        0.5215582251548767,
        0.5494289398193359,
        0.5888744592666626,
        0.5970281362533569,
        1.2218451499938965,
        0.5215582251548767,
        0.5215582251548767,
        1.7569695711135864,
        0.5215582251548767,
        0.5215582251548767,
        0.5215582251548767,
        0.5215582251548767,
        2.2965166568756104,
        3.0476431846618652,
        1.6735881567001343,
        0.5215582251548767,
        1.241259217262268,
        0.5215582251548767,
        2.193099021911621,
        0.5215582251548767,
        3.1671457290649414,
        2.598676919937134,
        0.5215582251548767,
        1.1304142475128174,
        2.5982561111450195,
        0.5215582251548767,
        0.5215582251548767,
        0.5215582251548767,
        0.5215582251548767,
        0.5215582251548767,
        2.760105609893799,
        0.5215582251548767,
        0.5215582251548767,
        2.028587818145752,
        1.8089741468429565,
        0.5215582251548767,
        2.4912381172180176,
        2.4226717948913574,
        0.5215582251548767,
        0.5215582251548767,
        0.5215582251548767,
        0.6032955646514893,
        0.5215582251548767,
        0.7954100966453552,
        0.5215582251548767,
        0.5215582251548767,
        0.7948288321495056,
        0.5215582251548767,
        3.5272114276885986,
        1.8915483951568604,
        1.7140979766845703,
        0.5215582251548767,
        0.5215582251548767,
        2.357836961746216,
        0.5215582251548767,
        0.5215582251548767,
        0.5215582251548767,
        0.5215582251548767,
        0.633340060710907,
        0.5215582251548767,
        2.520508050918579,
        0.5215582251548767,
        3.745704174041748
    ],
    "timestamp": 1754257807.206163
}