{
    "embedding": [
        0.5215582847595215,
        0.5215582847595215,
        0.5494289994239807,
        0.5888744592666626,
        0.5970280766487122,
        1.221845030784607,
        0.5215582847595215,
        0.5215582847595215,
        1.7569695711135864,
        0.5215582847595215,
        0.5215582847595215,
        0.5215582847595215,
        0.5215582847595215,
        2.2965168952941895,
        3.0476436614990234,
        1.6735886335372925,
        0.5215582847595215,
        1.2412595748901367,
        0.5215582847595215,
        2.193099021911621,
        0.5215582847595215,
        3.1671454906463623,
        2.59867787361145,
        0.5215582847595215,
        1.1304142475128174,
        2.598256826400757,
        0.5215582847595215,
        0.5215582847595215,
        0.5215582847595215,
        0.5215582847595215,
        0.5215582847595215,
        2.7601051330566406,
        0.5215582847595215,
        0.5215582847595215,
        2.028587818145752,
        1.8089746236801147,
        0.5215582847595215,
        2.491239070892334,
        2.4226720333099365,
        0.5215582847595215,
        0.5215582847595215,
        0.5215582847595215,
        0.6032955646514893,
        0.5215582847595215,
        0.795409619808197,
        0.5215582847595215,
        0.5215582847595215,
        0.7948287725448608,
        0.5215582847595215,
        3.5272109508514404,
        1.8915486335754395,
        1.7140979766845703,
        0.5215582847595215,
        0.5215582847595215,
        2.3578364849090576,
        0.5215582847595215,
        0.5215582847595215,
        0.5215582847595215,
        0.5215582847595215,
        0.6333402395248413,
        0.5215582847595215,
        2.5205087661743164,
        0.5215582847595215,
        3.74570369720459
    ],
    "timestamp": 1754257806.2556872
}