{
  "predicted_latency": 662.2694730758667,
  "actual_latency": 704.164,
  "q_error": 1.0632590337126018,
  "inference_time": 0.1130063533782959
}