{
  "query": "/*+  */ select count(*)\nfrom cast_info AS ci\ninner join title AS t\non t.id = ci.movie_id AND t.production_year < 1955;",
  "predicted_latency": 1156.6615104675293,
  "actual_latency": 3884.883,
  "q_error": 3.3587034450811,
  "inference_time": 0.015989065170288086
}