{
  "query": "/*+  */ select count(*)\nfrom title AS t\ninner join cast_info AS ci\non t.id = ci.movie_id AND t.kind_id < 3 AND ci.person_id < 1831679 AND ci.role_id > 5;",
  "predicted_latency": 1080.4120302200317,
  "actual_latency": 1172.009,
  "q_error": 1.0847796648111314,
  "inference_time": 0.026922941207885742
}