{
  "predicted_latency": 409.84228515625,
  "inference_time": 0.013410568237304688
}