{
  "predicted_latency": 0.0291377454996109,
  "actual_latency": 46.379622000000005,
  "q_error": 1591.73681640625,
  "inference_time": 0.3381190299987793,
  "timestamp": 1745772662.6365578
}