{
  "query": "/*+  */ select count(*)\nfrom title AS t\ninner join cast_info AS ci\non t.id = ci.movie_id AND ci.person_id > 1121809 AND ci.role_id = 1;",
  "predicted_latency": 898.2682824134827,
  "actual_latency": 2408.956,
  "q_error": 2.681777868776103,
  "inference_time": 0.026757240295410156
}