{
  "predicted_latency": 206.83168029785156,
  "inference_time": 0.00879979133605957
}