{
  "embedding": [
    1.3788390554182086,
    0.734077780176559,
    2.5060806219892995,
    0.10182450277908803,
    0.10182450277908803,
    2.367123210359991,
    0.9277026787524735,
    1.1283561515916303,
    0.6722544684914773,
    1.3834642043978906,
    4.273822612205155,
    4.274175145566981,
    0.10182450277908803,
    2.6543279611362522,
    0.19035187003519824,
    3.548763046920326,
    0.23631580982749195,
    1.698431242951244,
    0.6114199277397002,
    1.1360125821346279,
    0.52981598398902,
    2.981403938256252,
    2.1176089779789686,
    0.10182450277908803,
    0.5619229106952045,
    1.65748915356524,
    3.238141487967336,
    3.1374425027277395,
    3.685102993487659,
    1.5314051490382332,
    3.024018024073064,
    1.5925660097788057,
    0.41785298172111246,
    2.038745147587811,
    2.2208828635468363,
    0.21711219687028938,
    1.0660559497984075,
    0.384091445762473,
    0.767424104142168,
    3.4565211252863786,
    0.10182450277908803,
    4.171455356551085,
    1.823323315059183,
    0.28102916327204913,
    1.3091407432360231,
    3.347855190878545,
    1.8007148371760837,
    2.340202857630393,
    4.255499438789037,
    0.541765267368335,
    0.3002270520450272,
    3.412257661925509,
    3.179503446400768,
    3.3507133346644684,
    0.733623981109654,
    0.9157933155458862,
    3.3705782874026746,
    3.545588374111452,
    1.7922705290881085,
    3.9860136448169814,
    0.10377330742712938,
    1.2019804393196405,
    1.5852563522614136,
    4.838063112480862
  ],
  "timestamp": 1754308966.0086927
}