{
  "embedding": [
    1.1527916000188294,
    0.6845651831186548,
    2.413962267030812,
    0.08750583742202583,
    0.08750583742202583,
    2.2523612976222123,
    0.866724315825685,
    0.9698568035984739,
    0.6630143469851492,
    1.3577798314555904,
    4.018818278310467,
    4.014729484196974,
    0.08750583742202583,
    2.524726505263398,
    0.1802144669646589,
    3.397890325399018,
    0.21534127800963773,
    1.692925040239852,
    0.5706992312384153,
    0.9874189340263698,
    0.45480394289972087,
    2.8187164595640164,
    1.927266336886473,
    0.4059110227169648,
    0.40286275205964484,
    1.5079945691990322,
    3.130770769218565,
    2.9458483346539475,
    3.4343822055311986,
    1.4442963773825455,
    2.8119768364532263,
    1.519027281742002,
    0.4366668923905954,
    1.8758542810831487,
    2.238480327363331,
    0.08750583742202583,
    0.9900071391442629,
    0.33622673806008657,
    0.7531496179444601,
    3.242017074061778,
    0.08750583742202583,
    3.8465751906201158,
    1.7845978083509777,
    0.2724884411502553,
    1.2199654340289343,
    3.1600583958547035,
    1.6306208236990298,
    2.1693261967452453,
    4.03274841819795,
    0.4811542781072806,
    0.15488296362241433,
    3.2332369820855797,
    2.9434983130461445,
    3.0154876069279886,
    0.6968472260933293,
    0.7938492438784429,
    3.2479185469833953,
    3.239689886552288,
    1.654865176573846,
    3.6102322263325455,
    0.08750583742202583,
    1.0843749848306377,
    1.4572632809897381,
    4.555843973030068
  ],
  "timestamp": 1754308607.000321
}