{
  "predicted_latency": 0.02913774363696575,
  "actual_latency": 0.264659,
  "q_error": 9.083029747009277,
  "inference_time": 0.13405823707580566,
  "timestamp": 1745492936.6633174
}