{
  "predicted_latency": 174.46275055408478,
  "actual_latency": 152.77,
  "q_error": 1.1419961416121278,
  "inference_time": 0.06201434135437012
}