{
  "predicted_latency": 0.02913774736225605,
  "actual_latency": 5.517216,
  "q_error": 189.3494415283203,
  "inference_time": 1.7589917182922363,
  "timestamp": 1745757291.51316
}