{
  "query": "/*+  */ select count(*)\nfrom title AS t\ninner join cast_info AS ci\non t.id = ci.movie_id AND ci.person_id > 1209161;",
  "predicted_latency": 906.2046408653259,
  "actual_latency": 7563.801,
  "q_error": 8.346680935972035,
  "inference_time": 0.015127420425415039
}