{
  "embedding": [
    0.08652002276180472,
    0.9395516709247903,
    3.1791061788141914,
    0.08652002276180472,
    0.1331057520779496,
    2.5645508157837695,
    1.2370958792376174,
    2.453446280504165,
    0.7043923784127125,
    1.7661217154900302,
    2.9981650954637735,
    4.198633498281177,
    1.8045348845736577,
    1.8316283718373854,
    0.09124502057829106,
    2.74711935118457,
    1.2583593979018792,
    3.1826367347231255,
    1.0124525643026343,
    1.082662125831663,
    1.6231416487807737,
    2.005811344211594,
    1.350746934659072,
    0.08652002276180472,
    1.035681080864948,
    1.4886747563433518,
    0.8092082920292797,
    1.729768126353972,
    1.6624393203489987,
    1.2715756445894157,
    1.3391665630250842,
    1.5982114678237405,
    0.6617795192785961,
    2.116148973570584,
    4.267420610070995,
    1.5084364735888192,
    0.70383266535706,
    0.22617884949163597,
    1.4570246612538593,
    2.904099470603136,
    1.889668695357741,
    2.1189108189567882,
    2.3310697873779795,
    0.2037230225472412,
    1.5392200165870737,
    2.107717864415335,
    2.9223087793794718,
    2.362408529546108,
    4.498623492438316,
    2.7196039281436692,
    0.4627854241050842,
    3.1319690406184177,
    1.6596935622547626,
    0.11671454166778168,
    0.3632408633983201,
    1.0798137457964327,
    3.208848416628495,
    2.014363340329019,
    1.6636243468674363,
    0.27472466047744987,
    0.21988598661557224,
    0.7590946493126081,
    0.7428371194536586,
    2.7116528960839097
  ],
  "timestamp": 1754304699.0911212
}