{
  "embedding": [
    0.08814672173931133,
    1.7302578580184014,
    3.24353065574706,
    0.08814672173931133,
    0.30192726472987014,
    2.7581819930689466,
    0.7923881825071895,
    2.371149210693001,
    0.7145063385379327,
    1.864617426591464,
    3.1480160709242653,
    4.344562398416419,
    1.98192147538701,
    1.8888733468789272,
    0.10122687168209683,
    2.4854737680375947,
    1.4310877146518488,
    2.8495936411487515,
    1.0448518230915247,
    1.2687938645369257,
    1.58218290362993,
    1.856746370938478,
    1.532425321147088,
    0.08814672173931133,
    0.6233833708110987,
    1.715458249998034,
    0.7269985529189961,
    1.7547631775960593,
    1.7436401341228964,
    2.4496716708025765,
    1.6875160580298119,
    2.0461715192305547,
    1.0235905984382483,
    2.000993209964148,
    3.558503220329215,
    1.9387110648303325,
    0.7026384427773676,
    0.23044997276398116,
    1.7175634145573682,
    3.7926858890391775,
    1.5115488317744958,
    2.184748773875364,
    2.456822801162311,
    0.21418985670392024,
    0.990545089091039,
    2.4079910853670308,
    3.2112058441139752,
    2.9055336135230694,
    4.374235728019597,
    2.35059642390823,
    0.6977488097991655,
    3.2482193320896537,
    2.177916280115358,
    0.568034901206547,
    0.4040200914404497,
    1.3048988684329332,
    2.906913824665343,
    1.7747008208964523,
    2.157541689021819,
    0.20181969873586394,
    0.08814672173931133,
    0.8013522908266522,
    0.9173833270542349,
    2.8128795376277864
  ],
  "timestamp": 1754304733.1085415
}