{
  "query": "/*+  */ select count(*)\nfrom cast_info AS ci\ninner join title AS t\non t.id = ci.movie_id AND ci.person_id > 3077401 AND t.production_year > 2009;",
  "predicted_latency": 1579.2959928512573,
  "actual_latency": 1440.497,
  "q_error": 1.0963549336453025,
  "inference_time": 0.025072813034057617
}