{
  "predicted_latency": 0.02913774363696575,
  "actual_latency": 7.875817,
  "q_error": 270.2960510253906,
  "inference_time": 0.5768463611602783,
  "timestamp": 1745771449.1319563
}