{
  "embedding": [
    0.08378276546086293,
    0.5190293812219788,
    2.7320882156817086,
    0.08378276546086293,
    0.08378276546086293,
    3.012517472301114,
    0.8460050023424472,
    1.0660473151759136,
    0.5966839787887287,
    1.2467908100676452,
    3.9627922894469143,
    2.6956450109187204,
    0.08378276546086293,
    1.565790453661712,
    0.1635565953712505,
    3.2641328581576396,
    0.22543154571357504,
    1.5144420598417068,
    0.549716125231479,
    1.081680177672197,
    0.5052224104507894,
    1.2542803939231526,
    0.6318195127669527,
    0.4534513056418883,
    0.2839244818792831,
    1.4925418750148365,
    2.913617923969495,
    3.3626615232595087,
    3.4312993517685784,
    1.4063706475905031,
    2.8241927822716364,
    1.441565397383648,
    0.3422361760510153,
    3.1348819143803186,
    1.9786912318790577,
    0.12051657855368081,
    0.08378276546086293,
    0.3474386214703534,
    0.682981878089626,
    3.1991194199831434,
    0.08378276546086293,
    5.236351610040936,
    1.6327487517157548,
    0.24384861686113282,
    2.018695940602979,
    3.094616051168179,
    1.6883399854406134,
    2.1827538353416713,
    3.9348497667991866,
    0.37582290658235923,
    0.14759717222464827,
    3.1489801342311003,
    2.1301035466004237,
    0.4723854051410802,
    0.3670298267535542,
    0.8563992176717318,
    3.079609766406914,
    3.6915472174145783,
    1.6642463396326643,
    0.9429442172660619,
    0.10806663958299574,
    1.129403507289825,
    1.4626841730676519,
    6.038870555944617
  ],
  "timestamp": 1754307855.6702542
}