{
  "embedding": [
    0.09596031423934495,
    0.559293067407608,
    2.8864978346123404,
    0.09596031423934495,
    0.09596031423934495,
    3.171276186682366,
    0.8975243118213346,
    1.2073465276915136,
    0.5944521632421009,
    1.2689094078420826,
    4.19865106552562,
    2.8308070040231956,
    0.09596031423934495,
    1.64813948421739,
    0.1738876845285487,
    3.4280332153631115,
    0.22955561424367402,
    1.5064327207933703,
    0.5888156320131557,
    1.2246963647467763,
    0.6043770019522658,
    1.298562376435006,
    0.698599159448855,
    0.09596031423934495,
    0.3298598322066959,
    1.591634674833381,
    3.013816413440686,
    3.5925927266243955,
    3.676641438556913,
    1.4735905778750547,
    3.0315128847853687,
    1.4946249717273115,
    0.3125445106104949,
    3.419372904491422,
    1.9457810221542595,
    0.27123920570855836,
    0.09596031423934495,
    0.3876403875999317,
    0.6953871402530688,
    3.39794646448353,
    0.09596031423934495,
    5.7037939609085315,
    1.6577149417542105,
    0.25444083692670355,
    2.2242798499573557,
    3.271913184860364,
    1.8619902556456345,
    2.3428135019089154,
    4.141261069124104,
    0.4735064277415067,
    0.24215763462372075,
    3.3187039840118167,
    2.291051927649531,
    0.5676704074532462,
    0.35786067974321933,
    0.9737884848264511,
    3.1926240303860434,
    3.9708368215522354,
    1.7953202820236311,
    1.0681218833350392,
    0.21107159387483493,
    1.2364225731008867,
    1.5762870661178578,
    6.463796577671884
  ],
  "timestamp": 1754308171.38571
}