{
  "predicted_latency": 545.1026558876038,
  "actual_latency": 235.948,
  "q_error": 2.310266058146726,
  "inference_time": 0.058831214904785156
}