{
  "predicted_latency": 315.8656656742096,
  "actual_latency": 2694.245,
  "q_error": 8.529717828777567,
  "inference_time": 0.09179806709289551
}