{
  "query": "/*+  */ select count(*)\nfrom movie_keyword AS mk\ninner join title AS t\non t.id = mk.movie_id AND mk.keyword_id < 39973;",
  "predicted_latency": 1202.9021978378296,
  "actual_latency": 1130.277,
  "q_error": 1.064254335740557,
  "inference_time": 0.02058100700378418
}