{
  "query": "/*+  */ select count(*)\nfrom movie_companies AS mc\ninner join title AS t\non t.id = mc.movie_id AND mc.company_id > 180873;",
  "predicted_latency": 606.4895987510681,
  "actual_latency": 330.008,
  "q_error": 1.837802716149512,
  "inference_time": 0.018445730209350586
}