{
  "query": "/*+  */ select count(*)\nfrom cast_info AS ci\ninner join title AS t\non t.id = ci.movie_id AND ci.person_id < 994013 AND ci.role_id = 1 AND t.production_year < 1962;",
  "predicted_latency": 1341.2607908248901,
  "actual_latency": 1738.703,
  "q_error": 1.2963198595633878,
  "inference_time": 0.012064218521118164
}