{
  "predicted_latency": 755.0835571289062,
  "inference_time": 0.020041942596435547
}