{
  "predicted_latency": 555.4638504981995,
  "actual_latency": 23.492,
  "q_error": 23.644808892312252,
  "inference_time": 0.03459429740905762
}