{
  "predicted_latency": 0.010861066170036793,
  "actual_latency": 6.660953,
  "q_error": 613.2872314453125,
  "inference_time": 0.0906212329864502,
  "timestamp": 1744800549.514799
}