{
  "predicted_latency": 406.23942017555237,
  "actual_latency": 4918.225,
  "q_error": 12.106715290885946,
  "inference_time": 0.13817691802978516
}