{
  "query": "/*+  */ select count(*)\nfrom title AS t\ninner join cast_info AS ci\non t.id = ci.movie_id AND t.kind_id = 1 AND t.production_year < 2008 AND ci.person_id > 1012076;",
  "predicted_latency": 1498.6040592193604,
  "actual_latency": 4698.276,
  "q_error": 3.1351016107933036,
  "inference_time": 0.016900062561035156
}