{
  "query": "/*+ NoNestLoop(t ci) */ select count(*)\nfrom title AS t\ninner join cast_info AS ci\non t.id = ci.movie_id AND ci.person_id < 142567;",
  "predicted_latency": 557.8581690788269,
  "actual_latency": 1000.677,
  "q_error": 1.7937838960974355,
  "inference_time": 0.024518251419067383
}