{
  "query": "/*+  */ select count(*)\nfrom cast_info AS ci\ninner join title AS t\non t.id = ci.movie_id AND ci.person_id > 3125165 AND ci.role_id > 3 AND t.production_year > 2010;",
  "predicted_latency": 1430.8875799179077,
  "actual_latency": 1790.796,
  "q_error": 1.251528090070319,
  "inference_time": 0.018939971923828125
}