{
  "predicted_latency": 1017.0488357543945,
  "actual_latency": 1616.838,
  "q_error": 1.5897348712864046,
  "inference_time": 0.0788733959197998
}