{
  "query": "/*+  */ select count(*)\nfrom title AS t\ninner join cast_info AS ci\non t.id = ci.movie_id AND ci.person_id < 2798071;",
  "predicted_latency": 1080.967664718628,
  "actual_latency": 8389.413,
  "q_error": 7.7610212347875684,
  "inference_time": 0.013991355895996094
}