{
  "query": "/*+ NoNestLoop(t ci) */ select count(*)\nfrom title AS t\ninner join cast_info AS ci\non t.id = ci.movie_id AND ci.person_id < 197886;",
  "predicted_latency": 576.7399668693542,
  "actual_latency": 1232.648,
  "q_error": 2.1372682158495615,
  "inference_time": 0.029327869415283203
}