{
  "query": "/*+  */ select count(*)\nfrom title AS t\ninner join cast_info AS ci\non t.id = ci.movie_id AND t.production_year > 2009 AND ci.person_id < 1447774 AND ci.role_id = 1;",
  "predicted_latency": 1497.7003335952759,
  "actual_latency": 2449.967,
  "q_error": 1.6358192256783295,
  "inference_time": 0.01978158950805664
}