{
  "predicted_latency": 579.0237188339233,
  "actual_latency": 114.273,
  "q_error": 5.067021245910437,
  "inference_time": 0.06292176246643066
}