{
  "predicted_latency": 0.0291377454996109,
  "actual_latency": 0.13389199999999998,
  "q_error": 4.595139503479004,
  "inference_time": 0.6025853157043457,
  "timestamp": 1745756088.4997988
}