{
  "predicted_latency": 565.6321048736572,
  "actual_latency": 23.365,
  "q_error": 24.208521501119506,
  "inference_time": 0.03463554382324219
}