{
  "query": "/*+  */ select count(*)\nfrom movie_companies AS mc\ninner join title AS t\non t.id = mc.movie_id AND mc.company_id < 164733;",
  "predicted_latency": 1179.6518564224243,
  "actual_latency": 1084.566,
  "q_error": 1.0876718027509846,
  "inference_time": 0.0267946720123291
}