{
  "predicted_latency": 534.4199829101562,
  "inference_time": 0.011628150939941406
}