{
  "query": "/*+  */ select count(*)\nfrom title AS t\ninner join cast_info AS ci\non t.id = ci.movie_id AND ci.person_id < 3007038 AND ci.role_id = 8;",
  "predicted_latency": 1060.198426246643,
  "actual_latency": 1035.6,
  "q_error": 1.0237528256533828,
  "inference_time": 0.013091325759887695
}