{
  "query": "/*+  */ select count(*)\nfrom title AS t\ninner join cast_info AS ci\non t.id = ci.movie_id AND ci.person_id > 2358765 AND ci.role_id > 1;",
  "predicted_latency": 931.7240118980408,
  "actual_latency": 5315.227,
  "q_error": 5.70472257033733,
  "inference_time": 0.02955913543701172
}