{
  "predicted_latency": 0.02913774736225605,
  "actual_latency": 3.903623,
  "q_error": 133.97134399414062,
  "inference_time": 0.22378087043762207,
  "timestamp": 1745481339.8028078
}