{
  "predicted_latency": 689.1294717788696,
  "actual_latency": 411.993,
  "q_error": 1.6726727681753564,
  "inference_time": 0.0812985897064209
}