{
  "query": "/*+ NoNestLoop(t ci) */ select count(*)\nfrom title AS t\ninner join cast_info AS ci\non t.id = ci.movie_id AND ci.person_id > 3181515;",
  "predicted_latency": 614.5123839378357,
  "actual_latency": 2083.049,
  "q_error": 3.3897591886622127,
  "inference_time": 0.026463985443115234
}