{
  "query": "/*+ NoNestLoop(t ci) */ select count(*)\nfrom title AS t\ninner join cast_info AS ci\non t.id = ci.movie_id AND ci.person_id < 1209047;",
  "predicted_latency": 639.3620371818542,
  "actual_latency": 5320.048,
  "q_error": 8.320869383251816,
  "inference_time": 0.017058610916137695
}