{
  "query": "/*+  */ select count(*)\nfrom title AS t\ninner join movie_keyword AS mk\non t.id = mk.movie_id AND t.production_year > 2003 AND mk.keyword_id < 12664;",
  "predicted_latency": 1293.4701442718506,
  "actual_latency": 766.306,
  "q_error": 1.6879290313162765,
  "inference_time": 0.017895221710205078
}