{
  "query": "/*+  */ select count(*)\nfrom title AS t\ninner join cast_info AS ci\non t.id = ci.movie_id AND t.kind_id < 2 AND ci.person_id > 1475057;",
  "predicted_latency": 1239.451289176941,
  "actual_latency": 4724.039,
  "q_error": 3.811395446719817,
  "inference_time": 0.030826568603515625
}