{
  "predicted_latency": 0.02913774736225605,
  "actual_latency": 0.727506,
  "q_error": 24.967819213867188,
  "inference_time": 0.19693660736083984,
  "timestamp": 1745771240.3077018
}