{
  "query": "/*+  */ select count(*)\nfrom movie_keyword AS mk\ninner join title AS t\non t.id = mk.movie_id AND mk.keyword_id < 70195;",
  "predicted_latency": 1248.6681938171387,
  "actual_latency": 1311.038,
  "q_error": 1.0499490629229522,
  "inference_time": 0.21683311462402344
}