{
  "query": "/*+  */ select count(*)\nfrom title AS t\ninner join cast_info AS ci\non t.id = ci.movie_id AND ci.person_id < 965981 AND ci.role_id > 1;",
  "predicted_latency": 922.5955605506897,
  "actual_latency": 2362.17,
  "q_error": 2.5603526626445507,
  "inference_time": 0.010338544845581055
}