{
  "query": "/*+  */ select count(*)\nfrom title AS t\ninner join movie_info AS mi\non t.id = mi.movie_id AND t.production_year < 1983;",
  "predicted_latency": 1186.7550611495972,
  "actual_latency": 2614.442,
  "q_error": 2.2030173584997543,
  "inference_time": 0.03329157829284668
}