{
  "query": "/*+  */ select count(*)\nfrom title AS t\ninner join cast_info AS ci\non t.id = ci.movie_id AND ci.person_id > 1350388;",
  "predicted_latency": 838.617742061615,
  "actual_latency": 7229.837,
  "q_error": 8.62113527699347,
  "inference_time": 0.030261754989624023
}