{
  "predicted_latency": -57.369742542505264,
  "actual_latency": 0.416,
  "q_error": -0.007251209114138614,
  "inference_time": 0.04259777069091797
}