{
  "predicted_latency": 593.7498807907104,
  "actual_latency": 2982.635,
  "q_error": 5.023386271720941,
  "inference_time": 0.07481861114501953
}