{
  "query": "/*+  */ select count(*)\nfrom movie_companies AS mc\ninner join title AS t\non t.id = mc.movie_id AND mc.company_id = 44018;",
  "predicted_latency": 383.5645020008087,
  "actual_latency": 12.393,
  "q_error": 30.950092955766053,
  "inference_time": 0.030890226364135742
}