{
  "predicted_latency": 0.02913774736225605,
  "actual_latency": 5.467459,
  "q_error": 187.6417999267578,
  "inference_time": 0.24007153511047363,
  "timestamp": 1745761732.924777
}