{
  "predicted_latency": 0.02913774736225605,
  "actual_latency": 5.168952,
  "q_error": 177.39710998535156,
  "inference_time": 1.1829841136932373,
  "timestamp": 1745757123.2543068
}