{
  "query": "/*+ NoNestLoop(ci t) */ select count(*)\nfrom cast_info AS ci\ninner join title AS t\non t.id = ci.movie_id AND ci.person_id < 3753037;",
  "predicted_latency": 1150.6726741790771,
  "actual_latency": 10927.39,
  "q_error": 9.496523420785945,
  "inference_time": 0.01970362663269043
}