{
  "predicted_latency": 0.02913774363696575,
  "actual_latency": 84.916532,
  "q_error": 2914.31396484375,
  "inference_time": 4.3059399127960205,
  "timestamp": 1745452925.2750442
}