{
  "query": "/*+  */ select count(*)\nfrom title AS t\ninner join cast_info AS ci\non t.id = ci.movie_id AND ci.person_id > 1077425;",
  "predicted_latency": 980.5627465248108,
  "actual_latency": 8157.296,
  "q_error": 8.31899440286721,
  "inference_time": 0.018056631088256836
}