{
  "predicted_latency": 473.51080322265625,
  "inference_time": 0.006697177886962891
}