{
  "predicted_latency": 0.02913774736225605,
  "actual_latency": 0.22596,
  "q_error": 7.754889011383057,
  "inference_time": 0.08844399452209473,
  "timestamp": 1745762056.9636946
}