{
  "query": "/*+ NoNestLoop(t ci) */ select count(*)\nfrom title AS t\ninner join cast_info AS ci\non t.id = ci.movie_id AND ci.person_id > 3030578;",
  "predicted_latency": 619.5877194404602,
  "actual_latency": 2892.223,
  "q_error": 4.667979866695744,
  "inference_time": 0.018613576889038086
}