{
  "predicted_latency": 495.038241147995,
  "actual_latency": 2660.0,
  "q_error": 5.373322258562193,
  "inference_time": 0.08493685722351074
}