{
  "query": "/*+  */ select count(*)\nfrom cast_info AS ci\ninner join title AS t\non t.id = ci.movie_id AND ci.person_id > 934698 AND t.production_year > 2006;",
  "predicted_latency": 1569.0511465072632,
  "actual_latency": 6011.665,
  "q_error": 3.831401553341379,
  "inference_time": 0.018319129943847656
}