{
  "query": "/*+  */ select count(*)\nfrom cast_info AS ci\ninner join title AS t\non t.id = ci.movie_id AND ci.person_id > 521514 AND t.production_year < 1981;",
  "predicted_latency": 1544.7947978973389,
  "actual_latency": 6113.525,
  "q_error": 3.957499732858552,
  "inference_time": 0.019217252731323242
}