{
  "query": "/*+  */ select count(*)\nfrom title AS t\ninner join movie_companies AS mc\non t.id = mc.movie_id AND t.kind_id < 7 AND mc.company_id > 190648;",
  "predicted_latency": 504.47553396224976,
  "actual_latency": 267.021,
  "q_error": 1.8892728810177841,
  "inference_time": 0.026270389556884766
}