{
  "query": "/*+  */ select count(*)\nfrom title AS t\ninner join movie_keyword AS mk\non t.id = mk.movie_id AND mk.keyword_id > 51584;",
  "predicted_latency": 494.7813153266907,
  "actual_latency": 744.665,
  "q_error": 1.5050386442105597,
  "inference_time": 0.02821636199951172
}