{
  "query": "/*+  */ select count(*)\nfrom cast_info AS ci\ninner join title AS t\non t.id = ci.movie_id AND ci.person_id < 3054836 AND t.kind_id < 7;",
  "predicted_latency": 1436.020016670227,
  "actual_latency": 6292.891,
  "q_error": 4.382174988473801,
  "inference_time": 0.021733760833740234
}