{
  "predicted_latency": 0.02913774736225605,
  "actual_latency": 5.199851,
  "q_error": 178.45755004882812,
  "inference_time": 0.8109700679779053,
  "timestamp": 1745772972.7131028
}