{
  "predicted_latency": 490.90221524238586,
  "actual_latency": 53.846,
  "q_error": 9.116781473877092,
  "inference_time": 0.14879703521728516
}