{
    "embedding": [
        0.6372748613357544,
        0.6372748613357544,
        0.6372748613357544,
        0.8319883942604065,
        0.6372748613357544,
        1.6487494707107544,
        0.6372748613357544,
        0.6372748613357544,
        0.8173508644104004,
        0.6372748613357544,
        0.6372748613357544,
        0.6372748613357544,
        0.6372748613357544,
        2.2083585262298584,
        4.218647480010986,
        0.8356549143791199,
        0.6372748613357544,
        2.634658098220825,
        0.6372748613357544,
        2.806319236755371,
        0.6372748613357544,
        0.6965094208717346,
        3.2482829093933105,
        0.6372748613357544,
        0.9993969202041626,
        1.341031551361084,
        0.6372748613357544,
        0.6372748613357544,
        0.6372748613357544,
        0.6372748613357544,
        4.290708541870117,
        1.2216788530349731,
        0.6372748613357544,
        0.6372748613357544,
        1.4743387699127197,
        2.4162607192993164,
        0.6372748613357544,
        2.0066213607788086,
        3.1600277423858643,
        0.6372748613357544,
        0.6372748613357544,
        0.6372748613357544,
        0.8895224928855896,
        0.6372748613357544,
        0.909413754940033,
        0.6372748613357544,
        0.6372748613357544,
        1.2203037738800049,
        0.6372748613357544,
        2.882248640060425,
        2.0850682258605957,
        1.6120223999023438,
        0.6372748613357544,
        0.6372748613357544,
        3.061546564102173,
        0.6372748613357544,
        0.6372748613357544,
        0.6372748613357544,
        0.6372748613357544,
        0.6484910249710083,
        0.6372748613357544,
        0.6372748613357544,
        0.6372748613357544,
        3.2358341217041016
    ],
    "timestamp": 1754257797.5565782
}