{
    "embedding": [
        0.6372748613357544,
        0.6372748613357544,
        0.6372748613357544,
        0.831988513469696,
        0.6372748613357544,
        1.6487499475479126,
        0.6372748613357544,
        0.6372748613357544,
        0.8173507452011108,
        0.6372748613357544,
        0.6372748613357544,
        0.6372748613357544,
        0.6372748613357544,
        2.2083587646484375,
        4.2186479568481445,
        0.8356546759605408,
        0.6372748613357544,
        2.634657859802246,
        0.6372748613357544,
        2.806318998336792,
        0.6372748613357544,
        0.6965092420578003,
        3.2482829093933105,
        0.6372748613357544,
        0.9993969202041626,
        1.3410314321517944,
        0.6372748613357544,
        0.6372748613357544,
        0.6372748613357544,
        0.6372748613357544,
        4.290708541870117,
        1.2216788530349731,
        0.6372748613357544,
        0.6372748613357544,
        1.4743385314941406,
        2.4162607192993164,
        0.6372748613357544,
        2.0066213607788086,
        3.1600279808044434,
        0.6372748613357544,
        0.6372748613357544,
        0.6372748613357544,
        0.8895225524902344,
        0.6372748613357544,
        0.9094139337539673,
        0.6372748613357544,
        0.6372748613357544,
        1.2203036546707153,
        0.6372748613357544,
        2.8822484016418457,
        2.085068464279175,
        1.6120223999023438,
        0.6372748613357544,
        0.6372748613357544,
        3.061546564102173,
        0.6372748613357544,
        0.6372748613357544,
        0.6372748613357544,
        0.6372748613357544,
        0.6484909057617188,
        0.6372748613357544,
        0.6372748613357544,
        0.6372748613357544,
        3.2358341217041016
    ],
    "timestamp": 1754257800.155132
}