{
  "predicted_latency": 476.2873351573944,
  "actual_latency": 188.893,
  "q_error": 2.5214663071548147,
  "inference_time": 0.051242828369140625
}