{
  "query": "/*+  */ select count(*)\nfrom movie_keyword AS mk\ninner join title AS t\non t.id = mk.movie_id AND mk.keyword_id > 359;",
  "predicted_latency": 1200.9868621826172,
  "actual_latency": 1227.107,
  "q_error": 1.0217488955457126,
  "inference_time": 0.7082359790802002
}