{
  "predicted_latency": 435.59134006500244,
  "actual_latency": 5348.355,
  "q_error": 12.278377708798974,
  "inference_time": 0.07803654670715332
}