{
  "predicted_latency": 0.0291377454996109,
  "actual_latency": 2.9067890000000003,
  "q_error": 99.76026153564453,
  "inference_time": 0.07913494110107422,
  "timestamp": 1745758714.1550362
}