{
  "query": "/*+  */ select count(*)\nfrom title AS t\ninner join cast_info AS ci\non t.id = ci.movie_id AND ci.person_id > 1348642 AND ci.role_id < 3;",
  "predicted_latency": 838.9319181442261,
  "actual_latency": 4401.972,
  "q_error": 5.247114700007431,
  "inference_time": 0.027109146118164062
}