{
  "query": "/*+  */ select count(*)\nfrom title AS t\ninner join cast_info AS ci\non t.id = ci.movie_id AND ci.person_id < 1831036 AND ci.role_id < 5;",
  "predicted_latency": 1109.742522239685,
  "actual_latency": 5951.391,
  "q_error": 5.362857492374797,
  "inference_time": 0.026364564895629883
}