{
  "predicted_latency": 493.7766194343567,
  "actual_latency": 1707.974,
  "q_error": 3.459001363727106,
  "inference_time": 0.08151936531066895
}