{
  "query": "/*+  */ select count(*)\nfrom movie_info AS mi\ninner join title AS t\non t.id = mi.movie_id AND t.production_year < 1941;",
  "predicted_latency": 1181.3024282455444,
  "actual_latency": 2664.572,
  "q_error": 2.25562221518277,
  "inference_time": 0.026673316955566406
}