{
  "predicted_latency": 0.0291377454996109,
  "actual_latency": 2.668137,
  "q_error": 91.56978607177734,
  "inference_time": 3.0484766960144043,
  "timestamp": 1745479295.9264257
}