{
  "query": "/*+ NoNestLoop(t ci) */ select count(*)\nfrom title AS t\ninner join cast_info AS ci\non t.id = ci.movie_id AND ci.person_id > 3096479;",
  "predicted_latency": 617.8131699562073,
  "actual_latency": 2340.996,
  "q_error": 3.7891649350335763,
  "inference_time": 0.021747827529907227
}