{
  "predicted_latency": 0.02913774736225605,
  "actual_latency": 0.14630600000000002,
  "q_error": 5.021183967590332,
  "inference_time": 0.18680453300476074,
  "timestamp": 1745481176.564709
}