{
  "predicted_latency": 358.9253845214844,
  "inference_time": 0.011197805404663086
}