{
  "query": "/*+  */ select count(*)\nfrom movie_companies AS mc\ninner join title AS t\non t.id = mc.movie_id AND mc.company_id > 106338;",
  "predicted_latency": 810.5765581130981,
  "actual_latency": 455.479,
  "q_error": 1.7796134577293314,
  "inference_time": 0.02628016471862793
}