{
  "predicted_latency": 33.147092908620834,
  "actual_latency": 14.018,
  "q_error": 2.364609281539509,
  "inference_time": 0.03461098670959473
}