{
  "query": "/*+  */ select count(*)\nfrom title AS t\ninner join cast_info AS ci\non t.id = ci.movie_id AND t.production_year > 2008;",
  "predicted_latency": 1300.4567623138428,
  "actual_latency": 6327.168,
  "q_error": 4.8653428421121525,
  "inference_time": 0.029381990432739258
}