{
  "predicted_latency": 1614.265625,
  "inference_time": 0.0503082275390625
}