{
  "predicted_latency": 1242.3173828125,
  "inference_time": 0.031624555587768555
}