{
  "predicted_latency": 754.0308237075806,
  "actual_latency": 2461.802,
  "q_error": 3.264855921798109,
  "inference_time": 0.11656570434570312
}