{
  "query": "/*+  */ select count(*)\nfrom movie_keyword AS mk\ninner join title AS t\non t.id = mk.movie_id AND mk.keyword_id < 79384;",
  "predicted_latency": 1271.2353467941284,
  "actual_latency": 1469.626,
  "q_error": 1.1560613097379522,
  "inference_time": 0.029093503952026367
}