{
  "query": "/*+  */ select count(*)\nfrom title AS t\ninner join movie_info AS mi\non t.id = mi.movie_id AND t.kind_id > 4;",
  "predicted_latency": 893.1512236595154,
  "actual_latency": 3670.384,
  "q_error": 4.109476539662911,
  "inference_time": 0.027861833572387695
}