{
  "query": "/*+ NoNestLoop(t ci) */ select count(*)\nfrom title AS t\ninner join cast_info AS ci\non t.id = ci.movie_id AND ci.person_id < 1662900;",
  "predicted_latency": 666.2185192108154,
  "actual_latency": 6124.398,
  "q_error": 9.192776579154236,
  "inference_time": 0.015356063842773438
}