{
  "predicted_latency": 589.4776611328125,
  "inference_time": 0.00529026985168457
}