{
  "pg_runtime": 7152.83,
  "opt_runtime": 2695.833,
  "pg_slowdown": 2.6532912090622824,
  "pg_opt_diff": 4456.996999999999,
  "original_num_of_plans": 10,
  "pg_plan_card_error": 52306.0,
  "opt_plan_card_error": 1.0,
  "num_tables": 7,
  "opt_hint": "/*+ Rows(ci n #268710) Rows(mc t #2609129) Rows(k mk #41840) Rows(cn mc #2609129) Rows(ci t #36244344) Rows(ci mc #80274241) Rows(mk t #4523930) Rows(mc mk #34863638) Rows(ci mk #215765477) Rows(cn mc t #2609129) Rows(k mc mk #148552) Rows(ci n t #268710) Rows(ci mk t #215765477) Rows(ci mc mk #3101350543) Rows(ci k mk #1038393) Rows(k mk t #41840) Rows(ci mc n #602897) Rows(cn mc mk #34863638) Rows(ci mc t #80274241) Rows(mc mk t #34863638) Rows(ci cn mc #80274241) Rows(ci mk n #1553603) Rows(cn k mc mk #148552) Rows(ci cn mc mk #3101350543) Rows(ci mc n t #602897) Rows(k mc mk t #148552) Rows(ci mc mk n #23379521) Rows(ci cn mc t #80274241) Rows(ci k mk n #6642) Rows(ci cn mc n #602897) Rows(cn mc mk t #34863638) Rows(ci mc mk t #3101350543) Rows(ci mk n t #1553603) Rows(ci k mk t #1038393) Rows(ci k mc mk #7796926) Rows(ci cn mc n t #602897) Rows(ci cn mc mk n #23379521) Rows(ci k mc mk n #52306) Rows(ci k mc mk t #7796926) Rows(ci k mk n t #6642) Rows(cn k mc mk t #148552) Rows(ci cn mc mk t #3101350543) Rows(ci mc mk n t #23379521) Rows(ci cn k mc mk #7796926) Rows(ci cn k mc mk t #7796926) Rows(ci cn mc mk n t #23379521) Rows(ci k mc mk n t #52306) Rows(ci cn k mc mk n #52306) Rows(ci cn k mc mk n t #52306) */"
}