{
  "predicted_latency": 0.0291377454996109,
  "actual_latency": 46.976395,
  "q_error": 1612.2178955078125,
  "inference_time": 0.08084654808044434,
  "timestamp": 1745758999.7289217
}