{
  "predicted_latency": 0.0291377454996109,
  "actual_latency": 98.009474,
  "q_error": 3363.66015625,
  "inference_time": 0.12307167053222656,
  "timestamp": 1745761223.71436
}