{
  "embedding": [
    2.232911362871945,
    2.969433824437185,
    3.1111634376602995,
    0.03553921495825703,
    0.8285700469816344,
    6.032249695090501,
    2.3297845983101437,
    0.8853033457782005,
    1.0969296030717854,
    3.8619779674182353,
    2.9307578573133224,
    5.951167681643561,
    1.9486246445315143,
    2.1673078460770814,
    0.27083682802206477,
    3.1592869296178656,
    1.281378510100034,
    2.307878726986113,
    0.6185795652316609,
    3.29208343087868,
    2.2190266453320304,
    3.859964631247377,
    3.0781887898435354,
    0.8444201875276265,
    1.470154781343625,
    1.3694035382513008,
    4.4203180808499365,
    7.294867333280646,
    1.7143380937639239,
    4.056597410324769,
    3.074264900523927,
    1.963230594215181,
    1.6367025150206198,
    2.2003367726726535,
    2.3573704291536575,
    0.03553921495825703,
    1.5500033688452504,
    0.28132385527416814,
    0.48785211159045067,
    3.4158875954529893,
    1.9391101470600471,
    2.6741656885337917,
    2.6436622230322877,
    1.892099989236546,
    2.7317640774257352,
    3.0382968722661494,
    0.2459853429518025,
    2.1819813026022197,
    3.869269833455458,
    4.0512874073084495,
    1.332398963376181,
    1.119073882937198,
    1.804478680062946,
    4.65144468815814,
    1.3919992431230466,
    1.8063818929429136,
    3.4110118922663606,
    2.750843934368944,
    2.0297719021453235,
    4.707844378222898,
    0.03553921495825703,
    2.7830971863756915,
    0.40450553983737875,
    2.2284460388402025
  ],
  "timestamp": 1754304824.956164
}