{
  "embedding": [
    2.071656168434145,
    3.7438919367160723,
    3.2761863368238573,
    0.0654277432494158,
    1.1382152052321266,
    3.844740410490357,
    4.346044749669819,
    0.6273653238112951,
    1.58182803876065,
    2.3050358056116966,
    2.8297998772348025,
    5.708605991921241,
    1.686011380908961,
    1.4985973421910013,
    0.29724831399422075,
    3.0860016191787807,
    1.173316162451363,
    2.418000120840598,
    1.4600619878169379,
    3.0755503785984297,
    3.7667089143396546,
    3.73854869355471,
    3.645497948474566,
    0.8285983679111316,
    1.3742449522144593,
    3.2400858488524245,
    2.40490735274203,
    5.260178867617235,
    2.6970425138377947,
    4.88653239265048,
    3.648672801893882,
    2.349601404728871,
    1.8433324227030583,
    0.2951306500941972,
    2.3438339888643425,
    0.11164294978167368,
    1.492702388861395,
    0.5469076535026791,
    1.9338955231600217,
    3.2967022386344396,
    3.2488384427040287,
    2.3149503129407285,
    0.6731937027975026,
    2.376528129853979,
    4.59620313019455,
    2.9342170384877817,
    0.0654277432494158,
    2.07745427680174,
    3.776243400988937,
    3.690699040698266,
    1.012650585739675,
    1.6049820857525106,
    1.7305304345102643,
    3.4760397451105853,
    1.3688434698062895,
    2.1491751521772278,
    2.2976206353617297,
    2.5422242307133525,
    2.406415579196687,
    4.425061121535186,
    0.0654277432494158,
    2.7710453506762374,
    0.3993172990786323,
    2.1826092911959902
  ],
  "timestamp": 1754304904.1158113
}