{
  "predicted_latency": 262.380615234375,
  "inference_time": 0.03656458854675293
}