{
  "predicted_latency": 430.7856140136719,
  "inference_time": 0.024468421936035156
}