{
  "query": "/*+  */ select count(*)\nfrom title AS t\ninner join cast_info AS ci\non t.id = ci.movie_id AND ci.person_id < 306106 AND ci.role_id > 1;",
  "predicted_latency": 880.4046511650085,
  "actual_latency": 1254.181,
  "q_error": 1.424550629463834,
  "inference_time": 0.01716446876525879
}