{
  "pg_runtime": 103.196,
  "opt_runtime": 47.798,
  "pg_slowdown": 2.1590024687225404,
  "pg_opt_diff": 55.397999999999996,
  "original_num_of_plans": 50,
  "pg_plan_card_error": 1410.0,
  "opt_plan_card_error": 1.0,
  "num_tables": 9,
  "opt_hint": "/*+ Rows(mi mk #612026) Rows(lt ml #2315) Rows(ml t #13627) Rows(k mk #10544) Rows(mc t #546306) Rows(cn mc #240875) Rows(mk ml #288192) Rows(mi t #60806) Rows(mc mi #164203) Rows(mk t #2011296) Rows(mc ml #43026) Rows(mc mk #6719220) Rows(mi ml #4124) Rows(ct mc #1193928) Rows(lt ml t #1332) Rows(lt mi ml #2782) Rows(mi mk ml #48622) Rows(cn mc mk #1483541) Rows(mc mk t #3185481) Rows(mk ml t #170868) Rows(cn ct mc #224256) Rows(mc mk ml #732182) Rows(cn mc mi #63835) Rows(ct mc mk #5975292) Rows(lt mk ml #17543) Rows(k mk t #5541) Rows(mc mi ml #11659) Rows(cn mc t #95217) Rows(mc mi mk #1336771) Rows(k mk ml #251) Rows(k mc mk #14331) Rows(ct mc mi #155177) Rows(cn mc ml #3079) Rows(ct mc t #500448) Rows(k mi mk #1520) Rows(mc ml t #25214) Rows(mi ml t #1844) Rows(mc mi t #68665) Rows(ct mc ml #36283) Rows(lt mc ml #5069) Rows(mi mk t #265913) Rows(cn mc mk ml #49014) Rows(cn ct mc ml #2801) Rows(mc mi mk t #584925) Rows(cn lt mc ml #1200) Rows(lt mi mk ml #15532) Rows(k mi mk t #1069) Rows(k mc mi mk #3014) Rows(k lt mk ml #199) Rows(ct k mc mk #11915) Rows(mc mi mk ml #142387) Rows(ct mc mi mk #1222002) Rows(cn k mc mk #2802) Rows(lt mk ml t #12059) Rows(mi mk ml t #15001) Rows(k mi mk ml #684) Rows(cn mc mi mk #479758) Rows(mc mk ml t #437931) Rows(lt mc ml t #3313) Rows(k mk ml t #199) Rows(ct mc mi t #62705) Rows(ct mc ml t #19453) Rows(cn mc ml t #1860) Rows(cn ct mc mk #1337515) Rows(cn mc mi t #21255) Rows(ct lt mc ml #4393) Rows(lt mi ml t #1311) Rows(lt mc mi ml #9702) Rows(ct mc mi ml #10531) Rows(cn mc mi ml #4127) Rows(cn ct mc mi #61621) Rows(k mc mk ml #1173) Rows(mc mi ml t #7325) Rows(ct mc mk t #2693976) Rows(k mc mk t #8138) Rows(cn mc mk t #682359) Rows(cn ct mc t #86330) Rows(lt mc mk ml #54010) Rows(ct mc mk ml #610301) Rows(cn ct mc mk ml #40379) Rows(k lt mk ml t #152) Rows(lt mc mi ml t #6440) Rows(ct lt mc mi ml #8785) Rows(cn ct mc mi mk #446140) Rows(lt mi mk ml t #9341) Rows(k mc mi mk t #2166) Rows(cn ct k mc mk #2293) Rows(cn mc mi ml t #2801) Rows(ct mc mi ml t #6627) Rows(mc mi mk ml t #66202) Rows(cn k mc mk t #1495) Rows(k mi mk ml t #517) Rows(ct lt mc mk ml #45210) Rows(k mc mi mk ml #4365) Rows(cn mc mi mk t #201427) Rows(ct k mc mk t #6646) Rows(cn lt mc ml t #746) Rows(ct mc mi mk t #514571) Rows(cn ct mc ml t #1659) Rows(cn k mc mk ml #452) Rows(k mc mk ml t #845) Rows(cn ct mc mi t #19967) Rows(cn mc mi mk ml #33584) Rows(lt mc mi mk ml #70934) Rows(ct k mc mk ml #1052) Rows(cn ct lt mc ml #1152) Rows(ct mc mi mk ml #133955) Rows(cn lt mc mi ml #3825) Rows(cn ct mc mi ml #4003) Rows(cn k mc mi mk #1043) Rows(cn mc mk ml t #29192) Rows(lt mc mk ml t #40132) Rows(ct k mc mi mk #2654) Rows(k lt mc mk ml #1021) Rows(k lt mi mk ml #684) Rows(cn ct mc mk t #590369) Rows(ct lt mc ml t #2794) Rows(cn lt mc mk ml #9430) Rows(ct mc mk ml t #330899) Rows(cn ct k mc mk t #1292) Rows(cn k mc mi mk ml #1911) Rows(ct mc mi mk ml t #60243) Rows(cn ct k mc mk ml #422) Rows(cn ct mc mi mk t #182470) Rows(cn lt mc mk ml t #7580) Rows(ct lt mc mi mk ml #65879) Rows(cn k mc mk ml t #360) Rows(cn ct k mc mi mk #952) Rows(cn ct mc mk ml t #26096) Rows(ct k mc mi mk t #1867) Rows(cn ct mc mi mk ml #31830) Rows(k lt mc mi mk ml #4365) Rows(ct lt mc mk ml t #32130) Rows(cn ct lt mc ml t #698) Rows(cn lt mc mi ml t #2565) Rows(lt mc mi mk ml t #54297) Rows(ct k mc mk ml t #742) Rows(k lt mc mk ml t #705) Rows(ct k mc mi mk ml #4198) Rows(k mc mi mk ml t #3124) Rows(cn ct lt mc mi ml #3722) Rows(ct k lt mc mk ml #962) Rows(ct lt mc mi ml t #5909) Rows(cn mc mi mk ml t #27692) Rows(cn k lt mc mk ml #422) Rows(cn ct lt mc mk ml #8713) Rows(cn ct mc mi ml t #2677) Rows(cn k mc mi mk t #779) Rows(k lt mi mk ml t #517) Rows(cn lt mc mi mk ml #30472) Rows(cn k mc mi mk ml t #1505) Rows(cn ct k mc mi mk t #696) Rows(cn ct lt mc mi ml t #2462) Rows(cn lt mc mi mk ml t #24745) Rows(ct k lt mc mk ml t #664) Rows(ct k lt mc mi mk ml #4198) Rows(cn ct k mc mk ml t #330) Rows(cn k lt mc mi mk ml #1911) Rows(cn ct mc mi mk ml t #25938) Rows(cn ct k mc mi mk ml #1816) Rows(cn ct k lt mc mk ml #402) Rows(cn ct lt mc mk ml t #6863) Rows(ct lt mc mi mk ml t #50862) Rows(cn ct lt mc mi mk ml #29589) Rows(k lt mc mi mk ml t #3124) Rows(ct k mc mi mk ml t #3029) Rows(cn k lt mc mk ml t #330) Rows(cn ct k lt mc mk ml t #310) Rows(ct k lt mc mi mk ml t #3029) Rows(cn k lt mc mi mk ml t #1505) Rows(cn ct k lt mc mi mk ml #1816) Rows(cn ct lt mc mi mk ml t #23862) Rows(cn ct k mc mi mk ml t #1410) Rows(cn ct k lt mc mi mk ml t #1410) */"
}