{
  "predicted_latency": 0.02913774736225605,
  "actual_latency": 13.184143,
  "q_error": 452.4764099121094,
  "inference_time": 2.639525890350342,
  "timestamp": 1745453034.587982
}