{
  "query": "/*+  */ select count(*)\nfrom title AS t\ninner join cast_info AS ci\non t.id = ci.movie_id AND t.production_year < 1985;",
  "predicted_latency": 1357.3782444000244,
  "actual_latency": 5579.793,
  "q_error": 4.11071344558519,
  "inference_time": 0.01755380630493164
}