{
  "predicted_latency": 548.9555053710938,
  "inference_time": 0.02477550506591797
}