{
  "query": "/*+  */ select count(*)\nfrom movie_companies AS mc\ninner join title AS t\non t.id = mc.movie_id AND mc.company_id > 31716;",
  "predicted_latency": 1280.908703804016,
  "actual_latency": 703.018,
  "q_error": 1.8220140932437237,
  "inference_time": 0.026606321334838867
}