{
  "query": "/*+  */ select count(*)\nfrom movie_keyword AS mk\ninner join title AS t\non t.id = mk.movie_id AND mk.keyword_id > 413;",
  "predicted_latency": 1199.715495109558,
  "actual_latency": 1161.909,
  "q_error": 1.0325382582539235,
  "inference_time": 0.010992765426635742
}