{
  "predicted_latency": 548.1816530227661,
  "actual_latency": 3975.914,
  "q_error": 7.252913296306324,
  "inference_time": 0.08410501480102539
}