{
  "predicted_latency": 277.28741455078125,
  "inference_time": 0.01234579086303711
}