{
  "predicted_latency": 0.0291377454996109,
  "actual_latency": 0.162561,
  "q_error": 5.579051971435547,
  "inference_time": 0.6182916164398193,
  "timestamp": 1745761937.6110888
}