{
  "predicted_latency": 0.02913774736225605,
  "actual_latency": 2.697939,
  "q_error": 92.59256744384766,
  "inference_time": 2.2461659908294678,
  "timestamp": 1745753552.4587579
}