{
  "query": "/*+  */ select count(*)\nfrom title AS t\ninner join cast_info AS ci\non t.id = ci.movie_id AND ci.person_id > 960715 AND ci.role_id = 2;",
  "predicted_latency": 958.7690234184265,
  "actual_latency": 3170.239,
  "q_error": 3.3065722009840557,
  "inference_time": 0.029838085174560547
}