{
  "predicted_latency": 902.4459228515625,
  "inference_time": 0.005804777145385742
}