{
  "query": "/*+  */ select count(*)\nfrom title AS t\ninner join cast_info AS ci\non t.id = ci.movie_id AND ci.person_id < 3180091 AND ci.role_id = 7;",
  "predicted_latency": 1068.1365728378296,
  "actual_latency": 626.786,
  "q_error": 1.7041487410979659,
  "inference_time": 0.0166018009185791
}