{
  "predicted_latency": 517.3594970703125,
  "inference_time": 0.007967472076416016
}