{
  "query": "/*+  */ select count(*)\nfrom movie_companies AS mc\ninner join title AS t\non t.id = mc.movie_id AND mc.company_id = 108076;",
  "predicted_latency": 383.5645020008087,
  "actual_latency": 0.327,
  "q_error": 1172.9801284428402,
  "inference_time": 0.029873371124267578
}