{
  "pg_runtime": 301.552,
  "opt_runtime": 293.921,
  "pg_slowdown": 1.0259627587004672,
  "pg_opt_diff": 7.631000000000029,
  "original_num_of_plans": 186,
  "pg_plan_card_error": 31.0,
  "opt_plan_card_error": 1.0,
  "num_tables": 11,
  "opt_hint": "/*+ Rows(mi mk #3898410) Rows(mi_idx mk #8823239) Rows(kt t #481716) Rows(mc t #1809) Rows(k mk #37091) Rows(ct mc #303271) Rows(mi mi_idx #620108) Rows(mi t #132556) Rows(mi_idx t #159144) Rows(mc mi #220217) Rows(it2 mi_idx #324117) Rows(mk t #475878) Rows(mc mk #9292367) Rows(mc mi_idx #525073) Rows(cn mc #248388) Rows(it1 mi #588764) Rows(it2 mi mi_idx #173221) Rows(kt mc t #1425) Rows(kt mi t #98403) Rows(kt mi_idx t #126266) Rows(ct mc mi_idx #525073) Rows(cn mc mk #8663531) Rows(it1 mi mi_idx #528970) Rows(mc mk t #10560) Rows(mi mi_idx mk #8403703) Rows(mi_idx mk t #750291) Rows(it2 mi_idx mk #2376417) Rows(cn ct mc #248388) Rows(mc mi mi_idx #438229) Rows(cn mc mi #173145) Rows(it1 mi mk #2786897) Rows(ct mc mk #9292367) Rows(k mk t #4040) Rows(kt mk t #391799) Rows(it1 mc mi #159717) Rows(cn mc t #1044) Rows(mc mi mk #12779528) Rows(mc mi_idx mk #22532569) Rows(k mc mk #86022) Rows(ct mc mi #220217) Rows(mi mi_idx t #73577) Rows(k mi_idx mk #85012) Rows(it2 mi_idx t #41460) Rows(it1 mi t #122476) Rows(ct mc t #1809) Rows(k mi mk #32952) Rows(mc mi t #577) Rows(mc mi_idx t #2081) Rows(it2 mc mi_idx #135012) Rows(cn mc mi_idx #457523) Rows(mi mk t #300363) Rows(cn mc mi mi_idx #378433) Rows(cn it2 mc mi_idx #115293) Rows(mc mi mk t #5739) Rows(it2 mi_idx mk t #183666) Rows(it2 mc mi mi_idx #102257) Rows(cn mc mi_idx mk #21129152) Rows(k mi_idx mk t #6968) Rows(k mi mk t #2631) Rows(ct it1 mc mi #159717) Rows(it1 it2 mi mi_idx #147247) Rows(it2 mi mi_idx mk #2099475) Rows(k mc mi mk #119379) Rows(k mc mi_idx mk #215078) Rows(cn it1 mc mi #114885) Rows(it1 kt mi t #91362) Rows(ct k mc mk #86022) Rows(kt mc mk t #8749) Rows(kt mi mk t #236647) Rows(ct mc mi_idx mk #22532569) Rows(it2 kt mi_idx t #31112) Rows(it1 mi mi_idx t #65493) Rows(cn kt mc t #818) Rows(cn k mc mk #80023) Rows(mc mi mi_idx mk #30872561) Rows(cn mc mi mk #12074611) Rows(ct mc mi mk #12779528) Rows(it2 mc mi_idx mk #5206035) Rows(cn ct mc mi_idx #457523) Rows(it1 mc mi t #467) Rows(it2 k mi_idx mk #24800) Rows(k mi mi_idx mk #78865) Rows(it1 k mi mk #23042) Rows(cn mc mi_idx t #1355) Rows(mc mi_idx mk t #25755) Rows(kt mi_idx mk t #650508) Rows(it2 mi mi_idx t #20107) Rows(ct mc mi_idx t #2081) Rows(ct mc mi t #577) Rows(k kt mk t #3517) Rows(cn ct mc mk #8663531) Rows(cn mc mi t #282) Rows(mc mi mi_idx t #925) Rows(it1 mi mk t #269188) Rows(it2 mc mi_idx t #669) Rows(ct it2 mc mi_idx #135012) Rows(ct kt mc t #1425) Rows(cn ct mc mi #173145) Rows(it1 mc mi mi_idx #313272) Rows(mi mi_idx mk t #511140) Rows(ct mc mk t #10560) Rows(k mc mk t #123) Rows(kt mc mi t #398) Rows(it1 mi mi_idx mk #5812479) Rows(kt mc mi_idx t #1538) Rows(kt mi mi_idx t #52049) Rows(cn mc mk t #6457) Rows(cn ct mc t #1044) Rows(ct mc mi mi_idx #438229) Rows(it1 mc mi mk #7718607) Rows(kt mc mi_idx mk t #22312) Rows(it1 kt mi mi_idx t #46673) Rows(it2 mc mi mi_idx t #291) Rows(cn it1 mc mi mi_idx #258193) Rows(cn mc mi mk t #3482) Rows(kt mc mi mi_idx t #678) Rows(it2 kt mc mi_idx t #488) Rows(it2 k mi_idx mk t #1881) Rows(ct kt mc mi_idx t #1538) Rows(cn it1 mc mi mk #7153069) Rows(ct it2 mc mi_idx mk #5206035) Rows(cn ct it2 mc mi_idx #115293) Rows(kt mi mi_idx mk t #436912) Rows(it2 mi mi_idx mk t #127778) Rows(ct mc mi_idx mk t #25755) Rows(it2 k mc mi_idx mk #52686) Rows(cn ct mc mk t #6457) Rows(it2 k mi mi_idx mk #21446) Rows(ct it2 mc mi_idx t #669) Rows(it1 k mc mi mk #70725) Rows(cn ct mc mi mk #12074611) Rows(k mc mi mk t #57) Rows(it1 k mi mi_idx mk #54457) Rows(k kt mi mk t #2256) Rows(it2 kt mi mi_idx t #13167) Rows(it1 kt mi mk t #209606) Rows(it1 it2 mi mi_idx mk #1591313) Rows(cn k mc mk t #71) Rows(cn mc mi_idx mk t #15498) Rows(ct k mc mk t #123) Rows(cn ct mc mi t #282) Rows(it1 it2 mi mi_idx t #17582) Rows(ct k mc mi mk #119379) Rows(it1 mc mi mi_idx mk #18945575) Rows(cn mc mi mi_idx mk #29290219) Rows(ct mc mi mi_idx mk #30872561) Rows(cn it2 mc mi mi_idx #85034) Rows(cn ct mc mi mi_idx #378433) Rows(it1 mc mi mi_idx t #748) Rows(cn mc mi mi_idx t #507) Rows(ct mc mi mi_idx t #925) Rows(cn kt mc mk t #5573) Rows(ct it2 mc mi mi_idx #102257) Rows(k kt mi_idx mk t #5977) Rows(cn ct mc mi_idx t #1355) Rows(it1 mi mi_idx mk t #459150) Rows(cn k mc mi mk #112867) Rows(kt mc mi mk t #5169) Rows(ct k mc mi_idx mk #215078) Rows(ct kt mc mk t #8749) Rows(it1 k mi mk t #2412) Rows(it1 kt mc mi t #324) Rows(it2 mc mi_idx mk t #8340) Rows(cn kt mc mi t #205) Rows(mc mi mi_idx mk t #14304) Rows(k mi mi_idx mk t #4879) Rows(cn ct it1 mc mi #114885) Rows(cn it2 mc mi_idx mk #4817242) Rows(cn ct k mc mk #80023) Rows(cn ct mc mi_idx mk #21129152) Rows(ct it1 mc mi mi_idx #313272) Rows(it1 mc mi mk t #4928) Rows(k kt mc mk t #95) Rows(ct mc mi mk t #5739) Rows(ct kt mc mi t #398) Rows(cn it2 mc mi_idx t #438) Rows(k mc mi_idx mk t #314) Rows(ct it1 mc mi mk #7718607) Rows(k mc mi mi_idx mk #294591) Rows(cn k mc mi_idx mk #199517) Rows(cn ct kt mc t #818) Rows(cn it1 mc mi t #180) Rows(it2 mc mi mi_idx mk #6073375) Rows(it2 kt mi_idx mk t #155988) Rows(ct it1 mc mi t #467) Rows(it1 it2 mc mi mi_idx #78662) Rows(cn kt mc mi_idx t #1073) Rows(k kt mi mi_idx mk t #4133) Rows(cn kt mc mi mi_idx t #391) Rows(it1 mc mi mi_idx mk t #12340) Rows(cn ct kt mc mi_idx t #1073) Rows(kt mc mi mi_idx mk t #13381) Rows(cn it2 mc mi mi_idx t #162) Rows(cn ct mc mi_idx mk t #15498) Rows(ct k mc mi mk t #57) Rows(cn it2 kt mc mi_idx t #347) Rows(cn k kt mc mk t #62) Rows(cn it1 it2 mc mi mi_idx #62374) Rows(k kt mc mi mk t #52) Rows(it2 k mi mi_idx mk t #1303) Rows(it2 kt mc mi mi_idx t #209) Rows(cn it1 mc mi mi_idx t #346) Rows(ct it1 mc mi mi_idx mk #18945575) Rows(cn ct k mc mk t #71) Rows(ct it2 mc mi_idx mk t #8340) Rows(cn ct kt mc mk t #5573) Rows(it1 it2 mc mi mi_idx mk #4488092) Rows(ct it1 mc mi mi_idx t #748) Rows(it1 kt mc mi mi_idx t #557) Rows(cn ct k mc mi mk #112867) Rows(it2 kt mi mi_idx mk t #106763) Rows(cn ct mc mi mi_idx mk #29290219) Rows(cn it1 k mc mi mk #65436) Rows(cn kt mc mi mk t #3292) Rows(cn it1 mc mi mi_idx mk #17688623) Rows(it1 it2 mc mi mi_idx t #237) Rows(it2 mc mi mi_idx mk t #4548) Rows(cn it2 k mc mi_idx mk #48114) Rows(cn ct mc mi mi_idx t #507) Rows(cn mc mi mi_idx mk t #9308) Rows(it1 k mc mi mk t #52) Rows(ct kt mc mi mk t #5169) Rows(it1 k kt mi mk t #2061) Rows(it2 kt mc mi_idx mk t #7232) Rows(cn ct it2 mc mi mi_idx #85034) Rows(ct mc mi mi_idx mk t #14304) Rows(it2 k mc mi_idx mk t #100) Rows(cn k mc mi mi_idx mk #277914) Rows(cn k mc mi_idx mk t #170) Rows(it2 k mc mi mi_idx mk #61391) Rows(it1 it2 k mi mi_idx mk #16083) Rows(cn ct k mc mi_idx mk #199517) Rows(it2 k kt mi_idx mk t #1615) Rows(ct it1 it2 mc mi mi_idx #78662) Rows(k kt mc mi_idx mk t #246) Rows(ct it1 mc mi mk t #4928) Rows(ct k kt mc mk t #95) Rows(ct k mc mi_idx mk t #314) Rows(cn kt mc mi_idx mk t #13956) Rows(cn it2 mc mi_idx mk t #4934) Rows(ct it2 k mc mi_idx mk #52686) Rows(ct k mc mi mi_idx mk #294591) Rows(cn ct it1 mc mi mi_idx #258193) Rows(ct it2 kt mc mi_idx t #488) Rows(cn ct kt mc mi t #205) Rows(ct it1 kt mc mi t #324) Rows(it1 k mi mi_idx mk t #4408) Rows(cn it1 mc mi mk t #2884) Rows(cn ct it1 mc mi mk #7153069) Rows(cn it1 kt mc mi t #138) Rows(ct kt mc mi_idx mk t #22312) Rows(ct it1 k mc mi mk #70725) Rows(cn ct mc mi mk t #3482) Rows(it1 it2 kt mi mi_idx t #11540) Rows(it1 k mc mi mi_idx mk #177750) Rows(cn ct it2 mc mi_idx mk #4817242) Rows(it1 kt mi mi_idx mk t #391077) Rows(ct it2 mc mi mi_idx mk #6073375) Rows(cn ct it1 mc mi t #180) Rows(ct kt mc mi mi_idx t #678) Rows(k mc mi mi_idx mk t #147) Rows(it1 kt mc mi mk t #4422) Rows(cn ct it2 mc mi_idx t #438) Rows(it1 it2 mi mi_idx mk t #113744) Rows(ct it2 mc mi mi_idx t #291) Rows(cn k mc mi mk t #38) Rows(cn it2 mc mi mi_idx mk #5676451) Rows(cn ct k mc mi mk t #38) Rows(cn it1 