{
  "query": "/*+  */ select count(*)\nfrom title AS t\ninner join cast_info AS ci\non t.id = ci.movie_id AND ci.person_id > 889870;",
  "predicted_latency": 1088.4603261947632,
  "actual_latency": 8834.819,
  "q_error": 8.11680388102556,
  "inference_time": 0.017293691635131836
}