{
  "predicted_latency": 902.0673217773438,
  "inference_time": 0.0057790279388427734
}