{
    "embedding": [
        0.5642277002334595,
        0.5642277002334595,
        0.5642277002334595,
        0.6987611651420593,
        0.5642277002334595,
        1.4521645307540894,
        0.5642277002334595,
        0.5642277002334595,
        0.5642277002334595,
        0.5642277002334595,
        0.5642277002334595,
        0.5642277002334595,
        0.5642277002334595,
        2.053772449493408,
        4.129944324493408,
        0.5642277002334595,
        0.5642277002334595,
        1.161120057106018,
        0.5642277002334595,
        2.8077330589294434,
        0.5642277002334595,
        0.598539412021637,
        3.9612913131713867,
        0.5642277002334595,
        0.9442898631095886,
        0.5642277002334595,
        0.5642277002334595,
        0.5642277002334595,
        0.5642277002334595,
        0.5642277002334595,
        0.5642277002334595,
        1.076069712638855,
        0.5642277002334595,
        0.5642277002334595,
        1.169325590133667,
        1.7743535041809082,
        0.5642277002334595,
        2.2113704681396484,
        3.520134210586548,
        0.5642277002334595,
        0.5642277002334595,
        0.5642277002334595,
        0.7100310921669006,
        0.5642277002334595,
        0.5642277002334595,
        0.5642277002334595,
        0.5642277002334595,
        1.0128228664398193,
        0.5642277002334595,
        1.8994500637054443,
        0.8453517556190491,
        1.5446656942367554,
        0.5642277002334595,
        0.5642277002334595,
        2.6276285648345947,
        0.5642277002334595,
        0.5642277002334595,
        0.5642277002334595,
        0.5642277002334595,
        0.6079963445663452,
        0.5642277002334595,
        0.5642277002334595,
        0.5642277002334595,
        2.839207887649536
    ],
    "timestamp": 1754257804.3150632
}