{
    "embedding": [
        0.5642277002334595,
        0.5642277002334595,
        0.5642277002334595,
        0.6987611651420593,
        0.5642277002334595,
        1.4521644115447998,
        0.5642277002334595,
        0.5642277002334595,
        0.5642277002334595,
        0.5642277002334595,
        0.5642277002334595,
        0.5642277002334595,
        0.5642277002334595,
        2.0537729263305664,
        4.129943370819092,
        0.5642277002334595,
        0.5642277002334595,
        1.1611201763153076,
        0.5642277002334595,
        2.8077328205108643,
        0.5642277002334595,
        0.598539412021637,
        3.961291551589966,
        0.5642277002334595,
        0.9442897439002991,
        0.5642277002334595,
        0.5642277002334595,
        0.5642277002334595,
        0.5642277002334595,
        0.5642277002334595,
        0.5642277002334595,
        1.0760695934295654,
        0.5642277002334595,
        0.5642277002334595,
        1.169325590133667,
        1.774353265762329,
        0.5642277002334595,
        2.2113702297210693,
        3.520134687423706,
        0.5642277002334595,
        0.5642277002334595,
        0.5642277002334595,
        0.7100310921669006,
        0.5642277002334595,
        0.5642277002334595,
        0.5642277002334595,
        0.5642277002334595,
        1.0128227472305298,
        0.5642277002334595,
        1.8994495868682861,
        0.8453518748283386,
        1.5446655750274658,
        0.5642277002334595,
        0.5642277002334595,
        2.627628803253174,
        0.5642277002334595,
        0.5642277002334595,
        0.5642277002334595,
        0.5642277002334595,
        0.6079963445663452,
        0.5642277002334595,
        0.5642277002334595,
        0.5642277002334595,
        2.8392081260681152
    ],
    "timestamp": 1754257805.2630534
}