{
  "predicted_latency": 0.02913774363696575,
  "actual_latency": 13.411043,
  "q_error": 460.26361083984375,
  "inference_time": 1.4673590660095215,
  "timestamp": 1745771440.584526
}