{
  "query": "/*+  */ select count(*)\nfrom title AS t\ninner join cast_info AS ci\non t.id = ci.movie_id AND ci.person_id > 2749419 AND ci.role_id > 1;",
  "predicted_latency": 922.3197102546692,
  "actual_latency": 4183.922,
  "q_error": 4.53630335932509,
  "inference_time": 0.028649091720581055
}