{
  "query": "/*+  */ select count(*)\nfrom movie_companies AS mc\ninner join title AS t\non t.id = mc.movie_id AND mc.company_id < 102575;",
  "predicted_latency": 1264.7943496704102,
  "actual_latency": 1087.479,
  "q_error": 1.163051745983518,
  "inference_time": 0.015954017639160156
}