{
  "query": "/*+  */ select count(*)\nfrom title AS t\ninner join cast_info AS ci\non t.id = ci.movie_id AND ci.person_id > 868817 AND ci.role_id > 3;",
  "predicted_latency": 1041.3496494293213,
  "actual_latency": 3972.664,
  "q_error": 3.8149184591141823,
  "inference_time": 0.012624740600585938
}