{
  "predicted_latency": 0.02913774736225605,
  "actual_latency": 1.8320779999999999,
  "q_error": 62.87644577026367,
  "inference_time": 0.5453240871429443,
  "timestamp": 1745453905.0646083
}