{
  "query": "/*+ NoNestLoop(t ci) */ select count(*)\nfrom title AS t\ninner join cast_info AS ci\non t.id = ci.movie_id AND ci.person_id < 1612755;",
  "predicted_latency": 658.9148640632629,
  "actual_latency": 5939.521,
  "q_error": 9.014094724428226,
  "inference_time": 0.029819726943969727
}