{
  "predicted_latency": 1477.80517578125,
  "inference_time": 0.005713701248168945
}