{
  "embedding": [
    0.4709975287125016,
    1.2744366524637474,
    2.699899194688123,
    0.22269090068281175,
    0.6616351112371199,
    2.0894793139450054,
    0.4537380275364733,
    0.8371563476060878,
    1.1213307590192114,
    2.603059991457896,
    2.797257491086265,
    1.818140259805642,
    1.7576689123180744,
    2.146778583404799,
    0.22692495513803215,
    2.7145320404555697,
    0.37361767035935645,
    2.4618025370135332,
    0.5198075067333771,
    0.15329326773307575,
    0.33345168093972927,
    1.7103221636216341,
    1.3772119546923924,
    0.15329326773307575,
    0.1874855736619079,
    1.5497694837991944,
    3.0955036006512398,
    1.454186001140502,
    2.7115827565688932,
    1.4284557427519147,
    2.420111360740377,
    2.6533908313517163,
    2.1761242616776695,
    2.3163342399153573,
    3.2471350500656304,
    0.8148356354319206,
    0.7842621886280489,
    0.5306619957002658,
    2.1017302985695645,
    2.721539044489219,
    1.944869242457816,
    2.013741898827085,
    2.2250398974690464,
    0.41842742290101287,
    0.8629814560277993,
    1.4255439499373896,
    2.7895954478267404,
    1.995180622313824,
    3.5370137880522377,
    1.6978355139973824,
    0.9800084943808122,
    2.661878272788082,
    1.363705000178105,
    1.5808707001873834,
    1.1741048139314045,
    1.2330620431981916,
    2.68339702702887,
    1.519968130359183,
    1.1546819421260461,
    1.5472506464322346,
    0.15329326773307575,
    0.6772902081672567,
    0.4910188565355428,
    2.1581284261425897
  ],
  "timestamp": 1754304815.972523
}