{
  "embedding": [
    0.5615599664586707,
    1.336731885022307,
    2.77971559394173,
    0.22384129853259252,
    0.7098082576503626,
    2.1276552818981536,
    0.5378503359194705,
    0.9579106990412054,
    1.1398789259566409,
    2.707862342144472,
    2.892936445612177,
    1.8304538551971508,
    1.8870207987372951,
    2.223199115769615,
    0.23566202588677634,
    2.7509131863558873,
    0.41067917276125887,
    2.49018242883194,
    0.5416309637539412,
    0.15780541896512842,
    0.31040558866724693,
    1.7370191151362895,
    1.4545600297772028,
    0.15780541896512842,
    0.22422506396776715,
    1.6233314367372988,
    3.1845172094264154,
    1.5002184472130284,
    2.8511219959439598,
    1.517665716659625,
    2.46763919398804,
    2.780324979463567,
    2.2478739039415605,
    2.4216744176199114,
    3.3380465816357607,
    0.9384600360583414,
    0.7967006918543186,
    0.6099167966090082,
    2.2586372542191757,
    2.8189351815409824,
    2.0498008163599923,
    2.1571569763278684,
    2.3257321344087085,
    0.42759363217551116,
    0.9268732030473805,
    1.4676007018387018,
    3.029123744463278,
    2.080239669667867,
    3.6271257435897803,
    1.7361211954936249,
    1.0641667190427466,
    2.739652256201002,
    1.4340869673952137,
    1.7335908350889455,
    1.201053857682433,
    1.3645294076415686,
    2.7589329032432754,
    1.625575197082124,
    1.2203267086298846,
    1.6807566360980297,
    0.15780541896512842,
    1.2643887380029832,
    0.5086163698898712,
    2.2049880999236438
  ],
  "timestamp": 1754304819.3080149
}