{
  "query": "/*+  */ select count(*)\nfrom title AS t\ninner join cast_info AS ci\non t.id = ci.movie_id AND ci.person_id > 2883046 AND ci.role_id > 1;",
  "predicted_latency": 916.4381623268127,
  "actual_latency": 3634.856,
  "q_error": 3.966286160291705,
  "inference_time": 0.02201390266418457
}