{
  "predicted_latency": 292.86426305770874,
  "actual_latency": 473.916,
  "q_error": 1.6182104127420118,
  "inference_time": 0.1601550579071045
}