{
  "predicted_latency": 137.3249969482422,
  "inference_time": 0.02423882484436035
}