{
  "query": "/*+  */ select count(*)\nfrom title AS t\ninner join cast_info AS ci\non t.id = ci.movie_id AND t.production_year > 2005 AND ci.person_id < 2489536;",
  "predicted_latency": 1507.6638460159302,
  "actual_latency": 5442.513,
  "q_error": 3.6098981973880226,
  "inference_time": 0.02760767936706543
}