{
  "query": "/*+  */ select count(*)\nfrom title AS t\ninner join movie_companies AS mc\non t.id = mc.movie_id AND t.production_year > 2009;",
  "predicted_latency": 1257.4175596237183,
  "actual_latency": 562.731,
  "q_error": 2.2344913637665567,
  "inference_time": 0.020374298095703125
}