{
  "predicted_latency": 0.0291377454996109,
  "actual_latency": 28.963962,
  "q_error": 994.0358276367188,
  "inference_time": 1.2108285427093506,
  "timestamp": 1745759088.3069775
}