{
  "predicted_latency": 0.02913774363696575,
  "actual_latency": 37.241805,
  "q_error": 1278.12939453125,
  "inference_time": 0.4902305603027344,
  "timestamp": 1745771401.6888397
}