{
  "query": "/*+  */ select count(*)\nfrom movie_keyword AS mk\ninner join title AS t\non t.id = mk.movie_id AND mk.keyword_id < 34052;",
  "predicted_latency": 1200.1323699951172,
  "actual_latency": 1198.915,
  "q_error": 1.001015393080508,
  "inference_time": 0.014483451843261719
}