{
  "predicted_latency": 384.64727997779846,
  "actual_latency": 408.191,
  "q_error": 1.0612085961547952,
  "inference_time": 0.10501837730407715
}