{
  "predicted_latency": 0.02913774736225605,
  "actual_latency": 12.556816000000001,
  "q_error": 430.9466857910156,
  "inference_time": 1.4974348545074463,
  "timestamp": 1745771961.3133018
}