{
  "query": "/*+ NoNestLoop(ci t) */ select count(*)\nfrom cast_info AS ci\ninner join title AS t\non t.id = ci.movie_id AND ci.person_id < 3434084;",
  "predicted_latency": 1128.3276081085205,
  "actual_latency": 10392.419,
  "q_error": 9.210462391699695,
  "inference_time": 0.01963496208190918
}