{
  "embedding": [
    0.6736250688478546,
    2.7904460398796864,
    2.9207598256274667,
    0.047335157857450065,
    0.034937664625329906,
    5.554140269174834,
    0.5208728712482034,
    1.9706551204383702,
    0.6993462118249293,
    1.7066880271686748,
    4.292995613847077,
    4.727884736664919,
    1.3645398801479716,
    3.048255746248327,
    0.15461201896851223,
    4.409935280453442,
    2.1026395281118675,
    2.963506740326196,
    0.4958244324673991,
    1.1890004332244222,
    1.4682686824017719,
    3.0921554692287505,
    2.67416130213081,
    0.8351448299463269,
    1.0892354680748237,
    1.7863622751570885,
    2.650636514895961,
    4.219359100673228,
    1.5779733631975528,
    2.2157193254061034,
    2.382287424556162,
    1.9602266923651814,
    1.7643505881231316,
    2.6855774227390468,
    3.0845831296067323,
    0.034937664625329906,
    1.1433028411875423,
    0.25041026806893,
    1.1449351027509407,
    3.615262704674056,
    1.582072709798519,
    3.3388120728509585,
    1.8161605828575147,
    0.358618071551687,
    2.5579779053769403,
    1.7595548487783321,
    0.8094060702814884,
    2.2339324743891176,
    5.559698428241666,
    3.2002366665532795,
    0.713538306290542,
    4.126810804743862,
    2.0891420658887956,
    2.1799350657942487,
    1.0116093029325923,
    0.2735369264722308,
    2.975623790883455,
    2.615902654291286,
    1.1850657472385022,
    1.6157141119785037,
    0.034937664625329906,
    2.334638023288643,
    0.9321025863837742,
    3.3443745777234604
  ],
  "timestamp": 1754307291.6243677
}