{
  "embedding": [
    0.40824525127179834,
    1.6361299544962613,
    4.201263337998339,
    0.24653913841734476,
    0.14180129635590233,
    2.8478424397939928,
    3.2134922411321605,
    1.923360033787378,
    0.81054628650668,
    1.1122111070467373,
    3.0754992247653834,
    3.4272935220472296,
    2.711885289559235,
    2.708603574310847,
    0.26377142448552504,
    3.2450519094903254,
    1.3579201167179624,
    3.064557581921648,
    0.6694679568649645,
    0.14180129635590233,
    0.41337957150721805,
    2.2832065347990587,
    1.085887871219465,
    0.14180129635590233,
    0.4889248593369002,
    1.4280115752035778,
    2.8766156822567415,
    2.490109191828365,
    4.000712109718727,
    1.6972466028300532,
    1.8425455055910487,
    0.8876871027939436,
    1.5833122639796768,
    2.6222664880452604,
    3.6696360848875993,
    0.3517335384957529,
    1.075806079262463,
    0.5384720219649403,
    1.8557871654127993,
    2.4952566104812393,
    2.0349492291603926,
    3.4629784472405003,
    1.9980741066962246,
    0.49418306551296864,
    1.911871295225941,
    2.0047393978438652,
    0.27461082049050173,
    1.8667634807552937,
    4.444341258358589,
    1.888897064024008,
    0.9231583645495102,
    4.03557848246455,
    1.594760115841678,
    1.3958698861762935,
    1.6284809108745617,
    1.2211298933401649,
    3.619291835316396,
    2.4578215164992603,
    0.993961907620336,
    1.2001485696577934,
    0.14180129635590233,
    1.574644052386722,
    1.1165839053290267,
    3.992506519049497
  ],
  "timestamp": 1754307311.227534
}