{
  "query": "/*+  */ select count(*)\nfrom title AS t\ninner join cast_info AS ci\non t.id = ci.movie_id AND ci.person_id > 988297;",
  "predicted_latency": 1030.3221940994263,
  "actual_latency": 8197.842,
  "q_error": 7.956581006357422,
  "inference_time": 0.015080928802490234
}