{
  "predicted_latency": 150.35687386989594,
  "actual_latency": 330.924,
  "q_error": 2.2009236523921687,
  "inference_time": 0.10187697410583496
}