{
  "query": "/*+  */ select count(*)\nfrom movie_keyword AS mk\ninner join title AS t\non t.id = mk.movie_id AND mk.keyword_id < 78243;",
  "predicted_latency": 1268.0798768997192,
  "actual_latency": 1372.152,
  "q_error": 1.0820706368708592,
  "inference_time": 0.2273702621459961
}