{
  "predicted_latency": 309.646338224411,
  "actual_latency": 4831.548,
  "q_error": 15.6034398071855,
  "inference_time": 0.07750797271728516
}