{
  "predicted_latency": 0.0291377454996109,
  "actual_latency": 4.092614,
  "q_error": 140.4574737548828,
  "inference_time": 0.2193317413330078,
  "timestamp": 1745452115.1697874
}