{
  "predicted_latency": 477.2337951660156,
  "inference_time": 0.05161237716674805
}