{
  "query": "/*+ NoNestLoop(t ci) */ select count(*)\nfrom title AS t\ninner join cast_info AS ci\non t.id = ci.movie_id AND ci.person_id > 1920747;",
  "predicted_latency": 671.7228889465332,
  "actual_latency": 6014.872,
  "q_error": 8.954394883630002,
  "inference_time": 0.015695810317993164
}