{
  "predicted_latency": 1215.115966796875,
  "inference_time": 0.0072748661041259766
}