{
  "query": "/*+  */ select count(*)\nfrom cast_info AS ci\ninner join title AS t\non t.id = ci.movie_id AND t.production_year = 2005;",
  "predicted_latency": 1133.5712671279907,
  "actual_latency": 3564.822,
  "q_error": 3.1447709582757963,
  "inference_time": 0.028166532516479492
}