{
  "predicted_latency": 0.02913774736225605,
  "actual_latency": 1.4173440000000002,
  "q_error": 48.642879486083984,
  "inference_time": 0.29065513610839844,
  "timestamp": 1745772983.8156447
}