{
  "predicted_latency": 1528.0169677734375,
  "inference_time": 0.03102254867553711
}