{
  "predicted_latency": 597.3389744758606,
  "actual_latency": 1869.603,
  "q_error": 3.1298861783470544,
  "inference_time": 0.06701111793518066
}