{
  "predicted_latency": 712.637186050415,
  "actual_latency": 3511.305,
  "q_error": 4.927198676595014,
  "inference_time": 0.10005855560302734
}