{
  "predicted_latency": 0.0291377454996109,
  "actual_latency": 6.866861,
  "q_error": 235.66891479492188,
  "inference_time": 0.06755781173706055,
  "timestamp": 1745756019.603016
}