{
  "predicted_latency": 375.5093994140625,
  "inference_time": 0.011054515838623047
}