{
  "predicted_latency": 0.02913774736225605,
  "actual_latency": 1.696348,
  "q_error": 58.21822738647461,
  "inference_time": 0.08162903785705566,
  "timestamp": 1745492934.8880327
}