{
  "predicted_latency": 311.80334091186523,
  "actual_latency": 668.619,
  "q_error": 2.1443612439963973,
  "inference_time": 0.10761761665344238
}