{
  "predicted_latency": 0.0291377454996109,
  "actual_latency": 0.698136,
  "q_error": 23.959848403930664,
  "inference_time": 0.10919737815856934,
  "timestamp": 1745760810.178265
}