{
  "predicted_latency": 0.02913774736225605,
  "actual_latency": 3.0934899999999996,
  "q_error": 106.16777801513672,
  "inference_time": 2.8836452960968018,
  "timestamp": 1745479686.5904286
}