{
  "predicted_latency": 405.12689208984375,
  "inference_time": 0.026541709899902344
}