{
  "query": "/*+  */ select count(*)\nfrom movie_keyword AS mk\ninner join title AS t\non t.id = mk.movie_id AND mk.keyword_id < 70913;",
  "predicted_latency": 1249.8546838760376,
  "actual_latency": 1163.589,
  "q_error": 1.0741375897125511,
  "inference_time": 0.019126415252685547
}