{
  "predicted_latency": 585.8284301757812,
  "inference_time": 0.016521692276000977
}