{
  "query": "/*+  */ select count(*)\nfrom title AS t\ninner join cast_info AS ci\non t.id = ci.movie_id AND t.production_year < 1991;",
  "predicted_latency": 1277.968406677246,
  "actual_latency": 5776.676,
  "q_error": 4.520202510341802,
  "inference_time": 0.015481233596801758
}