{
  "predicted_latency": 0.02913774736225605,
  "actual_latency": 7.226245,
  "q_error": 248.00286865234375,
  "inference_time": 0.7038435935974121,
  "timestamp": 1745760967.1328723
}