{
  "query": "/*+  */ select count(*)\nfrom title AS t\ninner join cast_info AS ci\non t.id = ci.movie_id AND t.kind_id = 7 AND ci.person_id < 2716505;",
  "predicted_latency": 1361.2278699874878,
  "actual_latency": 6886.937,
  "q_error": 5.059356447104851,
  "inference_time": 0.019596099853515625
}