{
  "query": "/*+  */ select count(*)\nfrom movie_companies AS mc\ninner join title AS t\non t.id = mc.movie_id AND mc.company_id = 11145;",
  "predicted_latency": 383.5645020008087,
  "actual_latency": 16.693,
  "q_error": 22.977565566453524,
  "inference_time": 0.026200532913208008
}