{
  "query": "/*+  */ select count(*)\nfrom title AS t\ninner join cast_info AS ci\non t.id = ci.movie_id AND ci.person_id < 2419313 AND ci.role_id < 6;",
  "predicted_latency": 1160.6448888778687,
  "actual_latency": 6940.1,
  "q_error": 5.979520580760759,
  "inference_time": 0.026402711868286133
}