{
  "pg_runtime": 3188.631,
  "opt_runtime": 2960.48,
  "pg_slowdown": 1.0770655434253904,
  "pg_opt_diff": 228.15099999999984,
  "original_num_of_plans": 168,
  "pg_plan_card_error": 4407.0,
  "opt_plan_card_error": 1.0,
  "num_tables": 9,
  "opt_hint": "/*+ Rows(mi mk #378072) Rows(ci mi_idx #1000868) Rows(mi_idx mk #10424626) Rows(ci n #558518) Rows(k mk #62096) Rows(mi mi_idx #50629) Rows(ci t #1244716) Rows(mi t #30801) Rows(mi_idx t #1380035) Rows(it2 mi_idx #459925) Rows(ci mi #16172) Rows(mk t #4523930) Rows(it1 mi #30413) Rows(ci mk #2619220) Rows(it2 mi mi_idx #16867) Rows(ci mk t #2619220) Rows(ci k mk #33626) Rows(it1 mi mi_idx #49452) Rows(mi mi_idx mk #1080149) Rows(mi_idx mk t #10424626) Rows(it2 mi_idx mk #3461792) Rows(ci mi mi_idx #26785) Rows(it1 mi mk #338846) Rows(k mk t #62096) Rows(ci mi_idx mk #6806711) Rows(ci mi_idx n #501122) Rows(ci n t #558518) Rows(ci mi mk #243528) Rows(ci mi n #8471) Rows(k mi_idx mk #152720) Rows(mi mi_idx t #50629) Rows(it2 mi_idx t #459925) Rows(it1 mi t #30413) Rows(k mi mk #13309) Rows(ci mk n #1436455) Rows(ci it2 mi_idx #333558) Rows(ci mi_idx t #1000868) Rows(ci mi t #16172) Rows(ci it1 mi #15897) Rows(mi mk t #378072) Rows(ci it2 mi mi_idx #8925) Rows(ci it1 mi mk #215873) Rows(ci mi n t #8471) Rows(ci it1 mi n #8266) Rows(it2 mi_idx mk t #3461792) Rows(k mi_idx mk t #152720) Rows(k mi mk t #13309) Rows(it1 it2 mi mi_idx #16480) Rows(it2 mi mi_idx mk #358706) Rows(ci mk n t #1436455) Rows(it1 mi mi_idx t #49452) Rows(ci mi mi_idx t #26785) Rows(ci mi mk n #155920) Rows(ci k mi mk #8230) Rows(ci mi_idx mk t #6806711) Rows(ci k mi_idx mk #91141) Rows(ci it2 mi_idx mk #2258844) Rows(ci it2 mi_idx n #166987) Rows(it2 k mi_idx mk #50760) Rows(k mi mi_idx mk #36852) Rows(it1 k mi mk #12438) Rows(ci it1 mi t #15897) Rows(it2 mi mi_idx t #16867) Rows(ci mi mk t #243528) Rows(ci k mk n #18967) Rows(ci it2 mi_idx t #333558) Rows(it1 mi mk t #338846) Rows(ci mi_idx n t #501122) Rows(ci it1 mi mi_idx #25956) Rows(mi mi_idx mk t #1080149) Rows(it1 mi mi_idx mk #959756) Rows(ci k mk t #33626) Rows(ci mi mi_idx mk #705503) Rows(ci mi mi_idx n #15178) Rows(ci mi_idx mk n #3884477) Rows(k mi mi_idx mk t #36852) Rows(ci it1 mi mk t #215873) Rows(ci mi mi_idx mk n #455303) Rows(ci k mi mk t #8230) Rows(ci mi mk n t #155920) Rows(it1 k mi mi_idx mk #34190) Rows(ci it2 mi_idx mk n #1286350) Rows(ci k mk n t #18967) Rows(ci k mi_idx mk n #52875) Rows(it1 it2 mi mi_idx mk #319480) Rows(ci it1 mi mi_idx mk #621758) Rows(ci it1 mi mi_idx n #14559) Rows(ci mi mi_idx mk t #705503) Rows(it2 k mi_idx mk t #50760) Rows(ci it1 mi n t #8266) Rows(ci mi_idx mk n t #3884477) Rows(ci it2 mi_idx mk t #2258844) Rows(ci k mi mi_idx mk #23252) Rows(ci it2 k mi_idx mk #30276) Rows(ci k mi_idx mk t #91141) Rows(ci it1 it2 mi mi_idx #8650) Rows(ci it2 mi mi_idx mk #234746) Rows(ci it2 mi mi_idx n #5056) Rows(it1 mi mi_idx mk t #959756) Rows(it2 mi mi_idx mk t #358706) Rows(it1 it2 mi mi_idx t #16480) Rows(ci it1 mi mk n #133164) Rows(ci it1 mi mi_idx t #25956) Rows(ci it1 k mi mk #7602) Rows(ci mi mi_idx n t #15178) Rows(it1 k mi mk t #12438) Rows(ci k mi mk n #5196) Rows(ci it2 mi_idx n t #166987) Rows(it2 k mi mi_idx mk #12260) Rows(ci it2 mi mi_idx t #8925) Rows(ci k mi mi_idx mk n #14771) Rows(it1 k mi mi_idx mk t #34190) Rows(ci it2 mi mi_idx mk t #234746) Rows(ci it1 k mi mk n #4690) Rows(ci k mi mk n t #5196) Rows(ci it1 mi mi_idx mk n #386255) Rows(ci it2 k mi_idx mk n #17537) Rows(ci k mi mi_idx mk t #23252) Rows(ci it1 mi mk n t #133164) Rows(it1 it2 k mi mi_idx mk #11389) Rows(ci it1 k mi mk t #7602) Rows(ci mi mi_idx mk n t #455303) Rows(ci it1 it2 mi mi_idx mk #207091) Rows(ci it2 mi mi_idx n t #5056) Rows(ci it1 it2 mi mi_idx n #4851) Rows(ci k mi_idx mk n t #52875) Rows(ci it1 mi mi_idx mk t #621758) Rows(ci it2 k mi_idx mk t #30276) Rows(ci it2 mi_idx mk n t #1286350) Rows(ci it2 k mi mi_idx mk #7740) Rows(it2 k mi mi_idx mk t #12260) Rows(it1 it2 mi mi_idx mk t #319480) Rows(ci it2 mi mi_idx mk n #151346) Rows(ci it1 it2 mi mi_idx t #8650) Rows(ci it1 k mi mi_idx mk #21348) Rows(ci it1 mi mi_idx n t #14559) Rows(ci it1 k mi mk n t #4690) Rows(ci it1 k mi mi_idx mk t #21348) Rows(it1 it2 k mi mi_idx mk t #11389) Rows(ci it2 mi mi_idx mk n t #151346) Rows(ci it2 k mi mi_idx mk n #4913) Rows(ci it1 it2 mi mi_idx mk t #207091) Rows(ci it2 k mi mi_idx mk t #7740) Rows(ci it2 k mi_idx mk n t #17537) Rows(ci it1 mi mi_idx mk n t #386255) Rows(ci it1 it2 mi mi_idx n t #4851) Rows(ci k mi mi_idx mk n t #14771) Rows(ci it1 k mi mi_idx mk n #13233) Rows(ci it1 it2 mi mi_idx mk n #128590) Rows(ci it1 it2 k mi mi_idx mk #7112) Rows(ci it1 k mi mi_idx mk n t #13233) Rows(ci it1 it2 k mi mi_idx mk t #7112) Rows(ci it1 it2 mi mi_idx mk n t #128590) Rows(ci it2 k mi mi_idx mk n t #4913) Rows(ci it1 it2 k mi mi_idx mk n #4407) Rows(ci it1 it2 k mi mi_idx mk n t #4407) */"
}