{
  "predicted_latency": 1711.7991943359375,
  "inference_time": 0.03448820114135742
}