{
  "predicted_latency": 885.1587176322937,
  "actual_latency": 34.18,
  "q_error": 25.896978280640543,
  "inference_time": 0.05833172798156738
}