{
  "query": "/*+  */ select count(*)\nfrom title AS t\ninner join cast_info AS ci\non t.id = ci.movie_id AND t.kind_id < 7 AND ci.person_id > 1012794;",
  "predicted_latency": 1393.9942121505737,
  "actual_latency": 5865.658,
  "q_error": 4.207806566822685,
  "inference_time": 0.015386104583740234
}