{
  "predicted_latency": 945.1577663421631,
  "actual_latency": 5517.69,
  "q_error": 5.837850776335369,
  "inference_time": 0.09870314598083496
}