{
  "predicted_latency": 137.3249969482422,
  "inference_time": 0.016490459442138672
}