{
  "predicted_latency": 0.0291377454996109,
  "actual_latency": 2.754982,
  "q_error": 94.55027770996094,
  "inference_time": 0.9045047760009766,
  "timestamp": 1745759746.7841897
}