{
  "query": "/*+ NoNestLoop(t ci) */ select count(*)\nfrom title AS t\ninner join cast_info AS ci\non t.id = ci.movie_id AND ci.person_id < 1699284;",
  "predicted_latency": 584.2821598052979,
  "actual_latency": 5750.273,
  "q_error": 9.841602902810145,
  "inference_time": 0.026428699493408203
}