{
  "predicted_latency": 856.6663818359375,
  "inference_time": 0.008296012878417969
}