{
  "predicted_latency": 0.02913774736225605,
  "actual_latency": 0.573125,
  "q_error": 19.66950225830078,
  "inference_time": 3.838745594024658,
  "timestamp": 1745481328.73471
}