{
  "embedding": [
    0.9664584924992853,
    3.9068957536533944,
    1.09164504255433,
    0.24218042391576758,
    2.520917459731376,
    6.0573779494382345,
    0.751736594879851,
    1.1938017595650174,
    1.9342582140962532,
    2.4784479528289958,
    3.2183859336104876,
    1.0168445224601854,
    2.274580305155446,
    1.4831485078301878,
    0.3945777974580286,
    2.23886403216346,
    0.3688314699972005,
    1.0867264202419065,
    1.1584592358793815,
    1.3071054369359438,
    2.3242967339780662,
    2.6802990140584604,
    2.652208300630433,
    0.5890487118234805,
    1.2553503124745904,
    1.5131467144675368,
    5.399486668566756,
    6.779298954239326,
    1.1079703747868035,
    4.318711361334154,
    4.301416770271202,
    1.5846522839380803,
    1.587301526725024,
    2.4976661327630683,
    2.8371146465539767,
    0.7230814166143881,
    1.4702091439883955,
    0.9390378449525867,
    0.4211243091640578,
    5.0204812789551125,
    1.3503442737402427,
    2.04197687815547,
    2.442053251228532,
    0.5484757449407873,
    1.377207166659989,
    2.5783741125860358,
    2.3471493096548968,
    0.9455002846597026,
    1.6926150194637408,
    2.9386741718602885,
    1.831271624121189,
    1.8346803913852434,
    0.9413592573484221,
    2.4632331248164796,
    1.0308446675270067,
    3.418462061400751,
    2.407561587460706,
    4.042932955012142,
    1.7513888150972194,
    2.3624785347785493,
    0.20804135052875036,
    1.2719115323470715,
    0.8188959598239479,
    1.7260735647118444
  ],
  "timestamp": 1754304060.7457297
}