{
  "embedding": [
    1.1134277795667977,
    1.9908732240849034,
    2.092805577267577,
    0.1877676900440713,
    0.8197080414049324,
    3.653050731469212,
    0.3783383873911857,
    0.27209788138361835,
    1.2308223618566116,
    2.0447159719647603,
    2.968678336378789,
    2.4867521823249734,
    1.818655548944774,
    1.5923686216481028,
    0.28348868023101076,
    2.324038729651001,
    0.8488782865326325,
    1.7335372931544375,
    0.6845208724386185,
    1.4211901334499704,
    1.8587558758859537,
    2.8263144119364063,
    3.416601012604389,
    0.4265388303870417,
    2.011562342677082,
    1.783167126898483,
    3.432580822850575,
    2.1487019056807513,
    2.512569511209694,
    2.746150618204417,
    4.041929435649576,
    1.3911410163221358,
    2.9873896066538044,
    2.7257877051670953,
    1.6583163304438253,
    1.1158106929129827,
    1.3152318221903034,
    0.9479960941113253,
    1.212306693655011,
    3.404080215076762,
    2.0035606435948923,
    1.9887946418588747,
    2.2227341343346216,
    1.3594446359712156,
    1.5384478014543406,
    2.084068857323711,
    3.4780378775642666,
    2.904514001044988,
    3.941858482352095,
    2.649290039083902,
    1.0885155085016023,
    2.549053950722551,
    1.796366177864586,
    3.1853384777418916,
    1.2156947032388146,
    1.5131171166056931,
    2.2134888189062423,
    2.2812537072891703,
    1.9065459503278708,
    3.355996050764906,
    0.14926258187100247,
    1.7234038047205147,
    0.6244212290691832,
    1.8994042436577676
  ],
  "timestamp": 1754304122.1696496
}