{
  "predicted_latency": 207.88690447807312,
  "actual_latency": 42.127,
  "q_error": 4.934766408196005,
  "inference_time": 0.09403014183044434
}