{
    "embedding": [
        0.690636932849884,
        0.690636932849884,
        0.690636932849884,
        0.8836809396743774,
        0.690636932849884,
        1.4031398296356201,
        1.3603153228759766,
        0.690636932849884,
        0.8676576614379883,
        0.690636932849884,
        0.690636932849884,
        0.690636932849884,
        0.690636932849884,
        2.0322840213775635,
        3.3906455039978027,
        0.7165378928184509,
        0.690636932849884,
        3.3505663871765137,
        0.690636932849884,
        1.5143011808395386,
        0.690636932849884,
        3.372112274169922,
        4.143312931060791,
        0.690636932849884,
        1.5978639125823975,
        1.5519870519638062,
        0.690636932849884,
        0.690636932849884,
        0.690636932849884,
        0.690636932849884,
        3.2976667881011963,
        1.452795147895813,
        0.690636932849884,
        0.690636932849884,
        1.2612833976745605,
        1.732893943786621,
        0.690636932849884,
        3.2396323680877686,
        3.130995750427246,
        0.690636932849884,
        0.690636932849884,
        0.690636932849884,
        0.9340189695358276,
        0.690636932849884,
        1.3840728998184204,
        0.690636932849884,
        0.690636932849884,
        1.1880052089691162,
        0.690636932849884,
        3.803743600845337,
        1.7534774541854858,
        1.411259412765503,
        0.690636932849884,
        0.690636932849884,
        2.3757452964782715,
        0.690636932849884,
        0.690636932849884,
        0.690636932849884,
        0.690636932849884,
        0.690636932849884,
        0.690636932849884,
        0.9404841065406799,
        0.690636932849884,
        3.369352102279663
    ],
    "timestamp": 1754258162.2357857
}