{
    "embedding": [
        0.690636932849884,
        0.690636932849884,
        0.690636932849884,
        0.8836809992790222,
        0.690636932849884,
        1.4031397104263306,
        1.360314965248108,
        0.690636932849884,
        0.8676577210426331,
        0.690636932849884,
        0.690636932849884,
        0.690636932849884,
        0.690636932849884,
        2.0322835445404053,
        3.3906452655792236,
        0.7165380120277405,
        0.690636932849884,
        3.3505663871765137,
        0.690636932849884,
        1.5143009424209595,
        0.690636932849884,
        3.3721117973327637,
        4.143312931060791,
        0.690636932849884,
        1.5978642702102661,
        1.551986813545227,
        0.690636932849884,
        0.690636932849884,
        0.690636932849884,
        0.690636932849884,
        3.2976667881011963,
        1.452795386314392,
        0.690636932849884,
        0.690636932849884,
        1.2612831592559814,
        1.7328943014144897,
        0.690636932849884,
        3.2396328449249268,
        3.130995750427246,
        0.690636932849884,
        0.690636932849884,
        0.690636932849884,
        0.9340189695358276,
        0.690636932849884,
        1.3840726613998413,
        0.690636932849884,
        0.690636932849884,
        1.1880052089691162,
        0.690636932849884,
        3.803743600845337,
        1.7534770965576172,
        1.4112601280212402,
        0.690636932849884,
        0.690636932849884,
        2.3757450580596924,
        0.690636932849884,
        0.690636932849884,
        0.690636932849884,
        0.690636932849884,
        0.690636932849884,
        0.690636932849884,
        0.9404841065406799,
        0.690636932849884,
        3.369351625442505
    ],
    "timestamp": 1754258372.004209
}