{
  "predicted_latency": 846.8575477600098,
  "actual_latency": 641.508,
  "q_error": 1.3201044223299003,
  "inference_time": 0.1694653034210205
}