{
  "predicted_latency": 0.02913774736225605,
  "actual_latency": 2.071987,
  "q_error": 71.11006164550781,
  "inference_time": 2.5928821563720703,
  "timestamp": 1745754516.0894165
}