{
  "predicted_latency": 598.1202721595764,
  "actual_latency": 4339.764,
  "q_error": 7.255671145087298,
  "inference_time": 0.044236183166503906
}