{
  "predicted_latency": 506.9307861328125,
  "inference_time": 0.029819250106811523
}