{
  "predicted_latency": 0.0291377454996109,
  "actual_latency": 3.442606,
  "q_error": 118.14936065673828,
  "inference_time": 0.09284138679504395,
  "timestamp": 1745770105.7548895
}