{
  "query": "/*+  */ select count(*)\nfrom title AS t\ninner join cast_info AS ci\non t.id = ci.movie_id AND t.kind_id = 7 AND ci.person_id < 2867564;",
  "predicted_latency": 1442.6792860031128,
  "actual_latency": 7140.199,
  "q_error": 4.949262853687769,
  "inference_time": 0.014702081680297852
}