{
  "predicted_latency": 428.6953806877136,
  "actual_latency": 399.653,
  "q_error": 1.0726689920699046,
  "inference_time": 0.09399914741516113
}