{
  "predicted_latency": 0.02913774736225605,
  "actual_latency": 93.67920600000001,
  "q_error": 3215.04638671875,
  "inference_time": 0.8107562065124512,
  "timestamp": 1745757284.066258
}