{
  "predicted_latency": 590.8970832824707,
  "actual_latency": 292.683,
  "q_error": 2.018897863157309,
  "inference_time": 0.051833152770996094
}