{
  "predicted_latency": 381.1284899711609,
  "actual_latency": 457.328,
  "q_error": 1.1999312883552864,
  "inference_time": 3.617753505706787
}