{
  "predicted_latency": 139.11034166812897,
  "actual_latency": 651.08,
  "q_error": 4.680313427403266,
  "inference_time": 0.11107087135314941
}