{
  "query": "/*+ NoNestLoop(ci t) */ select count(*)\nfrom cast_info AS ci\ninner join title AS t\non t.id = ci.movie_id AND ci.person_id > 298275;",
  "predicted_latency": 1133.4857940673828,
  "actual_latency": 10483.224,
  "q_error": 9.24865936112191,
  "inference_time": 0.016107559204101562
}