{
  "predicted_latency": 0.02913774363696575,
  "actual_latency": 3.30347,
  "q_error": 113.37425231933594,
  "inference_time": 1.2888729572296143,
  "timestamp": 1745757310.248807
}