{
  "predicted_latency": 94.78650665283203,
  "inference_time": 0.03278517723083496
}