{
  "query": "/*+  */ select count(*)\nfrom movie_companies AS mc\ninner join title AS t\non t.id = mc.movie_id AND mc.company_id > 71884;",
  "predicted_latency": 1017.1201229095459,
  "actual_latency": 620.795,
  "q_error": 1.6384154558421797,
  "inference_time": 0.24759173393249512
}