{
  "embedding": [
    0.6248528382463918,
    0.9069081556301981,
    4.256399283108512,
    0.08751637440554051,
    0.08172678693410251,
    2.4900869845582694,
    0.888241426752509,
    2.5936301724826873,
    0.7545259301727153,
    2.342128130274184,
    2.5179976638728747,
    3.925457339724946,
    2.7028017405815725,
    2.0072467647227605,
    0.13910074229265718,
    4.157285979964234,
    2.0024517399136426,
    3.3935512957961254,
    0.5864444477856,
    0.40021688847894166,
    0.8691135466233619,
    2.265660128937812,
    1.626555615077013,
    0.5070572196907538,
    0.7617633893202225,
    1.3072676986263239,
    2.9121894596222644,
    2.862621992673838,
    2.621800816166163,
    0.7883721897521248,
    1.9208300745298397,
    1.18264179625956,
    0.8136024539177305,
    1.708565545556373,
    4.0469875943629585,
    0.854511529749682,
    1.5730569758334145,
    0.26397665076074844,
    2.073969728672814,
    2.352568528141642,
    2.03421599499917,
    2.884125108193531,
    2.160867076233063,
    0.2996681680405707,
    1.171512842571492,
    1.922171084423849,
    1.4213536345315496,
    2.3111248744410062,
    3.906816076073883,
    1.8577588366620443,
    0.47373031967119594,
    3.898909483143182,
    2.197439989894744,
    0.774176447108369,
    1.0666061739253585,
    0.7262760659495128,
    3.777782858356807,
    1.970568836167008,
    0.877138546758113,
    0.8327227854712356,
    0.1299554237402734,
    0.6670126277518633,
    0.4417254119263121,
    3.064163499019636
  ],
  "timestamp": 1754305227.2799559
}