{
  "embedding": [
    0.7603773677062426,
    1.8529919489025282,
    3.473279084100637,
    0.09968541057413774,
    0.13648742916057885,
    6.299074364883958,
    0.47130975056306673,
    2.184387724714253,
    0.7069685608095456,
    1.3894768109048228,
    3.8005292608367536,
    4.749302829483318,
    1.8751690479658274,
    2.047484181125575,
    0.3529144123157485,
    3.4640144423216057,
    2.6280793614445757,
    4.052490757761681,
    1.56570015326074,
    3.1651063434987483,
    4.126439536991924,
    3.0882465102408,
    1.857114298161858,
    0.7574511603768013,
    0.8531463233457327,
    2.1976342482134594,
    3.0553580805918252,
    4.77620358307522,
    3.2387567731625335,
    1.6781516195991304,
    3.5603341873076886,
    1.7370140316704512,
    0.5981799640227515,
    2.2013586913840633,
    5.084224634630903,
    0.5974848860194434,
    1.6680975373775055,
    0.36008314291814686,
    1.763886873579344,
    3.243845182126743,
    2.695720052508021,
    3.41992772343362,
    3.1343502309687348,
    0.29969527541054375,
    1.3973247879481627,
    3.0414222794768304,
    1.5241600428603028,
    2.268815907416414,
    5.755044667578682,
    2.537130390057503,
    0.4455977919999365,
    3.34448420506979,
    2.470453219064822,
    1.0045757520384793,
    1.399691009698701,
    1.2985067464853248,
    3.50528901822186,
    2.4022477293606412,
    2.5774236238963764,
    1.0667455574166542,
    0.28716999318894265,
    2.53449297755761,
    1.7827380078495885,
    3.306755045758588
  ],
  "timestamp": 1754305224.218133
}