{
  "predicted_latency": 0.0291377454996109,
  "actual_latency": 11.433587,
  "q_error": 392.3977966308594,
  "inference_time": 1.2865185737609863,
  "timestamp": 1745769876.3414474
}