{
  "query": "/*+  */ select count(*)\nfrom title AS t\ninner join cast_info AS ci\non t.id = ci.movie_id AND t.production_year < 1994;",
  "predicted_latency": 1226.6311645507812,
  "actual_latency": 5751.882,
  "q_error": 4.689169952816634,
  "inference_time": 0.022094249725341797
}