{
  "query": "/*+  */ select count(*)\nfrom title AS t\ninner join movie_keyword AS mk\non t.id = mk.movie_id AND t.kind_id > 1 AND mk.keyword_id < 24335;",
  "predicted_latency": 1104.7216653823853,
  "actual_latency": 1025.471,
  "q_error": 1.0772822102062225,
  "inference_time": 0.019348859786987305
}