{
  "predicted_latency": 783.351719379425,
  "actual_latency": 221.142,
  "q_error": 3.5423018665808623,
  "inference_time": 0.026493072509765625
}