{
  "query": "/*+  */ select count(*)\nfrom movie_info AS mi\ninner join title AS t\non t.id = mi.movie_id AND t.production_year < 1955;",
  "predicted_latency": 1197.540044784546,
  "actual_latency": 1824.34,
  "q_error": 1.5234062593107056,
  "inference_time": 0.031176328659057617
}