{
  "predicted_latency": 0.02913774736225605,
  "actual_latency": 125.97838,
  "q_error": 4323.54541015625,
  "inference_time": 3.937382698059082,
  "timestamp": 1745755029.2066903
}