{
  "predicted_latency": 434.994637966156,
  "actual_latency": 270.857,
  "q_error": 1.6059937087324896,
  "inference_time": 0.03503823280334473
}