{
  "query": "/*+  */ select count(*)\nfrom title AS t\ninner join cast_info AS ci\non t.id = ci.movie_id AND ci.person_id < 2766183 AND ci.role_id > 2;",
  "predicted_latency": 1019.9466943740845,
  "actual_latency": 3266.117,
  "q_error": 3.202242840744078,
  "inference_time": 0.02644205093383789
}