{
  "predicted_latency": 513.1368637084961,
  "actual_latency": 523.851,
  "q_error": 1.020879685419737,
  "inference_time": 0.0466001033782959
}