{
  "predicted_latency": 907.3262329101562,
  "inference_time": 0.005572080612182617
}