{
    "embedding": [
        0.5330166220664978,
        0.5330166220664978,
        0.5330166220664978,
        0.6478224992752075,
        0.5330166220664978,
        1.2283995151519775,
        1.1868778467178345,
        0.5330166220664978,
        0.9579761624336243,
        0.5330166220664978,
        0.5330166220664978,
        0.5330166220664978,
        0.5330166220664978,
        1.8813189268112183,
        3.8439981937408447,
        1.6278010606765747,
        0.5330166220664978,
        2.072887897491455,
        0.5330166220664978,
        1.5598433017730713,
        0.5330166220664978,
        0.5330166220664978,
        0.9031767845153809,
        0.5330166220664978,
        2.0708611011505127,
        2.386709690093994,
        0.5330166220664978,
        0.5330166220664978,
        0.5330166220664978,
        0.5330166220664978,
        4.119523525238037,
        0.9747880697250366,
        0.5330166220664978,
        0.5330166220664978,
        1.8303617238998413,
        1.9973175525665283,
        0.5330166220664978,
        1.106257677078247,
        2.9968130588531494,
        0.5330166220664978,
        0.5330166220664978,
        0.5330166220664978,
        0.6767915487289429,
        0.5330166220664978,
        1.5138803720474243,
        0.5330166220664978,
        0.5330166220664978,
        0.9078658223152161,
        0.5330166220664978,
        4.568875312805176,
        1.6942250728607178,
        0.6448438763618469,
        0.5330166220664978,
        0.5330166220664978,
        2.7731964588165283,
        0.5330166220664978,
        0.5330166220664978,
        0.5330166220664978,
        0.5330166220664978,
        0.5330166220664978,
        0.5330166220664978,
        0.8332086801528931,
        0.5330166220664978,
        2.9149324893951416
    ],
    "timestamp": 1754257685.5734963
}