{
    "embedding": [
        0.533016562461853,
        0.533016562461853,
        0.533016562461853,
        0.6478224992752075,
        0.533016562461853,
        1.2283997535705566,
        1.186877965927124,
        0.533016562461853,
        0.957976222038269,
        0.533016562461853,
        0.533016562461853,
        0.533016562461853,
        0.533016562461853,
        1.8813188076019287,
        3.8439979553222656,
        1.627801537513733,
        0.533016562461853,
        2.072888135910034,
        0.533016562461853,
        1.5598430633544922,
        0.533016562461853,
        0.533016562461853,
        0.9031771421432495,
        0.533016562461853,
        2.0708608627319336,
        2.386709213256836,
        0.533016562461853,
        0.533016562461853,
        0.533016562461853,
        0.533016562461853,
        4.119523048400879,
        0.9747878313064575,
        0.533016562461853,
        0.533016562461853,
        1.8303617238998413,
        1.9973175525665283,
        0.533016562461853,
        1.106257677078247,
        2.9968135356903076,
        0.533016562461853,
        0.533016562461853,
        0.533016562461853,
        0.6767914891242981,
        0.533016562461853,
        1.5138803720474243,
        0.533016562461853,
        0.533016562461853,
        0.9078658223152161,
        0.533016562461853,
        4.568874359130859,
        1.6942251920700073,
        0.6448436975479126,
        0.533016562461853,
        0.533016562461853,
        2.77319598197937,
        0.533016562461853,
        0.533016562461853,
        0.533016562461853,
        0.533016562461853,
        0.533016562461853,
        0.533016562461853,
        0.8332085013389587,
        0.533016562461853,
        2.9149322509765625
    ],
    "timestamp": 1754257686.3568518
}