{
  "query": "/*+  */ select count(*)\nfrom title AS t\ninner join movie_companies AS mc\non t.id = mc.movie_id AND t.kind_id > 1 AND mc.company_id < 142382;",
  "predicted_latency": 1408.3696603775024,
  "actual_latency": 899.828,
  "q_error": 1.5651542965739036,
  "inference_time": 0.026830196380615234
}