{
  "predicted_latency": 558.3055019378662,
  "actual_latency": 3385.424,
  "q_error": 6.06374823147769,
  "inference_time": 0.08810806274414062
}