{
  "predicted_latency": 1068.10986328125,
  "inference_time": 0.029639244079589844
}