{
  "predicted_latency": 0.02913774363696575,
  "actual_latency": 2.074071,
  "q_error": 71.18158721923828,
  "inference_time": 1.5923941135406494,
  "timestamp": 1745479750.911085
}