{
  "query": "/*+  */ select count(*)\nfrom movie_info AS mi\ninner join title AS t\non t.id = mi.movie_id AND t.production_year > 2011;",
  "predicted_latency": 1212.857723236084,
  "actual_latency": 1750.276,
  "q_error": 1.4431008406575543,
  "inference_time": 0.02632904052734375
}