{
  "predicted_latency": 288.54650259017944,
  "actual_latency": 199.961,
  "q_error": 1.4430139006615261,
  "inference_time": 0.06510210037231445
}