{
  "query": "/*+ NoNestLoop(ci t) */ select count(*)\nfrom cast_info AS ci\ninner join title AS t\non t.id = ci.movie_id AND ci.person_id < 3519126;",
  "predicted_latency": 1133.590817451477,
  "actual_latency": 10003.894,
  "q_error": 8.824960334885752,
  "inference_time": 0.017626523971557617
}