{
  "query": "/*+  */ select count(*)\nfrom title AS t\ninner join movie_info AS mi\non t.id = mi.movie_id AND t.kind_id = 2;",
  "predicted_latency": 1030.4657220840454,
  "actual_latency": 1500.245,
  "q_error": 1.4558902521918522,
  "inference_time": 0.01441192626953125
}