{
  "predicted_latency": 849.9072265625,
  "inference_time": 0.008486747741699219
}