{
  "predicted_latency": 383.70901346206665,
  "actual_latency": 175.915,
  "q_error": 2.1812182784985175,
  "inference_time": 0.045958518981933594
}