{
  "query": "/*+  */ select count(*)\nfrom movie_keyword AS mk\ninner join title AS t\non t.id = mk.movie_id AND mk.keyword_id < 84790;",
  "predicted_latency": 1280.714988708496,
  "actual_latency": 1257.432,
  "q_error": 1.0185163004508364,
  "inference_time": 0.011950969696044922
}