{
  "predicted_latency": 514.3349170684814,
  "actual_latency": 2020.051,
  "q_error": 3.9275011922455945,
  "inference_time": 0.08076834678649902
}