{
  "predicted_latency": 793.14013671875,
  "inference_time": 0.03580641746520996
}