{
  "query": "/*+  */ select count(*)\nfrom title AS t\ninner join movie_keyword AS mk\non t.id = mk.movie_id AND t.production_year < 1982;",
  "predicted_latency": 1112.3552322387695,
  "actual_latency": 668.887,
  "q_error": 1.6629942460217788,
  "inference_time": 0.024538040161132812
}