{
  "query": "/*+ NoNestLoop(t ci) */ select count(*)\nfrom title AS t\ninner join cast_info AS ci\non t.id = ci.movie_id AND ci.person_id > 3170886;",
  "predicted_latency": 614.9697303771973,
  "actual_latency": 2462.747,
  "q_error": 4.004663771807844,
  "inference_time": 0.016908884048461914
}