{
  "query": "/*+  */ select count(*)\nfrom cast_info AS ci\ninner join title AS t\non t.id = ci.movie_id AND t.production_year < 1931;",
  "predicted_latency": 1139.5436525344849,
  "actual_latency": 3752.518,
  "q_error": 3.293000660092257,
  "inference_time": 0.0297548770904541
}