{
  "predicted_latency": 924.3924617767334,
  "actual_latency": 2594.648,
  "q_error": 2.8068684106455644,
  "inference_time": 0.08684706687927246
}