{
  "predicted_latency": 226.41518712043762,
  "actual_latency": 40.148,
  "q_error": 5.639513478141815,
  "inference_time": 0.10302495956420898
}