{
  "predicted_latency": 877.0389404296875,
  "inference_time": 0.07347464561462402
}