{
  "predicted_latency": 1.0,
  "actual_latency": 7690.08,
  "q_error": 7690.08,
  "inference_time": 0.31276679039001465,
  "timestamp": 1744674664.597647
}