{
  "predicted_latency": 0.02913774736225605,
  "actual_latency": 2.07448,
  "q_error": 71.19562530517578,
  "inference_time": 0.4959902763366699,
  "timestamp": 1745771363.4276013
}