{
  "pg_runtime": 6383.677,
  "opt_runtime": 6379.6,
  "pg_slowdown": 1.000639068280143,
  "pg_opt_diff": 4.076999999999316,
  "original_num_of_plans": 2,
  "pg_plan_card_error": 1.5703807822957332,
  "opt_plan_card_error": 1.0,
  "num_tables": 3,
  "opt_hint": "/*+ Rows(movie_companies title #828838) Rows(cast_info title #3211898) Rows(cast_info movie_companies title #4893440) */"
}