{
  "predicted_latency": 0.02913774736225605,
  "actual_latency": 5.000896,
  "q_error": 171.6294708251953,
  "inference_time": 0.6436383724212646,
  "timestamp": 1745453850.0643437
}