{
  "predicted_latency": 1.0,
  "actual_latency": 11034.583,
  "q_error": 11034.583,
  "inference_time": 0.42184948921203613,
  "timestamp": 1744674676.1040173
}