{
  "predicted_latency": 0.02913774736225605,
  "actual_latency": 81.302977,
  "q_error": 2790.29736328125,
  "inference_time": 0.784714937210083,
  "timestamp": 1745771667.5717497
}