{
  "query": "/*+ NoNestLoop(ci t) */ select count(*)\nfrom cast_info AS ci\ninner join title AS t\non t.id = ci.movie_id AND ci.person_id < 3426970;",
  "predicted_latency": 1128.1046867370605,
  "actual_latency": 9288.785,
  "q_error": 8.23397430150473,
  "inference_time": 0.026680707931518555
}