{
  "predicted_latency": 0.02913774363696575,
  "actual_latency": 4.362509,
  "q_error": 149.72019958496094,
  "inference_time": 1.9192171096801758,
  "timestamp": 1745762071.6783428
}