{
  "predicted_latency": 0.02913774736225605,
  "actual_latency": 6.3291509999999995,
  "q_error": 217.21484375,
  "inference_time": 0.5911910533905029,
  "timestamp": 1745759140.1568904
}