{
  "query": "/*+  */ select count(*)\nfrom title AS t\ninner join cast_info AS ci\non t.id = ci.movie_id AND t.production_year < 1994 AND ci.person_id > 2361204;",
  "predicted_latency": 1402.2889137268066,
  "actual_latency": 3193.008,
  "q_error": 2.2769972498135718,
  "inference_time": 0.014545440673828125
}