{
  "predicted_latency": 0.0291377454996109,
  "actual_latency": 46.253332,
  "q_error": 1587.4024658203125,
  "inference_time": 0.06999754905700684,
  "timestamp": 1745759261.7886262
}