{
  "predicted_latency": 410.56910157203674,
  "actual_latency": 166.17,
  "q_error": 2.4707775264610747,
  "inference_time": 0.08549666404724121
}