{
  "predicted_latency": 0.02913774736225605,
  "actual_latency": 0.19140000000000001,
  "q_error": 6.568799018859863,
  "inference_time": 0.08771872520446777,
  "timestamp": 1745771196.758084
}