{
  "predicted_latency": 523.2822265625,
  "inference_time": 0.007486104965209961
}