{
  "predicted_latency": 381.58148527145386,
  "actual_latency": 400.853,
  "q_error": 1.0505043233815095,
  "inference_time": 0.104156494140625
}