{
  "predicted_latency": 0.0291377454996109,
  "actual_latency": 0.185189,
  "q_error": 6.3556389808654785,
  "inference_time": 0.6674666404724121,
  "timestamp": 1745481179.558923
}