{
  "predicted_latency": 641.9920921325684,
  "actual_latency": 173.608,
  "q_error": 3.697940717781256,
  "inference_time": 0.05647993087768555
}