{
  "predicted_latency": 633.4410905838013,
  "actual_latency": 3615.418,
  "q_error": 5.707583631285911,
  "inference_time": 0.08301520347595215
}