{
  "predicted_latency": 1009.7052612304688,
  "inference_time": 0.10389590263366699
}