{
  "predicted_latency": 1751.16162109375,
  "inference_time": 0.02163386344909668
}