{
  "query": "/*+  */ select count(*)\nfrom cast_info AS ci\ninner join title AS t\non t.id = ci.movie_id AND ci.person_id > 1861849 AND ci.role_id > 1 AND t.production_year > 2011;",
  "predicted_latency": 1494.5966005325317,
  "actual_latency": 3142.605,
  "q_error": 2.102644284672048,
  "inference_time": 0.021982431411743164
}