{
  "predicted_latency": -9.204020723700523,
  "actual_latency": 568.882,
  "q_error": -0.016179138597636283,
  "inference_time": 0.05762362480163574
}