{
  "predicted_latency": 0.02913774363696575,
  "actual_latency": 0.847159,
  "q_error": 29.074283599853516,
  "inference_time": 0.4902513027191162,
  "timestamp": 1745453902.603049
}