{
  "query": "/*+ NoNestLoop(t ci) */ select count(*)\nfrom title AS t\ninner join cast_info AS ci\non t.id = ci.movie_id AND ci.person_id > 3019103;",
  "predicted_latency": 619.8548674583435,
  "actual_latency": 2799.693,
  "q_error": 4.516691159464275,
  "inference_time": 0.012285709381103516
}