{
  "predicted_latency": 642.0792937278748,
  "actual_latency": 7267.721,
  "q_error": 11.319039674685719,
  "inference_time": 0.08315873146057129
}