{
  "predicted_latency": 0.02913774363696575,
  "actual_latency": 2.183919,
  "q_error": 74.95154571533203,
  "inference_time": 1.5222666263580322,
  "timestamp": 1745481379.2473307
}