{
  "query": "/*+  */ select count(*)\nfrom title AS t\ninner join cast_info AS ci\non t.id = ci.movie_id AND t.production_year > 2007 AND ci.person_id > 2429835;",
  "predicted_latency": 1388.5560035705566,
  "actual_latency": 3862.855,
  "q_error": 2.7819223640004354,
  "inference_time": 0.011712789535522461
}