{
  "predicted_latency": 0.0291377454996109,
  "actual_latency": 48.764106,
  "q_error": 1673.57177734375,
  "inference_time": 0.103240966796875,
  "timestamp": 1745756864.0595338
}