{
  "query": "/*+  */ select count(*)\nfrom cast_info AS ci\ninner join title AS t\non t.id = ci.movie_id AND ci.person_id > 3639431 AND t.kind_id = 2;",
  "predicted_latency": 1292.352557182312,
  "actual_latency": 430.831,
  "q_error": 2.9996740187737463,
  "inference_time": 0.02653980255126953
}