{
  "predicted_latency": 519.2955136299133,
  "actual_latency": 7243.079,
  "q_error": 13.947894425989457,
  "inference_time": 0.11612343788146973
}