{
  "predicted_latency": 0.02913774363696575,
  "actual_latency": 2.7273020000000003,
  "q_error": 93.6003189086914,
  "inference_time": 1.9104750156402588,
  "timestamp": 1745757622.5799835
}