{
  "query": "/*+  */ select count(*)\nfrom movie_keyword AS mk\ninner join title AS t\non t.id = mk.movie_id AND mk.keyword_id < 58968;",
  "predicted_latency": 1228.59525680542,
  "actual_latency": 1236.919,
  "q_error": 1.0067750084077514,
  "inference_time": 0.020214319229125977
}