{
  "predicted_latency": 2312.97412109375,
  "inference_time": 0.021192312240600586
}