{
  "predicted_latency": 1493.66455078125,
  "inference_time": 0.028676509857177734
}