{
  "predicted_latency": 535.4419946670532,
  "actual_latency": 3811.573,
  "q_error": 7.118554461478315,
  "inference_time": 0.09880208969116211
}