{
  "predicted_latency": 2504.5078125,
  "inference_time": 0.03087472915649414
}