{
  "predicted_latency": 727.2981405258179,
  "actual_latency": 721.512,
  "q_error": 1.0080194654085004,
  "inference_time": 0.10459256172180176
}