{
  "predicted_latency": 0.02913774363696575,
  "actual_latency": 5.702466,
  "q_error": 195.7071990966797,
  "inference_time": 2.8467657566070557,
  "timestamp": 1745479289.968837
}