{
  "predicted_latency": 869.2899346351624,
  "actual_latency": 4819.086,
  "q_error": 5.5437038990018355,
  "inference_time": 0.09787607192993164
}