{
  "query": "/*+  */ select count(*)\nfrom title AS t\ninner join movie_keyword AS mk\non t.id = mk.movie_id AND t.production_year < 1990;",
  "predicted_latency": 1062.3047351837158,
  "actual_latency": 714.898,
  "q_error": 1.4859528704566467,
  "inference_time": 0.015332460403442383
}