{
  "query": "/*+  */ select count(*)\nfrom title AS t\ninner join cast_info AS ci\non t.id = ci.movie_id AND t.production_year < 1999 AND ci.person_id < 1009400 AND ci.role_id < 2;",
  "predicted_latency": 1252.4147033691406,
  "actual_latency": 2643.746,
  "q_error": 2.110919005412518,
  "inference_time": 0.012082099914550781
}