{
  "query": "/*+  */ select count(*)\nfrom title AS t\ninner join movie_info AS mi\non t.id = mi.movie_id AND t.production_year < 1986;",
  "predicted_latency": 1173.1261014938354,
  "actual_latency": 2656.542,
  "q_error": 2.264498246707845,
  "inference_time": 0.027296781539916992
}