{
  "predicted_latency": 394.19642090797424,
  "actual_latency": 139.044,
  "q_error": 2.835048048876429,
  "inference_time": 0.06225776672363281
}