{
  "predicted_latency": 303.60546708106995,
  "actual_latency": 130.324,
  "q_error": 2.3296205386657096,
  "inference_time": 0.10638976097106934
}