{
  "predicted_latency": 0.0291377454996109,
  "actual_latency": 28.039257000000003,
  "q_error": 962.3001708984375,
  "inference_time": 1.2314155101776123,
  "timestamp": 1745759049.2968402
}