{
  "query": "/*+  */ select count(*)\nfrom title AS t\ninner join cast_info AS ci\non t.id = ci.movie_id AND ci.person_id < 1589231 AND ci.role_id < 4;",
  "predicted_latency": 946.1761116981506,
  "actual_latency": 4895.339,
  "q_error": 5.173813774704251,
  "inference_time": 0.026374101638793945
}