{
  "predicted_latency": 0.02913774736225605,
  "actual_latency": 7.552211000000001,
  "q_error": 259.18994140625,
  "inference_time": 0.13933205604553223,
  "timestamp": 1745756144.672917
}