{
  "predicted_latency": 544.6913838386536,
  "actual_latency": 4619.952,
  "q_error": 8.481779108458424,
  "inference_time": 0.056525230407714844
}