{
  "predicted_latency": 0.02913774736225605,
  "actual_latency": 125.946534,
  "q_error": 4322.45263671875,
  "inference_time": 1.2962558269500732,
  "timestamp": 1745757559.109635
}