{
  "predicted_latency": 0.02913774363696575,
  "actual_latency": 0.7863060000000001,
  "q_error": 26.985824584960938,
  "inference_time": 2.877133846282959,
  "timestamp": 1745755841.2033246
}