{
  "predicted_latency": 379.14227294921875,
  "inference_time": 0.013405323028564453
}