{
  "query": "/*+  */ select count(*)\nfrom title AS t\ninner join cast_info AS ci\non t.id = ci.movie_id AND ci.person_id > 1590784 AND ci.role_id < 6;",
  "predicted_latency": 1160.0124835968018,
  "actual_latency": 5594.474,
  "q_error": 4.822770512480565,
  "inference_time": 0.018862485885620117
}