{
  "query": "/*+  */ select count(*)\nfrom title AS t\ninner join cast_info AS ci\non t.id = ci.movie_id AND ci.person_id > 1083750;",
  "predicted_latency": 977.1093726158142,
  "actual_latency": 7925.585,
  "q_error": 8.111256756019502,
  "inference_time": 0.019212007522583008
}