{
  "predicted_latency": 324.5677053928375,
  "actual_latency": 3196.732,
  "q_error": 9.849199248369041,
  "inference_time": 0.0841372013092041
}