{
  "predicted_latency": 118.7930703163147,
  "actual_latency": 147.023,
  "q_error": 1.2376395324114144,
  "inference_time": 0.10583376884460449
}