{
  "query": "/*+  */ select count(*)\nfrom title AS t\ninner join cast_info AS ci\non t.id = ci.movie_id AND t.kind_id < 7 AND ci.person_id > 870285;",
  "predicted_latency": 1451.7773389816284,
  "actual_latency": 6597.144,
  "q_error": 4.544184444033042,
  "inference_time": 0.02642035484313965
}