{
  "predicted_latency": 340.078369140625,
  "inference_time": 0.006628513336181641
}