{
  "predicted_latency": 389.8679316043854,
  "actual_latency": 363.671,
  "q_error": 1.072034700606827,
  "inference_time": 0.04977250099182129
}