{
  "predicted_latency": 0.02913774736225605,
  "actual_latency": 1.959383,
  "q_error": 67.24552154541016,
  "inference_time": 3.44148588180542,
  "timestamp": 1745755542.5740185
}