{
  "predicted_latency": 597.7625122070312,
  "inference_time": 0.012214899063110352
}