{
  "predicted_latency": 0.02913774363696575,
  "actual_latency": 1.582485,
  "q_error": 54.31048583984375,
  "inference_time": 1.673424482345581,
  "timestamp": 1745753836.5239308
}