{
  "query": "/*+ NoHashJoin(t ci) */ select count(*)\nfrom title AS t\ninner join cast_info AS ci\non t.id = ci.movie_id AND ci.person_id < 1446217;",
  "predicted_latency": 419.0596640110016,
  "actual_latency": 6963.677,
  "q_error": 16.61738792358976,
  "inference_time": 0.015793800354003906
}