{
  "predicted_latency": 483.59301686286926,
  "actual_latency": 183.503,
  "q_error": 2.6353412034836996,
  "inference_time": 0.043050289154052734
}