{
  "pg_runtime": 9778.678,
  "opt_runtime": 9943.767,
  "pg_slowdown": 0.9833977405142337,
  "pg_opt_diff": -165.08899999999994,
  "original_num_of_plans": 2,
  "pg_plan_card_error": 2.893445156819133,
  "opt_plan_card_error": 1.0,
  "num_tables": 7,
  "opt_hint": "/*+ Rows(ci rt #2728943) Rows(mc t #2609129) Rows(ci t #36244344) Rows(a1 n1 #901343) Rows(ci n1 #36244344) Rows(ci mc #80274241) Rows(a1 ci #36417493) Rows(cn mc #1153798) Rows(cn mc t #1153798) Rows(ci rt t #2728943) Rows(a1 ci t #36417493) Rows(ci mc n1 #80274241) Rows(ci n1 rt #2728943) Rows(ci n1 t #36244344) Rows(a1 ci n1 #36417493) Rows(ci mc rt #4450853) Rows(ci mc t #80274241) Rows(a1 ci mc #87239860) Rows(ci cn mc #32289229) Rows(a1 ci rt #2343724) Rows(ci n1 rt t #2728943) Rows(a1 ci n1 t #36417493) Rows(a1 ci mc t #87239860) Rows(ci mc n1 t #80274241) Rows(ci cn mc rt #1970658) Rows(a1 ci rt t #2343724) Rows(ci cn mc t #32289229) Rows(a1 ci mc n1 #87239860) Rows(a1 ci cn mc #41307596) Rows(a1 ci mc rt #4961427) Rows(a1 ci n1 rt #2343724) Rows(ci cn mc n1 #32289229) Rows(ci mc n1 rt #4450853) Rows(ci mc rt t #4450853) Rows(ci cn mc n1 rt #1970658) Rows(a1 ci mc n1 rt #4961427) Rows(a1 ci cn mc rt #2487611) Rows(a1 ci mc n1 t #87239860) Rows(ci cn mc n1 t #32289229) Rows(ci mc n1 rt t #4450853) Rows(a1 ci cn mc t #41307596) Rows(a1 ci n1 rt t #2343724) Rows(a1 ci mc rt t #4961427) Rows(ci cn mc rt t #1970658) Rows(a1 ci cn mc n1 #41307596) Rows(a1 ci cn mc rt t #2487611) Rows(a1 ci mc n1 rt t #4961427) Rows(a1 ci cn mc n1 rt #2487611) Rows(a1 ci cn mc n1 t #41307596) Rows(ci cn mc n1 rt t #1970658) Rows(a1 ci cn mc n1 rt t #2487611) */"
}