{
  "query": "/*+  */ select count(*)\nfrom title AS t\ninner join cast_info AS ci\non t.id = ci.movie_id AND ci.person_id < 1648775 AND ci.role_id < 4;",
  "predicted_latency": 947.3509192466736,
  "actual_latency": 5045.179,
  "q_error": 5.325565107396411,
  "inference_time": 0.02652764320373535
}