{
  "predicted_latency": 280.27451038360596,
  "actual_latency": 311.412,
  "q_error": 1.1110964017875788,
  "inference_time": 0.15020990371704102
}