{
  "predicted_latency": 0.0291377454996109,
  "actual_latency": 27.210033,
  "q_error": 933.8414306640625,
  "inference_time": 3.4960012435913086,
  "timestamp": 1745754283.3156078
}