{
  "predicted_latency": 2183.6728515625,
  "inference_time": 0.02584242820739746
}