{
  "predicted_latency": 0.02913774363696575,
  "actual_latency": 6.2652920000000005,
  "q_error": 215.0232391357422,
  "inference_time": 1.8162691593170166,
  "timestamp": 1745769784.4859898
}