{
  "predicted_latency": 933.4827661514282,
  "actual_latency": 242.317,
  "q_error": 3.852320580691525,
  "inference_time": 0.11497712135314941
}