{
  "predicted_latency": 303.39011549949646,
  "actual_latency": 181.348,
  "q_error": 1.672971940685844,
  "inference_time": 0.22965264320373535
}