{
  "predicted_latency": 837.3140692710876,
  "actual_latency": 6277.974,
  "q_error": 7.49775291064344,
  "inference_time": 0.11709022521972656
}