{
  "predicted_latency": 1718.2430419921875,
  "inference_time": 0.021350860595703125
}