{
  "predicted_latency": 549.474835395813,
  "actual_latency": 18517.215,
  "q_error": 33.6998417528278,
  "inference_time": 0.09300947189331055
}