{
  "predicted_latency": 1899.9542236328125,
  "inference_time": 0.024447202682495117
}