{
  "query": "/*+  */ select count(*)\nfrom title AS t\ninner join cast_info AS ci\non t.id = ci.movie_id AND ci.person_id < 1818548 AND ci.role_id > 1;",
  "predicted_latency": 941.726565361023,
  "actual_latency": 3410.245,
  "q_error": 3.6212687689155705,
  "inference_time": 0.026444435119628906
}