{
  "query": "/*+  */ select count(*)\nfrom title AS t\ninner join movie_info AS mi\non t.id = mi.movie_id AND t.production_year > 2000;",
  "predicted_latency": 1010.2236270904541,
  "actual_latency": 2982.533,
  "q_error": 2.9523492819010735,
  "inference_time": 0.020373106002807617
}