{
  "query": "/*+  */ select count(*)\nfrom movie_info AS mi\ninner join title AS t\non t.id = mi.movie_id AND t.production_year < 1966;",
  "predicted_latency": 1232.1444749832153,
  "actual_latency": 2389.321,
  "q_error": 1.9391565262933537,
  "inference_time": 0.01529383659362793
}