{
  "query": "/*+  */ select count(*)\nfrom cast_info AS ci\ninner join title AS t\non t.id = ci.movie_id AND ci.person_id < 2961888 AND ci.role_id > 4 AND t.production_year < 1980;",
  "predicted_latency": 1583.959937095642,
  "actual_latency": 1350.697,
  "q_error": 1.1726981973719066,
  "inference_time": 0.027491331100463867
}