{
  "predicted_latency": 0.02913774736225605,
  "actual_latency": 13.474919,
  "q_error": 462.4557800292969,
  "inference_time": 1.206730842590332,
  "timestamp": 1745760507.8496144
}