{
  "query": "/*+  */ select count(*)\nfrom title AS t\ninner join cast_info AS ci\non t.id = ci.movie_id AND t.production_year < 1993 AND ci.person_id > 1352097 AND ci.role_id = 2;",
  "predicted_latency": 1523.2532024383545,
  "actual_latency": 1964.136,
  "q_error": 1.2894350045389043,
  "inference_time": 0.02480292320251465
}