{
  "predicted_latency": 0.02913774736225605,
  "actual_latency": 8.722916999999999,
  "q_error": 299.3682556152344,
  "inference_time": 0.6951370239257812,
  "timestamp": 1745759739.6742637
}