{
  "predicted_latency": 0.02913774736225605,
  "actual_latency": 3.218734,
  "q_error": 110.46612548828125,
  "inference_time": 1.769869089126587,
  "timestamp": 1745480323.6249037
}