{
  "predicted_latency": 0.0291377454996109,
  "actual_latency": 0.9068579999999999,
  "q_error": 31.123136520385742,
  "inference_time": 0.35915040969848633,
  "timestamp": 1745481396.4026945
}