{
  "query": "/*+  */ select count(*)\nfrom title AS t\ninner join cast_info AS ci\non t.id = ci.movie_id AND ci.person_id < 2670975;",
  "predicted_latency": 1003.618597984314,
  "actual_latency": 7976.734,
  "q_error": 7.947973479188827,
  "inference_time": 0.017762422561645508
}