{
  "query": "/*+  */ select count(*)\nfrom title AS t\ninner join cast_info AS ci\non t.id = ci.movie_id AND ci.person_id < 2757041 AND ci.role_id < 4;",
  "predicted_latency": 1062.296748161316,
  "actual_latency": 7756.522,
  "q_error": 7.301652775860825,
  "inference_time": 0.03062582015991211
}