{
  "query": "/*+  */ select count(*)\nfrom title AS t\ninner join movie_info AS mi\non t.id = mi.movie_id AND t.kind_id < 6;",
  "predicted_latency": 914.1237139701843,
  "actual_latency": 3282.674,
  "q_error": 3.5910609798566826,
  "inference_time": 0.01583242416381836
}