{
  "query": "/*+  */ select count(*)\nfrom movie_keyword AS mk\ninner join title AS t\non t.id = mk.movie_id AND mk.keyword_id < 61461;",
  "predicted_latency": 1232.5533628463745,
  "actual_latency": 1223.31,
  "q_error": 1.007556026556126,
  "inference_time": 0.32393622398376465
}