{
  "embedding": [
    0.11063900652273,
    0.6538332565946747,
    2.5445475308093086,
    0.3111763557710586,
    0.11063900652273,
    3.802790517201615,
    1.0489325733151191,
    2.522259867700735,
    0.7126993750992714,
    2.832815789852143,
    1.176495291075268,
    2.132409023671664,
    0.11063900652273,
    0.11063900652273,
    0.24369210972246497,
    0.42728543665060437,
    0.5440194174134172,
    1.4510210556089007,
    0.6265409496780643,
    0.11063900652273,
    0.48489154659961176,
    1.3641801998475527,
    0.11063900652273,
    0.6934105011011674,
    1.0631355966388913,
    2.1153476619742366,
    3.5642649096684056,
    4.220064311171753,
    2.0923062479711816,
    0.48014727048611494,
    3.2963570364356745,
    0.6388619672567487,
    0.5748208664312724,
    2.5840810531606717,
    0.9532116694588814,
    0.11063900652273,
    0.7508556214902732,
    0.5534827740720316,
    0.9065939812836016,
    2.144466032384693,
    0.11063900652273,
    3.452358618131181,
    1.4682475810666136,
    0.5423157347000944,
    1.7122025757256802,
    4.934690888562374,
    0.7499764422680892,
    1.5853164449110213,
    1.3617580879342952,
    0.11063900652273,
    0.3674441862594745,
    1.170223806338575,
    0.8630130698887969,
    0.11063900652273,
    0.2044310218834915,
    1.2121782212411298,
    2.151604858506664,
    2.8219960929591754,
    2.0032251570589183,
    1.0697504048102686,
    0.3287686139243433,
    1.2035360739542158,
    3.3010956954913864,
    2.52978173075099
  ],
  "timestamp": 1754307497.745988
}