{
  "embedding": [
    0.13748115323040272,
    1.1932234604347585,
    1.139719215817052,
    0.2282313572185778,
    0.10770913253382189,
    3.5901544604874354,
    0.672987332732325,
    0.25901738367421906,
    1.2755929002221607,
    2.130541257682605,
    2.503435595287894,
    3.3494559121414245,
    0.10770913253382189,
    0.7894165264261025,
    0.19542463969060994,
    2.1891795139828054,
    0.7579567406704475,
    1.7483361785247602,
    0.5328615854520755,
    0.1985205407215336,
    1.1201069723273982,
    1.0997533293897968,
    0.10770913253382189,
    0.10770913253382189,
    1.9305263667444748,
    1.8378035035524163,
    3.6879059708092226,
    4.014540877191775,
    4.138321504003431,
    1.658487658879628,
    4.224487271771502,
    0.9384550660650512,
    0.10770913253382189,
    2.2725445937246334,
    2.3456861731197343,
    1.3484756847769181,
    1.1871559425170561,
    0.6385480999110681,
    1.6840044478630862,
    3.0510936166201637,
    0.10770913253382189,
    2.101575299321022,
    1.8637856738472935,
    0.8272179744803816,
    1.9975634724823712,
    3.6929364061158485,
    2.1383456449248226,
    2.662543103587445,
    3.203194800409008,
    2.2679188578716123,
    0.2898080330600656,
    1.4671302100406247,
    2.174089383640876,
    1.0615733938081864,
    0.35752474386429167,
    2.105962910896775,
    2.374745776588787,
    2.4924688010650264,
    2.2505655323484564,
    1.0060562582089638,
    0.30336784982142234,
    2.01983482517395,
    2.716887268125161,
    2.051406274367042
  ],
  "timestamp": 1754307499.8874428
}