{
  "predicted_latency": 0.02913774736225605,
  "actual_latency": 0.206815,
  "q_error": 7.097837924957275,
  "inference_time": 0.13562798500061035,
  "timestamp": 1745755837.4157035
}