{
  "predicted_latency": 287.6298725605011,
  "actual_latency": 157.71,
  "q_error": 1.823789693491225,
  "inference_time": 0.14645051956176758
}