{
  "predicted_latency": 0.0291377454996109,
  "actual_latency": 0.024738,
  "q_error": 1.1778537034988403,
  "inference_time": 0.13109946250915527,
  "timestamp": 1745481179.8159819
}