{
  "predicted_latency": 793.14013671875,
  "inference_time": 0.17009401321411133
}