{
  "predicted_latency": 0.0291377454996109,
  "actual_latency": 3.1848180000000004,
  "q_error": 109.3021469116211,
  "inference_time": 0.3645641803741455,
  "timestamp": 1745772976.765478
}