{
  "query": "/*+ NoNestLoop(t ci) */ select count(*)\nfrom title AS t\ninner join cast_info AS ci\non t.id = ci.movie_id AND ci.person_id < 1482316;",
  "predicted_latency": 647.0063924789429,
  "actual_latency": 5658.529,
  "q_error": 8.745708026654713,
  "inference_time": 0.012179851531982422
}