{
  "query": "/*+  */ select count(*)\nfrom cast_info AS ci\ninner join title AS t\non t.id = ci.movie_id AND ci.person_id > 1470759 AND ci.role_id > 1 AND t.production_year > 2010;",
  "predicted_latency": 1549.6971607208252,
  "actual_latency": 3598.613,
  "q_error": 2.322139506486637,
  "inference_time": 0.026308774948120117
}