{
  "query": "/*+ NoNestLoop(t ci) */ select count(*)\nfrom title AS t\ninner join cast_info AS ci\non t.id = ci.movie_id AND ci.person_id < 1630448;",
  "predicted_latency": 661.0045433044434,
  "actual_latency": 6045.574,
  "q_error": 9.146040010220547,
  "inference_time": 0.013547658920288086
}