{
  "predicted_latency": 788.2055640220642,
  "actual_latency": 184.027,
  "q_error": 4.283097393437182,
  "inference_time": 0.04816269874572754
}