{
  "predicted_latency": 0.02913774736225605,
  "actual_latency": 6.875117,
  "q_error": 235.95223999023438,
  "inference_time": 1.0987720489501953,
  "timestamp": 1745480336.3849323
}