{
  "predicted_latency": 0.02913774363696575,
  "actual_latency": 33.705768,
  "q_error": 1156.7734375,
  "inference_time": 2.1829915046691895,
  "timestamp": 1745759652.1460688
}