{
  "predicted_latency": 805.1568603515625,
  "inference_time": 0.00845026969909668
}