{
  "predicted_latency": 877.0389404296875,
  "inference_time": 0.007018566131591797
}