{
  "predicted_latency": 0.02913774736225605,
  "actual_latency": 0.217836,
  "q_error": 7.476075172424316,
  "inference_time": 0.05541539192199707,
  "timestamp": 1745761739.4748306
}