{
  "predicted_latency": 0.0291377454996109,
  "actual_latency": 3.266983,
  "q_error": 112.12202453613281,
  "inference_time": 0.12281298637390137,
  "timestamp": 1745769791.7314372
}