{
  "query": "/*+  */ select count(*)\nfrom title AS t\ninner join cast_info AS ci\non t.id = ci.movie_id AND ci.person_id < 2299232;",
  "predicted_latency": 836.8704915046692,
  "actual_latency": 7674.682,
  "q_error": 9.170692571799421,
  "inference_time": 0.28266143798828125
}