{
  "predicted_latency": 412.38322854042053,
  "actual_latency": 7512.794,
  "q_error": 18.21799113070288,
  "inference_time": 0.11509275436401367
}