{
  "predicted_latency": 797.3095178604126,
  "actual_latency": 30.706,
  "q_error": 25.96591929461384,
  "inference_time": 0.06699085235595703
}