{
  "query": "/*+  */ select count(*)\nfrom movie_info AS mi\ninner join title AS t\non t.id = mi.movie_id AND t.production_year < 1957;",
  "predicted_latency": 1203.5256624221802,
  "actual_latency": 1876.762,
  "q_error": 1.5593867738747542,
  "inference_time": 0.025460243225097656
}