{
  "query": "/*+  */ select count(*)\nfrom title AS t\ninner join cast_info AS ci\non t.id = ci.movie_id AND ci.role_id < 4;",
  "predicted_latency": 953.1716108322144,
  "actual_latency": 8211.927,
  "q_error": 8.615370943360519,
  "inference_time": 0.029550790786743164
}