{
  "predicted_latency": 0.02913774736225605,
  "actual_latency": 0.18323599999999998,
  "q_error": 6.288612365722656,
  "inference_time": 0.07792115211486816,
  "timestamp": 1745760424.9451547
}