{
  "predicted_latency": 844.9658813476562,
  "inference_time": 0.003922224044799805
}