{
  "query": "/*+  */ select count(*)\nfrom title AS t\ninner join movie_companies AS mc\non t.id = mc.movie_id AND t.kind_id > 1 AND mc.company_id < 89231;",
  "predicted_latency": 1258.1876516342163,
  "actual_latency": 1030.381,
  "q_error": 1.2210897247078665,
  "inference_time": 0.013642072677612305
}