{
  "query": "/*+  */ select count(*)\nfrom title AS t\ninner join movie_info AS mi\non t.id = mi.movie_id AND t.production_year < 2005;",
  "predicted_latency": 1012.3388767242432,
  "actual_latency": 3054.142,
  "q_error": 3.016916637522294,
  "inference_time": 0.03013157844543457
}