{
  "query": "/*+ NoNestLoop(t ci) */ select count(*)\nfrom title AS t\ninner join cast_info AS ci\non t.id = ci.movie_id AND ci.person_id > 1897243;",
  "predicted_latency": 675.2310395240784,
  "actual_latency": 5742.212,
  "q_error": 8.504069961071801,
  "inference_time": 0.026441574096679688
}