{
  "query": "/*+  */ select count(*)\nfrom movie_companies AS mc\ninner join title AS t\non t.id = mc.movie_id AND mc.company_id < 102320;",
  "predicted_latency": 1265.5326128005981,
  "actual_latency": 1489.809,
  "q_error": 1.1772189708355936,
  "inference_time": 0.014825105667114258
}