{
  "predicted_latency": 97.2127839922905,
  "actual_latency": 1714.71,
  "q_error": 17.638729491956386,
  "inference_time": 0.13431096076965332
}