{
  "predicted_latency": 600.672607421875,
  "inference_time": 0.006733417510986328
}