{
  "query": "/*+  */ select count(*)\nfrom movie_companies AS mc\ninner join title AS t\non t.id = mc.movie_id AND mc.company_id > 103800;",
  "predicted_latency": 820.6578493118286,
  "actual_latency": 404.837,
  "q_error": 2.027131535190283,
  "inference_time": 0.026552915573120117
}