{
    "embedding": [
        0.6039956212043762,
        0.6039956212043762,
        0.6039956212043762,
        0.762822687625885,
        0.6039956212043762,
        1.5267059803009033,
        0.6039956212043762,
        0.6039956212043762,
        0.6039956212043762,
        0.6039956212043762,
        0.6039956212043762,
        0.6039956212043762,
        0.6039956212043762,
        2.1139230728149414,
        4.259431838989258,
        0.6039956212043762,
        0.6039956212043762,
        1.596806526184082,
        0.6039956212043762,
        2.849730968475342,
        0.6039956212043762,
        0.6548000574111938,
        3.9122931957244873,
        0.6039956212043762,
        0.8270487785339355,
        0.6039956212043762,
        0.6039956212043762,
        0.6039956212043762,
        0.6039956212043762,
        0.6039956212043762,
        3.480199098587036,
        1.1499017477035522,
        0.6039956212043762,
        0.6039956212043762,
        1.2535203695297241,
        1.8829964399337769,
        0.6039956212043762,
        2.2494401931762695,
        3.539466142654419,
        0.6039956212043762,
        0.6039956212043762,
        0.6039956212043762,
        0.7754887342453003,
        0.6039956212043762,
        0.7233936786651611,
        0.6039956212043762,
        0.6039956212043762,
        1.1532511711120605,
        0.6039956212043762,
        1.6787923574447632,
        0.8907583355903625,
        1.6085902452468872,
        0.6039956212043762,
        0.6039956212043762,
        2.7304608821868896,
        0.6039956212043762,
        0.6039956212043762,
        0.6039956212043762,
        0.6039956212043762,
        0.607648491859436,
        0.6039956212043762,
        0.6039956212043762,
        0.6039956212043762,
        2.8114631175994873
    ],
    "timestamp": 1754258553.9484327
}