{
    "embedding": [
        0.6039957404136658,
        0.6039957404136658,
        0.6039957404136658,
        0.7628227472305298,
        0.6039957404136658,
        1.5267057418823242,
        0.6039957404136658,
        0.6039957404136658,
        0.6039957404136658,
        0.6039957404136658,
        0.6039957404136658,
        0.6039957404136658,
        0.6039957404136658,
        2.113924026489258,
        4.259431838989258,
        0.6039957404136658,
        0.6039957404136658,
        1.5968059301376343,
        0.6039957404136658,
        2.849731683731079,
        0.6039957404136658,
        0.6548001170158386,
        3.912294864654541,
        0.6039957404136658,
        0.8270488381385803,
        0.6039957404136658,
        0.6039957404136658,
        0.6039957404136658,
        0.6039957404136658,
        0.6039957404136658,
        3.4801979064941406,
        1.1499018669128418,
        0.6039957404136658,
        0.6039957404136658,
        1.2535207271575928,
        1.882995843887329,
        0.6039957404136658,
        2.2494399547576904,
        3.539466142654419,
        0.6039957404136658,
        0.6039957404136658,
        0.6039957404136658,
        0.7754888534545898,
        0.6039957404136658,
        0.7233933806419373,
        0.6039957404136658,
        0.6039957404136658,
        1.1532509326934814,
        0.6039957404136658,
        1.6787917613983154,
        0.8907583951950073,
        1.6085902452468872,
        0.6039957404136658,
        0.6039957404136658,
        2.7304611206054688,
        0.6039957404136658,
        0.6039957404136658,
        0.6039957404136658,
        0.6039957404136658,
        0.6076486110687256,
        0.6039957404136658,
        0.6039957404136658,
        0.6039957404136658,
        2.8114638328552246
    ],
    "timestamp": 1754258562.6399128
}