{
  "query": "/*+  */ select count(*)\nfrom title AS t\ninner join cast_info AS ci\non t.id = ci.movie_id AND t.kind_id < 7 AND ci.person_id < 3884971;",
  "predicted_latency": 1272.8534936904907,
  "actual_latency": 8258.489,
  "q_error": 6.488169330513814,
  "inference_time": 0.35367727279663086
}