{
  "embedding": [
    0.4112425921011598,
    1.175401842022586,
    3.9883131946253734,
    0.5387473815211101,
    0.44916684813715974,
    2.3097880216044206,
    2.404513822169132,
    0.8376834151785797,
    0.835792260999978,
    1.9843747274232857,
    3.2507945144905808,
    1.3122365470140347,
    1.3371784794761123,
    2.6505592175058665,
    0.24789617425787147,
    3.667875798468941,
    0.7651502522183541,
    2.4454976033179343,
    0.6017184531638177,
    1.3391645442237754,
    0.9098504312061486,
    1.2251184104233965,
    0.7739728585675435,
    0.937417296281905,
    0.39412216942223444,
    1.8281798268509621,
    2.9235709975669364,
    3.1585498820224536,
    4.162708447659994,
    1.144183758702843,
    1.9363252120317656,
    2.003888290950566,
    1.2066956476767667,
    2.859174882447978,
    3.3180132295339537,
    0.16383391723057206,
    0.4777927249458038,
    0.5371108235175759,
    1.5884972881787953,
    2.6534656174883327,
    1.7788437197727085,
    2.687326531981893,
    2.005994143235293,
    0.49768451564227656,
    1.446886691779201,
    1.6638263787822496,
    1.291465744536167,
    2.184732603877718,
    3.8271810252404093,
    1.1126029030390499,
    0.31363303580576973,
    4.070829114622429,
    1.9700341484375106,
    1.2761965265974504,
    1.5331569866301822,
    0.7871135315014668,
    3.495235305374923,
    2.9260682217963168,
    1.2158030523743357,
    1.6653727032258587,
    0.1449456289786466,
    1.0604464644823597,
    0.6199124205973238,
    3.4541417595887576
  ],
  "timestamp": 1754305667.5412278
}