{
  "embedding": [
    0.5386670810263439,
    1.5176077816066635,
    3.2666287522659596,
    0.1891551955762435,
    0.8328032665175928,
    4.946793592641515,
    1.1229717620880997,
    1.778188602414555,
    0.8583395873411367,
    1.2157681122131971,
    2.9610709650286267,
    1.2770309361911203,
    1.1283938937248243,
    1.9172738908617792,
    0.2652211955238436,
    2.6276643864824742,
    0.2699027861317586,
    2.5267244784735987,
    1.3560463356466164,
    2.2843389131766703,
    3.483312750814557,
    1.5805583780228212,
    1.0891739665996214,
    0.40082837311527925,
    0.4808412539277736,
    1.7649476648199276,
    2.702261092052077,
    2.9513240257718456,
    3.3287847774693615,
    2.2765924641650908,
    3.9984037981439537,
    1.3062395713489297,
    1.782827528985317,
    1.7936321426475337,
    2.610735183797715,
    0.8661521305407751,
    0.6594281421522795,
    0.6903216110157863,
    1.4405990583797157,
    3.1302670912256536,
    1.121464471321606,
    2.230464634376455,
    2.012143309589757,
    0.4629361610893341,
    1.6646359776560828,
    1.947713582133808,
    1.432292605701882,
    2.3458924833614114,
    3.6106752293934035,
    1.7541111127918458,
    0.8809589255360376,
    3.6333540585412334,
    1.8471021226200772,
    1.473718792463518,
    1.2028737181164968,
    1.1465952715455499,
    3.0671199590124663,
    2.6871146165255326,
    2.2896841163627193,
    1.8038718653714303,
    0.17013104285917455,
    2.0898935539012684,
    1.5520596419987172,
    2.85554642978327
  ],
  "timestamp": 1754305673.2090461
}