{
  "predicted_latency": 599.1299748420715,
  "actual_latency": 3099.2,
  "q_error": 5.172834159761306,
  "inference_time": 0.10312271118164062
}