{
  "pg_runtime": 3184.289,
  "opt_runtime": 944.359,
  "pg_slowdown": 3.3719051758917953,
  "pg_opt_diff": 2239.9300000000003,
  "original_num_of_plans": 112,
  "pg_plan_card_error": 21489.0,
  "opt_plan_card_error": 1.0,
  "num_tables": 11,
  "opt_hint": "/*+ Rows(mi mk #4094443) Rows(mi_idx mk #10130503) Rows(kt t #893209) Rows(mc t #135193) Rows(k mk #37091) Rows(ct mc #303271) Rows(mi mi_idx #760767) Rows(mi t #266130) Rows(mi_idx t #417391) Rows(mc mi #238345) Rows(it2 mi_idx #454230) Rows(mk t #1253091) Rows(mc mk #9292367) Rows(mc mi_idx #612312) Rows(cn mc #248388) Rows(it1 mi #614251) Rows(it2 mi mi_idx #256352) Rows(kt mc t #88858) Rows(kt mi t #182758) Rows(kt mi_idx t #318957) Rows(ct mc mi_idx #612312) Rows(cn mc mk #8663531) Rows(it1 mi mi_idx #632417) Rows(mc mk t #3331107) Rows(mi mi_idx mk #10249732) Rows(mi_idx mk t #2472463) Rows(it2 mi_idx mk #3403472) Rows(cn ct mc #248388) Rows(mc mi mi_idx #556662) Rows(cn mc mi #190901) Rows(it1 mi mk #2892323) Rows(ct mc mk #9292367) Rows(k mk t #9739) Rows(kt mk t #962609) Rows(it1 mc mi #169288) Rows(cn mc t #108112) Rows(mc mi mk #13317142) Rows(mc mi_idx mk #26918996) Rows(k mc mk #86022) Rows(ct mc mi #238345) Rows(mi mi_idx t #220783) Rows(k mi_idx mk #94604) Rows(it2 mi_idx t #140455) Rows(it1 mi t #239502) Rows(ct mc t #135193) Rows(k mi mk #34571) Rows(mc mi t #85367) Rows(mc mi_idx t #245360) Rows(it2 mc mi_idx #204359) Rows(cn mc mi_idx #536620) Rows(mi mk t #891611) Rows(cn mc mi mi_idx #488809) Rows(cn it2 mc mi_idx #178762) Rows(mc mi mk t #3482858) Rows(it2 mi_idx mk t #821632) Rows(it2 mc mi mi_idx #180774) Rows(cn mc mi_idx mk #25328077) Rows(k mi_idx mk t #21914) Rows(k mi mk t #7395) Rows(ct it1 mc mi #169288) Rows(it1 it2 mi mi_idx #213239) Rows(it2 mi mi_idx mk #3371857) Rows(k mc mi mk #123862) Rows(k mc mi_idx mk #252459) Rows(cn it1 mc mi #124263) Rows(it1 kt mi t #165761) Rows(ct k mc mk #86022) Rows(kt mc mk t #3070773) Rows(kt mi mk t #665722) Rows(ct mc mi_idx mk #26918996) Rows(it2 kt mi_idx t #106971) Rows(it1 mi mi_idx t #192051) Rows(cn kt mc t #77731) Rows(cn k mc mk #80023) Rows(mc mi mi_idx mk #39211855) Rows(cn mc mi mk #12600560) Rows(ct mc mi mk #13317142) Rows(it2 mc mi_idx mk #8859485) Rows(cn ct mc mi_idx #536620) Rows(it1 mc mi t #71300) Rows(it2 k mi_idx mk #31800) Rows(k mi mi_idx mk #93577) Rows(it1 k mi mk #23916) Rows(cn mc mi_idx t #215092) Rows(mc mi_idx mk t #9558880) Rows(kt mi_idx mk t #2062926) Rows(it2 mi mi_idx t #74007) Rows(ct mc mi_idx t #245360) Rows(ct mc mi t #85367) Rows(k kt mk t #8073) Rows(cn ct mc mk #8663531) Rows(cn mc mi t #63361) Rows(mc mi mi_idx t #177143) Rows(it1 mi mk t #790670) Rows(it2 mc mi_idx t #81905) Rows(ct it2 mc mi_idx #204359) Rows(ct kt mc t #88858) Rows(cn ct mc mi #190901) Rows(it1 mc mi mi_idx #386760) Rows(mi mi_idx mk t #1908608) Rows(ct mc mk t #3331107) Rows(k mc mk t #28679) Rows(kt mc mi t #54798) Rows(it1 mi mi_idx mk #6867550) Rows(kt mc mi_idx t #185941) Rows(kt mi mi_idx t #152788) Rows(cn mc mk t #3071116) Rows(cn ct mc t #108112) Rows(ct mc mi mi_idx #556662) Rows(it1 mc mi mk #8017603) Rows(kt mc mi_idx mk t #8984582) Rows(it1 kt mi mi_idx t #133720) Rows(it2 mc mi mi_idx t #58783) Rows(cn it1 mc mi mi_idx #324945) Rows(cn mc mi mk t #3227945) Rows(kt mc mi mi_idx t #140794) Rows(it2 kt mc mi_idx t #61806) Rows(it2 k mi_idx mk t #7271) Rows(ct kt mc mi_idx t #185941) Rows(cn it1 mc mi mk #7446381) Rows(ct it2 mc mi_idx mk #8859485) Rows(cn ct it2 mc mi_idx #178762) Rows(kt mi mi_idx mk t #1588788) Rows(it2 mi mi_idx mk t #632890) Rows(ct mc mi_idx mk t #9558880) Rows(it2 k mc mi_idx mk #83144) Rows(cn ct mc mk t #3071116) Rows(it2 k mi mi_idx mk #30819) Rows(ct it2 mc mi_idx t #81905) Rows(it1 k mc mi mk #73168) Rows(cn ct mc mi mk #12600560) Rows(k mc mi mk t #29549) Rows(it1 k mi mi_idx mk #62495) Rows(k kt mi mk t #6017) Rows(it2 kt mi mi_idx t #50884) Rows(it1 kt mi mk t #584037) Rows(it1 it2 mi mi_idx mk #2302523) Rows(cn k mc mk t #26177) Rows(cn mc mi_idx mk t #8925622) Rows(ct k mc mk t #28679) Rows(cn ct mc mi t #63361) Rows(it1 it2 mi mi_idx t #64250) Rows(ct k mc mi mk #123862) Rows(it1 mc mi mi_idx mk #23359937) Rows(cn mc mi mi_idx mk #37360846) Rows(ct mc mi mi_idx mk #39211855) Rows(cn it2 mc mi mi_idx #158043) Rows(cn ct mc mi mi_idx #488809) Rows(it1 mc mi mi_idx t #151622) Rows(cn mc mi mi_idx t #151816) Rows(ct mc mi mi_idx t #177143) Rows(cn kt mc mk t #2887963) Rows(ct it2 mc mi mi_idx #180774) Rows(k kt mi_idx mk t #17891) Rows(cn ct mc mi_idx t #215092) Rows(it1 mi mi_idx mk t #1680466) Rows(cn k mc mi mk #117217) Rows(kt mc mi mk t #3268106) Rows(ct k mc mi_idx mk #252459) Rows(ct kt mc mk t #3070773) Rows(it1 k mi mk t #6566) Rows(it1 kt mc mi t #46606) Rows(it2 mc mi_idx mk t #3173799) Rows(cn kt mc mi t #47661) Rows(mc mi mi_idx mk t #10104648) Rows(k mi mi_idx mk t #17606) Rows(cn ct it1 mc mi #124263) Rows(cn it2 mc mi_idx mk #8326930) Rows(cn ct k mc mk #80023) Rows(cn ct mc mi_idx mk #25328077) Rows(ct it1 mc mi mi_idx #386760) Rows(it1 mc mi mk t #3034518) Rows(k kt mc mk t #25853) Rows(ct mc mi mk t #3482858) Rows(ct kt mc mi t #54798) Rows(cn it2 mc mi_idx t #71709) Rows(k mc mi_idx mk t #83760) Rows(ct it1 mc mi mk #8017603) Rows(k mc mi mi_idx mk #368530) Rows(cn k mc mi_idx mk #235216) Rows(cn ct kt mc t #77731) Rows(cn it1 mc mi t #49840) Rows(it2 mc mi mi_idx mk #12245282) Rows(it2 kt mi_idx mk t #684995) Rows(ct it1 mc mi t #71300) Rows(it1 it2 mc mi mi_idx #128275) Rows(cn kt mc mi_idx t #168687) Rows(k kt mi mi_idx mk t #14185) Rows(cn kt mc mi mi_idx t #126926) Rows(it1 mc mi mi_idx mk t #8791824) Rows(cn ct kt mc mi_idx t #168687) Rows(kt mc mi mi_idx mk t #9633704) Rows(cn it2 mc mi mi_idx t #50267) Rows(cn ct mc mi_idx mk t #8925622) Rows(ct k mc mi mk t #29549) Rows(cn it2 kt mc mi_idx t #56007) Rows(cn k kt mc mk t #23902) Rows(cn it1 it2 mc mi mi_idx #107407) Rows(k kt mc mi mk t #26915) Rows(it2 k mi mi_idx mk t #5831) Rows(it2 kt mc mi mi_idx t #46545) Rows(cn it1 mc mi mi_idx t #127341) Rows(ct it1 mc mi mi_idx mk #23359937) Rows(cn ct k mc mk t #26177) Rows(ct it2 mc mi_idx mk t #3173799) Rows(cn ct kt mc mk t #2887963) Rows(it1 it2 mc mi mi_idx mk #7674306) Rows(ct it1 mc mi mi_idx t #151622) Rows(it1 kt mc mi mi_idx t #122333) Rows(cn ct k mc mi mk #117217) Rows(it2 kt mi mi_idx mk t #526600) Rows(cn ct mc mi mi_idx mk #37360846) Rows(cn it1 k mc mi mk #67815) Rows(cn kt mc mi mk t #3086534) Rows(cn it1 mc mi mi_idx mk #21922659) Rows(it1 it2 mc mi mi_idx t #50194) Rows(it2 mc mi mi_idx mk t #3344137) Rows(cn it2 k mc mi_idx mk #77414) Rows(cn ct mc mi mi_idx t #151816) Rows(cn mc mi mi_idx mk t #9482831) Rows(it1 k mc mi mk t #25971) Rows(ct kt mc mi mk t #3268106) Rows(it1 k kt mi mk t #5316) Rows(it2 kt mc mi_idx mk t #2984869) Rows(cn ct it2 mc mi mi_idx #158043) Rows(ct mc mi mi_idx mk t #10104648) Rows(it2 k mc mi_idx mk t #27833) Rows(cn k mc mi mi_idx mk #349364) Rows(cn k mc mi_idx mk t #76628) Rows(it2 k mc mi mi_idx mk #115148) Rows(it1 it2 k mi mi_idx mk #20967) Rows(cn ct k mc mi_idx mk #235216) Rows(it2 k kt mi_idx mk t #5949) Rows(ct it1 it2 mc mi mi_idx #128275) Rows(k kt mc mi_idx mk t #75858) Rows(ct it1 mc mi mk t #3034518) Rows(ct k kt mc mk t #25853) Rows(ct k mc mi_idx mk t #83760) Rows(cn kt mc mi_idx mk t #8459187) Rows(cn it2 mc mi_idx mk t #2962310) Rows(ct it2 k mc mi_idx mk #83144) Rows(ct k mc mi mi_idx mk #368530) Rows(cn ct it1 mc mi mi_idx #324945) Rows(ct it2 kt mc mi_idx t #61806) Rows(cn ct kt mc mi t #47661) Rows(ct it1 kt mc mi t #46606) Rows(it1 k mi mi_idx mk t #15497) Rows(cn it1 mc mi mk t #2794930) Rows(cn ct it1 mc mi mk #7446381) Rows(cn it1 kt mc mi t #39802) Rows(ct kt mc mi_idx mk t #8984582) Rows(ct it1 k mc mi mk #73168) Rows(cn ct mc mi mk t #3227945) Rows(it1 it2 kt mi mi_idx t #44414) Rows(it1 k mc mi mi_idx mk #215427) Rows(cn ct it2 mc mi_idx mk #8326930) Rows(it1 kt mi mi_idx mk t #1390619) Rows(ct it2 mc mi mi_idx mk #12245282) Rows(cn ct it1 mc mi t #49840) Rows(ct kt mc mi 