{
  "predicted_latency": 0.02913774363696575,
  "actual_latency": 137.043004,
  "q_error": 4703.28125,
  "inference_time": 0.5419750213623047,
  "timestamp": 1745771009.4963691
}