{
  "predicted_latency": 0.0291377454996109,
  "actual_latency": 3.368628,
  "q_error": 115.61045837402344,
  "inference_time": 0.9946897029876709,
  "timestamp": 1745453231.4296808
}