{
  "query": "/*+  */ select count(*)\nfrom cast_info AS ci\ninner join title AS t\non t.id = ci.movie_id AND ci.person_id > 3169561 AND t.production_year = 2012;",
  "predicted_latency": 1212.9806280136108,
  "actual_latency": 1143.852,
  "q_error": 1.0604349408958595,
  "inference_time": 0.029422283172607422
}