{
  "predicted_latency": 462.4936282634735,
  "actual_latency": 89.236,
  "q_error": 5.182814427624204,
  "inference_time": 0.043222904205322266
}