{
  "predicted_latency": 649.6178588867188,
  "inference_time": 0.017687082290649414
}