{
  "predicted_latency": 147.5201873779297,
  "inference_time": 0.005549192428588867
}