{
  "predicted_latency": 390.3002624511719,
  "inference_time": 0.008435487747192383
}