{
  "predicted_latency": 0.02913774363696575,
  "actual_latency": 7.011368999999999,
  "q_error": 240.62841796875,
  "inference_time": 5.1671552658081055,
  "timestamp": 1745453295.7441866
}