{
  "query": "/*+ NoHashJoin(t ci) */ select count(*)\nfrom title AS t\ninner join cast_info AS ci\non t.id = ci.movie_id AND ci.person_id = 1562738;",
  "predicted_latency": 437.53018975257874,
  "actual_latency": 14.048,
  "q_error": 31.145372277376048,
  "inference_time": 0.015390872955322266
}