{
  "query": "/*+  */ select count(*)\nfrom movie_companies AS mc\ninner join title AS t\non t.id = mc.movie_id AND mc.company_id < 218294;",
  "predicted_latency": 1219.8964357376099,
  "actual_latency": 1105.994,
  "q_error": 1.1029864861270584,
  "inference_time": 0.01863837242126465
}