{
  "query": "/*+  */ select count(*)\nfrom movie_keyword AS mk\ninner join title AS t\non t.id = mk.movie_id AND mk.keyword_id < 58445;",
  "predicted_latency": 1227.918267250061,
  "actual_latency": 1243.325,
  "q_error": 1.0125470344084404,
  "inference_time": 0.018102407455444336
}