{
  "query": "/*+  */ select count(*)\nfrom title AS t\ninner join cast_info AS ci\non t.id = ci.movie_id AND t.kind_id = 3 AND ci.person_id < 2679308;",
  "predicted_latency": 1507.4344873428345,
  "actual_latency": 3493.201,
  "q_error": 2.317315299159362,
  "inference_time": 0.018339157104492188
}