{
  "query": "/*+ NoNestLoop(ci t) */ select count(*)\nfrom cast_info AS ci\ninner join title AS t\non t.id = ci.movie_id AND ci.person_id < 3978581;",
  "predicted_latency": 1203.834891319275,
  "actual_latency": 11443.595,
  "q_error": 9.505950593821913,
  "inference_time": 0.02811908721923828
}