{
  "query": "/*+  */ select count(*)\nfrom title AS t\ninner join movie_keyword AS mk\non t.id = mk.movie_id AND mk.keyword_id < 63860;",
  "predicted_latency": 1235.530138015747,
  "actual_latency": 1146.906,
  "q_error": 1.0772723640958781,
  "inference_time": 0.019135236740112305
}