{
  "predicted_latency": 0.0291377454996109,
  "actual_latency": 3.3897150000000003,
  "q_error": 116.33415222167969,
  "inference_time": 0.6984388828277588,
  "timestamp": 1745769776.2341704
}