{
  "predicted_latency": 416.03827476501465,
  "actual_latency": 6639.908,
  "q_error": 15.959848895514074,
  "inference_time": 0.08748435974121094
}