{
  "predicted_latency": 705.4471373558044,
  "actual_latency": 1846.19,
  "q_error": 2.6170493892993747,
  "inference_time": 0.10915946960449219
}