{
  "query": "/*+  */ select count(*)\nfrom title AS t\ninner join movie_info AS mi\non t.id = mi.movie_id AND t.production_year < 1987;",
  "predicted_latency": 1167.3129796981812,
  "actual_latency": 2307.479,
  "q_error": 1.9767440610457518,
  "inference_time": 0.02640533447265625
}