{
  "query": "/*+  */ select count(*)\nfrom title AS t\ninner join cast_info AS ci\non t.id = ci.movie_id AND t.kind_id = 7 AND ci.person_id < 2192907;",
  "predicted_latency": 1143.4378623962402,
  "actual_latency": 5920.798,
  "q_error": 5.178067120842148,
  "inference_time": 0.02939295768737793
}