{
  "predicted_latency": 644.6818237304688,
  "inference_time": 0.03274345397949219
}