{
  "query": "/*+  */ select count(*)\nfrom cast_info AS ci\ninner join title AS t\non t.id = ci.movie_id AND ci.person_id < 2616575 AND t.production_year < 1974;",
  "predicted_latency": 1565.1065111160278,
  "actual_latency": 4257.985,
  "q_error": 2.720572031205573,
  "inference_time": 0.19407939910888672
}