{
  "predicted_latency": 411.8768870830536,
  "actual_latency": 1977.097,
  "q_error": 4.800213515261722,
  "inference_time": 0.06552720069885254
}