{
  "predicted_latency": 362.72600293159485,
  "actual_latency": 413.105,
  "q_error": 1.1388899518127624,
  "inference_time": 0.125748872756958
}