{
  "query": "/*+  */ select count(*)\nfrom title AS t\ninner join cast_info AS ci\non t.id = ci.movie_id AND t.kind_id = 7 AND ci.person_id < 2102395;",
  "predicted_latency": 1115.6115531921387,
  "actual_latency": 5690.745,
  "q_error": 5.101009382447565,
  "inference_time": 0.01996302604675293
}