{
  "predicted_latency": 350.7906188964844,
  "inference_time": 0.02625894546508789
}