{
  "predicted_latency": 0.0291377454996109,
  "actual_latency": 51.15986,
  "q_error": 1755.7933349609375,
  "inference_time": 2.0134551525115967,
  "timestamp": 1745753503.726932
}