{
  "predicted_latency": 0.0291377454996109,
  "actual_latency": 0.34631599999999996,
  "q_error": 11.885477066040039,
  "inference_time": 0.20354366302490234,
  "timestamp": 1745481498.3221865
}