{
  "predicted_latency": 711.621337890625,
  "inference_time": 0.05586814880371094
}