{
  "predicted_latency": 272.6133167743683,
  "actual_latency": 122.237,
  "q_error": 2.2302029399802703,
  "inference_time": 0.09244084358215332
}