{
  "predicted_latency": 755.0572156906128,
  "actual_latency": 355.694,
  "q_error": 2.122771864834978,
  "inference_time": 0.12470388412475586
}