{
  "query": "/*+  */ select count(*)\nfrom title AS t\ninner join cast_info AS ci\non t.id = ci.movie_id AND ci.person_id < 584568 AND ci.role_id < 5;",
  "predicted_latency": 1088.8311862945557,
  "actual_latency": 2323.409,
  "q_error": 2.133856036863607,
  "inference_time": 0.25165843963623047
}