{
  "predicted_latency": 575.0738978385925,
  "actual_latency": 444.973,
  "q_error": 1.292379308044741,
  "inference_time": 0.04337048530578613
}