{
  "predicted_latency": 509.02020931243896,
  "actual_latency": 2817.329,
  "q_error": 5.53480775116084,
  "inference_time": 0.09126543998718262
}