{
  "query": "/*+ NoNestLoop(ci t) */ select count(*)\nfrom cast_info AS ci\ninner join title AS t\non t.id = ci.movie_id AND ci.person_id > 519813;",
  "predicted_latency": 1136.0070705413818,
  "actual_latency": 9753.822,
  "q_error": 8.586057475286369,
  "inference_time": 0.020325183868408203
}