{
  "query": "/*+  */ select count(*)\nfrom movie_companies AS mc\ninner join title AS t\non t.id = mc.movie_id AND mc.company_id > 160070;",
  "predicted_latency": 667.5224304199219,
  "actual_latency": 375.461,
  "q_error": 1.777874214418866,
  "inference_time": 0.018761634826660156
}