{
  "query": "/*+  */ select count(*)\nfrom movie_companies AS mc\ninner join title AS t\non t.id = mc.movie_id AND mc.company_id > 101818;",
  "predicted_latency": 830.8130502700806,
  "actual_latency": 506.434,
  "q_error": 1.6405159414061468,
  "inference_time": 0.01765298843383789
}