{
  "predicted_latency": 0.02913774736225605,
  "actual_latency": 2.5128820000000003,
  "q_error": 86.24146270751953,
  "inference_time": 0.18781566619873047,
  "timestamp": 1745761119.8634617
}