{
  "query": "/*+  */ select count(*)\nfrom title AS t\ninner join cast_info AS ci\non t.id = ci.movie_id AND ci.person_id < 2639486;",
  "predicted_latency": 988.6844754219055,
  "actual_latency": 8285.585,
  "q_error": 8.38041377808047,
  "inference_time": 0.01669788360595703
}