{
  "query": "/*+  */ select count(*)\nfrom movie_companies AS mc\ninner join title AS t\non t.id = mc.movie_id AND mc.company_id > 71001;",
  "predicted_latency": 1029.380440711975,
  "actual_latency": 590.251,
  "q_error": 1.7439706848645324,
  "inference_time": 0.017159461975097656
}