{
  "predicted_latency": 0.02913774736225605,
  "actual_latency": 0.15589699999999998,
  "q_error": 5.350345134735107,
  "inference_time": 0.06177830696105957,
  "timestamp": 1745760258.7610095
}