{
  "predicted_latency": 901.3953857421875,
  "inference_time": 0.006631374359130859
}