{
  "predicted_latency": 603.9712524414062,
  "inference_time": 0.013399839401245117
}