{
  "predicted_latency": 0.02913774736225605,
  "actual_latency": 10.43178,
  "q_error": 358.0159912109375,
  "inference_time": 1.5484488010406494,
  "timestamp": 1745759215.3894997
}