{
  "predicted_latency": 37.97940444946289,
  "inference_time": 0.027401447296142578
}