{
  "predicted_latency": 808.1251978874207,
  "actual_latency": 419.782,
  "q_error": 1.9251068361373778,
  "inference_time": 0.11998200416564941
}