{
  "query": "/*+  */ select count(*)\nfrom cast_info AS ci\ninner join title AS t\non t.id = ci.movie_id AND ci.person_id < 2934389 AND t.kind_id < 7;",
  "predicted_latency": 1468.9342975616455,
  "actual_latency": 6017.391,
  "q_error": 4.096433046725477,
  "inference_time": 0.01301884651184082
}