{
  "predicted_latency": 0.0291377454996109,
  "actual_latency": 24.198723,
  "q_error": 830.4940185546875,
  "inference_time": 0.9274413585662842,
  "timestamp": 1745479239.2113116
}