{
  "query": "/*+  */ select count(*)\nfrom title AS t\ninner join cast_info AS ci\non t.id = ci.movie_id AND ci.person_id > 3313276 AND ci.role_id > 1;",
  "predicted_latency": 893.8989043235779,
  "actual_latency": 1878.338,
  "q_error": 2.10128683558613,
  "inference_time": 0.019785404205322266
}