{
  "predicted_latency": 390.7093107700348,
  "actual_latency": 37845.048,
  "q_error": 96.8624165249929,
  "inference_time": 0.0796809196472168
}