{
  "embedding": [
    0.9579999868124308,
    2.8555134731490504,
    2.7745321234230276,
    0.0964268046831101,
    0.9959387489687451,
    5.362061857279656,
    1.8235136287242482,
    1.5900272904826815,
    0.7246826479542664,
    1.6406583315056773,
    4.533686319594163,
    5.778799207927237,
    1.8308040083648638,
    3.549619467788497,
    0.17016300248260932,
    4.328773558731253,
    2.0722807767768883,
    3.3841673892363797,
    1.7309410076944547,
    2.111579223353015,
    4.190890755045061,
    3.1102251504704843,
    3.014572147730925,
    1.1672817039056609,
    1.530126146505997,
    2.7410812268686353,
    2.802483126485269,
    4.12822438682546,
    1.9837766009442694,
    3.415552775992373,
    1.8782627477647793,
    2.3234172517517666,
    1.6853502085424619,
    2.4806515389854797,
    4.128902043875411,
    1.8754003054438453,
    1.0279589191466283,
    0.2590387777757489,
    1.797038607051761,
    3.936378054149298,
    1.2222865655939419,
    3.1005065398872507,
    2.704565216040855,
    0.6673003220569856,
    2.334587811408754,
    2.903142974379101,
    3.8597848063158957,
    2.876752558961213,
    5.370195789094652,
    3.1860133130894885,
    0.6402377455253976,
    3.2089017880149964,
    3.2632553187996223,
    2.0180271423159293,
    0.6907491941822109,
    1.3699707885634667,
    3.3742609867662305,
    3.054299155940247,
    2.3248683405243264,
    1.5240201285978985,
    0.24335354876248227,
    2.2732880169593006,
    2.799133228456814,
    3.6750701488596746
  ],
  "timestamp": 1754304794.9226677
}