{
  "embedding": [
    0.8175559539612945,
    2.0250384838817177,
    5.01320317160046,
    0.18024946387519683,
    0.4585986516647614,
    3.063908991556157,
    3.1673812664150898,
    2.910402034038114,
    1.0200701298603536,
    1.7024787131131016,
    2.862383001292555,
    4.565674227296026,
    2.602015358675714,
    3.036663877280812,
    0.21953294390911018,
    3.734850261924812,
    2.124172886310297,
    3.507489407725038,
    0.6469630047162068,
    1.0414576276075365,
    1.596789170973404,
    1.9034586515138892,
    1.0322650856417748,
    0.6477471924320812,
    0.7215753284591827,
    1.2531529784388327,
    3.0659147950176386,
    2.5891353553990846,
    3.162730077714091,
    2.2737419476126,
    1.29233155523855,
    1.135716100355431,
    1.8184922170470983,
    2.767431327247272,
    4.552174907074133,
    1.2212988464036962,
    1.2455605607978275,
    0.3893679095159573,
    1.3968884568456472,
    3.115118490118369,
    2.7334257809784552,
    3.396059740034971,
    2.2598952567291097,
    0.3993705627941233,
    0.9996318613309823,
    2.1774991209887933,
    1.5214238276995782,
    2.7006466260578055,
    5.228543065260111,
    2.9362306717541733,
    1.488043154917135,
    3.4520700523929033,
    2.524268173235019,
    0.6985407221296689,
    1.4257168671441276,
    2.0610430178875916,
    3.152128292227185,
    1.7034573429838584,
    1.2475818380534769,
    0.7260716044824275,
    0.3216756137150767,
    1.7237011933058808,
    0.8395281634587554,
    3.5683348618014685
  ],
  "timestamp": 1754304803.7919526
}