{
  "predicted_latency": 0.010861066170036793,
  "actual_latency": 11.317668,
  "q_error": 1042.040283203125,
  "inference_time": 0.06337738037109375,
  "timestamp": 1744802070.0934894
}