{
  "query": "/*+  */ select count(*)\nfrom title AS t\ninner join cast_info AS ci\non t.id = ci.movie_id AND t.production_year > 2005 AND ci.person_id > 1947674 AND ci.role_id > 3;",
  "predicted_latency": 1291.7429208755493,
  "actual_latency": 2599.318,
  "q_error": 2.0122564312085958,
  "inference_time": 0.016757726669311523
}