{
  "predicted_latency": 751.453161239624,
  "actual_latency": 498.817,
  "q_error": 1.5064706319945471,
  "inference_time": 0.14137887954711914
}