{
  "predicted_latency": 550.3187255859375,
  "inference_time": 0.01672053337097168
}