{
  "predicted_latency": 2179.94775390625,
  "inference_time": 0.03222346305847168
}