{
  "predicted_latency": 263.3140563964844,
  "inference_time": 0.0592193603515625
}