{
  "query": "/*+  */ select count(*)\nfrom title AS t\ninner join cast_info AS ci\non t.id = ci.movie_id AND t.kind_id > 1 AND ci.person_id < 2754580;",
  "predicted_latency": 1338.513731956482,
  "actual_latency": 7643.741,
  "q_error": 5.7106182906523335,
  "inference_time": 0.013892650604248047
}