{
  "predicted_latency": 410.9586179256439,
  "actual_latency": 341.487,
  "q_error": 1.203438543562841,
  "inference_time": 0.13796043395996094
}