{
  "query": "/*+  */ select count(*)\nfrom title AS t\ninner join movie_keyword AS mk\non t.id = mk.movie_id AND mk.keyword_id > 107266;",
  "predicted_latency": 390.2134597301483,
  "actual_latency": 684.928,
  "q_error": 1.7552649272366494,
  "inference_time": 0.029069185256958008
}