{
  "predicted_latency": 0.02913774736225605,
  "actual_latency": 3.839347,
  "q_error": 131.76539611816406,
  "inference_time": 0.35122108459472656,
  "timestamp": 1745481278.4140105
}