{
  "query": "/*+  */ select count(*)\nfrom movie_keyword AS mk\ninner join title AS t\non t.id = mk.movie_id AND mk.keyword_id < 32158;",
  "predicted_latency": 1199.1519927978516,
  "actual_latency": 1375.677,
  "q_error": 1.1472082006804505,
  "inference_time": 0.013707160949707031
}