{
  "query": "/*+ NoNestLoop(ci t) */ select count(*)\nfrom cast_info AS ci\ninner join title AS t\non t.id = ci.movie_id AND ci.person_id > 642941;",
  "predicted_latency": 1153.1524658203125,
  "actual_latency": 10347.352,
  "q_error": 8.973099660884179,
  "inference_time": 0.018742799758911133
}