{
  "predicted_latency": 489.3149108886719,
  "inference_time": 0.021919727325439453
}