{
  "predicted_latency": 628.4273681640625,
  "inference_time": 0.010707855224609375
}