{
  "predicted_latency": 380.2485046386719,
  "inference_time": 0.005467891693115234
}