{
    "embedding": [
        0.5691091418266296,
        0.5691091418266296,
        0.5691091418266296,
        0.6775503158569336,
        0.5691091418266296,
        1.5479745864868164,
        0.5691091418266296,
        0.5691091418266296,
        1.290916919708252,
        0.5691091418266296,
        0.5691091418266296,
        0.5691091418266296,
        0.5691091418266296,
        2.061514139175415,
        2.9976890087127686,
        1.4127470254898071,
        0.5691091418266296,
        2.512709617614746,
        0.5691091418266296,
        2.223503589630127,
        0.5691091418266296,
        3.676886558532715,
        3.1150734424591064,
        0.5691091418266296,
        1.0930070877075195,
        2.543475866317749,
        0.5691091418266296,
        0.5691091418266296,
        0.5691091418266296,
        0.5691091418266296,
        2.994490146636963,
        3.1601624488830566,
        0.5691091418266296,
        0.5691091418266296,
        1.776732087135315,
        2.2605059146881104,
        0.5691091418266296,
        2.9631223678588867,
        2.429912805557251,
        0.5691091418266296,
        0.5691091418266296,
        0.5691091418266296,
        0.7333599925041199,
        0.5691091418266296,
        1.4128272533416748,
        0.5691091418266296,
        0.5691091418266296,
        0.953193187713623,
        0.5691091418266296,
        2.635205030441284,
        1.608215570449829,
        1.9551973342895508,
        0.5691091418266296,
        0.5691091418266296,
        2.5919628143310547,
        0.5691091418266296,
        0.5691091418266296,
        0.5691091418266296,
        0.5691091418266296,
        0.6450906991958618,
        0.5691091418266296,
        3.078890562057495,
        0.5691091418266296,
        3.876246690750122
    ],
    "timestamp": 1754257714.367528
}