{
    "embedding": [
        0.5691090822219849,
        0.5691090822219849,
        0.5691090822219849,
        0.6775502562522888,
        0.5691090822219849,
        1.5479745864868164,
        0.5691090822219849,
        0.5691090822219849,
        1.2909172773361206,
        0.5691090822219849,
        0.5691090822219849,
        0.5691090822219849,
        0.5691090822219849,
        2.061513900756836,
        2.9976890087127686,
        1.4127470254898071,
        0.5691090822219849,
        2.512709856033325,
        0.5691090822219849,
        2.223503589630127,
        0.5691090822219849,
        3.6768860816955566,
        3.1150739192962646,
        0.5691090822219849,
        1.09300696849823,
        2.543476104736328,
        0.5691090822219849,
        0.5691090822219849,
        0.5691090822219849,
        0.5691090822219849,
        2.994490146636963,
        3.1601622104644775,
        0.5691090822219849,
        0.5691090822219849,
        1.7767319679260254,
        2.2605059146881104,
        0.5691090822219849,
        2.9631223678588867,
        2.4299120903015137,
        0.5691090822219849,
        0.5691090822219849,
        0.5691090822219849,
        0.7333599328994751,
        0.5691090822219849,
        1.4128272533416748,
        0.5691090822219849,
        0.5691090822219849,
        0.9531930685043335,
        0.5691090822219849,
        2.6352052688598633,
        1.6082154512405396,
        1.9551972150802612,
        0.5691090822219849,
        0.5691090822219849,
        2.591963291168213,
        0.5691090822219849,
        0.5691090822219849,
        0.5691090822219849,
        0.5691090822219849,
        0.6450905203819275,
        0.5691090822219849,
        3.078890323638916,
        0.5691090822219849,
        3.876246452331543
    ],
    "timestamp": 1754257717.5059934
}