{
  "query": "/*+  */ select count(*)\nfrom title AS t\ninner join movie_keyword AS mk\non t.id = mk.movie_id AND mk.keyword_id < 64051;",
  "predicted_latency": 1235.7290983200073,
  "actual_latency": 1235.679,
  "q_error": 1.0000405431507755,
  "inference_time": 0.015194892883300781
}