{
  "predicted_latency": 449.5249938964844,
  "inference_time": 0.026100873947143555
}