{
  "predicted_latency": 518.8269019126892,
  "actual_latency": 4458.965,
  "q_error": 8.594321118588367,
  "inference_time": 0.11967968940734863
}