{
  "query": "/*+ NoNestLoop(mk t) */ select count(*)\nfrom movie_keyword AS mk\ninner join title AS t\non t.id = mk.movie_id AND mk.keyword_id < 124516;",
  "predicted_latency": 1292.7360534667969,
  "actual_latency": 1302.628,
  "q_error": 1.0076519460462754,
  "inference_time": 0.016849040985107422
}