{
  "predicted_latency": 0.0291377454996109,
  "actual_latency": 29.266282,
  "q_error": 1004.4113159179688,
  "inference_time": 1.3021059036254883,
  "timestamp": 1745760841.6548831
}