{
  "query": "/*+  */ select count(*)\nfrom movie_companies AS mc\ninner join title AS t\non t.id = mc.movie_id AND mc.company_id < 96540;",
  "predicted_latency": 1281.6628217697144,
  "actual_latency": 1165.443,
  "q_error": 1.0997215837837753,
  "inference_time": 0.01875615119934082
}