{
  "predicted_latency": 0.0291377454996109,
  "actual_latency": 48.030795,
  "q_error": 1648.4046630859375,
  "inference_time": 4.458979845046997,
  "timestamp": 1745452277.1829069
}