{
  "pg_runtime": 988.638,
  "opt_runtime": 624.293,
  "pg_slowdown": 1.583612182100392,
  "pg_opt_diff": 364.345,
  "original_num_of_plans": 14,
  "pg_plan_card_error": 1051.0153846153846,
  "opt_plan_card_error": 1.0,
  "num_tables": 5,
  "opt_hint": "/*+ Rows(mc t #2609129) Rows(k mk #41840) Rows(mk t #4523930) Rows(mc mk #34863638) Rows(cn mc #1153798) Rows(cn mc t #1153798) Rows(k mc mk #148552) Rows(k mk t #41840) Rows(cn mc mk #12177631) Rows(mc mk t #34863638) Rows(cn k mc mk #68316) Rows(cn mc mk t #12177631) Rows(k mc mk t #148552) Rows(cn k mc mk t #68316) */"
}