{
  "predicted_latency": 0.02913774363696575,
  "actual_latency": 6.009801,
  "q_error": 206.25485229492188,
  "inference_time": 0.16786456108093262,
  "timestamp": 1745493207.6552882
}