{
  "predicted_latency": 507.92139768600464,
  "actual_latency": 318.9,
  "q_error": 1.592729374995311,
  "inference_time": 0.04295229911804199
}