{
  "pg_runtime": 7529.611,
  "opt_runtime": 7547.877,
  "pg_slowdown": 0.9975799817617589,
  "pg_opt_diff": -18.26600000000053,
  "original_num_of_plans": 2,
  "pg_plan_card_error": 2.951992671335957,
  "opt_plan_card_error": 1.0,
  "num_tables": 3,
  "opt_hint": "/*+ Rows(movie_keyword title #299534) Rows(movie_info title #1726523) Rows(movie_info movie_keyword title #11990578) */"
}