{
  "embedding": [
    2.1464670522092435,
    2.7531269996409913,
    3.6340009360957146,
    0.011700064590517395,
    0.5462227664373714,
    4.251184625943266,
    1.225928510656646,
    2.6753548523267954,
    1.0237983170856142,
    2.614160760537582,
    2.2187943727201436,
    3.0415719510725014,
    2.203663998651337,
    1.8078803628898765,
    0.06141819793959526,
    3.455344861654744,
    0.6966810181041447,
    2.9262097320476994,
    0.4162299332137341,
    0.7200854651549178,
    1.5869574452311577,
    3.79706110955445,
    2.7182594782646103,
    0.20027514449204473,
    3.2506834003367677,
    0.9049498325360602,
    4.52844045822751,
    6.637255249517791,
    1.4117584106979446,
    3.8988976213655677,
    3.7329551729111627,
    0.20527459277674037,
    0.4997267598578921,
    2.350218662695018,
    2.2307322998701538,
    0.11123997984231161,
    2.099528405370054,
    0.47814848659069614,
    1.2946710784897462,
    3.237380780082741,
    1.9924441731013018,
    3.9334117465807252,
    2.8263038390459214,
    1.0299422720215332,
    2.7907959855208793,
    3.031846362839318,
    2.4816670923747264,
    2.540050702389654,
    3.3308018428166055,
    2.9622181425491814,
    0.9522325195311875,
    2.691632669491793,
    1.7378190727511686,
    2.1484745582433282,
    1.1060817921686708,
    1.7334122643712193,
    3.5638704703617927,
    3.394183200336921,
    1.3477307841630706,
    2.5980825022345604,
    0.011700064590517395,
    1.8109979852615918,
    0.12917629490225999,
    3.304958636379184
  ],
  "timestamp": 1754305037.0208564
}