{
  "embedding": [
    1.34779307488209,
    0.7886893482379569,
    1.903284175795665,
    0.04816481464127676,
    0.14703101639422972,
    2.781276309547746,
    0.9809527354519044,
    0.5157943298847386,
    0.7168994768398904,
    1.0467107334104533,
    5.308430208839359,
    3.6207359992685815,
    1.4427025152051396,
    2.1388311465502667,
    0.111606545424295,
    2.459025216877645,
    1.4271125228823263,
    3.0577323786751456,
    1.4686027959074677,
    2.810776039595166,
    4.1321811994322655,
    2.4801456611783443,
    3.6966544584170586,
    0.04816481464127676,
    1.868552346891727,
    1.7521565579759488,
    0.7662136539144343,
    2.076963413445484,
    3.3937883192338836,
    2.312536244318096,
    1.973545889013968,
    0.9730674505722087,
    0.13976142299404115,
    1.3265118292828895,
    3.00832333043056,
    0.1245208946192306,
    1.9634531085834004,
    0.3111326837797041,
    1.9634649039128274,
    4.2557064496754204,
    1.5926198372711522,
    3.579476667634324,
    2.47403655132367,
    0.5990611755879017,
    1.5803460231038162,
    2.171048508295369,
    1.5151668992665728,
    3.8734231345112096,
    5.280621605119806,
    1.1068812754602724,
    0.5955980666734816,
    3.1054743661545507,
    2.729866989333897,
    2.4151457910148055,
    1.4648781650144391,
    0.910053596224521,
    3.643386889365973,
    3.1737363569339543,
    2.5353708097949426,
    2.6201675847305923,
    0.04816481464127676,
    2.3713971507167013,
    2.0835689895248337,
    3.000119248920045
  ],
  "timestamp": 1754305040.384836
}