{
  "predicted_latency": 1891.4437255859375,
  "inference_time": 0.022368431091308594
}