{
  "predicted_latency": 0.0291377454996109,
  "actual_latency": 2.804498,
  "q_error": 96.2496566772461,
  "inference_time": 0.08578300476074219,
  "timestamp": 1745760770.1781218
}