{
    "embedding": [
        0.5340793132781982,
        0.5340793132781982,
        0.5670717358589172,
        0.6059256792068481,
        0.6097463369369507,
        1.3402812480926514,
        0.5340793132781982,
        0.5340793132781982,
        1.6825916767120361,
        0.5340793132781982,
        0.5340793132781982,
        0.5340793132781982,
        0.5340793132781982,
        1.811187982559204,
        3.106008291244507,
        0.9754137992858887,
        0.5340793132781982,
        0.9948056936264038,
        0.5340793132781982,
        2.3419904708862305,
        0.5340793132781982,
        0.5505242347717285,
        2.166818141937256,
        0.5340793132781982,
        0.8970495462417603,
        2.8102824687957764,
        0.5340793132781982,
        0.5340793132781982,
        0.5340793132781982,
        0.5340793132781982,
        3.247398853302002,
        0.906493067741394,
        0.5340793132781982,
        0.5340793132781982,
        1.7689931392669678,
        2.2380661964416504,
        0.5340793132781982,
        1.1833479404449463,
        2.11663556098938,
        0.5340793132781982,
        0.5340793132781982,
        0.5340793132781982,
        0.6332734823226929,
        0.5340793132781982,
        1.2596992254257202,
        0.5340793132781982,
        0.5340793132781982,
        0.8580616116523743,
        0.5340793132781982,
        3.4452569484710693,
        3.8069052696228027,
        0.9877627491950989,
        0.5340793132781982,
        0.5340793132781982,
        2.7838478088378906,
        0.5340793132781982,
        0.5340793132781982,
        0.5340793132781982,
        0.5340793132781982,
        0.6723445057868958,
        0.5340793132781982,
        0.5340793132781982,
        0.5340793132781982,
        3.423086404800415
    ],
    "timestamp": 1754257708.749363
}