{
    "embedding": [
        0.534079372882843,
        0.534079372882843,
        0.5670717358589172,
        0.6059256792068481,
        0.6097463965415955,
        1.340281367301941,
        0.534079372882843,
        0.534079372882843,
        1.6825916767120361,
        0.534079372882843,
        0.534079372882843,
        0.534079372882843,
        0.534079372882843,
        1.811187744140625,
        3.106008291244507,
        0.9754137992858887,
        0.534079372882843,
        0.9948055148124695,
        0.534079372882843,
        2.3419907093048096,
        0.534079372882843,
        0.5505242347717285,
        2.1668179035186768,
        0.534079372882843,
        0.8970495462417603,
        2.8102831840515137,
        0.534079372882843,
        0.534079372882843,
        0.534079372882843,
        0.534079372882843,
        3.247399091720581,
        0.9064933061599731,
        0.534079372882843,
        0.534079372882843,
        1.7689932584762573,
        2.2380664348602295,
        0.534079372882843,
        1.1833479404449463,
        2.116636037826538,
        0.534079372882843,
        0.534079372882843,
        0.534079372882843,
        0.6332735419273376,
        0.534079372882843,
        1.2596994638442993,
        0.534079372882843,
        0.534079372882843,
        0.858061671257019,
        0.534079372882843,
        3.445255756378174,
        3.8069052696228027,
        0.9877630472183228,
        0.534079372882843,
        0.534079372882843,
        2.7838478088378906,
        0.534079372882843,
        0.534079372882843,
        0.534079372882843,
        0.534079372882843,
        0.6723446846008301,
        0.534079372882843,
        0.534079372882843,
        0.534079372882843,
        3.423086643218994
    ],
    "timestamp": 1754257709.6542976
}