{
  "predicted_latency": 0.0291377454996109,
  "actual_latency": 6.099462000000001,
  "q_error": 209.3319854736328,
  "inference_time": 0.3404374122619629,
  "timestamp": 1745481202.9492407
}