{
  "predicted_latency": 0.02913774736225605,
  "actual_latency": 1.917866,
  "q_error": 65.82067108154297,
  "inference_time": 0.14513683319091797,
  "timestamp": 1745479401.2936056
}