{
  "predicted_latency": 399.57717061042786,
  "actual_latency": 1138.252,
  "q_error": 2.8486412230736557,
  "inference_time": 0.09520483016967773
}