{
  "query": "/*+  */ select count(*)\nfrom title AS t\ninner join cast_info AS ci\non t.id = ci.movie_id AND ci.person_id < 205501 AND ci.role_id > 1;",
  "predicted_latency": 865.3061389923096,
  "actual_latency": 964.742,
  "q_error": 1.1149140824581323,
  "inference_time": 0.012198209762573242
}