{
  "predicted_latency": 0.02913774363696575,
  "actual_latency": 1.13861,
  "q_error": 39.07680892944336,
  "inference_time": 0.7737040519714355,
  "timestamp": 1745480142.1938772
}