{
  "predicted_latency": 675.919189453125,
  "inference_time": 0.03552603721618652
}