{
  "query": "/*+  */ select count(*)\nfrom title AS t\ninner join cast_info AS ci\non t.id = ci.movie_id AND t.production_year < 1987 AND ci.person_id > 1719070 AND ci.role_id > 8;",
  "predicted_latency": 1463.6608362197876,
  "actual_latency": 1351.502,
  "q_error": 1.0829882872683783,
  "inference_time": 0.26283931732177734
}