{
  "predicted_latency": 1920.65966796875,
  "inference_time": 0.026406049728393555
}