{
  "predicted_latency": 936.9431762695312,
  "inference_time": 0.012557744979858398
}