{
  "predicted_latency": 350.7906188964844,
  "inference_time": 0.025712966918945312
}