{
  "query": "/*+  */ select count(*)\nfrom movie_companies AS mc\ninner join title AS t\non t.id = mc.movie_id AND mc.company_id < 100621;",
  "predicted_latency": 1270.569920539856,
  "actual_latency": 1045.965,
  "q_error": 1.2147346426886714,
  "inference_time": 0.012284994125366211
}