{
  "pg_runtime": 1980.614,
  "opt_runtime": 2697.253,
  "pg_slowdown": 0.7343078309672841,
  "pg_opt_diff": -716.6390000000001,
  "original_num_of_plans": 21,
  "pg_plan_card_error": 2355.5,
  "opt_plan_card_error": 1.0,
  "num_tables": 8,
  "opt_hint": "/*+ Rows(mc t #922445) Rows(mi mi_idx #45031) Rows(mi t #108173) Rows(mi_idx t #82734) Rows(mc mi #883000) Rows(it2 mi_idx #121572) Rows(it1 mi #325255) Rows(mc mi_idx #587717) Rows(cn mc #1153798) Rows(ct mc #1334883) Rows(cn mc t #358269) Rows(it2 mi mi_idx #23157) Rows(ct mc mi #375865) Rows(it2 mc mi_idx #383016) Rows(cn ct mc #552328) Rows(mc mi mi_idx #250203) Rows(cn mc mi #338129) Rows(mc mi t #290219) Rows(mi mi_idx t #16033) Rows(mc mi_idx t #254121) Rows(it2 mi_idx t #52304) Rows(ct mc mi_idx #242919) Rows(it1 mi mi_idx #43702) Rows(it1 mi t #108173) Rows(ct mc t #467991) Rows(it1 mc mi #843518) Rows(cn mc mi_idx #275750) Rows(cn mc mi mi_idx #86501) Rows(it2 mc mi mi_idx #149609) Rows(ct it1 mc mi #371363) Rows(it1 it2 mi mi_idx #22187) Rows(cn it2 mc mi_idx #188040) Rows(cn it1 mc mi #323086) Rows(it1 mi mi_idx t #16033) Rows(cn ct mc mi_idx #129569) Rows(it1 mc mi t #290219) Rows(cn mc mi_idx t #105237) Rows(ct mc mi t #134504) Rows(it2 mi mi_idx t #7964) Rows(ct mc mi_idx t #106866) Rows(cn mc mi t #84328) Rows(mc mi mi_idx t #80171) Rows(it2 mc mi_idx t #169157) Rows(ct it2 mc mi_idx #154495) Rows(cn ct mc mi #133995) Rows(it1 mc mi mi_idx #219144) Rows(cn ct mc t #191417) Rows(ct mc mi mi_idx #76142) Rows(cn ct mc mi mi_idx #25925) Rows(it1 mc mi mi_idx t #80171) Rows(cn mc mi mi_idx t #19909) Rows(cn ct it1 mc mi #131396) Rows(it2 mc mi mi_idx t #45006) Rows(ct mc mi mi_idx t #30183) Rows(cn it1 mc mi mi_idx #75599) Rows(ct it1 mc mi mi_idx #73175) Rows(ct it2 mc mi mi_idx #40392) Rows(cn it2 mc mi_idx t #73295) Rows(cn ct mc mi t #43557) Rows(cn ct mc mi_idx t #59464) Rows(cn ct it2 mc mi_idx #91314) Rows(it1 it2 mi mi_idx t #7964) Rows(cn it1 mc mi t #84328) Rows(ct it1 mc mi t #134504) Rows(it1 it2 mc mi mi_idx #126112) Rows(cn it2 mc mi mi_idx #50200) Rows(ct it2 mc mi_idx t #68466) Rows(cn ct it1 mc mi t #43557) Rows(ct it1 mc mi mi_idx t #30183) Rows(cn ct mc mi mi_idx t #9304) Rows(ct it2 mc mi mi_idx t #15537) Rows(cn ct it2 mc mi mi_idx #13996) Rows(cn it1 mc mi mi_idx t #19909) Rows(it1 it2 mc mi mi_idx t #45006) Rows(ct it1 it2 mc mi mi_idx #38219) Rows(cn it1 it2 mc mi mi_idx #41943) Rows(cn ct it1 mc mi mi_idx #24181) Rows(cn ct it2 mc mi_idx t #42332) Rows(cn it2 mc mi mi_idx t #10112) Rows(cn ct it1 mc mi mi_idx t #9304) Rows(cn it1 it2 mc mi mi_idx t #10112) Rows(cn ct it1 it2 mc mi mi_idx #12752) Rows(cn ct it2 mc mi mi_idx t #4711) Rows(ct it1 it2 mc mi mi_idx t #15537) Rows(cn ct it1 it2 mc mi mi_idx t #4711) */"
}