{
  "query": "/*+  */ select count(*)\nfrom cast_info AS ci\ninner join title AS t\non t.id = ci.movie_id AND t.production_year = 2010;",
  "predicted_latency": 1144.6317434310913,
  "actual_latency": 3759.426,
  "q_error": 3.284397817529445,
  "inference_time": 0.025319576263427734
}