{
  "query": "/*+  */ select count(*)\nfrom title AS t\ninner join cast_info AS ci\non t.id = ci.movie_id AND ci.person_id < 2710576 AND ci.role_id > 4;",
  "predicted_latency": 951.012909412384,
  "actual_latency": 1939.175,
  "q_error": 2.0390627517329767,
  "inference_time": 0.01580190658569336
}