{
  "predicted_latency": 424.2807924747467,
  "actual_latency": 136.179,
  "q_error": 3.1156110154630796,
  "inference_time": 0.04781198501586914
}