{
  "predicted_latency": 0.0291377454996109,
  "actual_latency": 3.3376129999999997,
  "q_error": 114.54602813720703,
  "inference_time": 0.15437555313110352,
  "timestamp": 1745453299.3934295
}