{
  "query": "/*+  */ select count(*)\nfrom title AS t\ninner join cast_info AS ci\non t.id = ci.movie_id AND t.kind_id = 1 AND t.production_year > 2009 AND ci.person_id < 1843929;",
  "predicted_latency": 1623.6881017684937,
  "actual_latency": 3064.068,
  "q_error": 1.8871038080913871,
  "inference_time": 0.02655482292175293
}