{
  "query": "/*+  */ select count(*)\nfrom title AS t\ninner join movie_info AS mi\non t.id = mi.movie_id AND t.kind_id < 7;",
  "predicted_latency": 913.9644503593445,
  "actual_latency": 3125.601,
  "q_error": 3.419827761102857,
  "inference_time": 0.029713869094848633
}