{
  "query": "/*+  */ select count(*)\nfrom movie_keyword AS mk\ninner join title AS t\non t.id = mk.movie_id AND mk.keyword_id < 42038;",
  "predicted_latency": 1204.9381732940674,
  "actual_latency": 1378.162,
  "q_error": 1.1437615892211068,
  "inference_time": 0.0200655460357666
}