{
  "query": "/*+  */ select count(*)\nfrom title AS t\ninner join cast_info AS ci\non t.id = ci.movie_id AND ci.person_id > 1205609;",
  "predicted_latency": 907.9866409301758,
  "actual_latency": 7740.917,
  "q_error": 8.525364417333181,
  "inference_time": 0.017854690551757812
}