{
  "predicted_latency": 206.71151733398438,
  "inference_time": 0.0048258304595947266
}