{
  "predicted_latency": 506.38592529296875,
  "inference_time": 0.007258415222167969
}