{
  "query": "/*+  */ select count(*)\nfrom movie_keyword AS mk\ninner join title AS t\non t.id = mk.movie_id AND mk.keyword_id > 405;",
  "predicted_latency": 1199.879765510559,
  "actual_latency": 1305.092,
  "q_error": 1.087685647773777,
  "inference_time": 0.016907691955566406
}