{
  "predicted_latency": 429.5429992675781,
  "inference_time": 0.015592813491821289
}