{
  "query": "/*+  */ select count(*)\nfrom title AS t\ninner join cast_info AS ci\non t.id = ci.movie_id AND ci.person_id < 2618956;",
  "predicted_latency": 979.6188473701477,
  "actual_latency": 8752.008,
  "q_error": 8.934095157004533,
  "inference_time": 0.279050350189209
}