{
  "query": "/*+  */ select count(*)\nfrom title AS t\ninner join cast_info AS ci\non t.id = ci.movie_id AND t.kind_id < 7 AND ci.person_id < 2742607 AND ci.role_id > 2;",
  "predicted_latency": 1380.7066679000854,
  "actual_latency": 2432.494,
  "q_error": 1.7617746452253877,
  "inference_time": 0.026611804962158203
}