{
  "query": "/*+  */ select count(*)\nfrom movie_companies AS mc\ninner join title AS t\non t.id = mc.movie_id AND mc.company_id < 216092;",
  "predicted_latency": 1216.6047096252441,
  "actual_latency": 1112.764,
  "q_error": 1.0933178190750639,
  "inference_time": 0.018389225006103516
}