{
    "embedding": [
        0.6557404398918152,
        0.6557404398918152,
        0.6557404398918152,
        0.6666218042373657,
        0.6557404398918152,
        1.2647156715393066,
        0.6557404398918152,
        0.6557404398918152,
        1.0878331661224365,
        0.6557404398918152,
        0.6557404398918152,
        0.6557404398918152,
        0.6557404398918152,
        1.7746866941452026,
        2.3938140869140625,
        0.6557404398918152,
        0.6557404398918152,
        1.7975150346755981,
        0.6557404398918152,
        1.1561322212219238,
        0.6557404398918152,
        3.7492294311523438,
        3.304405450820923,
        0.6557404398918152,
        0.6557404398918152,
        0.9318367838859558,
        0.6557404398918152,
        0.6557404398918152,
        0.6557404398918152,
        0.6557404398918152,
        0.6557404398918152,
        2.0502519607543945,
        0.6557404398918152,
        0.6557404398918152,
        0.9443199634552002,
        1.4918427467346191,
        0.6557404398918152,
        3.631115436553955,
        1.9908522367477417,
        0.6557404398918152,
        0.6557404398918152,
        0.6557404398918152,
        0.7767161130905151,
        0.6557404398918152,
        0.6557404398918152,
        0.6557404398918152,
        0.6557404398918152,
        0.9730627536773682,
        0.6557404398918152,
        0.765379011631012,
        1.2602437734603882,
        0.6613303422927856,
        0.6557404398918152,
        0.6557404398918152,
        2.0719692707061768,
        0.6557404398918152,
        0.6557404398918152,
        0.6557404398918152,
        0.6557404398918152,
        0.6557404398918152,
        0.6557404398918152,
        1.9125401973724365,
        0.6557404398918152,
        2.4009344577789307
    ],
    "timestamp": 1754257668.8821888
}