{
  "query": "/*+  */ select count(*)\nfrom title AS t\ninner join cast_info AS ci\non t.id = ci.movie_id AND t.production_year > 2007 AND ci.person_id < 1055420;",
  "predicted_latency": 1371.0436820983887,
  "actual_latency": 2994.146,
  "q_error": 2.1838443509089704,
  "inference_time": 0.018617868423461914
}