{
  "predicted_latency": 473.95672607421875,
  "inference_time": 0.007523059844970703
}