{
  "query": "/*+ NoNestLoop(ci t) */ select count(*)\nfrom cast_info AS ci\ninner join title AS t\non t.id = ci.movie_id AND ci.person_id > 210382;",
  "predicted_latency": 1139.6440267562866,
  "actual_latency": 10286.405,
  "q_error": 9.02598070844779,
  "inference_time": 0.025287389755249023
}