{
  "query": "/*+  */ select count(*)\nfrom movie_keyword AS mk\ninner join title AS t\non t.id = mk.movie_id AND mk.keyword_id > 137;",
  "predicted_latency": 1248.1818199157715,
  "actual_latency": 1152.713,
  "q_error": 1.0828209796504173,
  "inference_time": 0.02473592758178711
}