{
  "predicted_latency": 440.59234857559204,
  "actual_latency": 89.848,
  "q_error": 4.903752432726294,
  "inference_time": 0.03642749786376953
}