{
  "query": "/*+  */ select count(*)\nfrom cast_info AS ci\ninner join title AS t\non t.id = ci.movie_id AND t.production_year = 2006;",
  "predicted_latency": 1138.1239891052246,
  "actual_latency": 3664.12,
  "q_error": 3.2194383345532276,
  "inference_time": 0.015485525131225586
}