{
  "query": "/*+  */ select count(*)\nfrom title AS t\ninner join cast_info AS ci\non t.id = ci.movie_id AND ci.person_id < 481640 AND ci.role_id < 7;",
  "predicted_latency": 1193.527340888977,
  "actual_latency": 2060.504,
  "q_error": 1.7263986583376223,
  "inference_time": 0.02645707130432129
}