{
  "predicted_latency": 0.02913774736225605,
  "actual_latency": 8.062266,
  "q_error": 276.6949157714844,
  "inference_time": 1.529362678527832,
  "timestamp": 1745761878.0322468
}