{
  "predicted_latency": 494.3605065345764,
  "actual_latency": 3018.277,
  "q_error": 6.105416917621223,
  "inference_time": 0.07550978660583496
}