{
  "predicted_latency": 401.5195369720459,
  "actual_latency": 1594.566,
  "q_error": 3.971328548605631,
  "inference_time": 0.08436322212219238
}