{
  "query": "/*+  */ select count(*)\nfrom title AS t\ninner join cast_info AS ci\non t.id = ci.movie_id AND ci.person_id > 967338;",
  "predicted_latency": 1042.5934791564941,
  "actual_latency": 8353.811,
  "q_error": 8.012529492087957,
  "inference_time": 0.0512237548828125
}