{
  "query": "/*+  */ select count(*)\nfrom title AS t\ninner join cast_info AS ci\non t.id = ci.movie_id AND ci.person_id < 2861632;",
  "predicted_latency": 1118.6821460723877,
  "actual_latency": 8694.422,
  "q_error": 7.7720217762708455,
  "inference_time": 0.0177767276763916
}