{
  "predicted_latency": 0.02913774736225605,
  "actual_latency": 1.191333,
  "q_error": 40.88624572753906,
  "inference_time": 0.4169590473175049,
  "timestamp": 1745758698.412483
}