{
  "query": "/*+  */ select count(*)\nfrom title AS t\ninner join cast_info AS ci\non t.id = ci.movie_id AND t.kind_id = 1 AND t.production_year < 2002 AND ci.person_id > 1785284;",
  "predicted_latency": 1380.771279335022,
  "actual_latency": 3236.135,
  "q_error": 2.3437154642719102,
  "inference_time": 0.016315221786499023
}