{
  "query": "/*+ NoNestLoop(ci t) */ select count(*)\nfrom cast_info AS ci\ninner join title AS t\non t.id = ci.movie_id AND ci.person_id < 3494661;",
  "predicted_latency": 1132.0875883102417,
  "actual_latency": 10176.059,
  "q_error": 8.988755909945823,
  "inference_time": 0.015811443328857422
}