{
  "predicted_latency": 0.02913774363696575,
  "actual_latency": 2.71532,
  "q_error": 93.18910217285156,
  "inference_time": 0.2148134708404541,
  "timestamp": 1745754323.605944
}