{
  "query": "/*+  */ select count(*)\nfrom title AS t\ninner join cast_info AS ci\non t.id = ci.movie_id AND ci.person_id > 790008 AND ci.role_id < 4;",
  "predicted_latency": 1137.1365785598755,
  "actual_latency": 6396.781,
  "q_error": 5.625340984194873,
  "inference_time": 0.01984238624572754
}