{
  "predicted_latency": 341.00478887557983,
  "actual_latency": 295.721,
  "q_error": 1.1531301087023913,
  "inference_time": 0.056848764419555664
}