{
  "query": "/*+  */ select count(*)\nfrom movie_companies AS mc\ninner join title AS t\non t.id = mc.movie_id AND mc.company_id > 84725;",
  "predicted_latency": 922.0325946807861,
  "actual_latency": 521.282,
  "q_error": 1.7687788849044972,
  "inference_time": 0.013100624084472656
}