{
  "query": "/*+  */ select count(*)\nfrom movie_keyword AS mk\ninner join title AS t\non t.id = mk.movie_id AND mk.keyword_id > 486;",
  "predicted_latency": 1197.8199481964111,
  "actual_latency": 1299.698,
  "q_error": 1.0850528929301848,
  "inference_time": 0.01649165153503418
}