{
  "query": "/*+  */ select count(*)\nfrom title AS t\ninner join movie_keyword AS mk\non t.id = mk.movie_id AND mk.keyword_id = 19735;",
  "predicted_latency": 419.41961646080017,
  "actual_latency": 45.311,
  "q_error": 9.256463473787825,
  "inference_time": 0.015032768249511719
}