{
  "query": "/*+  */ select count(*)\nfrom movie_companies AS mc\ninner join title AS t\non t.id = mc.movie_id AND t.production_year < 1962;",
  "predicted_latency": 1187.4799728393555,
  "actual_latency": 475.953,
  "q_error": 2.4949521756126245,
  "inference_time": 0.028923749923706055
}