{
  "predicted_latency": 0.02913774363696575,
  "actual_latency": 1.008717,
  "q_error": 34.61891174316406,
  "inference_time": 0.04895162582397461,
  "timestamp": 1745492936.170524
}