{
  "predicted_latency": 649.5502319335938,
  "inference_time": 0.01997542381286621
}