{
  "query": "/*+  */ select count(*)\nfrom title AS t\ninner join cast_info AS ci\non t.id = ci.movie_id AND t.production_year > 2007;",
  "predicted_latency": 1220.3949689865112,
  "actual_latency": 6410.574,
  "q_error": 5.252868262250968,
  "inference_time": 0.028934001922607422
}