{
  "predicted_latency": 263.00621032714844,
  "actual_latency": 3636.799,
  "q_error": 13.827806558165507,
  "inference_time": 0.1562349796295166
}