{
  "predicted_latency": 0.02913774736225605,
  "actual_latency": 2.0543649999999998,
  "q_error": 70.50527954101562,
  "inference_time": 0.1435840129852295,
  "timestamp": 1745453139.002859
}