{
  "predicted_latency": 0.0291377454996109,
  "actual_latency": 36.943052,
  "q_error": 1267.8760986328125,
  "inference_time": 0.2654237747192383,
  "timestamp": 1745762546.993401
}