{
  "predicted_latency": 466.9130554199219,
  "inference_time": 0.00751495361328125
}