{
  "query": "/*+  */ select count(*)\nfrom cast_info AS ci\ninner join title AS t\non t.id = ci.movie_id AND ci.person_id > 3670959 AND t.production_year < 1976;",
  "predicted_latency": 1276.5628099441528,
  "actual_latency": 640.43,
  "q_error": 1.9932901487190684,
  "inference_time": 0.012530803680419922
}