{
  "pg_runtime": 243.696,
  "opt_runtime": 178.846,
  "pg_slowdown": 1.3626024624537312,
  "pg_opt_diff": 64.85,
  "original_num_of_plans": 253,
  "pg_plan_card_error": 4.753086419753086,
  "opt_plan_card_error": 5.133333333333334,
  "num_tables": 8,
  "opt_hint": "/*+Leading(k mk t mc cn ci an n)*/"
}