{
  "query": "/*+  */ select count(*)\nfrom title AS t\ninner join cast_info AS ci\non t.id = ci.movie_id AND ci.person_id < 1113385 AND ci.role_id > 1;",
  "predicted_latency": 927.4376630783081,
  "actual_latency": 2719.363,
  "q_error": 2.9321248297961247,
  "inference_time": 0.014850616455078125
}