{
  "predicted_latency": 0.02913774736225605,
  "actual_latency": 3.673906,
  "q_error": 126.08750915527344,
  "inference_time": 2.351269006729126,
  "timestamp": 1745479257.764012
}