{
  "predicted_latency": 486.7154235839844,
  "inference_time": 0.006724119186401367
}