{
  "predicted_latency": 0.010861066170036793,
  "actual_latency": 8.419549000000002,
  "q_error": 775.2046508789062,
  "inference_time": 0.0842137336730957,
  "timestamp": 1744801520.240483
}