{
  "query": "/*+  */ select count(*)\nfrom title AS t\ninner join cast_info AS ci\non t.id = ci.movie_id AND ci.person_id < 1637173 AND ci.role_id > 1;",
  "predicted_latency": 939.4935369491577,
  "actual_latency": 3189.59,
  "q_error": 3.395010050157067,
  "inference_time": 0.012978553771972656
}