{
  "predicted_latency": 583.0074548721313,
  "actual_latency": 5647.711,
  "q_error": 9.687202029412624,
  "inference_time": 0.07899045944213867
}