{
  "query": "/*+  */ select count(*)\nfrom title AS t\ninner join cast_info AS ci\non t.id = ci.movie_id AND ci.person_id > 1013210 AND ci.role_id < 3;",
  "predicted_latency": 999.1244673728943,
  "actual_latency": 4960.433,
  "q_error": 4.964779826724694,
  "inference_time": 0.026548147201538086
}