{
  "query": "/*+ NoNestLoop(t ci) */ select count(*)\nfrom title AS t\ninner join cast_info AS ci\non t.id = ci.movie_id AND ci.person_id > 1622467;",
  "predicted_latency": 726.2366414070129,
  "actual_latency": 7009.088,
  "q_error": 9.651245338462367,
  "inference_time": 0.013408899307250977
}