{
  "query": "/*+  */ select count(*)\nfrom cast_info AS ci\ninner join title AS t\non t.id = ci.movie_id AND t.production_year < 1977;",
  "predicted_latency": 1299.4577884674072,
  "actual_latency": 5510.623,
  "q_error": 4.240709508924703,
  "inference_time": 0.028666019439697266
}