{
  "predicted_latency": 805.1568603515625,
  "inference_time": 0.01628732681274414
}