{
  "predicted_latency": 0.02913774363696575,
  "actual_latency": 2.2925050000000002,
  "q_error": 78.67819213867188,
  "inference_time": 0.20428729057312012,
  "timestamp": 1745492919.7754111
}