{
    "embedding": [
        0.50626140832901,
        0.50626140832901,
        0.5334009528160095,
        0.5749843716621399,
        0.5366706252098083,
        1.3441234827041626,
        0.50626140832901,
        0.50626140832901,
        0.6556886434555054,
        0.50626140832901,
        0.50626140832901,
        0.50626140832901,
        0.5304545760154724,
        1.7988768815994263,
        2.6853678226470947,
        1.8450651168823242,
        0.50626140832901,
        0.5893990993499756,
        0.50626140832901,
        2.097705125808716,
        0.50626140832901,
        0.535601794719696,
        1.4663437604904175,
        0.50626140832901,
        1.3226916790008545,
        2.733260154724121,
        0.50626140832901,
        0.50626140832901,
        0.50626140832901,
        0.50626140832901,
        2.2270140647888184,
        0.8884041905403137,
        0.50626140832901,
        0.50626140832901,
        1.274215579032898,
        2.8784074783325195,
        0.50626140832901,
        1.0137706995010376,
        1.7029093503952026,
        0.50626140832901,
        0.50626140832901,
        0.50626140832901,
        0.6852776408195496,
        0.50626140832901,
        1.5474227666854858,
        0.50626140832901,
        0.50626140832901,
        0.7804741859436035,
        0.50626140832901,
        4.369721412658691,
        2.4326539039611816,
        0.6436305642127991,
        0.50626140832901,
        0.50626140832901,
        4.862225532531738,
        0.50626140832901,
        0.50626140832901,
        0.50626140832901,
        0.50626140832901,
        0.6457119584083557,
        0.50626140832901,
        0.50626140832901,
        0.50626140832901,
        3.517021417617798
    ],
    "timestamp": 1754257647.8145742
}