{
    "embedding": [
        0.50626140832901,
        0.50626140832901,
        0.5334010124206543,
        0.5749844312667847,
        0.5366705656051636,
        1.3441238403320312,
        0.50626140832901,
        0.50626140832901,
        0.6556888818740845,
        0.50626140832901,
        0.50626140832901,
        0.50626140832901,
        0.5304545760154724,
        1.7988766431808472,
        2.685368299484253,
        1.8450654745101929,
        0.50626140832901,
        0.5893989205360413,
        0.50626140832901,
        2.0977048873901367,
        0.50626140832901,
        0.5356018543243408,
        1.466343879699707,
        0.50626140832901,
        1.3226912021636963,
        2.733259916305542,
        0.50626140832901,
        0.50626140832901,
        0.50626140832901,
        0.50626140832901,
        2.2270140647888184,
        0.8884043097496033,
        0.50626140832901,
        0.50626140832901,
        1.2742152214050293,
        2.8784077167510986,
        0.50626140832901,
        1.013770580291748,
        1.7029099464416504,
        0.50626140832901,
        0.50626140832901,
        0.50626140832901,
        0.6852775812149048,
        0.50626140832901,
        1.5474226474761963,
        0.50626140832901,
        0.50626140832901,
        0.7804742455482483,
        0.50626140832901,
        4.369720458984375,
        2.4326541423797607,
        0.6436305046081543,
        0.50626140832901,
        0.50626140832901,
        4.862224578857422,
        0.50626140832901,
        0.50626140832901,
        0.50626140832901,
        0.50626140832901,
        0.6457117795944214,
        0.50626140832901,
        0.50626140832901,
        0.50626140832901,
        3.5170207023620605
    ],
    "timestamp": 1754257647.0727878
}