{
  "predicted_latency": 0.02913774736225605,
  "actual_latency": 0.14465799999999998,
  "q_error": 4.964625358581543,
  "inference_time": 0.08162379264831543,
  "timestamp": 1745760931.2112827
}