{
  "predicted_latency": 165.70399701595306,
  "actual_latency": 1566.883,
  "q_error": 9.45591553744566,
  "inference_time": 0.10746240615844727
}