{
  "query": "/*+  */ select count(*)\nfrom movie_keyword AS mk\ninner join title AS t\non t.id = mk.movie_id AND mk.keyword_id < 39271;",
  "predicted_latency": 1202.243685722351,
  "actual_latency": 1247.698,
  "q_error": 1.0378079043520518,
  "inference_time": 0.026998519897460938
}