{
  "predicted_latency": 0.0291377454996109,
  "actual_latency": 30.483693,
  "q_error": 1046.1925048828125,
  "inference_time": 1.343674898147583,
  "timestamp": 1745760326.21115
}