{
  "query": "/*+  */ select count(*)\nfrom title AS t\ninner join movie_keyword AS mk\non t.id = mk.movie_id AND mk.keyword_id > 133048;",
  "predicted_latency": 457.0673108100891,
  "actual_latency": 8.974,
  "q_error": 50.932394786058516,
  "inference_time": 0.019361257553100586
}