{
  "query": "/*+ NoNestLoop(t ci) */ select count(*)\nfrom title AS t\ninner join cast_info AS ci\non t.id = ci.movie_id AND ci.person_id < 379683;",
  "predicted_latency": 604.9365401268005,
  "actual_latency": 2059.821,
  "q_error": 3.4050199704720128,
  "inference_time": 0.015309572219848633
}