{
  "predicted_latency": 739.0071411132812,
  "inference_time": 0.03225874900817871
}