{
  "predicted_latency": 784.5302124023438,
  "inference_time": 0.008322000503540039
}