{
  "query": "/*+  */ select count(*)\nfrom title AS t\ninner join movie_info AS mi\non t.id = mi.movie_id AND t.production_year > 2004;",
  "predicted_latency": 1043.0717468261719,
  "actual_latency": 2619.337,
  "q_error": 2.5111762522281347,
  "inference_time": 0.026662349700927734
}