{
  "predicted_latency": 0.0291377454996109,
  "actual_latency": 1.028222,
  "q_error": 35.28831481933594,
  "inference_time": 0.10991954803466797,
  "timestamp": 1745761789.170248
}