{
  "query": "/*+  */ select count(*)\nfrom title AS t\ninner join cast_info AS ci\non t.id = ci.movie_id AND ci.person_id < 2559518;",
  "predicted_latency": 952.3289203643799,
  "actual_latency": 8310.878,
  "q_error": 8.726898682043693,
  "inference_time": 0.018253564834594727
}