{
  "query": "/*+  */ select count(*)\nfrom movie_info AS mi\ninner join title AS t\non t.id = mi.movie_id AND t.production_year < 1938;",
  "predicted_latency": 1179.2854070663452,
  "actual_latency": 1987.716,
  "q_error": 1.6855258176599937,
  "inference_time": 0.029912233352661133
}