{
  "predicted_latency": 982.0422973632812,
  "inference_time": 0.006866931915283203
}