{
  "predicted_latency": 436.66644287109375,
  "inference_time": 0.026479482650756836
}