{
  "query": "/*+ NoNestLoop(t ci) */ select count(*)\nfrom title AS t\ninner join cast_info AS ci\non t.id = ci.movie_id AND ci.person_id > 3068192;",
  "predicted_latency": 618.5805201530457,
  "actual_latency": 2316.862,
  "q_error": 3.7454493384737937,
  "inference_time": 0.02623462677001953
}