{
  "predicted_latency": 0.02913774363696575,
  "actual_latency": 6.908423,
  "q_error": 237.0953369140625,
  "inference_time": 0.23632192611694336,
  "timestamp": 1745481365.1527174
}