{
  "query": "/*+ NoNestLoop(t ci) */ select count(*)\nfrom title AS t\ninner join cast_info AS ci\non t.id = ci.movie_id AND ci.person_id > 3573316;",
  "predicted_latency": 591.1469459533691,
  "actual_latency": 1465.253,
  "q_error": 2.4786612026505876,
  "inference_time": 0.026740312576293945
}