{
  "predicted_latency": 0.02913774736225605,
  "actual_latency": 6.305744,
  "q_error": 216.41151428222656,
  "inference_time": 4.891048908233643,
  "timestamp": 1745452334.4741719
}