{
  "embedding": [
    0.2528154288166393,
    2.543441681991124,
    0.7064394606245286,
    0.2528154288166393,
    0.2528154288166393,
    1.9293120636711123,
    3.713318418633046,
    0.3581151899229232,
    1.076247120291206,
    1.7364461654145564,
    1.5088624067893543,
    0.7351718866739272,
    0.2528154288166393,
    1.550579161083385,
    0.3715700967533118,
    1.5004775925076967,
    0.4362809743072672,
    0.8135991831762241,
    1.1051234462117028,
    0.3213376844922887,
    0.6605926462554991,
    0.708919718489787,
    0.2528154288166393,
    0.6025448060631441,
    0.826486516370594,
    0.3577275109059193,
    3.2888591626269745,
    2.9925794576394833,
    0.9327248026953411,
    2.5700154693493817,
    2.622203874726123,
    0.6383466822406092,
    2.9125087089032857,
    3.339131414908175,
    0.84623641974548,
    0.3232493145672666,
    0.2528154288166393,
    1.056713334645419,
    1.1434493011315567,
    2.158911236929812,
    1.1200992885515255,
    0.8745214357357115,
    1.9663049920347964,
    0.47867141778831057,
    0.8065772845172999,
    0.877525177723155,
    1.6871564602032336,
    0.9605221415354323,
    1.454267936912179,
    1.3658976678836479,
    1.361832192776413,
    1.396687398688616,
    0.4189920879645216,
    0.5709571452064859,
    0.2528154288166393,
    1.7200037526290841,
    1.8017332830627493,
    2.015469849362268,
    0.469229703729015,
    0.5198021882751442,
    0.2528154288166393,
    1.766571568570872,
    0.31806183444308517,
    0.5157884118083433
  ],
  "timestamp": 1754307431.419781
}