{
  "embedding": [
    0.25508585092675806,
    2.733263244674428,
    1.028762339125901,
    0.25508585092675806,
    0.3042647418753555,
    2.0555182767694227,
    3.927450395887994,
    0.38297664165077394,
    1.1733448974554246,
    1.736737413243506,
    1.665869740489179,
    1.7220742110437648,
    0.25508585092675806,
    1.646701085227203,
    0.37056498649425135,
    1.4502401474366107,
    0.4460244141671905,
    0.7357008473122933,
    1.2570960099683377,
    0.41170005678923777,
    0.7010586090626478,
    0.894767847396362,
    0.25508585092675806,
    0.3691730100163149,
    0.9979904775727665,
    0.2835234039068159,
    3.3856368574676607,
    3.1145653464672685,
    0.9660474949850658,
    2.827927113252713,
    2.7739295158995225,
    0.6587184226548247,
    3.0657653673690657,
    3.5633582791592606,
    1.0030214879412804,
    0.47350042200261644,
    0.30957461857931123,
    1.2385706908344523,
    1.2355451947232836,
    2.366949868454463,
    1.1774068062855163,
    0.8534882574918303,
    1.9986063060050578,
    0.4480663790800988,
    0.8438361027158325,
    1.1477171215169837,
    1.891694343542657,
    1.0636523540421228,
    1.6410080808206309,
    1.3789968314325467,
    1.4213510860477436,
    1.4259846303693657,
    0.3566986490523606,
    0.6366135553200071,
    0.25508585092675806,
    1.868166562830755,
    1.7129243815443103,
    2.208009055538951,
    0.4454780303745014,
    0.4962621070246453,
    0.25508585092675806,
    1.8830541076997953,
    0.31277236179039564,
    0.6018678294845408
  ],
  "timestamp": 1754307434.9122255
}