{
    "embedding": [
        0.5284961462020874,
        0.5284961462020874,
        0.5559911131858826,
        0.6040812730789185,
        0.6016343832015991,
        1.4168344736099243,
        0.5284961462020874,
        0.5284961462020874,
        1.8310587406158447,
        0.5284961462020874,
        0.5284961462020874,
        0.5284961462020874,
        0.5284961462020874,
        1.7039074897766113,
        3.3310203552246094,
        1.7950544357299805,
        0.5284961462020874,
        1.4912794828414917,
        0.5284961462020874,
        2.345446825027466,
        0.5284961462020874,
        3.1999666690826416,
        2.9969427585601807,
        0.5284961462020874,
        1.1310207843780518,
        2.5907657146453857,
        0.5284961462020874,
        0.5284961462020874,
        0.5284961462020874,
        0.5284961462020874,
        2.2230749130249023,
        2.351069450378418,
        0.5284961462020874,
        0.5284961462020874,
        2.0299129486083984,
        2.0664565563201904,
        0.5284961462020874,
        2.7739782333374023,
        2.75661563873291,
        0.5284961462020874,
        0.5284961462020874,
        0.5284961462020874,
        0.6273411512374878,
        0.5284961462020874,
        1.488756775856018,
        0.5284961462020874,
        0.5284961462020874,
        0.8187299966812134,
        0.5284961462020874,
        3.7657976150512695,
        2.9894816875457764,
        1.8896597623825073,
        0.5284961462020874,
        0.5284961462020874,
        2.9975426197052,
        0.5284961462020874,
        0.5284961462020874,
        0.5284961462020874,
        0.5284961462020874,
        0.6497964262962341,
        0.5284961462020874,
        2.259093999862671,
        0.5284961462020874,
        3.9631171226501465
    ],
    "timestamp": 1754257636.035245
}