{
    "embedding": [
        0.5284962058067322,
        0.5284962058067322,
        0.5559911131858826,
        0.6040812730789185,
        0.6016344428062439,
        1.4168344736099243,
        0.5284962058067322,
        0.5284962058067322,
        1.831059217453003,
        0.5284962058067322,
        0.5284962058067322,
        0.5284962058067322,
        0.5284962058067322,
        1.7039077281951904,
        3.3310208320617676,
        1.7950546741485596,
        0.5284962058067322,
        1.491279125213623,
        0.5284962058067322,
        2.345446825027466,
        0.5284962058067322,
        3.1999666690826416,
        2.996943235397339,
        0.5284962058067322,
        1.131020426750183,
        2.590766191482544,
        0.5284962058067322,
        0.5284962058067322,
        0.5284962058067322,
        0.5284962058067322,
        2.2230746746063232,
        2.351069927215576,
        0.5284962058067322,
        0.5284962058067322,
        2.0299136638641357,
        2.0664560794830322,
        0.5284962058067322,
        2.773977756500244,
        2.7566161155700684,
        0.5284962058067322,
        0.5284962058067322,
        0.5284962058067322,
        0.6273412108421326,
        0.5284962058067322,
        1.4887573719024658,
        0.5284962058067322,
        0.5284962058067322,
        0.8187300562858582,
        0.5284962058067322,
        3.7657971382141113,
        2.9894816875457764,
        1.889660358428955,
        0.5284962058067322,
        0.5284962058067322,
        2.997541904449463,
        0.5284962058067322,
        0.5284962058067322,
        0.5284962058067322,
        0.5284962058067322,
        0.6497965455055237,
        0.5284962058067322,
        2.25909423828125,
        0.5284962058067322,
        3.9631173610687256
    ],
    "timestamp": 1754257638.6259923
}