{
  "query": "/*+  */ select count(*)\nfrom title AS t\ninner join movie_info AS mi\non t.id = mi.movie_id AND t.production_year < 2004;",
  "predicted_latency": 1020.344614982605,
  "actual_latency": 2904.573,
  "q_error": 2.8466588222739997,
  "inference_time": 0.025693893432617188
}