{
  "predicted_latency": 513.1626725196838,
  "actual_latency": 612.849,
  "q_error": 1.1942587269468483,
  "inference_time": 0.1324613094329834
}