{
  "query": "/*+  */ select count(*)\nfrom cast_info AS ci\ninner join title AS t\non t.id = ci.movie_id AND ci.person_id < 2761611 AND t.production_year > 2003;",
  "predicted_latency": 1512.9870176315308,
  "actual_latency": 6577.529,
  "q_error": 4.3473796690579904,
  "inference_time": 0.021228790283203125
}