{
    "embedding": [
        0.5308911800384521,
        0.5308911800384521,
        0.5308911800384521,
        0.6238446831703186,
        0.5308911800384521,
        2.0123820304870605,
        0.646167516708374,
        0.5308911800384521,
        0.7302172780036926,
        0.5308911800384521,
        0.5308911800384521,
        0.5308911800384521,
        0.5308911800384521,
        1.9919548034667969,
        3.8422722816467285,
        1.1268075704574585,
        0.5308911800384521,
        2.933086395263672,
        0.5308911800384521,
        1.331101655960083,
        0.5308911800384521,
        3.8368337154388428,
        3.051490306854248,
        0.5308911800384521,
        1.5202704668045044,
        2.5195133686065674,
        0.5308911800384521,
        0.5308911800384521,
        0.5308911800384521,
        0.5308911800384521,
        2.4285075664520264,
        2.9731671810150146,
        0.5308911800384521,
        0.5308911800384521,
        1.6672942638397217,
        2.062290906906128,
        0.5308911800384521,
        3.764390230178833,
        2.3650007247924805,
        0.5308911800384521,
        0.5308911800384521,
        0.5308911800384521,
        0.6654822826385498,
        0.5308911800384521,
        1.3071595430374146,
        0.5308911800384521,
        0.5308911800384521,
        0.8790223598480225,
        0.5308911800384521,
        2.348637342453003,
        1.7862247228622437,
        2.0985000133514404,
        0.5308911800384521,
        0.5308911800384521,
        3.5851898193359375,
        0.5308911800384521,
        0.5308911800384521,
        0.5308911800384521,
        0.5308911800384521,
        0.5308911800384521,
        0.5308911800384521,
        3.059159755706787,
        0.5308911800384521,
        3.987048864364624
    ],
    "timestamp": 1754257649.3033173
}