{
    "embedding": [
        0.5308911204338074,
        0.5308911204338074,
        0.5308911204338074,
        0.623844563961029,
        0.5308911204338074,
        2.0123815536499023,
        0.6461670994758606,
        0.5308911204338074,
        0.7302172183990479,
        0.5308911204338074,
        0.5308911204338074,
        0.5308911204338074,
        0.5308911204338074,
        1.9919545650482178,
        3.8422727584838867,
        1.126807451248169,
        0.5308911204338074,
        2.93308687210083,
        0.5308911204338074,
        1.331101655960083,
        0.5308911204338074,
        3.8368332386016846,
        3.051490068435669,
        0.5308911204338074,
        1.5202702283859253,
        2.5195133686065674,
        0.5308911204338074,
        0.5308911204338074,
        0.5308911204338074,
        0.5308911204338074,
        2.4285073280334473,
        2.973167896270752,
        0.5308911204338074,
        0.5308911204338074,
        1.6672946214675903,
        2.0622904300689697,
        0.5308911204338074,
        3.764390707015991,
        2.3650007247924805,
        0.5308911204338074,
        0.5308911204338074,
        0.5308911204338074,
        0.665482223033905,
        0.5308911204338074,
        1.3071593046188354,
        0.5308911204338074,
        0.5308911204338074,
        0.8790223002433777,
        0.5308911204338074,
        2.348637104034424,
        1.786224365234375,
        2.0985000133514404,
        0.5308911204338074,
        0.5308911204338074,
        3.5851898193359375,
        0.5308911204338074,
        0.5308911204338074,
        0.5308911204338074,
        0.5308911204338074,
        0.5308911204338074,
        0.5308911204338074,
        3.059159994125366,
        0.5308911204338074,
        3.9870481491088867
    ],
    "timestamp": 1754257651.9688926
}