{
  "query": "/*+  */ select count(*)\nfrom title AS t\ninner join cast_info AS ci\non t.id = ci.movie_id AND ci.person_id < 2751649;",
  "predicted_latency": 1049.3158102035522,
  "actual_latency": 8747.388,
  "q_error": 8.33627771061901,
  "inference_time": 0.024608612060546875
}