{
  "query": "/*+ NoNestLoop(ci t) */ select count(*)\nfrom cast_info AS ci\ninner join title AS t\non t.id = ci.movie_id AND ci.person_id < 3724615;",
  "predicted_latency": 1146.994948387146,
  "actual_latency": 10275.097,
  "q_error": 8.958275722529024,
  "inference_time": 0.03234243392944336
}