{
  "query": "/*+  */ select count(*)\nfrom title AS t\ninner join cast_info AS ci\non t.id = ci.movie_id AND ci.person_id < 2727317;",
  "predicted_latency": 1032.1718454360962,
  "actual_latency": 8806.479,
  "q_error": 8.531989163373499,
  "inference_time": 0.20927786827087402
}