{
  "query": "/*+  */ select count(*)\nfrom title AS t\ninner join cast_info AS ci\non t.id = ci.movie_id AND t.kind_id = 7 AND ci.person_id < 2389155;",
  "predicted_latency": 1216.9923782348633,
  "actual_latency": 6069.068,
  "q_error": 4.986940024063776,
  "inference_time": 0.2855262756347656
}