{
  "query": "/*+  */ select count(*)\nfrom movie_keyword AS mk\ninner join title AS t\non t.id = mk.movie_id AND mk.keyword_id > 386;",
  "predicted_latency": 1200.499415397644,
  "actual_latency": 1303.369,
  "q_error": 1.085688991833688,
  "inference_time": 0.025400400161743164
}