{
  "query": "/*+ NoNestLoop(t ci) */ select count(*)\nfrom title AS t\ninner join cast_info AS ci\non t.id = ci.movie_id AND ci.person_id < 182518;",
  "predicted_latency": 571.3598132133484,
  "actual_latency": 1384.422,
  "q_error": 2.4230300556386006,
  "inference_time": 0.016887187957763672
}