{
  "predicted_latency": 1962.2545166015625,
  "inference_time": 0.007852792739868164
}