{
  "query": "/*+  */ select count(*)\nfrom title AS t\ninner join cast_info AS ci\non t.id = ci.movie_id AND ci.person_id > 996839 AND ci.role_id = 1;",
  "predicted_latency": 971.0848927497864,
  "actual_latency": 2716.798,
  "q_error": 2.7976936108098025,
  "inference_time": 0.028725385665893555
}