{
  "predicted_latency": 84.32513475418091,
  "actual_latency": 364.793,
  "q_error": 4.326029256441992,
  "inference_time": 0.04600119590759277
}