{
  "predicted_latency": 0.02913774736225605,
  "actual_latency": 0.28198700000000004,
  "q_error": 9.677721977233887,
  "inference_time": 0.12232112884521484,
  "timestamp": 1745481279.172467
}