{
  "predicted_latency": 353.7964782714844,
  "inference_time": 0.007632255554199219
}