{
  "predicted_latency": 586.4524536132812,
  "inference_time": 0.017265796661376953
}