{
  "predicted_latency": 0.0291377454996109,
  "actual_latency": 0.064366,
  "q_error": 2.209024667739868,
  "inference_time": 0.21893811225891113,
  "timestamp": 1745481419.3470607
}