{
  "query": "/*+  */ select count(*)\nfrom movie_keyword AS mk\ninner join title AS t\non t.id = mk.movie_id AND mk.keyword_id < 77594;",
  "predicted_latency": 1266.2537097930908,
  "actual_latency": 1259.979,
  "q_error": 1.004980011407405,
  "inference_time": 0.027378082275390625
}