{
  "predicted_latency": 79.95688170194626,
  "actual_latency": 220.5,
  "q_error": 2.757736361229714,
  "inference_time": 0.15193581581115723
}