{
  "predicted_latency": 497.2052276134491,
  "actual_latency": 725.635,
  "q_error": 1.4594275355530715,
  "inference_time": 0.08751177787780762
}