{
  "predicted_latency": 609.8889112472534,
  "actual_latency": 113.32,
  "q_error": 5.382005923466762,
  "inference_time": 0.028268098831176758
}