{
  "predicted_latency": 660.6361865997314,
  "actual_latency": 197.543,
  "q_error": 3.344265231365988,
  "inference_time": 0.15608525276184082
}