{
  "query": "/*+ NoNestLoop(t ci) */ select count(*)\nfrom title AS t\ninner join cast_info AS ci\non t.id = ci.movie_id AND ci.person_id < 1644538;",
  "predicted_latency": 663.2125377655029,
  "actual_latency": 6031.814,
  "q_error": 9.094843140816367,
  "inference_time": 0.020111560821533203
}