{
  "query": "/*+  */ select count(*)\nfrom movie_keyword AS mk\ninner join title AS t\non t.id = mk.movie_id AND mk.keyword_id < 30716;",
  "predicted_latency": 1197.9539394378662,
  "actual_latency": 1116.637,
  "q_error": 1.0728230744976803,
  "inference_time": 0.02655959129333496
}