{
  "predicted_latency": 1683.6629638671875,
  "inference_time": 0.03946709632873535
}