{
  "query": "/*+  */ select count(*)\nfrom cast_info AS ci\ninner join title AS t\non t.id = ci.movie_id AND t.production_year < 1956;",
  "predicted_latency": 1159.0312719345093,
  "actual_latency": 3831.878,
  "q_error": 3.306104065340973,
  "inference_time": 0.015920400619506836
}