{
  "predicted_latency": 376.6563720703125,
  "inference_time": 0.013768672943115234
}