{
  "predicted_latency": 470.1325378417969,
  "inference_time": 0.030390024185180664
}