{
  "query": "/*+  */ select count(*)\nfrom title AS t\ninner join cast_info AS ci\non t.id = ci.movie_id AND ci.person_id > 864899 AND ci.role_id = 1;",
  "predicted_latency": 1044.0605878829956,
  "actual_latency": 3130.173,
  "q_error": 2.998076008545577,
  "inference_time": 0.02640509605407715
}