{
  "query": "/*+  */ select count(*)\nfrom title AS t\ninner join cast_info AS ci\non t.id = ci.movie_id AND ci.person_id > 829622 AND ci.role_id > 4;",
  "predicted_latency": 1045.6680059432983,
  "actual_latency": 3380.543,
  "q_error": 3.232902776776084,
  "inference_time": 0.01425623893737793
}