{
  "query": "/*+  */ select count(*)\nfrom title AS t\ninner join cast_info AS ci\non t.id = ci.movie_id AND ci.person_id > 1039340 AND ci.role_id = 1;",
  "predicted_latency": 946.1833238601685,
  "actual_latency": 2937.013,
  "q_error": 3.1040633732771705,
  "inference_time": 0.012658834457397461
}