{
  "query": "/*+  */ select count(*)\nfrom movie_keyword AS mk\ninner join title AS t\non t.id = mk.movie_id AND mk.keyword_id < 54483;",
  "predicted_latency": 1222.7674722671509,
  "actual_latency": 1156.944,
  "q_error": 1.0568942595900501,
  "inference_time": 0.019844532012939453
}