{
  "predicted_latency": 0.010861067101359367,
  "actual_latency": 73.484291,
  "q_error": 6765.8447265625,
  "inference_time": 0.1701674461364746,
  "timestamp": 1744803747.1231933
}