{
  "predicted_latency": 0.02913774736225605,
  "actual_latency": 4.50794,
  "q_error": 154.71133422851562,
  "inference_time": 3.8733973503112793,
  "timestamp": 1745753512.2673419
}