{
  "query": "/*+ NoHashJoin(t ci) */ select count(*)\nfrom title AS t\ninner join cast_info AS ci\non t.id = ci.movie_id AND ci.person_id < 3972751;",
  "predicted_latency": 404.1048288345337,
  "actual_latency": 17798.691,
  "q_error": 44.04473723150663,
  "inference_time": 0.02171945571899414
}