{
  "predicted_latency": 123.83022159337997,
  "actual_latency": 1376.638,
  "q_error": 11.117140729348382,
  "inference_time": 0.1219789981842041
}