{
  "predicted_latency": 0.02913774363696575,
  "actual_latency": 0.198447,
  "q_error": 6.810650825500488,
  "inference_time": 0.2201838493347168,
  "timestamp": 1745481291.9524803
}