{
  "predicted_latency": 455.990195274353,
  "actual_latency": 185.575,
  "q_error": 2.4571747017343557,
  "inference_time": 0.09416699409484863
}