{
  "predicted_latency": 433.924072265625,
  "inference_time": 0.00818777084350586
}