{
  "query": "/*+  */ select count(*)\nfrom movie_companies AS mc\ninner join title AS t\non t.id = mc.movie_id AND mc.company_id < 163724;",
  "predicted_latency": 1179.7724962234497,
  "actual_latency": 1118.387,
  "q_error": 1.0548875266106006,
  "inference_time": 0.015227079391479492
}