{
  "query": "/*+  */ select count(*)\nfrom title AS t\ninner join cast_info AS ci\non t.id = ci.movie_id AND ci.person_id < 2789627;",
  "predicted_latency": 1075.0294923782349,
  "actual_latency": 8438.855,
  "q_error": 7.849882314699233,
  "inference_time": 0.015848159790039062
}