{
  "query": "/*+  */ select count(*)\nfrom movie_keyword AS mk\ninner join title AS t\non t.id = mk.movie_id AND mk.keyword_id < 62362;",
  "predicted_latency": 1234.0070009231567,
  "actual_latency": 1153.722,
  "q_error": 1.0695878217830264,
  "inference_time": 0.015787363052368164
}