{
  "query": "/*+ NoNestLoop(mk t) */ select count(*)\nfrom movie_keyword AS mk\ninner join title AS t\non t.id = mk.movie_id AND mk.keyword_id < 102756;",
  "predicted_latency": 1292.5080060958862,
  "actual_latency": 1175.186,
  "q_error": 1.0998327125203042,
  "inference_time": 0.017784833908081055
}