{
  "query": "/*+  */ select count(*)\nfrom title AS t\ninner join cast_info AS ci\non t.id = ci.movie_id AND ci.person_id > 2588599 AND ci.role_id < 4;",
  "predicted_latency": 934.9241852760315,
  "actual_latency": 2740.102,
  "q_error": 2.9308280213020685,
  "inference_time": 0.019345998764038086
}