{
  "predicted_latency": 407.4075927734375,
  "inference_time": 0.052106618881225586
}