{
  "predicted_latency": 1430.2159423828125,
  "inference_time": 0.03146100044250488
}