{
  "predicted_latency": 0.0291377454996109,
  "actual_latency": 0.335032,
  "q_error": 11.498212814331055,
  "inference_time": 1.6451842784881592,
  "timestamp": 1745481178.6362827
}