{
  "query": "/*+  */ select count(*)\nfrom title AS t\ninner join movie_keyword AS mk\non t.id = mk.movie_id AND mk.keyword_id > 115769;",
  "predicted_latency": 391.70801639556885,
  "actual_latency": 652.305,
  "q_error": 1.6652837641731222,
  "inference_time": 0.017126798629760742
}