{
  "predicted_latency": 302.4725615978241,
  "actual_latency": 2196.073,
  "q_error": 7.260404012843847,
  "inference_time": 0.08323550224304199
}