{
  "query": "/*+  */ select count(*)\nfrom title AS t\ninner join cast_info AS ci\non t.id = ci.movie_id AND ci.person_id > 1067976 AND ci.role_id = 1;",
  "predicted_latency": 929.4040203094482,
  "actual_latency": 2465.902,
  "q_error": 2.653207804264683,
  "inference_time": 0.01680469512939453
}