{
  "query": "/*+  */ select count(*)\nfrom title AS t\ninner join cast_info AS ci\non t.id = ci.movie_id AND t.production_year < 1998 AND ci.person_id > 2116695 AND ci.role_id > 1;",
  "predicted_latency": 1566.3295984268188,
  "actual_latency": 4020.231,
  "q_error": 2.566657109741026,
  "inference_time": 0.030034542083740234
}