{
  "predicted_latency": 0.02913774363696575,
  "actual_latency": 3.417354,
  "q_error": 117.28273010253906,
  "inference_time": 0.7771062850952148,
  "timestamp": 1745480349.8116393
}