{
  "predicted_latency": 406.191885471344,
  "actual_latency": 477.592,
  "q_error": 1.1757792734973114,
  "inference_time": 0.10817360877990723
}