{
  "predicted_latency": 545.513916015625,
  "inference_time": 0.007361888885498047
}