{
  "predicted_latency": 268.6667740345001,
  "actual_latency": 890.148,
  "q_error": 3.313204631271949,
  "inference_time": 0.1271347999572754
}