{
  "query": "/*+  */ select count(*)\nfrom title AS t\ninner join cast_info AS ci\non t.id = ci.movie_id AND ci.person_id > 1306951 AND ci.role_id < 4;",
  "predicted_latency": 970.1749682426453,
  "actual_latency": 5211.706,
  "q_error": 5.371923797869549,
  "inference_time": 0.018657922744750977
}