{
  "predicted_latency": 1077.860595703125,
  "inference_time": 0.006446361541748047
}