{
  "predicted_latency": 0.02913774736225605,
  "actual_latency": 1.245608,
  "q_error": 42.74894714355469,
  "inference_time": 0.2076873779296875,
  "timestamp": 1745772241.8794475
}