{
  "query": "/*+  */ select count(*)\nfrom title AS t\ninner join cast_info AS ci\non t.id = ci.movie_id AND ci.person_id < 2802994;",
  "predicted_latency": 1084.3006372451782,
  "actual_latency": 8961.846,
  "q_error": 8.265093362638668,
  "inference_time": 0.028959989547729492
}