{
  "predicted_latency": 779.5971632003784,
  "actual_latency": 3091.275,
  "q_error": 3.9652209447630526,
  "inference_time": 0.10954999923706055
}