{
  "predicted_latency": 844.9658813476562,
  "inference_time": 0.005311250686645508
}