{
  "predicted_latency": 0.02913774736225605,
  "actual_latency": 3.192435,
  "q_error": 109.56355285644531,
  "inference_time": 1.6181917190551758,
  "timestamp": 1745761125.189556
}