{
  "predicted_latency": 335.0893859863281,
  "inference_time": 0.006473064422607422
}