{
  "predicted_latency": 0.0291377454996109,
  "actual_latency": 0.168396,
  "q_error": 5.779307842254639,
  "inference_time": 0.6870481967926025,
  "timestamp": 1745759818.9344833
}