{
  "predicted_latency": 885.1319551467896,
  "actual_latency": 749.163,
  "q_error": 1.181494488044377,
  "inference_time": 0.10730957984924316
}