{
  "predicted_latency": 885.8360595703125,
  "inference_time": 0.0069925785064697266
}