{
  "query": "/*+  */ select count(*)\nfrom movie_companies AS mc\ninner join title AS t\non t.id = mc.movie_id AND mc.company_id > 163904;",
  "predicted_latency": 656.6216945648193,
  "actual_latency": 325.403,
  "q_error": 2.017872283183681,
  "inference_time": 0.01756882667541504
}