{
  "predicted_latency": 687.1534585952759,
  "actual_latency": 1707.562,
  "q_error": 2.4849791245913395,
  "inference_time": 0.1108400821685791
}