{
  "predicted_latency": 0.02913774363696575,
  "actual_latency": 3.921072,
  "q_error": 134.57020568847656,
  "inference_time": 1.770425796508789,
  "timestamp": 1745758819.830036
}