{
  "query": "/*+  */ select count(*)\nfrom movie_keyword AS mk\ninner join title AS t\non t.id = mk.movie_id AND mk.keyword_id > 315;",
  "predicted_latency": 1216.622233390808,
  "actual_latency": 1127.016,
  "q_error": 1.079507507782328,
  "inference_time": 0.015168905258178711
}