{
  "query": "/*+  */ select count(*)\nfrom movie_keyword AS mk\ninner join title AS t\non t.id = mk.movie_id AND mk.keyword_id < 75052;",
  "predicted_latency": 1261.0805034637451,
  "actual_latency": 1159.92,
  "q_error": 1.087213345285662,
  "inference_time": 0.026579856872558594
}