{
  "predicted_latency": 0.02913774363696575,
  "actual_latency": 4.0545219999999995,
  "q_error": 139.15017700195312,
  "inference_time": 14.833840370178223,
  "timestamp": 1745478604.2146902
}