{
  "query": "/*+  */ select count(*)\nfrom title AS t\ninner join cast_info AS ci\non t.id = ci.movie_id AND t.kind_id = 1 AND t.production_year > 2008 AND ci.person_id < 1804260;",
  "predicted_latency": 1595.5644845962524,
  "actual_latency": 3072.981,
  "q_error": 1.9259522442789887,
  "inference_time": 0.012548446655273438
}