{
  "predicted_latency": 0.02913774736225605,
  "actual_latency": 0.065056,
  "q_error": 2.2327053546905518,
  "inference_time": 5.441187381744385,
  "timestamp": 1745481476.8819726
}