{
  "embedding": [
    0.07245748287177882,
    1.8242313894843125,
    2.6578719964665978,
    0.07245748287177882,
    0.3390408905177504,
    2.9971797475005166,
    1.8133527998350383,
    2.56502851557601,
    0.9660061150328946,
    1.7289264957562966,
    4.626236816482073,
    3.3279411772782654,
    1.6088311291639827,
    1.5757498633040543,
    0.10017206663808835,
    2.8715563286035666,
    1.2587236869450051,
    2.4008755726848103,
    0.7880547392835896,
    0.8519110335346433,
    1.3600630625146095,
    2.020651856387326,
    1.7959804853895813,
    0.07245748287177882,
    2.001573852478023,
    1.8976798962583075,
    2.8411251555482986,
    3.9307487511338883,
    1.969971076756561,
    2.324704227800877,
    2.0270991408090286,
    2.3043538038831675,
    0.7573847292819328,
    1.6851285438231685,
    3.6088155238987176,
    1.1068717775909556,
    1.7039329884061296,
    0.2862366663988806,
    2.031637937119349,
    4.33747001164703,
    1.2998715623753696,
    4.404644541596974,
    1.619380097898214,
    0.7823184550576495,
    2.028524570550616,
    2.142589343269376,
    2.93785212811395,
    2.846410049559035,
    5.709292743316194,
    1.617505085155852,
    0.8445126918718001,
    3.9605429930862264,
    2.504040501752686,
    0.5150609092022098,
    0.5766253823350996,
    1.6231693721599032,
    2.8817469926388837,
    3.6484673757167054,
    1.2248624408860886,
    0.3486921083121324,
    0.39868762074453795,
    1.4819483875556088,
    0.3454997613791807,
    4.654723212712705
  ],
  "timestamp": 1754307359.7291589
}