{
  "embedding": [
    0.1655273917861012,
    2.1290363851371175,
    2.930912674075785,
    0.2609190776507396,
    1.1581749212537304,
    2.9091992181300212,
    2.799299199834458,
    1.5571505638002145,
    1.133799670973861,
    1.8164060276148524,
    4.49458689767899,
    3.297154373915525,
    2.266260815571017,
    1.4380623991672277,
    0.26260351512792784,
    3.456580458884281,
    1.123944961596512,
    2.983440255516734,
    0.6474853788548705,
    1.1536162555079772,
    2.6421282119350242,
    2.3503045907703184,
    1.6283770349722042,
    0.15246481850131435,
    0.5041207598252277,
    1.9798368980584482,
    3.226814084463136,
    5.083147224463898,
    3.1684578478603416,
    2.495409286642774,
    1.786362626447567,
    0.7519548890705294,
    0.582878959255148,
    3.4123257851374276,
    4.547711547542983,
    1.7006519602419476,
    0.8416528326880556,
    0.3032603172250977,
    1.8420307009897803,
    3.61899915466274,
    1.5466240480484175,
    3.4219436577343343,
    2.2186387932770684,
    0.2458577862920742,
    1.0591977960434396,
    2.4956016862017143,
    2.200043643775366,
    2.969119718356709,
    4.703347319899592,
    2.4661734369174924,
    0.9619983287884633,
    3.5713259494509164,
    2.759483797230735,
    0.3762584675112207,
    1.2072249996814026,
    2.459636325203153,
    3.6069629086394936,
    3.44075658814067,
    1.963882284395895,
    0.30562731185950337,
    0.2730788334051607,
    1.0981511512820836,
    2.2082141327812663,
    3.677417362524697
  ],
  "timestamp": 1754307343.4067504
}