{
  "predicted_latency": 443.8580572605133,
  "actual_latency": 228.428,
  "q_error": 1.9430982946946667,
  "inference_time": 0.050855398178100586
}