{
  "predicted_latency": 0.02913774736225605,
  "actual_latency": 3.6381930000000002,
  "q_error": 124.86184692382812,
  "inference_time": 1.3397982120513916,
  "timestamp": 1745479811.3850968
}