{
  "predicted_latency": 207.7864706516266,
  "actual_latency": 2518.424,
  "q_error": 12.120250139973612,
  "inference_time": 0.15346860885620117
}