{
  "predicted_latency": 317.83780455589294,
  "actual_latency": 177.967,
  "q_error": 1.7859367442047847,
  "inference_time": 0.1593787670135498
}