{
  "query": "/*+  */ select count(*)\nfrom movie_info AS mi\ninner join title AS t\non t.id = mi.movie_id AND t.production_year = 2009;",
  "predicted_latency": 1176.8256425857544,
  "actual_latency": 1718.993,
  "q_error": 1.4607032153233679,
  "inference_time": 0.02981734275817871
}