{
  "predicted_latency": 0.0291377454996109,
  "actual_latency": 12.740173,
  "q_error": 437.239501953125,
  "inference_time": 0.3421335220336914,
  "timestamp": 1745769889.553289
}