{
  "predicted_latency": 523.9207148551941,
  "actual_latency": 1893.619,
  "q_error": 3.614323591926262,
  "inference_time": 0.12277650833129883
}