{
  "predicted_latency": 0.0291377454996109,
  "actual_latency": 3.033637,
  "q_error": 104.1136474609375,
  "inference_time": 0.37672853469848633,
  "timestamp": 1745759607.1854053
}