{
  "predicted_latency": 591.1253662109375,
  "inference_time": 0.024765729904174805
}