{
  "predicted_latency": 0.02913774363696575,
  "actual_latency": 0.258519,
  "q_error": 8.872306823730469,
  "inference_time": 1.772531509399414,
  "timestamp": 1745481212.8345811
}