{
  "predicted_latency": 0.0291377454996109,
  "actual_latency": 3.020092,
  "q_error": 103.64878845214844,
  "inference_time": 0.0729668140411377,
  "timestamp": 1745760044.8715284
}