{
  "query": "/*+  */ select count(*)\nfrom movie_companies AS mc\ninner join title AS t\non t.id = mc.movie_id AND mc.company_id > 70245;",
  "predicted_latency": 1033.8068008422852,
  "actual_latency": 565.969,
  "q_error": 1.8266138266270504,
  "inference_time": 0.02641129493713379
}