{
  "predicted_latency": 181.78319931030273,
  "actual_latency": 697.214,
  "q_error": 3.835414948385083,
  "inference_time": 0.1270279884338379
}