{
  "predicted_latency": 1990.62744140625,
  "inference_time": 0.02935624122619629
}