{
  "predicted_latency": 0.02913774363696575,
  "actual_latency": 2.446765,
  "q_error": 83.97235107421875,
  "inference_time": 2.6103787422180176,
  "timestamp": 1745762008.985984
}