{
  "predicted_latency": 0.02913774363696575,
  "actual_latency": 6.177881999999999,
  "q_error": 212.0233612060547,
  "inference_time": 2.061041831970215,
  "timestamp": 1745771148.369458
}