{
  "query": "/*+  */ select count(*)\nfrom movie_companies AS mc\ninner join title AS t\non t.id = mc.movie_id AND mc.company_id < 562;",
  "predicted_latency": 1026.2013673782349,
  "actual_latency": 608.418,
  "q_error": 1.6866716096141712,
  "inference_time": 0.018958330154418945
}