{
  "query": "/*+  */ select count(*)\nfrom title AS t\ninner join movie_info AS mi\non t.id = mi.movie_id AND t.production_year < 2002;",
  "predicted_latency": 1042.901635169983,
  "actual_latency": 2802.217,
  "q_error": 2.6869427619060793,
  "inference_time": 0.026648759841918945
}