{
  "predicted_latency": 541.8441891670227,
  "actual_latency": 5647.155,
  "q_error": 10.422101247743145,
  "inference_time": 0.09662961959838867
}