{
  "predicted_latency": 0.02913774736225605,
  "actual_latency": 2.761058,
  "q_error": 94.75880432128906,
  "inference_time": 1.1586403846740723,
  "timestamp": 1745753908.2696657
}