{
  "pg_runtime": 1997.908,
  "opt_runtime": 1710.265,
  "pg_slowdown": 1.1681862167558827,
  "pg_opt_diff": 287.6429999999998,
  "original_num_of_plans": 107,
  "pg_plan_card_error": 300.18652226233456,
  "opt_plan_card_error": 1.0,
  "num_tables": 8,
  "opt_hint": "/*+ Rows(ci n #36244344) Rows(an n #901343) Rows(k mk #41840) Rows(mc t #472722) Rows(cn mc #1153798) Rows(ci t #11826137) Rows(an ci #36417493) Rows(ci mc #80274241) Rows(mk t #376293) Rows(mc mk #34863638) Rows(ci mk #215765477) Rows(cn mc t #288518) Rows(k mc mk #148552) Rows(an ci mc #87239860) Rows(ci n t #11826137) Rows(ci mk t #13104838) Rows(an ci mk #253950969) Rows(ci mc mk #3101350543) Rows(an ci n #36417493) Rows(ci k mk #1038393) Rows(k mk t #5385) Rows(an ci t #11756903) Rows(ci mc n #80274241) Rows(cn mc mk #12177631) Rows(ci mc t #14754462) Rows(mc mk t #980620) Rows(ci cn mc #32289229) Rows(ci mk n #215765477) Rows(ci cn mc mk #916402420) Rows(an ci mc mk #3185061897) Rows(ci cn mc n #32289229) Rows(an ci mc n #87239860) Rows(ci mc mk t #49677837) Rows(ci mk n t #13104838) Rows(ci k mc mk #7796926) Rows(cn k mc mk #68316) Rows(an ci n t #11756903) Rows(ci cn mc t #8474633) Rows(an ci mc t #17646988) Rows(ci mc n t #14754462) Rows(an ci cn mc #41307596) Rows(ci k mk n #1038393) Rows(an ci mk n #253950969) Rows(an ci k mk #1294886) Rows(k mc mk t #8661) Rows(ci mc mk n #3101350543) Rows(cn mc mk t #563795) Rows(ci k mk t #99159) Rows(an ci mk t #15889184) Rows(ci k mc mk n #7796926) Rows(an ci k mc mk #8847894) Rows(ci cn mc mk n #916402420) Rows(an ci cn mc t #11093920) Rows(an ci mc mk n #3185061897) Rows(ci k mc mk t #239584) Rows(ci k mk n t #99159) Rows(cn k mc mk t #6766) Rows(an ci k mk n #1294886) Rows(ci cn mc mk t #27685038) Rows(an ci mc mk t #56545964) Rows(ci mc mk n t #49677837) Rows(an ci mk n t #15889184) Rows(ci cn mc n t #8474633) Rows(an ci k mk t #137156) Rows(an ci cn mc mk #1074293838) Rows(ci cn k mc mk #2832555) Rows(an ci cn mc n #41307596) Rows(an ci mc n t #17646988) Rows(ci cn k mc mk t #169273) Rows(an ci k mc mk n #8847894) Rows(ci cn mc mk n t #27685038) Rows(an ci mc mk n t #56545964) Rows(an ci cn k mc mk #3710592) Rows(an ci k mc mk t #317940) Rows(an ci k mk n t #137156) Rows(an ci cn mc mk n #1074293838) Rows(an ci cn mc n t #11093920) Rows(an ci cn mc mk t #34049845) Rows(ci k mc mk n t #239584) Rows(ci cn k mc mk n #2832555) Rows(an ci k mc mk n t #317940) Rows(ci cn k mc mk n t #169273) Rows(an ci cn k mc mk n #3710592) Rows(an ci cn k mc mk t #249455) Rows(an ci cn mc mk n t #34049845) Rows(an ci cn k mc mk n t #249455) */"
}