{
  "query": "/*+  */ select count(*)\nfrom title AS t\ninner join cast_info AS ci\non t.id = ci.movie_id AND t.kind_id = 7 AND t.production_year > 1998 AND ci.person_id > 1158106;",
  "predicted_latency": 1416.4676666259766,
  "actual_latency": 5647.348,
  "q_error": 3.986923339698938,
  "inference_time": 0.028680086135864258
}