{
    "embedding": [
        0.5007011294364929,
        0.5007011294364929,
        0.5019683241844177,
        0.5858786106109619,
        0.5326137542724609,
        1.1743968725204468,
        1.091320514678955,
        0.5007011294364929,
        0.5983713865280151,
        0.5007011294364929,
        0.5007011294364929,
        0.5007011294364929,
        0.5174781680107117,
        4.5585551261901855,
        1.8918180465698242,
        1.074427843093872,
        0.5007011294364929,
        1.698124647140503,
        0.5007011294364929,
        1.013351559638977,
        0.5007011294364929,
        0.6812004446983337,
        0.6167463660240173,
        0.5007011294364929,
        2.101797342300415,
        1.9408695697784424,
        0.5007011294364929,
        0.5007011294364929,
        0.5007011294364929,
        0.5007011294364929,
        3.1794698238372803,
        0.8173712491989136,
        0.5007011294364929,
        0.5007011294364929,
        1.2965246438980103,
        3.9056811332702637,
        0.5007011294364929,
        1.240585446357727,
        1.559119462966919,
        0.5007011294364929,
        0.5007011294364929,
        0.5007011294364929,
        0.7284826636314392,
        0.5007011294364929,
        1.2277605533599854,
        0.5007011294364929,
        0.5007011294364929,
        0.7818571329116821,
        0.5007011294364929,
        4.21602201461792,
        1.3420584201812744,
        0.6886322498321533,
        0.5007011294364929,
        0.5007011294364929,
        8.723371505737305,
        0.5007011294364929,
        0.5007011294364929,
        0.5007011294364929,
        0.5007011294364929,
        0.5640459060668945,
        0.5007011294364929,
        0.5007011294364929,
        0.5007011294364929,
        4.95844030380249
    ],
    "timestamp": 1754258633.1331668
}