{
    "embedding": [
        0.5007011294364929,
        0.5007011294364929,
        0.5019683241844177,
        0.5858785510063171,
        0.5326136946678162,
        1.1743968725204468,
        1.091320514678955,
        0.5007011294364929,
        0.5983712673187256,
        0.5007011294364929,
        0.5007011294364929,
        0.5007011294364929,
        0.5174781084060669,
        4.558555603027344,
        1.8918180465698242,
        1.0744280815124512,
        0.5007011294364929,
        1.698124647140503,
        0.5007011294364929,
        1.0133516788482666,
        0.5007011294364929,
        0.6812002062797546,
        0.6167463660240173,
        0.5007011294364929,
        2.101796865463257,
        1.9408694505691528,
        0.5007011294364929,
        0.5007011294364929,
        0.5007011294364929,
        0.5007011294364929,
        3.1794698238372803,
        0.817371129989624,
        0.5007011294364929,
        0.5007011294364929,
        1.2965245246887207,
        3.905681848526001,
        0.5007011294364929,
        1.2405853271484375,
        1.5591195821762085,
        0.5007011294364929,
        0.5007011294364929,
        0.5007011294364929,
        0.7284826040267944,
        0.5007011294364929,
        1.227760910987854,
        0.5007011294364929,
        0.5007011294364929,
        0.7818570137023926,
        0.5007011294364929,
        4.21602201461792,
        1.3420583009719849,
        0.6886321902275085,
        0.5007011294364929,
        0.5007011294364929,
        8.723372459411621,
        0.5007011294364929,
        0.5007011294364929,
        0.5007011294364929,
        0.5007011294364929,
        0.5640458464622498,
        0.5007011294364929,
        0.5007011294364929,
        0.5007011294364929,
        4.958441257476807
    ],
    "timestamp": 1754258632.7700791
}