{
  "predicted_latency": 644.7002563476562,
  "inference_time": 0.1081380844116211
}