{
  "predicted_latency": 0.02913774736225605,
  "actual_latency": 0.81414,
  "q_error": 27.941076278686523,
  "inference_time": 0.14324164390563965,
  "timestamp": 1745481370.6106167
}