{
  "predicted_latency": 888.5766267776489,
  "actual_latency": 2110.174,
  "q_error": 2.3747799980429094,
  "inference_time": 0.04594159126281738
}