{
  "query": "/*+  */ select count(*)\nfrom title AS t\ninner join movie_info AS mi\non t.id = mi.movie_id AND t.production_year > 1986;",
  "predicted_latency": 1062.422275543213,
  "actual_latency": 3491.173,
  "q_error": 3.2860502649146497,
  "inference_time": 0.03177380561828613
}