{
  "predicted_latency": 479.8433482646942,
  "actual_latency": 154.646,
  "q_error": 3.1028500463296447,
  "inference_time": 0.09710359573364258
}