{
  "predicted_latency": 1605.226318359375,
  "inference_time": 0.029493331909179688
}