{
  "query": "/*+  */ select count(*)\nfrom movie_keyword AS mk\ninner join title AS t\non t.id = mk.movie_id AND mk.keyword_id < 44228;",
  "predicted_latency": 1207.7916860580444,
  "actual_latency": 1158.905,
  "q_error": 1.0421835146608605,
  "inference_time": 0.03014063835144043
}