{
  "query": "/*+  */ select count(*)\nfrom title AS t\ninner join cast_info AS ci\non t.id = ci.movie_id AND t.kind_id > 6 AND ci.person_id < 3433151 AND ci.role_id = 1;",
  "predicted_latency": 1441.5656328201294,
  "actual_latency": 3606.843,
  "q_error": 2.5020317617755263,
  "inference_time": 0.024994373321533203
}