{
  "query": "/*+  */ select count(*)\nfrom movie_companies AS mc\ninner join title AS t\non t.id = mc.movie_id AND mc.company_id < 91545;",
  "predicted_latency": 1297.6396083831787,
  "actual_latency": 1161.331,
  "q_error": 1.1173727459123874,
  "inference_time": 0.015710830688476562
}