{
  "predicted_latency": 0.0291377454996109,
  "actual_latency": 3.710748,
  "q_error": 127.35192108154297,
  "inference_time": 0.7742414474487305,
  "timestamp": 1745480375.926457
}