{
  "query": "/*+  */ select count(*)\nfrom movie_companies AS mc\ninner join title AS t\non t.id = mc.movie_id AND mc.company_id > 147839;",
  "predicted_latency": 696.5186595916748,
  "actual_latency": 413.516,
  "q_error": 1.684381401425035,
  "inference_time": 0.018888473510742188
}