{
  "predicted_latency": 534.4702758789062,
  "inference_time": 0.007721900939941406
}