{
  "query": "/*+  */ select count(*)\nfrom title AS t\ninner join cast_info AS ci\non t.id = ci.movie_id AND ci.person_id > 934263;",
  "predicted_latency": 1062.0322227478027,
  "actual_latency": 7970.116,
  "q_error": 7.504589624765686,
  "inference_time": 0.02612900733947754
}