{
  "query": "/*+  */ select count(*)\nfrom movie_info AS mi\ninner join title AS t\non t.id = mi.movie_id AND t.production_year < 1962;",
  "predicted_latency": 1220.197081565857,
  "actual_latency": 2151.366,
  "q_error": 1.7631299340916229,
  "inference_time": 0.017589092254638672
}