{
  "predicted_latency": 0.0291377454996109,
  "actual_latency": 2.794284,
  "q_error": 95.89911651611328,
  "inference_time": 1.168525218963623,
  "timestamp": 1745481273.014282
}