{
  "predicted_latency": 549.474835395813,
  "actual_latency": 9790.606,
  "q_error": 17.818115351811077,
  "inference_time": 0.0821523666381836
}