{
  "query": "/*+ NoNestLoop(t ci) */ select count(*)\nfrom title AS t\ninner join cast_info AS ci\non t.id = ci.movie_id AND ci.person_id < 1357521;",
  "predicted_latency": 641.1513686180115,
  "actual_latency": 4976.178,
  "q_error": 7.7613154140590055,
  "inference_time": 0.026085615158081055
}