{
  "query": "/*+  */ select count(*)\nfrom title AS t\ninner join cast_info AS ci\non t.id = ci.movie_id AND t.kind_id = 7 AND ci.person_id < 1917003 AND ci.role_id > 1;",
  "predicted_latency": 1287.3575687408447,
  "actual_latency": 3153.705,
  "q_error": 2.4497506183030535,
  "inference_time": 0.026621103286743164
}