{
  "query": "/*+  */ select count(*)\nfrom title AS t\ninner join cast_info AS ci\non t.id = ci.movie_id AND t.production_year > 2004 AND ci.person_id < 2334092 AND ci.role_id = 2;",
  "predicted_latency": 1376.471996307373,
  "actual_latency": 1830.478,
  "q_error": 1.3298330840805899,
  "inference_time": 0.013128995895385742
}