{
  "predicted_latency": 513.1880640983582,
  "actual_latency": 1226.254,
  "q_error": 2.38948269803285,
  "inference_time": 0.10845112800598145
}