{
  "query": "/*+  */ select count(*)\nfrom title AS t\ninner join movie_companies AS mc\non t.id = mc.movie_id AND t.production_year < 1985;",
  "predicted_latency": 1239.0849590301514,
  "actual_latency": 689.589,
  "q_error": 1.7968455979288407,
  "inference_time": 0.027076005935668945
}