{
  "predicted_latency": 391.77006483078003,
  "actual_latency": 103.35,
  "q_error": 3.7907118029103053,
  "inference_time": 0.0891721248626709
}