{
  "predicted_latency": 0.0291377454996109,
  "actual_latency": 100.0619,
  "q_error": 3434.098876953125,
  "inference_time": 0.3786330223083496,
  "timestamp": 1745754616.6553183
}