{
    "embedding": [
        0.537464439868927,
        0.537464439868927,
        0.537464439868927,
        0.655052125453949,
        0.537464439868927,
        1.1911267042160034,
        1.219231367111206,
        0.537464439868927,
        0.9398910999298096,
        0.537464439868927,
        0.537464439868927,
        0.537464439868927,
        0.537464439868927,
        1.8922913074493408,
        3.8772683143615723,
        1.06318998336792,
        0.537464439868927,
        2.1166961193084717,
        0.537464439868927,
        1.5725668668746948,
        0.537464439868927,
        0.537464439868927,
        0.974953293800354,
        0.537464439868927,
        2.005197763442993,
        2.4097609519958496,
        0.537464439868927,
        0.537464439868927,
        0.537464439868927,
        0.537464439868927,
        4.061704635620117,
        0.9831312298774719,
        0.537464439868927,
        0.537464439868927,
        1.838545799255371,
        2.199119806289673,
        0.537464439868927,
        1.1430352926254272,
        3.0406360626220703,
        0.537464439868927,
        0.537464439868927,
        0.537464439868927,
        0.6840199828147888,
        0.537464439868927,
        1.5210469961166382,
        0.537464439868927,
        0.537464439868927,
        0.9192304611206055,
        0.537464439868927,
        4.585151672363281,
        1.6687721014022827,
        0.6476238369941711,
        0.537464439868927,
        0.537464439868927,
        2.778428792953491,
        0.537464439868927,
        0.537464439868927,
        0.537464439868927,
        0.537464439868927,
        0.537464439868927,
        0.537464439868927,
        0.8203556537628174,
        0.537464439868927,
        2.9220404624938965
    ],
    "timestamp": 1754257640.6200922
}