{
    "embedding": [
        0.5374644994735718,
        0.5374644994735718,
        0.5374644994735718,
        0.655052125453949,
        0.5374644994735718,
        1.1911267042160034,
        1.219231128692627,
        0.5374644994735718,
        0.93989098072052,
        0.5374644994735718,
        0.5374644994735718,
        0.5374644994735718,
        0.5374644994735718,
        1.892291784286499,
        3.8772685527801514,
        1.063190221786499,
        0.5374644994735718,
        2.1166961193084717,
        0.5374644994735718,
        1.5725672245025635,
        0.5374644994735718,
        0.5374644994735718,
        0.9749528169631958,
        0.5374644994735718,
        2.005197525024414,
        2.4097609519958496,
        0.5374644994735718,
        0.5374644994735718,
        0.5374644994735718,
        0.5374644994735718,
        4.061705112457275,
        0.9831312298774719,
        0.5374644994735718,
        0.5374644994735718,
        1.838545560836792,
        2.199119806289673,
        0.5374644994735718,
        1.1430352926254272,
        3.040635824203491,
        0.5374644994735718,
        0.5374644994735718,
        0.5374644994735718,
        0.6840200424194336,
        0.5374644994735718,
        1.5210472345352173,
        0.5374644994735718,
        0.5374644994735718,
        0.9192306399345398,
        0.5374644994735718,
        4.585151195526123,
        1.668772578239441,
        0.6476238369941711,
        0.5374644994735718,
        0.5374644994735718,
        2.7784295082092285,
        0.5374644994735718,
        0.5374644994735718,
        0.5374644994735718,
        0.5374644994735718,
        0.5374644994735718,
        0.5374644994735718,
        0.8203555941581726,
        0.5374644994735718,
        2.9220409393310547
    ],
    "timestamp": 1754257641.5326707
}