{
  "query": "/*+  */ select count(*)\nfrom movie_companies AS mc\ninner join title AS t\non t.id = mc.movie_id AND mc.company_id < 131340;",
  "predicted_latency": 1205.285906791687,
  "actual_latency": 1058.012,
  "q_error": 1.13919871115988,
  "inference_time": 0.019647836685180664
}