{
    "embedding": [
        0.5437532067298889,
        0.5437532067298889,
        0.5437532067298889,
        0.720660924911499,
        0.5437532067298889,
        1.3757603168487549,
        0.5437532067298889,
        0.5437532067298889,
        1.3383620977401733,
        0.5437532067298889,
        0.5437532067298889,
        0.5437532067298889,
        0.5437532067298889,
        1.8564311265945435,
        3.5207135677337646,
        2.5101828575134277,
        0.5437532067298889,
        1.3633590936660767,
        0.5437532067298889,
        2.481285333633423,
        0.5437532067298889,
        2.3986763954162598,
        2.9074525833129883,
        0.5437532067298889,
        1.1711444854736328,
        2.8731706142425537,
        0.5437532067298889,
        0.5437532067298889,
        0.5437532067298889,
        0.5437532067298889,
        2.947256326675415,
        1.8608827590942383,
        0.5437532067298889,
        0.5437532067298889,
        2.200259208679199,
        2.8177313804626465,
        0.5437532067298889,
        2.555722713470459,
        2.7154057025909424,
        0.5437532067298889,
        0.5437532067298889,
        0.5437532067298889,
        0.8873732089996338,
        0.5437532067298889,
        1.4963438510894775,
        0.5437532067298889,
        0.5437532067298889,
        0.9081085920333862,
        0.5437532067298889,
        2.9170265197753906,
        1.642086386680603,
        1.9491103887557983,
        0.5437532067298889,
        0.5437532067298889,
        2.592237949371338,
        0.5437532067298889,
        0.5437532067298889,
        0.5437532067298889,
        0.5437532067298889,
        0.6622824668884277,
        0.5437532067298889,
        1.1192983388900757,
        0.5437532067298889,
        4.359382629394531
    ],
    "timestamp": 1754258144.5509775
}