{
    "embedding": [
        0.5437532067298889,
        0.5437532067298889,
        0.5437532067298889,
        0.7206608653068542,
        0.5437532067298889,
        1.3757601976394653,
        0.5437532067298889,
        0.5437532067298889,
        1.3383618593215942,
        0.5437532067298889,
        0.5437532067298889,
        0.5437532067298889,
        0.5437532067298889,
        1.8564308881759644,
        3.520712375640869,
        2.510183334350586,
        0.5437532067298889,
        1.3633592128753662,
        0.5437532067298889,
        2.481285333633423,
        0.5437532067298889,
        2.3986763954162598,
        2.9074535369873047,
        0.5437532067298889,
        1.171144723892212,
        2.8731706142425537,
        0.5437532067298889,
        0.5437532067298889,
        0.5437532067298889,
        0.5437532067298889,
        2.947256565093994,
        1.8608825206756592,
        0.5437532067298889,
        0.5437532067298889,
        2.200258731842041,
        2.8177316188812256,
        0.5437532067298889,
        2.55572247505188,
        2.7154059410095215,
        0.5437532067298889,
        0.5437532067298889,
        0.5437532067298889,
        0.8873732089996338,
        0.5437532067298889,
        1.496343731880188,
        0.5437532067298889,
        0.5437532067298889,
        0.9081087708473206,
        0.5437532067298889,
        2.917027473449707,
        1.6420866250991821,
        1.9491103887557983,
        0.5437532067298889,
        0.5437532067298889,
        2.592237949371338,
        0.5437532067298889,
        0.5437532067298889,
        0.5437532067298889,
        0.5437532067298889,
        0.6622825264930725,
        0.5437532067298889,
        1.1192984580993652,
        0.5437532067298889,
        4.3593831062316895
    ],
    "timestamp": 1754258135.9617314
}