{
  "query": "/*+  */ select count(*)\nfrom cast_info AS ci\ninner join title AS t\non t.id = ci.movie_id AND ci.person_id > 1867438 AND t.production_year = 2012;",
  "predicted_latency": 1349.1712808609009,
  "actual_latency": 2778.716,
  "q_error": 2.0595724497092114,
  "inference_time": 0.01978611946105957
}