{
  "predicted_latency": 384.03886556625366,
  "actual_latency": 2691.927,
  "q_error": 7.009517112365269,
  "inference_time": 0.11445999145507812
}