{
  "query": "/*+  */ select count(*)\nfrom movie_keyword AS mk\ninner join title AS t\non t.id = mk.movie_id AND mk.keyword_id < 49890;",
  "predicted_latency": 1216.4119482040405,
  "actual_latency": 1343.926,
  "q_error": 1.1048280165154791,
  "inference_time": 0.02042531967163086
}