{
  "predicted_latency": 1273.4568119049072,
  "actual_latency": 48.098,
  "q_error": 26.476294480121986,
  "inference_time": 0.0962989330291748
}