{
  "predicted_latency": 4059.626220703125,
  "inference_time": 0.020905733108520508
}