{
  "query": "/*+  */ select count(*)\nfrom title AS t\ninner join movie_keyword AS mk\non t.id = mk.movie_id AND mk.keyword_id > 141;",
  "predicted_latency": 1246.061086654663,
  "actual_latency": 1944.475,
  "q_error": 1.5604973310099821,
  "inference_time": 0.026604175567626953
}