{
  "query": "/*+  */ select count(*)\nfrom title AS t\ninner join cast_info AS ci\non t.id = ci.movie_id AND t.production_year > 2006 AND ci.person_id < 1134015;",
  "predicted_latency": 1295.3745126724243,
  "actual_latency": 3599.835,
  "q_error": 2.77899168524889,
  "inference_time": 0.38972973823547363
}