{
  "pg_runtime": 9724.535,
  "opt_runtime": 9755.429,
  "pg_slowdown": 0.9968331479835484,
  "pg_opt_diff": -30.894000000000233,
  "original_num_of_plans": 2,
  "pg_plan_card_error": 1.7025435992408566,
  "opt_plan_card_error": 1.0,
  "num_tables": 3,
  "opt_hint": "/*+ Rows(movie_companies title #2609129) Rows(cast_info title #7451973) Rows(cast_info movie_companies title #13355828) */"
}