{
  "query": "/*+  */ select count(*)\nfrom title AS t\ninner join cast_info AS ci\non t.id = ci.movie_id AND ci.person_id > 1005832 AND ci.role_id > 1;",
  "predicted_latency": 1034.1585874557495,
  "actual_latency": 7537.398,
  "q_error": 7.288435343890153,
  "inference_time": 0.019701719284057617
}