{
  "query": "/*+  */ select count(*)\nfrom movie_keyword AS mk\ninner join title AS t\non t.id = mk.movie_id AND mk.keyword_id > 393;",
  "predicted_latency": 1200.4249095916748,
  "actual_latency": 1119.94,
  "q_error": 1.071865376352014,
  "inference_time": 0.026514291763305664
}