{
  "query": "/*+ NoNestLoop(ci t) */ select count(*)\nfrom cast_info AS ci\ninner join title AS t\non t.id = ci.movie_id AND ci.person_id < 3930316;",
  "predicted_latency": 1182.2054386138916,
  "actual_latency": 10507.717,
  "q_error": 8.888232668190103,
  "inference_time": 0.018478870391845703
}