{
  "predicted_latency": 0.02913774363696575,
  "actual_latency": 1.600552,
  "q_error": 54.930538177490234,
  "inference_time": 0.7048258781433105,
  "timestamp": 1745481291.4470317
}