{
  "predicted_latency": 424.90652203559875,
  "actual_latency": 445.603,
  "q_error": 1.0487083085127775,
  "inference_time": 0.14559435844421387
}