{
  "query": "/*+ NoNestLoop(ci t) */ select count(*)\nfrom cast_info AS ci\ninner join title AS t\non t.id = ci.movie_id AND ci.person_id < 3010555;",
  "predicted_latency": 1155.5500030517578,
  "actual_latency": 9852.124,
  "q_error": 8.525917505933075,
  "inference_time": 0.21155261993408203
}