{
  "query": "/*+  */ select count(*)\nfrom title AS t\ninner join cast_info AS ci\non t.id = ci.movie_id AND ci.person_id < 2813365;",
  "predicted_latency": 1090.771198272705,
  "actual_latency": 9194.088,
  "q_error": 8.42897943634681,
  "inference_time": 0.011483430862426758
}