{
  "query": "/*+  */ select count(*)\nfrom movie_keyword AS mk\ninner join title AS t\non t.id = mk.movie_id AND mk.keyword_id < 54147;",
  "predicted_latency": 1222.2858667373657,
  "actual_latency": 1132.348,
  "q_error": 1.0794259951334446,
  "inference_time": 0.19855761528015137
}