{
  "query": "/*+  */ select count(*)\nfrom title AS t\ninner join cast_info AS ci\non t.id = ci.movie_id AND ci.person_id < 1356253 AND ci.role_id > 1;",
  "predicted_latency": 932.6708316802979,
  "actual_latency": 2970.571,
  "q_error": 3.185015440708299,
  "inference_time": 0.018703222274780273
}