{
  "predicted_latency": 425.29186606407166,
  "actual_latency": 134.682,
  "q_error": 3.157748370710798,
  "inference_time": 0.04919719696044922
}