{
  "query": "/*+  */ select count(*)\nfrom title AS t\ninner join cast_info AS ci\non t.id = ci.movie_id AND t.production_year < 2003 AND ci.person_id < 2409113 AND ci.role_id < 4;",
  "predicted_latency": 1483.7710857391357,
  "actual_latency": 5472.618,
  "q_error": 3.6883169193675407,
  "inference_time": 0.02662038803100586
}