{
  "predicted_latency": 571.0041522979736,
  "actual_latency": 91.989,
  "q_error": 6.207309051060166,
  "inference_time": 0.0455167293548584
}