{
  "predicted_latency": 260.4459226131439,
  "actual_latency": 1077.132,
  "q_error": 4.135722261238581,
  "inference_time": 0.09224414825439453
}