{
  "predicted_latency": 0.0291377454996109,
  "actual_latency": 2.012969,
  "q_error": 69.08458709716797,
  "inference_time": 0.06715703010559082,
  "timestamp": 1745756748.0566535
}