{
  "predicted_latency": 670.1453924179077,
  "actual_latency": 3388.469,
  "q_error": 5.056319178401401,
  "inference_time": 0.052651405334472656
}