{
  "query": "/*+  */ select count(*)\nfrom title AS t\ninner join cast_info AS ci\non t.id = ci.movie_id AND t.kind_id = 7 AND ci.person_id < 1015956 AND ci.role_id > 1;",
  "predicted_latency": 1272.9133367538452,
  "actual_latency": 1976.374,
  "q_error": 1.5526383006089828,
  "inference_time": 0.024965524673461914
}