{
  "predicted_latency": 39.9811677634716,
  "actual_latency": 357.487,
  "q_error": 8.941384656768692,
  "inference_time": 0.03603672981262207
}