{
  "query": "/*+  */ select count(*)\nfrom title AS t\ninner join cast_info AS ci\non t.id = ci.movie_id AND ci.person_id > 1143267 AND ci.role_id > 1;",
  "predicted_latency": 986.2132668495178,
  "actual_latency": 6775.89,
  "q_error": 6.870613312317066,
  "inference_time": 0.026711225509643555
}