{
  "query": "/*+  */ select count(*)\nfrom title AS t\ninner join cast_info AS ci\non t.id = ci.movie_id AND ci.person_id > 2697615 AND ci.role_id < 5;",
  "predicted_latency": 1097.571849822998,
  "actual_latency": 2428.08,
  "q_error": 2.212228748752593,
  "inference_time": 0.014964818954467773
}