{
  "predicted_latency": 212.63764798641205,
  "actual_latency": 3885.784,
  "q_error": 18.274205140983828,
  "inference_time": 0.1375586986541748
}