{
  "pg_runtime": 7015.115,
  "opt_runtime": 7068.87,
  "pg_slowdown": 0.9923955313932779,
  "pg_opt_diff": -53.75500000000011,
  "original_num_of_plans": 2,
  "pg_plan_card_error": 2.0362940989055187,
  "opt_plan_card_error": 1.0,
  "num_tables": 3,
  "opt_hint": "/*+ Rows(movie_info title #4922359) Rows(movie_companies title #450556) Rows(movie_companies movie_info title #6333736) */"
}