{
  "pg_runtime": 236.726,
  "opt_runtime": 219.271,
  "pg_slowdown": 1.0796046900866965,
  "pg_opt_diff": 17.455000000000013,
  "original_num_of_plans": 7,
  "pg_plan_card_error": 4.204081632653061,
  "opt_plan_card_error": 2.9855072463768115,
  "num_tables": 4,
  "opt_hint": "/*+Leading(k mk t mi)*/"
}