{
  "predicted_latency": 444.9062943458557,
  "actual_latency": 150.567,
  "q_error": 2.954872544089048,
  "inference_time": 0.11002588272094727
}