{
  "predicted_latency": -3.993244841694832,
  "actual_latency": 18.959,
  "q_error": -0.21062528834299446,
  "inference_time": 0.05290961265563965
}