{
  "predicted_latency": 594.024658203125,
  "actual_latency": 16033.428,
  "q_error": 26.99118256891857,
  "inference_time": 0.10282111167907715
}