{
  "query": "/*+  */ select count(*)\nfrom movie_companies AS mc\ninner join title AS t\non t.id = mc.movie_id AND mc.company_id > 74404;",
  "predicted_latency": 990.3419613838196,
  "actual_latency": 547.132,
  "q_error": 1.8100603901504932,
  "inference_time": 0.026759624481201172
}