{
  "query": "/*+  */ select count(*)\nfrom title AS t\ninner join cast_info AS ci\non t.id = ci.movie_id AND ci.person_id < 951363 AND ci.role_id > 1;",
  "predicted_latency": 922.1000075340271,
  "actual_latency": 2641.702,
  "q_error": 2.8648758035093245,
  "inference_time": 0.017261266708374023
}