{
  "query": "/*+  */ select count(*)\nfrom title AS t\ninner join cast_info AS ci\non t.id = ci.movie_id AND ci.person_id < 2835238 AND ci.role_id > 3;",
  "predicted_latency": 1046.9799041748047,
  "actual_latency": 2870.063,
  "q_error": 2.7412780212453933,
  "inference_time": 0.017293214797973633
}