{
  "predicted_latency": 872.0365600585938,
  "inference_time": 0.02013564109802246
}