{
  "predicted_latency": 136.68043518066406,
  "inference_time": 0.008447408676147461
}