{
  "query": "/*+ NoNestLoop(t ci) */ select count(*)\nfrom title AS t\ninner join cast_info AS ci\non t.id = ci.movie_id AND ci.person_id < 1221955;",
  "predicted_latency": 639.6112442016602,
  "actual_latency": 5429.316,
  "q_error": 8.488462404654374,
  "inference_time": 0.015696048736572266
}