{
  "predicted_latency": 242.80843138694763,
  "actual_latency": 9.355,
  "q_error": 25.954936545905678,
  "inference_time": 0.07044100761413574
}