{
    "embedding": [
        0.5100950002670288,
        0.5100950002670288,
        0.5100950002670288,
        0.6200475692749023,
        0.5100950002670288,
        1.445954442024231,
        0.5100950002670288,
        0.5100950002670288,
        0.5306007862091064,
        0.5100950002670288,
        0.5100950002670288,
        0.5100950002670288,
        0.5100950002670288,
        1.9644311666488647,
        4.105062961578369,
        1.5755375623703003,
        0.5100950002670288,
        1.3756940364837646,
        0.5100950002670288,
        2.7085418701171875,
        0.5100950002670288,
        0.5511530041694641,
        3.800069570541382,
        0.5100950002670288,
        0.9518200755119324,
        1.2325875759124756,
        0.5100950002670288,
        0.5100950002670288,
        0.5100950002670288,
        0.5100950002670288,
        3.3814897537231445,
        0.9747588634490967,
        0.5100950002670288,
        0.5100950002670288,
        1.478811502456665,
        2.1742100715637207,
        0.5100950002670288,
        2.226970911026001,
        3.4718306064605713,
        0.5100950002670288,
        0.5100950002670288,
        0.5100950002670288,
        0.662388026714325,
        0.5100950002670288,
        0.982418417930603,
        0.5100950002670288,
        0.5100950002670288,
        0.8362820148468018,
        0.5100950002670288,
        3.0797619819641113,
        1.0646138191223145,
        1.6744011640548706,
        0.5100950002670288,
        0.5100950002670288,
        2.6321139335632324,
        0.5100950002670288,
        0.5100950002670288,
        0.5100950002670288,
        0.5100950002670288,
        0.6331762671470642,
        0.5100950002670288,
        0.5100950002670288,
        0.5100950002670288,
        2.608280658721924
    ],
    "timestamp": 1754257624.3699477
}