{
    "embedding": [
        0.510094940662384,
        0.510094940662384,
        0.510094940662384,
        0.6200475096702576,
        0.510094940662384,
        1.4459545612335205,
        0.510094940662384,
        0.510094940662384,
        0.5306006073951721,
        0.510094940662384,
        0.510094940662384,
        0.510094940662384,
        0.510094940662384,
        1.9644310474395752,
        4.105062007904053,
        1.5755380392074585,
        0.510094940662384,
        1.3756943941116333,
        0.510094940662384,
        2.7085416316986084,
        0.510094940662384,
        0.5511528253555298,
        3.80007004737854,
        0.510094940662384,
        0.9518202543258667,
        1.232587218284607,
        0.510094940662384,
        0.510094940662384,
        0.510094940662384,
        0.510094940662384,
        3.3814897537231445,
        0.9747586250305176,
        0.510094940662384,
        0.510094940662384,
        1.4788116216659546,
        2.174211025238037,
        0.510094940662384,
        2.226970911026001,
        3.4718310832977295,
        0.510094940662384,
        0.510094940662384,
        0.510094940662384,
        0.6623881459236145,
        0.510094940662384,
        0.9824185371398926,
        0.510094940662384,
        0.510094940662384,
        0.8362817764282227,
        0.510094940662384,
        3.079760789871216,
        1.0646138191223145,
        1.6744017601013184,
        0.510094940662384,
        0.510094940662384,
        2.632115125656128,
        0.510094940662384,
        0.510094940662384,
        0.510094940662384,
        0.510094940662384,
        0.6331762075424194,
        0.510094940662384,
        0.510094940662384,
        0.510094940662384,
        2.608280658721924
    ],
    "timestamp": 1754257625.2922587
}