{
  "predicted_latency": 970.9000587463379,
  "actual_latency": 605.326,
  "q_error": 1.60392921953846,
  "inference_time": 0.027584314346313477
}