{
  "predicted_latency": 0.02913774736225605,
  "actual_latency": 4.205457,
  "q_error": 144.33021545410156,
  "inference_time": 1.8685457706451416,
  "timestamp": 1745759668.6717367
}