{
  "query": "/*+  */ select count(*)\nfrom title AS t\ninner join cast_info AS ci\non t.id = ci.movie_id AND ci.person_id < 2895644 AND ci.role_id > 6;",
  "predicted_latency": 1057.5138330459595,
  "actual_latency": 2180.038,
  "q_error": 2.0614746889133655,
  "inference_time": 0.025148391723632812
}