{
  "predicted_latency": 1215.115966796875,
  "inference_time": 0.04707837104797363
}