{
  "predicted_latency": 422.7345585823059,
  "actual_latency": 92.505,
  "q_error": 4.569856316764564,
  "inference_time": 0.17716169357299805
}