{
  "predicted_latency": 315.4512634277344,
  "inference_time": 0.01629948616027832
}