{
  "predicted_latency": 0.02913774736225605,
  "actual_latency": 9.047807,
  "q_error": 310.5184020996094,
  "inference_time": 1.2697789669036865,
  "timestamp": 1745760852.0728252
}