{
  "predicted_latency": 312.6697838306427,
  "actual_latency": 24.949,
  "q_error": 12.532357362244687,
  "inference_time": 0.1306471824645996
}