{
  "predicted_latency": 0.0291377454996109,
  "actual_latency": 5.451709,
  "q_error": 187.10125732421875,
  "inference_time": 1.0782253742218018,
  "timestamp": 1745452722.3804662
}