{
  "predicted_latency": 172.40306735038757,
  "actual_latency": 354.38,
  "q_error": 2.0555318733382344,
  "inference_time": 0.03430676460266113
}