{
  "predicted_latency": 0.0291377454996109,
  "actual_latency": 9.292343,
  "q_error": 318.9108581542969,
  "inference_time": 5.247535943984985,
  "timestamp": 1745479399.1179848
}