{
  "query": "/*+  */ select count(*)\nfrom movie_keyword AS mk\ninner join title AS t\non t.id = mk.movie_id AND mk.keyword_id < 34666;",
  "predicted_latency": 1200.3387212753296,
  "actual_latency": 1257.08,
  "q_error": 1.047271055843624,
  "inference_time": 0.15778160095214844
}