{
  "predicted_latency": 936.5274047851562,
  "inference_time": 0.008797883987426758
}