{
  "predicted_latency": 0.02913774363696575,
  "actual_latency": 7.339791,
  "q_error": 251.89976501464844,
  "inference_time": 0.632300615310669,
  "timestamp": 1745772121.3284876
}