{
  "query": "/*+  */ select count(*)\nfrom movie_keyword AS mk\ninner join title AS t\non t.id = mk.movie_id AND mk.keyword_id < 40357;",
  "predicted_latency": 1203.2511234283447,
  "actual_latency": 1361.66,
  "q_error": 1.1316507198599668,
  "inference_time": 0.015316486358642578
}