{
  "query": "/*+  */ select count(*)\nfrom title AS t\ninner join movie_keyword AS mk\non t.id = mk.movie_id AND mk.keyword_id < 66786;",
  "predicted_latency": 1239.974021911621,
  "actual_latency": 1155.516,
  "q_error": 1.07309117477527,
  "inference_time": 0.026399612426757812
}