{
  "query": "/*+  */ select count(*)\nfrom title AS t\ninner join cast_info AS ci\non t.id = ci.movie_id AND t.kind_id > 1 AND ci.person_id > 1410925;",
  "predicted_latency": 1130.631923675537,
  "actual_latency": 6731.168,
  "q_error": 5.9534565220110265,
  "inference_time": 0.015738487243652344
}