{
  "query": "/*+  */ select count(*)\nfrom movie_companies AS mc\ninner join title AS t\non t.id = mc.movie_id AND mc.company_id > 149889;",
  "predicted_latency": 691.8360590934753,
  "actual_latency": 361.203,
  "q_error": 1.9153663150457647,
  "inference_time": 0.19359493255615234
}