{
  "predicted_latency": 1046.7896728515625,
  "inference_time": 0.0072138309478759766
}