{
  "predicted_latency": 201.6945630311966,
  "actual_latency": 158.469,
  "q_error": 1.2727698353065684,
  "inference_time": 0.12906932830810547
}