{
  "predicted_latency": 402.2970275878906,
  "inference_time": 0.009143352508544922
}