{
  "predicted_latency": 0.0291377454996109,
  "actual_latency": 131.833308,
  "q_error": 4524.48583984375,
  "inference_time": 0.9018681049346924,
  "timestamp": 1745493146.0078993
}