{
  "query": "/*+  */ select count(*)\nfrom title AS t\ninner join cast_info AS ci\non t.id = ci.movie_id AND ci.person_id > 1088841 AND ci.role_id > 1;",
  "predicted_latency": 999.7190833091736,
  "actual_latency": 6831.409,
  "q_error": 6.833328596056534,
  "inference_time": 0.02987527847290039
}