{
  "query": "/*+  */ select count(*)\nfrom movie_companies AS mc\ninner join title AS t\non t.id = mc.movie_id AND mc.company_id < 104769;",
  "predicted_latency": 1259.3061923980713,
  "actual_latency": 1083.717,
  "q_error": 1.1620249496852695,
  "inference_time": 0.026278018951416016
}