{
  "predicted_latency": 0.0291377454996109,
  "actual_latency": 2.7036350000000002,
  "q_error": 92.7880630493164,
  "inference_time": 1.1889817714691162,
  "timestamp": 1745759203.2834234
}