{
  "query": "/*+ NoNestLoop(t ci) */ select count(*)\nfrom title AS t\ninner join cast_info AS ci\non t.id = ci.movie_id AND ci.person_id > 2306098;",
  "predicted_latency": 641.1093473434448,
  "actual_latency": 5338.445,
  "q_error": 8.326886859661046,
  "inference_time": 0.017771005630493164
}