{
  "predicted_latency": 922.1048355102539,
  "actual_latency": 261.432,
  "q_error": 3.527130708980744,
  "inference_time": 0.07773232460021973
}