{
  "predicted_latency": 763.6484985351562,
  "inference_time": 0.003710508346557617
}