{
  "query": "/*+ NoNestLoop(t ci) */ select count(*)\nfrom title AS t\ninner join cast_info AS ci\non t.id = ci.movie_id AND ci.person_id > 2625113;",
  "predicted_latency": 631.8297386169434,
  "actual_latency": 4324.574,
  "q_error": 6.8445243009079695,
  "inference_time": 0.026656627655029297
}