{
  "predicted_latency": 104.1349545121193,
  "actual_latency": 993.875,
  "q_error": 9.544105575849963,
  "inference_time": 0.11383819580078125
}