{
  "predicted_latency": 0.02913774736225605,
  "actual_latency": 3.304055,
  "q_error": 113.39431762695312,
  "inference_time": 1.8623700141906738,
  "timestamp": 1745759357.312937
}