{
  "predicted_latency": 0.010861066170036793,
  "actual_latency": 10.782986000000001,
  "q_error": 992.8109741210938,
  "inference_time": 0.2812495231628418,
  "timestamp": 1744737304.3651326
}