{
  "predicted_latency": 0.0291377454996109,
  "actual_latency": 2.767671,
  "q_error": 94.98576354980469,
  "inference_time": 0.1048898696899414,
  "timestamp": 1745759671.6262655
}