{
  "query": "/*+  */ select count(*)\nfrom title AS t\ninner join cast_info AS ci\non t.id = ci.movie_id AND t.kind_id < 7 AND ci.person_id < 2767568;",
  "predicted_latency": 1426.3522624969482,
  "actual_latency": 5653.175,
  "q_error": 3.963379277783489,
  "inference_time": 0.021355628967285156
}