{
  "predicted_latency": 133.33917236328125,
  "inference_time": 0.0181882381439209
}