{
  "predicted_latency": 698.6972689628601,
  "actual_latency": 2982.461,
  "q_error": 4.268602630187947,
  "inference_time": 0.09481358528137207
}