{
  "predicted_latency": 0.02913774363696575,
  "actual_latency": 4.6650290000000005,
  "q_error": 160.1026153564453,
  "inference_time": 5.5426740646362305,
  "timestamp": 1745481497.6686692
}