{
  "predicted_latency": 1711.7991943359375,
  "inference_time": 0.04764890670776367
}