{
  "predicted_latency": 963.4233713150024,
  "actual_latency": 193.245,
  "q_error": 4.985502193148606,
  "inference_time": 0.06646990776062012
}