{
    "embedding": [
        0.548965334892273,
        0.548965334892273,
        0.548965334892273,
        0.6697461605072021,
        0.548965334892273,
        1.4410045146942139,
        0.548965334892273,
        0.548965334892273,
        0.548965334892273,
        0.548965334892273,
        0.548965334892273,
        0.548965334892273,
        0.548965334892273,
        2.0463666915893555,
        4.056288242340088,
        0.7056361436843872,
        0.548965334892273,
        1.1560587882995605,
        0.548965334892273,
        2.8012545108795166,
        0.548965334892273,
        0.5762376189231873,
        3.6348233222961426,
        0.548965334892273,
        0.9529387950897217,
        0.548965334892273,
        0.548965334892273,
        0.548965334892273,
        0.548965334892273,
        0.548965334892273,
        0.548965334892273,
        1.0500696897506714,
        0.548965334892273,
        0.548965334892273,
        1.169606328010559,
        1.9362839460372925,
        0.548965334892273,
        1.996293067932129,
        3.2774815559387207,
        0.548965334892273,
        0.548965334892273,
        0.548965334892273,
        0.6875061988830566,
        0.548965334892273,
        0.6897573471069336,
        0.548965334892273,
        0.548965334892273,
        0.9724098443984985,
        0.548965334892273,
        2.796649694442749,
        0.831341564655304,
        1.4411808252334595,
        0.548965334892273,
        0.548965334892273,
        2.7413480281829834,
        0.548965334892273,
        0.548965334892273,
        0.548965334892273,
        0.548965334892273,
        0.6215230822563171,
        0.548965334892273,
        0.548965334892273,
        0.548965334892273,
        3.098010778427124
    ],
    "timestamp": 1754257544.0280187
}