{
    "embedding": [
        0.548965334892273,
        0.548965334892273,
        0.548965334892273,
        0.6697462201118469,
        0.548965334892273,
        1.4410039186477661,
        0.548965334892273,
        0.548965334892273,
        0.548965334892273,
        0.548965334892273,
        0.548965334892273,
        0.548965334892273,
        0.548965334892273,
        2.0463671684265137,
        4.05628776550293,
        0.705635666847229,
        0.548965334892273,
        1.156058430671692,
        0.548965334892273,
        2.8012542724609375,
        0.548965334892273,
        0.5762377381324768,
        3.6348226070404053,
        0.548965334892273,
        0.9529390335083008,
        0.548965334892273,
        0.548965334892273,
        0.548965334892273,
        0.548965334892273,
        0.548965334892273,
        0.548965334892273,
        1.0500695705413818,
        0.548965334892273,
        0.548965334892273,
        1.1696065664291382,
        1.9362837076187134,
        0.548965334892273,
        1.9962931871414185,
        3.2774817943573,
        0.548965334892273,
        0.548965334892273,
        0.548965334892273,
        0.6875061988830566,
        0.548965334892273,
        0.689757227897644,
        0.548965334892273,
        0.548965334892273,
        0.9724098443984985,
        0.548965334892273,
        2.796649694442749,
        0.8313417434692383,
        1.4411804676055908,
        0.548965334892273,
        0.548965334892273,
        2.7413489818573,
        0.548965334892273,
        0.548965334892273,
        0.548965334892273,
        0.548965334892273,
        0.6215231418609619,
        0.548965334892273,
        0.548965334892273,
        0.548965334892273,
        3.098011016845703
    ],
    "timestamp": 1754257544.5060062
}