{
  "predicted_latency": 1963.331298828125,
  "inference_time": 0.0067903995513916016
}