{
  "query": "/*+  */ select count(*)\nfrom title AS t\ninner join cast_info AS ci\non t.id = ci.movie_id AND ci.person_id < 2924152 AND ci.role_id = 2;",
  "predicted_latency": 1074.7458934783936,
  "actual_latency": 3126.102,
  "q_error": 2.9086894111150623,
  "inference_time": 0.026685476303100586
}