{
  "embedding": [
    1.8252850847224829,
    3.5058398198040654,
    2.1881592685928375,
    0.05079771157278813,
    1.3457056675967283,
    4.0872184712170725,
    2.9028004534241525,
    1.5533167372385814,
    1.5812028080455736,
    2.8108947564601947,
    2.1634097903411647,
    2.8148862224647013,
    3.5301164563341945,
    0.6893224620004434,
    0.19939848066384658,
    3.6398721797875035,
    0.5439804622603034,
    2.2364385126411803,
    0.5929268980164244,
    3.242531369522703,
    2.3992124500641734,
    3.0653427056483564,
    2.7687315261503347,
    0.31874815894452774,
    2.31450389629145,
    1.9211515609095196,
    4.632177029255089,
    7.0016901082513865,
    3.0937891774245463,
    4.500924784341619,
    3.9825567042569623,
    0.6013369500912609,
    0.5531597969867554,
    2.0684248571364985,
    2.228550921536299,
    0.05079771157278813,
    1.6091518953156054,
    0.5352083048801427,
    1.7722527662426373,
    2.7864310061600315,
    2.227327890462883,
    3.9402693859693647,
    2.640515669402924,
    1.6702743587777296,
    3.990283777991049,
    1.7555655729742428,
    0.7128989715046068,
    2.670923235432894,
    2.6785103920806623,
    2.396374799033765,
    1.3236633197679961,
    2.042846000939126,
    2.610255369925847,
    2.230147126328534,
    0.7541727848961869,
    3.0791252476075672,
    3.32404425426465,
    3.8332185858374097,
    2.246542154587992,
    3.3187219638795775,
    0.05079771157278813,
    2.2908010586902856,
    0.3593728093124056,
    3.695762776738431
  ],
  "timestamp": 1754306778.1808145
}