{
  "embedding": [
    1.964374873648049,
    2.740403826845569,
    1.6716106101620762,
    0.042770073614841406,
    0.8642402312336114,
    4.484862143425998,
    1.9937338266748348,
    0.7355376784710779,
    1.132275943038196,
    2.285162897360649,
    2.1970491436029365,
    2.854464785177161,
    2.395643870814376,
    1.2633505378231311,
    0.20597735439823656,
    2.812981201804019,
    0.8797031419722517,
    2.1398171514604463,
    0.5771267023786403,
    2.208702740218156,
    2.583462324207315,
    2.6951316138893673,
    3.401528316052748,
    0.35157290473010233,
    3.2106060664023395,
    1.8514509251686786,
    3.8303978285461144,
    6.295648784407713,
    2.964789046890217,
    3.9171782290307684,
    4.590240163790979,
    0.7536107244594235,
    0.1763745718964152,
    1.7219379780541162,
    1.5075887879915533,
    0.0850096710260051,
    1.151277266190689,
    0.6488297454247071,
    0.912893118302499,
    4.006184208462775,
    1.4030444857985083,
    2.939686594454399,
    2.482870861723829,
    2.401590063941829,
    3.0094220420870634,
    2.039649542033084,
    2.4048081955361917,
    2.8073902324731117,
    3.12443147998345,
    2.0567876518109034,
    0.8574136568332704,
    2.7474863375199208,
    2.60870302340084,
    2.556412866214678,
    0.6452522882196532,
    1.9769683871258423,
    3.218221643292389,
    4.559875238829802,
    1.6849458626376763,
    3.5801381171371838,
    0.04567106429923973,
    2.101885588138907,
    0.3820950485584854,
    2.0310525156071395
  ],
  "timestamp": 1754306738.107945
}