{
    "embedding": [
        0.6222180128097534,
        0.6222180128097534,
        0.6222180128097534,
        0.7854114770889282,
        0.6222180128097534,
        1.6151102781295776,
        0.6222180128097534,
        0.6222180128097534,
        0.7984867691993713,
        0.6222180128097534,
        0.6222180128097534,
        0.6222180128097534,
        0.6222180128097534,
        2.1621463298797607,
        4.631295204162598,
        0.719664454460144,
        0.6222180128097534,
        1.404984712600708,
        0.6222180128097534,
        2.926442861557007,
        0.6222180128097534,
        0.6764299869537354,
        4.84894323348999,
        0.6222180128097534,
        0.9378337264060974,
        0.7188990116119385,
        0.6222180128097534,
        0.6222180128097534,
        0.6222180128097534,
        0.6222180128097534,
        4.078447341918945,
        1.1915324926376343,
        0.6222180128097534,
        0.6222180128097534,
        1.4473267793655396,
        2.2231531143188477,
        0.6222180128097534,
        2.9813473224639893,
        4.249156475067139,
        0.6222180128097534,
        0.6222180128097534,
        0.6222180128097534,
        0.8246515989303589,
        0.6222180128097534,
        1.026023030281067,
        0.6222180128097534,
        0.6222180128097534,
        1.1875098943710327,
        0.6222180128097534,
        2.6169607639312744,
        2.017446994781494,
        2.064939022064209,
        0.6222180128097534,
        0.6222180128097534,
        2.302320957183838,
        0.6222180128097534,
        0.6222180128097534,
        0.6222180128097534,
        0.6222180128097534,
        0.6453478336334229,
        0.6222180128097534,
        0.6222180128097534,
        0.6222180128097534,
        2.8062403202056885
    ],
    "timestamp": 1754257845.4278061
}