{
    "embedding": [
        0.6222180724143982,
        0.6222180724143982,
        0.6222180724143982,
        0.785411536693573,
        0.6222180724143982,
        1.6151105165481567,
        0.6222180724143982,
        0.6222180724143982,
        0.7984867691993713,
        0.6222180724143982,
        0.6222180724143982,
        0.6222180724143982,
        0.6222180724143982,
        2.1621458530426025,
        4.631295204162598,
        0.7196642756462097,
        0.6222180724143982,
        1.404984712600708,
        0.6222180724143982,
        2.9264426231384277,
        0.6222180724143982,
        0.6764301657676697,
        4.848942756652832,
        0.6222180724143982,
        0.9378342032432556,
        0.7188992500305176,
        0.6222180724143982,
        0.6222180724143982,
        0.6222180724143982,
        0.6222180724143982,
        4.078448295593262,
        1.1915327310562134,
        0.6222180724143982,
        0.6222180724143982,
        1.4473267793655396,
        2.2231528759002686,
        0.6222180724143982,
        2.9813473224639893,
        4.249157428741455,
        0.6222180724143982,
        0.6222180724143982,
        0.6222180724143982,
        0.8246517181396484,
        0.6222180724143982,
        1.026023030281067,
        0.6222180724143982,
        0.6222180724143982,
        1.1875097751617432,
        0.6222180724143982,
        2.6169612407684326,
        2.017446756362915,
        2.0649397373199463,
        0.6222180724143982,
        0.6222180724143982,
        2.302321195602417,
        0.6222180724143982,
        0.6222180724143982,
        0.6222180724143982,
        0.6222180724143982,
        0.6453478932380676,
        0.6222180724143982,
        0.6222180724143982,
        0.6222180724143982,
        2.806239604949951
    ],
    "timestamp": 1754257848.4381843
}