{
  "query": "/*+ NoNestLoop(t ci) */ select count(*)\nfrom title AS t\ninner join cast_info AS ci\non t.id = ci.movie_id AND ci.person_id > 3730538;",
  "predicted_latency": 567.9658651351929,
  "actual_latency": 1074.539,
  "q_error": 1.8919077112921698,
  "inference_time": 0.01751089096069336
}