{
  "predicted_latency": 552.3459911346436,
  "actual_latency": 442.941,
  "q_error": 1.2469967583372132,
  "inference_time": 0.13571381568908691
}