{
  "predicted_latency": 0.0291377454996109,
  "actual_latency": 4.313456,
  "q_error": 148.03671264648438,
  "inference_time": 1.694342851638794,
  "timestamp": 1745771817.1630468
}