{
  "query": "/*+ NoNestLoop(t ci) */ select count(*)\nfrom title AS t\ninner join cast_info AS ci\non t.id = ci.movie_id AND ci.person_id > 2939658;",
  "predicted_latency": 622.7585077285767,
  "actual_latency": 3419.823,
  "q_error": 5.491411128967663,
  "inference_time": 0.019231557846069336
}