{
  "predicted_latency": 788.5452508926392,
  "actual_latency": 500.807,
  "q_error": 1.574549179409711,
  "inference_time": 0.04884839057922363
}