{
  "predicted_latency": 0.02913774736225605,
  "actual_latency": 4.048563,
  "q_error": 138.94564819335938,
  "inference_time": 1.3755700588226318,
  "timestamp": 1745761569.5858264
}