{
  "query": "/*+  */ select count(*)\nfrom movie_companies AS mc\ninner join title AS t\non t.id = mc.movie_id AND mc.company_id > 112150;",
  "predicted_latency": 789.0961170196533,
  "actual_latency": 392.517,
  "q_error": 2.0103488944928585,
  "inference_time": 0.012925863265991211
}