{
  "predicted_latency": 0.02913774736225605,
  "actual_latency": 2.171981,
  "q_error": 74.54183197021484,
  "inference_time": 0.5323712825775146,
  "timestamp": 1745757305.5730739
}