{
  "predicted_latency": 1319.1583251953125,
  "inference_time": 0.013103723526000977
}