{
  "query": "/*+  */ select count(*)\nfrom title AS t\ninner join cast_info AS ci\non t.id = ci.movie_id AND ci.person_id < 2820432;",
  "predicted_latency": 1095.1768159866333,
  "actual_latency": 8804.374,
  "q_error": 8.039226060559209,
  "inference_time": 0.019849061965942383
}