{
  "predicted_latency": 404.0643572807312,
  "actual_latency": 105.07,
  "q_error": 3.8456681953053318,
  "inference_time": 0.06238245964050293
}