{
  "predicted_latency": 0.02913774736225605,
  "actual_latency": 6.291698,
  "q_error": 215.92945861816406,
  "inference_time": 5.314960241317749,
  "timestamp": 1745478317.8832777
}