{
  "predicted_latency": 1166.6007041931152,
  "actual_latency": 295.779,
  "q_error": 3.94416339291537,
  "inference_time": 0.0663151741027832
}