{
  "predicted_latency": 0.0291377454996109,
  "actual_latency": 2.486558,
  "q_error": 85.3380355834961,
  "inference_time": 0.48505330085754395,
  "timestamp": 1745754313.9980898
}