{
  "predicted_latency": 687.07861328125,
  "inference_time": 0.01624298095703125
}