{
  "query": "/*+  */ select count(*)\nfrom title AS t\ninner join cast_info AS ci\non t.id = ci.movie_id AND t.kind_id < 2 AND ci.person_id < 1369063;",
  "predicted_latency": 1052.5799989700317,
  "actual_latency": 3365.694,
  "q_error": 3.197565983861931,
  "inference_time": 0.028882741928100586
}