{
  "predicted_latency": 0.010861067101359367,
  "actual_latency": 116.372489,
  "q_error": 10714.646484375,
  "inference_time": 0.1049509048461914,
  "timestamp": 1744806951.4241884
}