{
  "predicted_latency": 397.5580334663391,
  "actual_latency": 1120.094,
  "q_error": 2.817435206210812,
  "inference_time": 0.09448432922363281
}