{
  "query": "/*+  */ select count(*)\nfrom title AS t\ninner join cast_info AS ci\non t.id = ci.movie_id AND ci.person_id > 3633429 AND ci.role_id > 1;",
  "predicted_latency": 868.4189915657043,
  "actual_latency": 1332.722,
  "q_error": 1.534653218024616,
  "inference_time": 0.018579721450805664
}