{
  "query": "/*+  */ select count(*)\nfrom title AS t\ninner join cast_info AS ci\non t.id = ci.movie_id AND t.production_year > 2006 AND ci.person_id > 1594222;",
  "predicted_latency": 1472.0665216445923,
  "actual_latency": 4796.874,
  "q_error": 3.258598663490379,
  "inference_time": 0.02832341194152832
}