{
  "predicted_latency": 133.64043831825256,
  "actual_latency": 734.244,
  "q_error": 5.494175335248936,
  "inference_time": 0.09087729454040527
}