{
  "predicted_latency": 639.0445828437805,
  "actual_latency": 24593.594,
  "q_error": 38.48494245981598,
  "inference_time": 0.06147122383117676
}