{
  "predicted_latency": 375.4374086856842,
  "actual_latency": 410.075,
  "q_error": 1.0922592967908382,
  "inference_time": 0.11194157600402832
}