{
  "predicted_latency": 0.02913774736225605,
  "actual_latency": 0.196188,
  "q_error": 6.733121871948242,
  "inference_time": 0.04879140853881836,
  "timestamp": 1745756814.8994374
}