{
  "predicted_latency": 294.47445273399353,
  "actual_latency": 289.599,
  "q_error": 1.0168351849764452,
  "inference_time": 0.07368659973144531
}