{
  "embedding": [
    0.718941997380663,
    1.8522776121730424,
    1.860064287737215,
    0.1927161450511996,
    0.7186970387051295,
    3.4781082047488217,
    0.3813598576425723,
    3.000530105293037,
    1.175401126912975,
    1.9718445264572486,
    3.0017186113432017,
    1.8760466958657738,
    3.1975309611676996,
    1.3488547894228007,
    0.27255308183240984,
    3.0702270910713563,
    0.3659752660050813,
    2.228031962900309,
    0.571444842360609,
    1.3835224090744165,
    1.6483667902314323,
    1.640598647751666,
    2.9368969013481405,
    0.36834735716828776,
    2.097829820048849,
    2.493344149065881,
    3.2680918352716426,
    2.0184879869525028,
    2.626679619623712,
    2.5194159701937986,
    3.8865848511267878,
    1.353345138080403,
    2.8193228876492062,
    2.587171857510847,
    3.345226243791444,
    1.1750629930332894,
    1.230049420938067,
    0.8508233162020924,
    1.0005579839431133,
    3.2111696317169742,
    3.356989352809264,
    5.1734266557092115,
    2.170860037581612,
    1.6657963024780975,
    1.6521442343548072,
    1.5578133807522239,
    3.1525958274151678,
    2.5841555683183244,
    3.0224599205551237,
    2.8598117862208183,
    1.0331484542940292,
    2.1487458240276722,
    2.2671028884292905,
    1.6302264671680025,
    0.7698625563053998,
    1.3774767886770871,
    2.8368541545679884,
    2.809238243474584,
    1.7957740434459573,
    1.882881916482276,
    0.5867164538718956,
    1.3690553060839912,
    0.5695032667469985,
    4.261958254985595
  ],
  "timestamp": 1754304042.600915
}