{
  "embedding": [
    0.6488966793523574,
    1.7935663744828227,
    1.8374259149990266,
    0.1622197950651973,
    0.6937807657160326,
    3.4079088635557304,
    0.43719648499556557,
    2.865359700971917,
    1.1794764638034347,
    1.943294189245421,
    2.9379608090288554,
    0.920198177511203,
    3.0920869591496865,
    1.3317611488760182,
    0.2656997169166572,
    3.047813712985037,
    0.32781933684314485,
    2.256961896993932,
    0.5652931101248206,
    1.3572440244377302,
    1.5085726990508341,
    1.646934348126442,
    2.7920161782111044,
    0.30904707218220856,
    1.9711072171932131,
    2.4070807911188123,
    3.197408686021986,
    1.9698329643007015,
    2.5118514502601763,
    2.4314056704881617,
    3.7613351112724915,
    1.3361353951104633,
    2.7505904929027056,
    2.5097281646316794,
    3.28912317403648,
    1.067704693671288,
    1.1785986713027379,
    0.8059984427299354,
    0.9379588948464532,
    3.1403880723365756,
    3.2612830285851406,
    4.986057992766028,
    2.1347907467629907,
    1.5314626882105324,
    1.5544718748491495,
    1.515756119685629,
    2.9579432748849674,
    2.4807392649771343,
    2.9856803475327394,
    2.819277882597532,
    0.9859683074161969,
    2.093130835111779,
    2.1692829344749165,
    1.5231157474660402,
    0.7578918590976751,
    1.2741272255169291,
    2.78655713965193,
    2.6738750821240354,
    1.7499468331002446,
    1.7415520063672139,
    0.522700361409913,
    1.1036455645754621,
    0.5333530757351498,
    4.143430456158821
  ],
  "timestamp": 1754304018.088959
}