{
  "query": "/*+  */ select count(*)\nfrom title AS t\ninner join cast_info AS ci\non t.id = ci.movie_id AND ci.person_id < 849779 AND ci.role_id < 5;",
  "predicted_latency": 1093.945860862732,
  "actual_latency": 3630.597,
  "q_error": 3.3188086631058304,
  "inference_time": 0.01954054832458496
}