{
  "predicted_latency": 0.02913774736225605,
  "actual_latency": 4.07431,
  "q_error": 139.8292694091797,
  "inference_time": 0.4908607006072998,
  "timestamp": 1745480328.2469637
}