{
  "predicted_latency": 0.02913774736225605,
  "actual_latency": 1.2044970000000002,
  "q_error": 41.33802795410156,
  "inference_time": 0.19191622734069824,
  "timestamp": 1745771450.601186
}