{
  "predicted_latency": 517.429443359375,
  "inference_time": 0.02650284767150879
}