{
  "predicted_latency": 312.51904368400574,
  "actual_latency": 340.868,
  "q_error": 1.0907111322939362,
  "inference_time": 0.11975693702697754
}