{
  "predicted_latency": 342.7281081676483,
  "actual_latency": 4674.493,
  "q_error": 13.639070997099056,
  "inference_time": 0.08978438377380371
}