{
  "predicted_latency": 423.3226180076599,
  "actual_latency": 5891.658,
  "q_error": 13.91765464299711,
  "inference_time": 0.11426734924316406
}