{
  "query": "/*+  */ select count(*)\nfrom title AS t\ninner join cast_info AS ci\non t.id = ci.movie_id AND ci.person_id < 605666 AND ci.role_id < 5;",
  "predicted_latency": 1089.2983675003052,
  "actual_latency": 2653.745,
  "q_error": 2.4361966190124273,
  "inference_time": 0.012769460678100586
}