{
  "predicted_latency": 186.8385672569275,
  "actual_latency": 3565.543,
  "q_error": 19.083549249748376,
  "inference_time": 0.14540719985961914
}