{
  "query": "/*+  */ select count(*)\nfrom title AS t\ninner join cast_info AS ci\non t.id = ci.movie_id AND ci.person_id > 1033387 AND ci.role_id > 4;",
  "predicted_latency": 932.9890608787537,
  "actual_latency": 3002.952,
  "q_error": 3.2186358081965207,
  "inference_time": 0.017775297164916992
}