{
  "query": "/*+  */ select count(*)\nfrom cast_info AS ci\ninner join title AS t\non t.id = ci.movie_id AND ci.person_id < 2901910 AND ci.role_id = 2 AND t.production_year > 2009;",
  "predicted_latency": 1588.7064933776855,
  "actual_latency": 1599.597,
  "q_error": 1.0068549519169905,
  "inference_time": 0.017496347427368164
}