{
  "query": "/*+  */ select count(*)\nfrom movie_companies AS mc\ninner join title AS t\non t.id = mc.movie_id AND mc.company_id > 11;",
  "predicted_latency": 1180.7022094726562,
  "actual_latency": 1072.653,
  "q_error": 1.1007308136672869,
  "inference_time": 0.026483774185180664
}