{
  "predicted_latency": 256.57182931900024,
  "actual_latency": 40.516,
  "q_error": 6.332605126838786,
  "inference_time": 0.06236886978149414
}