{
  "predicted_latency": 0.02913774736225605,
  "actual_latency": 1.201096,
  "q_error": 41.221309661865234,
  "inference_time": 0.5367977619171143,
  "timestamp": 1745754354.509259
}