{
  "predicted_latency": 482.3668599128723,
  "actual_latency": 172.453,
  "q_error": 2.797091728835522,
  "inference_time": 0.057121992111206055
}