{
  "query": "/*+  */ select count(*)\nfrom title AS t\ninner join cast_info AS ci\non t.id = ci.movie_id AND ci.person_id < 2623174 AND ci.role_id > 2;",
  "predicted_latency": 942.4935579299927,
  "actual_latency": 3156.384,
  "q_error": 3.3489714316269654,
  "inference_time": 0.017869949340820312
}