{
  "query": "/*+  */ select count(*)\nfrom title AS t\ninner join cast_info AS ci\non t.id = ci.movie_id AND t.production_year < 1990;",
  "predicted_latency": 1292.2015190124512,
  "actual_latency": 5571.659,
  "q_error": 4.311757042553293,
  "inference_time": 0.023811817169189453
}