{
  "query": "/*+  */ select count(*)\nfrom title AS t\ninner join cast_info AS ci\non t.id = ci.movie_id AND ci.person_id > 935894;",
  "predicted_latency": 1060.8904361724854,
  "actual_latency": 8459.959,
  "q_error": 7.9743946326089175,
  "inference_time": 0.010464191436767578
}