{
  "query": "/*+  */ select count(*)\nfrom title AS t\ninner join cast_info AS ci\non t.id = ci.movie_id AND ci.person_id < 2428682 AND ci.role_id < 3;",
  "predicted_latency": 886.6931200027466,
  "actual_latency": 6670.523,
  "q_error": 7.52292179731736,
  "inference_time": 0.029345035552978516
}