{
  "query": "/*+  */ select count(*)\nfrom movie_companies AS mc\ninner join title AS t\non t.id = mc.movie_id AND mc.company_id > 159336;",
  "predicted_latency": 669.4144010543823,
  "actual_latency": 340.313,
  "q_error": 1.9670550377281573,
  "inference_time": 0.01662421226501465
}