{
  "embedding": [
    1.2976892172937886,
    0.9375651403564222,
    3.3100251995066987,
    0.14790058536455464,
    0.03026444002784335,
    2.1439940403517004,
    0.8215157257944988,
    0.7903781018333974,
    0.7747972245297213,
    1.6663122183850843,
    2.957348432756238,
    3.139411875055339,
    1.551545043381386,
    2.2917483714878317,
    0.13840615476852025,
    1.7864012327795253,
    0.788886027144665,
    3.5402555779169123,
    0.5410882845222632,
    0.03026444002784335,
    0.5270940163844068,
    1.8631656631656597,
    2.397846930578855,
    0.03026444002784335,
    0.8088723586521882,
    1.264721092304044,
    1.4599733463707942,
    2.8134742877082233,
    3.15779598523817,
    1.596735072190202,
    1.5644992823546044,
    0.9778097436349418,
    0.454108350336011,
    1.2064345373713146,
    2.7690008789501617,
    0.6696023880095193,
    2.310025466186964,
    0.22699108885249794,
    1.9305417088788759,
    2.8838275611483226,
    0.9963004910823052,
    2.912573114251988,
    1.8343180617581383,
    0.34943753266283933,
    1.7322038316780597,
    2.3507512687243266,
    0.17976877380336584,
    3.088832766712193,
    3.386289296714366,
    0.20043526256026345,
    0.09135616931500952,
    2.6160936097784355,
    2.0851332955411803,
    1.9884270102454586,
    1.40990101152044,
    0.4603791369496277,
    3.239603460037796,
    1.5036433794506625,
    1.2402553518145285,
    2.327260947172152,
    0.03026444002784335,
    0.9244571902375901,
    0.8211840551416585,
    2.782806692071674
  ],
  "timestamp": 1754306491.0379174
}