{
  "embedding": [
    1.6173425199602047,
    1.0932393139441843,
    3.542425769208718,
    0.16368164819020575,
    0.06654683239252362,
    2.242327115999404,
    0.482782780584873,
    1.0720153102231125,
    0.8084555029124124,
    1.7701031606422593,
    3.2067845847847263,
    3.261183291055266,
    1.7924423342937639,
    2.451607882004552,
    0.16551982789147165,
    1.8616433233300933,
    0.8718807109836456,
    3.665391304636731,
    0.6112675862017785,
    0.558619780815833,
    0.7533533070105244,
    1.8934877445541731,
    2.7976695580762887,
    0.06654683239252362,
    1.062878116868561,
    1.3844672483892122,
    1.5036686445671066,
    3.080947234771878,
    3.4675787843870562,
    1.8427531592210853,
    1.6941836272909248,
    0.6839941275277331,
    0.5309812044873811,
    1.3290005725323337,
    2.8078265716351583,
    0.9512385280072918,
    2.572348727206271,
    0.2768669618932808,
    2.19844248381581,
    3.0846367109795727,
    1.104868743352383,
    3.3172936862598865,
    1.760412988149313,
    0.6395285304541037,
    1.9406345902556872,
    2.5382009558574703,
    0.21312999570168498,
    3.3795373432049103,
    3.5367970537789604,
    0.8160520670266836,
    0.4338385162249047,
    2.711004758826946,
    2.34794444623632,
    2.380490443334734,
    1.5635094142190704,
    0.7621973382280706,
    3.311254308516146,
    1.7690069161425588,
    1.3894715174074947,
    2.7505053910566257,
    0.06654683239252362,
    1.105019358049771,
    0.9383106143379834,
    3.050915134612322
  ],
  "timestamp": 1754306492.9449546
}