{
  "predicted_latency": 350.3608703613281,
  "actual_latency": 1057.443,
  "q_error": 3.018153822113343,
  "inference_time": 0.1684856414794922
}