{
  "query": "/*+ NoNestLoop(t ci) */ select count(*)\nfrom title AS t\ninner join cast_info AS ci\non t.id = ci.movie_id AND ci.person_id < 1902196;",
  "predicted_latency": 706.5701484680176,
  "actual_latency": 6794.271,
  "q_error": 9.615847789113804,
  "inference_time": 0.022409439086914062
}