{
  "query": "/*+  */ select count(*)\nfrom cast_info AS ci\ninner join title AS t\non t.id = ci.movie_id AND ci.person_id < 945745 AND ci.role_id = 1 AND t.production_year < 1972;",
  "predicted_latency": 1419.6114540100098,
  "actual_latency": 1770.357,
  "q_error": 1.2470715103060286,
  "inference_time": 0.026222944259643555
}