{
  "predicted_latency": 0.02913774736225605,
  "actual_latency": 0.852918,
  "q_error": 29.271926879882812,
  "inference_time": 0.1345367431640625,
  "timestamp": 1745761792.9917006
}