{
  "query": "/*+  */ select count(*)\nfrom cast_info AS ci\ninner join title AS t\non t.id = ci.movie_id AND ci.person_id > 516495 AND t.kind_id > 3 AND t.production_year < 2003;",
  "predicted_latency": 1574.7272968292236,
  "actual_latency": 5410.661,
  "q_error": 3.4359352320205425,
  "inference_time": 0.027910947799682617
}