{
  "query": "/*+  */ select count(*)\nfrom title AS t\ninner join movie_info AS mi\non t.id = mi.movie_id AND t.production_year < 1996;",
  "predicted_latency": 1095.6681966781616,
  "actual_latency": 3166.195,
  "q_error": 2.8897388913899715,
  "inference_time": 0.024933576583862305
}