{
  "predicted_latency": 567.821741104126,
  "actual_latency": 359.257,
  "q_error": 1.5805446827873249,
  "inference_time": 0.1233971118927002
}