{
  "predicted_latency": 617.0914769172668,
  "actual_latency": 3462.023,
  "q_error": 5.610226570126737,
  "inference_time": 0.0621190071105957
}