{
  "query": "/*+ NoNestLoop(t ci) */ select count(*)\nfrom title AS t\ninner join cast_info AS ci\non t.id = ci.movie_id AND ci.person_id < 1165727;",
  "predicted_latency": 637.6621723175049,
  "actual_latency": 4591.769,
  "q_error": 7.200943068822445,
  "inference_time": 0.026034116744995117
}