{
  "predicted_latency": 588.668942451477,
  "actual_latency": 229.939,
  "q_error": 2.560109170047174,
  "inference_time": 0.08069396018981934
}