{
  "query": "/*+  */ select count(*)\nfrom title AS t\ninner join cast_info AS ci\non t.id = ci.movie_id AND t.production_year < 1988 AND ci.person_id < 1822916;",
  "predicted_latency": 1542.451024055481,
  "actual_latency": 3686.955,
  "q_error": 2.3903222484861097,
  "inference_time": 0.02656841278076172
}