{
  "query": "/*+  */ select count(*)\nfrom movie_keyword AS mk\ninner join title AS t\non t.id = mk.movie_id AND mk.keyword_id < 29318;",
  "predicted_latency": 1198.3344554901123,
  "actual_latency": 1410.275,
  "q_error": 1.1768625975318427,
  "inference_time": 0.22270917892456055
}