{
  "predicted_latency": 0.02913774363696575,
  "actual_latency": 4.94385,
  "q_error": 169.67169189453125,
  "inference_time": 0.4983673095703125,
  "timestamp": 1745452694.7178183
}