{
  "query": "/*+  */ select count(*)\nfrom title AS t\ninner join cast_info AS ci\non t.id = ci.movie_id AND ci.person_id > 1483454 AND ci.role_id > 1;",
  "predicted_latency": 949.0993022918701,
  "actual_latency": 6544.158,
  "q_error": 6.895124655762859,
  "inference_time": 0.01949620246887207
}