{
  "query": "/*+  */ select count(*)\nfrom cast_info AS ci\ninner join title AS t\non t.id = ci.movie_id AND ci.person_id > 1109368 AND t.production_year > 2011;",
  "predicted_latency": 1492.7290678024292,
  "actual_latency": 3587.08,
  "q_error": 2.4030348690675924,
  "inference_time": 0.012461185455322266
}