{
  "query": "/*+  */ select count(*)\nfrom movie_keyword AS mk\ninner join title AS t\non t.id = mk.movie_id AND mk.keyword_id < 38131;",
  "predicted_latency": 1201.4859914779663,
  "actual_latency": 1282.536,
  "q_error": 1.067458138585813,
  "inference_time": 0.0153045654296875
}