{
    "embedding": [
        0.5255277752876282,
        0.5255277752876282,
        0.5557576417922974,
        0.6011953949928284,
        0.5979166030883789,
        1.4445784091949463,
        0.5316976308822632,
        0.5255277752876282,
        0.9693718552589417,
        0.5255277752876282,
        0.5255277752876282,
        0.5255277752876282,
        0.5778865814208984,
        1.7418584823608398,
        3.234989881515503,
        2.328217029571533,
        0.5255277752876282,
        1.8637609481811523,
        0.5255277752876282,
        2.301678419113159,
        1.9725546836853027,
        2.4331777095794678,
        3.132266044616699,
        0.5255277752876282,
        1.2717057466506958,
        2.4883644580841064,
        0.5255277752876282,
        0.5255277752876282,
        0.5255277752876282,
        0.5255277752876282,
        2.3735103607177734,
        1.754389762878418,
        0.5255277752876282,
        0.5255277752876282,
        2.0131258964538574,
        2.7132346630096436,
        0.5255277752876282,
        3.0959768295288086,
        2.8164093494415283,
        0.5255277752876282,
        0.5255277752876282,
        0.5255277752876282,
        0.781794011592865,
        0.5255277752876282,
        1.5468095541000366,
        0.5255277752876282,
        0.5255277752876282,
        0.8007971048355103,
        0.5255277752876282,
        3.124943971633911,
        3.3272252082824707,
        1.6398290395736694,
        0.5255277752876282,
        0.5255277752876282,
        3.2901339530944824,
        0.5255277752876282,
        0.5255277752876282,
        0.5255277752876282,
        0.5255277752876282,
        0.6328686475753784,
        0.5255277752876282,
        1.4690561294555664,
        0.5255277752876282,
        3.1939566135406494
    ],
    "timestamp": 1754257835.4622104
}