{
    "embedding": [
        0.5255277156829834,
        0.5255277156829834,
        0.5557575821876526,
        0.6011953353881836,
        0.5979165434837341,
        1.4445785284042358,
        0.5316975712776184,
        0.5255277156829834,
        0.9693719744682312,
        0.5255277156829834,
        0.5255277156829834,
        0.5255277156829834,
        0.5778864622116089,
        1.7418584823608398,
        3.234990358352661,
        2.328216552734375,
        0.5255277156829834,
        1.8637605905532837,
        0.5255277156829834,
        2.30167818069458,
        1.9725546836853027,
        2.4331777095794678,
        3.1322662830352783,
        0.5255277156829834,
        1.2717056274414062,
        2.4883649349212646,
        0.5255277156829834,
        0.5255277156829834,
        0.5255277156829834,
        0.5255277156829834,
        2.3735105991363525,
        1.7543894052505493,
        0.5255277156829834,
        0.5255277156829834,
        2.0131258964538574,
        2.7132349014282227,
        0.5255277156829834,
        3.0959768295288086,
        2.8164093494415283,
        0.5255277156829834,
        0.5255277156829834,
        0.5255277156829834,
        0.781794011592865,
        0.5255277156829834,
        1.5468096733093262,
        0.5255277156829834,
        0.5255277156829834,
        0.8007969856262207,
        0.5255277156829834,
        3.124943256378174,
        3.3272252082824707,
        1.639829158782959,
        0.5255277156829834,
        0.5255277156829834,
        3.2901344299316406,
        0.5255277156829834,
        0.5255277156829834,
        0.5255277156829834,
        0.5255277156829834,
        0.6328685879707336,
        0.5255277156829834,
        1.4690560102462769,
        0.5255277156829834,
        3.1939566135406494
    ],
    "timestamp": 1754257833.4184644
}