{
  "predicted_latency": 692.827045917511,
  "actual_latency": 877.568,
  "q_error": 1.2666480114641547,
  "inference_time": 0.10517692565917969
}