{
  "predicted_latency": 0.02913774363696575,
  "actual_latency": 10.061823,
  "q_error": 345.3192138671875,
  "inference_time": 0.9235622882843018,
  "timestamp": 1745481408.9022682
}