{
  "query": "/*+  */ select count(*)\nfrom movie_companies AS mc\ninner join title AS t\non t.id = mc.movie_id AND mc.company_id > 76379;",
  "predicted_latency": 971.6975688934326,
  "actual_latency": 633.693,
  "q_error": 1.5333885160376282,
  "inference_time": 0.018051624298095703
}