{
  "query": "/*+  */ select count(*)\nfrom title AS t\ninner join cast_info AS ci\non t.id = ci.movie_id AND ci.person_id < 1872430 AND ci.role_id > 1;",
  "predicted_latency": 942.3266053199768,
  "actual_latency": 3590.297,
  "q_error": 3.8100346310193345,
  "inference_time": 0.011995553970336914
}