{
  "predicted_latency": 0.02913774363696575,
  "actual_latency": 0.22376300000000002,
  "q_error": 7.679489612579346,
  "inference_time": 0.44121527671813965,
  "timestamp": 1745481433.7326543
}