{
  "predicted_latency": 0.02913774736225605,
  "actual_latency": 0.204083,
  "q_error": 7.00407600402832,
  "inference_time": 0.2502453327178955,
  "timestamp": 1745755450.2436657
}