{
  "predicted_latency": 573.3487010002136,
  "actual_latency": 3673.484,
  "q_error": 6.407067799389034,
  "inference_time": 0.10898137092590332
}