{
  "query": "/*+  */ select count(*)\nfrom title AS t\ninner join cast_info AS ci\non t.id = ci.movie_id AND t.production_year < 2001 AND ci.person_id < 1349791;",
  "predicted_latency": 1213.47177028656,
  "actual_latency": 3819.553,
  "q_error": 3.1476241092102346,
  "inference_time": 0.01748824119567871
}