{
  "predicted_latency": 0.02913774363696575,
  "actual_latency": 1.926165,
  "q_error": 66.10549926757812,
  "inference_time": 0.020585298538208008,
  "timestamp": 1745492749.7884054
}