{
  "query": "/*+  */ select count(*)\nfrom movie_keyword AS mk\ninner join title AS t\non t.id = mk.movie_id AND mk.keyword_id < 81864;",
  "predicted_latency": 1276.2666940689087,
  "actual_latency": 1203.906,
  "q_error": 1.0601049368214037,
  "inference_time": 0.516202449798584
}