{
  "predicted_latency": 0.0291377454996109,
  "actual_latency": 17.910638,
  "q_error": 614.6885375976562,
  "inference_time": 0.32196545600891113,
  "timestamp": 1745479492.2300048
}