{
  "predicted_latency": 186.4473819732666,
  "actual_latency": 177.428,
  "q_error": 1.0508340395724836,
  "inference_time": 0.09836173057556152
}