{
  "predicted_latency": 399.0045189857483,
  "actual_latency": 4597.811,
  "q_error": 11.523205330324153,
  "inference_time": 0.10492110252380371
}