{
    "embedding": [
        0.6544144749641418,
        0.6544144749641418,
        0.6544144749641418,
        0.8571995496749878,
        0.6544144749641418,
        1.673050045967102,
        0.6544144749641418,
        0.6544144749641418,
        0.8240073919296265,
        0.6544144749641418,
        0.6544144749641418,
        0.6544144749641418,
        0.6544144749641418,
        2.2365524768829346,
        4.412013053894043,
        0.6544144749641418,
        0.6544144749641418,
        2.8534152507781982,
        0.6544144749641418,
        2.8752620220184326,
        0.6544144749641418,
        0.727921187877655,
        3.6355998516082764,
        0.6544144749641418,
        0.9632234573364258,
        0.9752353429794312,
        0.6544144749641418,
        0.6544144749641418,
        0.6544144749641418,
        0.6544144749641418,
        4.3825554847717285,
        1.2567492723464966,
        0.6544144749641418,
        0.6544144749641418,
        1.4859505891799927,
        2.2565369606018066,
        0.6544144749641418,
        2.2415781021118164,
        3.4654314517974854,
        0.6544144749641418,
        0.6544144749641418,
        0.6544144749641418,
        0.9228219985961914,
        0.6544144749641418,
        0.7586468458175659,
        0.6544144749641418,
        0.6544144749641418,
        1.2568728923797607,
        0.6544144749641418,
        2.6230006217956543,
        2.1112427711486816,
        1.7457561492919922,
        0.6544144749641418,
        0.6544144749641418,
        2.9703471660614014,
        0.6544144749641418,
        0.6544144749641418,
        0.6544144749641418,
        0.6544144749641418,
        0.6544144749641418,
        0.6544144749641418,
        0.6544144749641418,
        0.6544144749641418,
        3.151404619216919
    ],
    "timestamp": 1754257512.5898433
}