{
    "embedding": [
        0.6544144749641418,
        0.6544144749641418,
        0.6544144749641418,
        0.8571995496749878,
        0.6544144749641418,
        1.6730502843856812,
        0.6544144749641418,
        0.6544144749641418,
        0.8240073919296265,
        0.6544144749641418,
        0.6544144749641418,
        0.6544144749641418,
        0.6544144749641418,
        2.2365522384643555,
        4.412013053894043,
        0.6544144749641418,
        0.6544144749641418,
        2.853415012359619,
        0.6544144749641418,
        2.875262498855591,
        0.6544144749641418,
        0.727921187877655,
        3.6355998516082764,
        0.6544144749641418,
        0.9632233381271362,
        0.9752352833747864,
        0.6544144749641418,
        0.6544144749641418,
        0.6544144749641418,
        0.6544144749641418,
        4.3825554847717285,
        1.2567492723464966,
        0.6544144749641418,
        0.6544144749641418,
        1.4859504699707031,
        2.2565367221832275,
        0.6544144749641418,
        2.2415788173675537,
        3.46543025970459,
        0.6544144749641418,
        0.6544144749641418,
        0.6544144749641418,
        0.9228219985961914,
        0.6544144749641418,
        0.7586466073989868,
        0.6544144749641418,
        0.6544144749641418,
        1.2568727731704712,
        0.6544144749641418,
        2.6230010986328125,
        2.1112430095672607,
        1.7457566261291504,
        0.6544144749641418,
        0.6544144749641418,
        2.9703474044799805,
        0.6544144749641418,
        0.6544144749641418,
        0.6544144749641418,
        0.6544144749641418,
        0.6544144749641418,
        0.6544144749641418,
        0.6544144749641418,
        0.6544144749641418,
        3.151404619216919
    ],
    "timestamp": 1754257519.1581292
}