{
  "predicted_latency": 722.619891166687,
  "actual_latency": 264.58,
  "q_error": 2.7311962021569545,
  "inference_time": 0.0563051700592041
}