{
  "query": "/*+  */ select count(*)\nfrom title AS t\ninner join cast_info AS ci\non t.id = ci.movie_id AND ci.person_id < 2903665 AND ci.role_id < 3;",
  "predicted_latency": 1117.8523302078247,
  "actual_latency": 7031.126,
  "q_error": 6.289852255076315,
  "inference_time": 0.01217794418334961
}