{
  "query": "/*+ NoNestLoop(ci t) */ select count(*)\nfrom cast_info AS ci\ninner join title AS t\non t.id = ci.movie_id AND ci.person_id < 4050800;",
  "predicted_latency": 1259.0053081512451,
  "actual_latency": 10425.566,
  "q_error": 8.280795904910967,
  "inference_time": 0.01868414878845215
}