{
  "predicted_latency": 0.02913774363696575,
  "actual_latency": 1.27272,
  "q_error": 43.67942810058594,
  "inference_time": 1.8130943775177002,
  "timestamp": 1745758024.5031502
}