{
  "predicted_latency": 753.1853914260864,
  "actual_latency": 853.695,
  "q_error": 1.1334460409323766,
  "inference_time": 0.13009166717529297
}