{
  "query": "/*+  */ select count(*)\nfrom movie_companies AS mc\ninner join title AS t\non t.id = mc.movie_id AND mc.company_id > 74659;",
  "predicted_latency": 987.4947667121887,
  "actual_latency": 545.112,
  "q_error": 1.8115447223913412,
  "inference_time": 0.026361703872680664
}