{
  "predicted_latency": 578.1218409538269,
  "actual_latency": 1845.085,
  "q_error": 3.1915158177657608,
  "inference_time": 0.061701297760009766
}