{
  "query": "/*+  */ select count(*)\nfrom movie_keyword AS mk\ninner join title AS t\non t.id = mk.movie_id AND mk.keyword_id < 54243;",
  "predicted_latency": 1222.4236726760864,
  "actual_latency": 1162.162,
  "q_error": 1.0518530744217127,
  "inference_time": 0.02504110336303711
}