{
  "predicted_latency": 114.2830103635788,
  "actual_latency": 1923.719,
  "q_error": 16.832939505880184,
  "inference_time": 0.10013890266418457
}