{
  "predicted_latency": 336.3671600818634,
  "actual_latency": 90.342,
  "q_error": 3.723264484756408,
  "inference_time": 0.07119154930114746
}