{
    "embedding": [
        0.5600573420524597,
        0.5600573420524597,
        0.5600573420524597,
        0.6866236925125122,
        0.5600573420524597,
        1.1900076866149902,
        1.428012728691101,
        0.5600573420524597,
        0.7067912220954895,
        0.5600573420524597,
        0.5600573420524597,
        0.5600573420524597,
        0.5600573420524597,
        1.5934115648269653,
        3.8514883518218994,
        2.624701499938965,
        0.5600573420524597,
        2.4469878673553467,
        0.5600573420524597,
        1.6431843042373657,
        0.5600573420524597,
        0.6077567934989929,
        2.0426902770996094,
        0.5600573420524597,
        2.1023714542388916,
        2.3240745067596436,
        0.5600573420524597,
        0.5600573420524597,
        0.5600573420524597,
        0.5600573420524597,
        4.407627105712891,
        1.001624345779419,
        0.5600573420524597,
        0.5600573420524597,
        1.8777012825012207,
        2.958127021789551,
        0.5600573420524597,
        1.3227601051330566,
        3.2957444190979004,
        0.5600573420524597,
        0.5600573420524597,
        0.5600573420524597,
        0.9238016605377197,
        0.5600573420524597,
        1.742069959640503,
        0.5600573420524597,
        0.5600573420524597,
        0.9495184421539307,
        0.5600573420524597,
        4.44440221786499,
        1.4244765043258667,
        0.6718526482582092,
        0.5600573420524597,
        0.5600573420524597,
        2.7679762840270996,
        0.5600573420524597,
        0.5600573420524597,
        0.5600573420524597,
        0.5600573420524597,
        0.5600573420524597,
        0.5600573420524597,
        0.8622792363166809,
        0.5600573420524597,
        2.9883387088775635
    ],
    "timestamp": 1754258623.816667
}