{
    "embedding": [
        0.5600573420524597,
        0.5600573420524597,
        0.5600573420524597,
        0.6866236925125122,
        0.5600573420524597,
        1.190007209777832,
        1.4280126094818115,
        0.5600573420524597,
        0.7067910432815552,
        0.5600573420524597,
        0.5600573420524597,
        0.5600573420524597,
        0.5600573420524597,
        1.5934113264083862,
        3.851487636566162,
        2.624701499938965,
        0.5600573420524597,
        2.446988105773926,
        0.5600573420524597,
        1.6431843042373657,
        0.5600573420524597,
        0.6077567338943481,
        2.042689800262451,
        0.5600573420524597,
        2.1023714542388916,
        2.3240742683410645,
        0.5600573420524597,
        0.5600573420524597,
        0.5600573420524597,
        0.5600573420524597,
        4.407627105712891,
        1.0016242265701294,
        0.5600573420524597,
        0.5600573420524597,
        1.8777012825012207,
        2.958127021789551,
        0.5600573420524597,
        1.322759985923767,
        3.295743942260742,
        0.5600573420524597,
        0.5600573420524597,
        0.5600573420524597,
        0.923801600933075,
        0.5600573420524597,
        1.7420707941055298,
        0.5600573420524597,
        0.5600573420524597,
        0.9495184421539307,
        0.5600573420524597,
        4.444402694702148,
        1.4244765043258667,
        0.6718526482582092,
        0.5600573420524597,
        0.5600573420524597,
        2.7679760456085205,
        0.5600573420524597,
        0.5600573420524597,
        0.5600573420524597,
        0.5600573420524597,
        0.5600573420524597,
        0.5600573420524597,
        0.8622795343399048,
        0.5600573420524597,
        2.988339424133301
    ],
    "timestamp": 1754258622.6266556
}