{
  "predicted_latency": 623.5122680664062,
  "actual_latency": 177.598,
  "q_error": 3.510806811261423,
  "inference_time": 0.05843830108642578
}