{
  "predicted_latency": 0.010861066170036793,
  "actual_latency": 11.615493,
  "q_error": 1069.4615478515625,
  "inference_time": 0.26265883445739746,
  "timestamp": 1744727609.33528
}