{
  "predicted_latency": 94.78650665283203,
  "inference_time": 0.029018402099609375
}