{
  "query": "/*+  */ select count(*)\nfrom title AS t\ninner join cast_info AS ci\non t.id = ci.movie_id AND t.kind_id < 7 AND ci.person_id < 2178748;",
  "predicted_latency": 1192.633032798767,
  "actual_latency": 5179.139,
  "q_error": 4.342609048691238,
  "inference_time": 0.018918991088867188
}