{
  "predicted_latency": 9.937940165400505,
  "actual_latency": 445.16,
  "q_error": 44.79399076579767,
  "inference_time": 0.06092715263366699
}