{
  "predicted_latency": 125.07829070091248,
  "actual_latency": 1070.992,
  "q_error": 8.562573041239895,
  "inference_time": 0.11334753036499023
}