{
  "query": "/*+  */ select count(*)\nfrom title AS t\ninner join cast_info AS ci\non t.id = ci.movie_id AND t.kind_id < 7 AND ci.person_id < 1666617;",
  "predicted_latency": 1042.276382446289,
  "actual_latency": 4366.925,
  "q_error": 4.1897955988895665,
  "inference_time": 0.02637028694152832
}