{
  "query": "/*+  */ select count(*)\nfrom title AS t\ninner join cast_info AS ci\non t.id = ci.movie_id AND ci.person_id > 2694541 AND ci.role_id < 4;",
  "predicted_latency": 932.0665597915649,
  "actual_latency": 2289.125,
  "q_error": 2.4559673082917057,
  "inference_time": 0.01703333854675293
}