{
  "predicted_latency": 0.02913774363696575,
  "actual_latency": 0.038437,
  "q_error": 1.3191481828689575,
  "inference_time": 0.055063724517822266,
  "timestamp": 1745492932.9989824
}