{
  "predicted_latency": 618.5840964317322,
  "actual_latency": 2617.682,
  "q_error": 4.231731813184258,
  "inference_time": 0.09021782875061035
}