{
  "query": "/*+  */ select count(*)\nfrom title AS t\ninner join cast_info AS ci\non t.id = ci.movie_id AND ci.person_id > 1323853;",
  "predicted_latency": 849.6121168136597,
  "actual_latency": 7851.523,
  "q_error": 9.24130299535503,
  "inference_time": 0.025540828704833984
}