{
  "query": "/*+  */ select count(*)\nfrom title AS t\ninner join cast_info AS ci\non t.id = ci.movie_id AND ci.person_id > 1096314 AND ci.role_id > 3;",
  "predicted_latency": 911.9911789894104,
  "actual_latency": 3911.561,
  "q_error": 4.289033808785796,
  "inference_time": 0.019491910934448242
}