{
  "query": "/*+ NoNestLoop(t ci) */ select count(*)\nfrom title AS t\ninner join cast_info AS ci\non t.id = ci.movie_id AND ci.person_id > 3716066;",
  "predicted_latency": 570.5450773239136,
  "actual_latency": 1183.354,
  "q_error": 2.074076259759189,
  "inference_time": 0.014236211776733398
}