{
  "query": "/*+  */ select count(*)\nfrom title AS t\ninner join cast_info AS ci\non t.id = ci.movie_id AND ci.person_id < 2654744;",
  "predicted_latency": 996.4509606361389,
  "actual_latency": 8418.477,
  "q_error": 8.448460920370437,
  "inference_time": 0.01383519172668457
}