{
  "query": "/*+  */ select count(*)\nfrom movie_companies AS mc\ninner join title AS t\non t.id = mc.movie_id AND mc.company_id > 104665;",
  "predicted_latency": 817.2695636749268,
  "actual_latency": 438.336,
  "q_error": 1.8644819583035086,
  "inference_time": 0.0182187557220459
}