{
  "predicted_latency": 84.0105339884758,
  "actual_latency": 1047.337,
  "q_error": 12.466734232919757,
  "inference_time": 0.08754181861877441
}