{
  "query": "/*+  */ select count(*)\nfrom title AS t\ninner join cast_info AS ci\non t.id = ci.movie_id AND t.production_year < 2002 AND ci.person_id > 1341107;",
  "predicted_latency": 1426.5683889389038,
  "actual_latency": 5120.679,
  "q_error": 3.589508249098954,
  "inference_time": 0.012063741683959961
}