{
  "predicted_latency": 0.02913774363696575,
  "actual_latency": 3.578808,
  "q_error": 122.82379150390625,
  "inference_time": 1.6675033569335938,
  "timestamp": 1745771455.9545913
}