{
  "predicted_latency": 343.4886038303375,
  "actual_latency": 1778.857,
  "q_error": 5.17879481346242,
  "inference_time": 0.1647183895111084
}