{
  "predicted_latency": 473.95672607421875,
  "inference_time": 0.008534669876098633
}