{
  "predicted_latency": 322.0067322254181,
  "actual_latency": 336.42,
  "q_error": 1.0447607653261486,
  "inference_time": 0.12035989761352539
}