{
  "predicted_latency": 700.3570795059204,
  "actual_latency": 96.141,
  "q_error": 7.284686861026205,
  "inference_time": 0.1306319236755371
}