{
  "predicted_latency": 0.0291377454996109,
  "actual_latency": 2.9451729999999996,
  "q_error": 101.07759094238281,
  "inference_time": 0.16559362411499023,
  "timestamp": 1745479886.854134
}