{
  "predicted_latency": 888.922393321991,
  "actual_latency": 25.227,
  "q_error": 35.236944278827885,
  "inference_time": 0.04949760437011719
}