{
    "embedding": [
        0.5538478493690491,
        0.5538478493690491,
        0.5538478493690491,
        0.6759442687034607,
        0.5538478493690491,
        1.1750832796096802,
        0.5538478493690491,
        0.5538478493690491,
        0.7003379464149475,
        0.5538478493690491,
        0.5538478493690491,
        0.5538478493690491,
        0.5538478493690491,
        1.5701717138290405,
        3.7923707962036133,
        2.4657561779022217,
        0.5538478493690491,
        2.605668067932129,
        0.5538478493690491,
        1.6220223903656006,
        0.9793756008148193,
        0.5952600240707397,
        2.0146420001983643,
        0.5538478493690491,
        1.2551898956298828,
        2.2933404445648193,
        0.5538478493690491,
        0.5538478493690491,
        0.5538478493690491,
        0.5538478493690491,
        3.29109525680542,
        0.9852697253227234,
        0.5538478493690491,
        0.5538478493690491,
        1.8977566957473755,
        2.427701950073242,
        0.5538478493690491,
        1.300925374031067,
        3.2494685649871826,
        0.5538478493690491,
        0.5538478493690491,
        0.5538478493690491,
        0.9091900587081909,
        0.5538478493690491,
        1.2505853176116943,
        0.5538478493690491,
        0.5538478493690491,
        0.9343467950820923,
        0.5538478493690491,
        4.380683422088623,
        1.50068199634552,
        0.6711207032203674,
        0.5538478493690491,
        0.5538478493690491,
        2.74511456489563,
        0.5538478493690491,
        0.5538478493690491,
        0.5538478493690491,
        0.5538478493690491,
        0.5538478493690491,
        0.5538478493690491,
        0.8558003902435303,
        0.5538478493690491,
        2.8997719287872314
    ],
    "timestamp": 1754258674.394878
}