{
    "embedding": [
        0.5538478493690491,
        0.5538478493690491,
        0.5538478493690491,
        0.6759443283081055,
        0.5538478493690491,
        1.1750837564468384,
        0.5538478493690491,
        0.5538478493690491,
        0.7003382444381714,
        0.5538478493690491,
        0.5538478493690491,
        0.5538478493690491,
        0.5538478493690491,
        1.5701717138290405,
        3.792370557785034,
        2.4657561779022217,
        0.5538478493690491,
        2.605668067932129,
        0.5538478493690491,
        1.6220226287841797,
        0.9793757200241089,
        0.5952601432800293,
        2.0146422386169434,
        0.5538478493690491,
        1.2551896572113037,
        2.2933404445648193,
        0.5538478493690491,
        0.5538478493690491,
        0.5538478493690491,
        0.5538478493690491,
        3.291095018386841,
        0.9852697253227234,
        0.5538478493690491,
        0.5538478493690491,
        1.8977566957473755,
        2.427701950073242,
        0.5538478493690491,
        1.3009252548217773,
        3.2494685649871826,
        0.5538478493690491,
        0.5538478493690491,
        0.5538478493690491,
        0.9091902375221252,
        0.5538478493690491,
        1.2505851984024048,
        0.5538478493690491,
        0.5538478493690491,
        0.9343469738960266,
        0.5538478493690491,
        4.380682945251465,
        1.50068199634552,
        0.6711207032203674,
        0.5538478493690491,
        0.5538478493690491,
        2.745115041732788,
        0.5538478493690491,
        0.5538478493690491,
        0.5538478493690491,
        0.5538478493690491,
        0.5538478493690491,
        0.5538478493690491,
        0.8558003306388855,
        0.5538478493690491,
        2.899771213531494
    ],
    "timestamp": 1754258673.299894
}