{
  "predicted_latency": 46.72280699014664,
  "actual_latency": 9.483,
  "q_error": 4.927006958783785,
  "inference_time": 0.08211803436279297
}