{
  "query": "/*+  */ select count(*)\nfrom title AS t\ninner join cast_info AS ci\non t.id = ci.movie_id AND t.production_year > 2009 AND ci.person_id > 1399192;",
  "predicted_latency": 1594.8606729507446,
  "actual_latency": 4144.15,
  "q_error": 2.5984401460803883,
  "inference_time": 0.013858795166015625
}