{
  "query": "/*+  */ select count(*)\nfrom movie_companies AS mc\ninner join title AS t\non t.id = mc.movie_id AND mc.company_id > 27;",
  "predicted_latency": 1207.6306343078613,
  "actual_latency": 1193.892,
  "q_error": 1.0115074347661777,
  "inference_time": 0.018703460693359375
}