{
  "predicted_latency": 133.33917236328125,
  "inference_time": 0.021047353744506836
}