{
  "predicted_latency": 379.4028625488281,
  "inference_time": 0.009083032608032227
}