{
  "predicted_latency": 1174.022705078125,
  "inference_time": 0.014248847961425781
}