{
  "query": "/*+  */ select count(*)\nfrom title AS t\ninner join cast_info AS ci\non t.id = ci.movie_id AND ci.person_id < 2925733 AND ci.role_id > 1;",
  "predicted_latency": 1152.9743671417236,
  "actual_latency": 6618.229,
  "q_error": 5.740135417239928,
  "inference_time": 0.03039407730102539
}