{
  "query": "/*+  */ select count(*)\nfrom movie_keyword AS mk\ninner join title AS t\non t.id = mk.movie_id AND mk.keyword_id < 55467;",
  "predicted_latency": 1224.1443395614624,
  "actual_latency": 1158.522,
  "q_error": 1.0566431535710694,
  "inference_time": 0.02888011932373047
}