{
  "predicted_latency": 216.85999631881714,
  "actual_latency": 1912.093,
  "q_error": 8.817177130211387,
  "inference_time": 0.11588001251220703
}