{
  "predicted_latency": 235.80218505859375,
  "inference_time": 0.025368213653564453
}