{
  "query": "/*+  */ select count(*)\nfrom movie_keyword AS mk\ninner join title AS t\non t.id = mk.movie_id AND mk.keyword_id < 47798;",
  "predicted_latency": 1213.5165929794312,
  "actual_latency": 1371.05,
  "q_error": 1.1298156184529724,
  "inference_time": 0.03626251220703125
}