{
  "predicted_latency": 0.02913774363696575,
  "actual_latency": 11.609694,
  "q_error": 398.4417419433594,
  "inference_time": 2.5603244304656982,
  "timestamp": 1745761539.037008
}