{
  "query": "/*+ NoNestLoop(t ci) */ select count(*)\nfrom title AS t\ninner join cast_info AS ci\non t.id = ci.movie_id AND ci.person_id < 1338327;",
  "predicted_latency": 641.0519480705261,
  "actual_latency": 4831.43,
  "q_error": 7.5367215005615495,
  "inference_time": 0.017126798629760742
}