{
  "predicted_latency": 476.5695631504059,
  "actual_latency": 90.618,
  "q_error": 5.259104848378975,
  "inference_time": 0.10780739784240723
}