{
  "pg_runtime": 2969.592,
  "opt_runtime": 2963.502,
  "pg_slowdown": 1.0020550011439169,
  "pg_opt_diff": 6.0900000000001455,
  "original_num_of_plans": 2,
  "pg_plan_card_error": 1.0828997003584997,
  "opt_plan_card_error": 1.0,
  "num_tables": 2,
  "opt_hint": "/*+ Rows(cast_info title #4533382) */"
}