{
  "predicted_latency": 0.02913774736225605,
  "actual_latency": 17.898535,
  "q_error": 614.2731323242188,
  "inference_time": 2.4077188968658447,
  "timestamp": 1745479512.7395756
}