{
  "predicted_latency": 0.02913774363696575,
  "actual_latency": 1.5028599999999999,
  "q_error": 51.57777404785156,
  "inference_time": 2.1746857166290283,
  "timestamp": 1745481375.0685241
}