{
  "predicted_latency": 191.93699955940247,
  "actual_latency": 247.953,
  "q_error": 1.2918457648560937,
  "inference_time": 0.14256572723388672
}