{
  "query": "/*+  */ select count(*)\nfrom title AS t\ninner join cast_info AS ci\non t.id = ci.movie_id AND ci.person_id < 2600643 AND ci.role_id > 1;",
  "predicted_latency": 998.6221194267273,
  "actual_latency": 5224.636,
  "q_error": 5.231844857391376,
  "inference_time": 0.026537418365478516
}