{
  "query": "/*+  */ select count(*)\nfrom title AS t\ninner join cast_info AS ci\non t.id = ci.movie_id AND ci.person_id > 1184949 AND ci.role_id < 3;",
  "predicted_latency": 911.0202789306641,
  "actual_latency": 5943.863,
  "q_error": 6.524402516019488,
  "inference_time": 0.019040584564208984
}