{
  "query": "/*+  */ select count(*)\nfrom title AS t\ninner join movie_keyword AS mk\non t.id = mk.movie_id AND t.kind_id = 2;",
  "predicted_latency": 1105.6005954742432,
  "actual_latency": 414.735,
  "q_error": 2.6658000783011877,
  "inference_time": 0.025158166885375977
}