{
  "query": "/*+  */ select count(*)\nfrom title AS t\ninner join cast_info AS ci\non t.id = ci.movie_id AND ci.person_id > 572020 AND ci.role_id = 6;",
  "predicted_latency": 1073.1616020202637,
  "actual_latency": 872.781,
  "q_error": 1.2295886390976245,
  "inference_time": 0.01883411407470703
}