{
  "query": "/*+ NoNestLoop(t ci) */ select count(*)\nfrom title AS t\ninner join cast_info AS ci\non t.id = ci.movie_id AND ci.person_id > 2364455;",
  "predicted_latency": 640.7150030136108,
  "actual_latency": 5153.155,
  "q_error": 8.042819312427635,
  "inference_time": 0.016360044479370117
}