{
  "predicted_latency": 236.23265326023102,
  "actual_latency": 471.405,
  "q_error": 1.995511600509799,
  "inference_time": 0.16039609909057617
}