{
  "predicted_latency": 1447.6163330078125,
  "inference_time": 0.05909848213195801
}