{
  "predicted_latency": 0.02913774736225605,
  "actual_latency": 5.4047160000000005,
  "q_error": 185.48846435546875,
  "inference_time": 0.0816495418548584,
  "timestamp": 1745492903.020441
}