{
  "embedding": [
    0.8058757511336513,
    0.8866685858400571,
    3.509118786244522,
    0.12742296558495686,
    0.6862180595675338,
    2.160836668187443,
    0.9419967271149244,
    2.1756851782333344,
    0.8445393753216637,
    2.8092749585878924,
    3.36979335043865,
    2.3242191209406315,
    2.034512521855627,
    1.9984004096790606,
    0.17667542637154565,
    2.917648955271085,
    0.3512577979695292,
    3.2422357447927155,
    0.6243866648897055,
    1.3806817951641355,
    1.5882858117640768,
    1.6060160425964738,
    1.4151341475125627,
    0.1052574289873357,
    0.806908804597971,
    1.800681026698108,
    3.148739216533224,
    3.0984880476897,
    3.3341306994367454,
    2.3767362902177926,
    1.9562125275597286,
    1.4319514599634877,
    0.7902674573224071,
    1.7596966556750688,
    4.466914510619192,
    1.0527151883906596,
    1.6386784979972364,
    0.29968810547761665,
    1.950953003330496,
    3.5013177889241245,
    2.019441932592596,
    2.61682356736346,
    2.7270387827497355,
    0.36327317182586627,
    1.1922564584198618,
    1.8836107889609808,
    2.8318484757814453,
    2.1095247987383394,
    3.8998061393642143,
    1.105971972269812,
    1.0767524876969874,
    3.7288065280769103,
    1.9708504743556456,
    0.8616798643909487,
    1.0424862274998863,
    1.4629495101232526,
    3.6100868865757034,
    2.4632571249421096,
    1.4492885899052181,
    1.2521024695027314,
    0.1400686125427548,
    0.6306647703403693,
    1.1226165088456597,
    3.6262503525057745
  ],
  "timestamp": 1754305690.7022383
}