{
  "embedding": [
    0.9419189270785088,
    0.9770077064766872,
    3.664734002308574,
    0.15512245566040833,
    0.8106242908096896,
    2.278006748460694,
    1.0039175041443213,
    2.3522383497705057,
    0.911934077695885,
    2.9352189317561295,
    3.5672755289563725,
    2.332914841533597,
    2.1675128736271216,
    2.065690985994285,
    0.19659017906306686,
    2.991217815061312,
    0.39010284707702747,
    3.2928370370188946,
    0.6612075700866334,
    1.5632526706033611,
    1.778707822144216,
    1.6796733122521814,
    1.5788871682834547,
    0.12062142955633307,
    0.9152815602006938,
    1.933233836216665,
    3.244267509771268,
    3.2474421950002563,
    3.5740361456906924,
    2.519099025915534,
    2.0516917660426177,
    1.5258426878051035,
    0.8147869434341058,
    1.7805376998902536,
    4.562286519033419,
    1.23670656944908,
    1.7306730120624652,
    0.3234187879479258,
    2.1018475075884324,
    3.6832555772470696,
    2.1570416872385683,
    2.833217797568942,
    2.8678844332112945,
    0.3786154278912543,
    1.2842701746864806,
    1.9782548175414356,
    3.151122382518506,
    2.211666785095706,
    4.038389268559973,
    1.1141911141967213,
    1.1490809631357501,
    3.9398643487417466,
    2.1300991811721635,
    1.0016557879880372,
    1.088905086982731,
    1.6456257743856046,
    3.667875171256705,
    2.6956544261493955,
    1.5333121111161254,
    1.4323287765382697,
    0.2572443017128048,
    0.7977922576516894,
    1.2295114012142323,
    3.7829478578684004
  ],
  "timestamp": 1754305693.1134346
}