{
    "embedding": [
        0.5593835115432739,
        0.5593835115432739,
        0.5593835115432739,
        0.6708547472953796,
        0.5593835115432739,
        1.2840330600738525,
        0.5593835115432739,
        0.5593835115432739,
        0.7215742468833923,
        0.5593835115432739,
        0.5593835115432739,
        0.5593835115432739,
        0.5593835115432739,
        1.8029049634933472,
        3.6232144832611084,
        2.560649871826172,
        0.5593835115432739,
        1.6798357963562012,
        0.5593835115432739,
        1.1558085680007935,
        0.5593835115432739,
        0.5953812003135681,
        1.2912887334823608,
        0.5593835115432739,
        1.3460208177566528,
        2.0287580490112305,
        0.5593835115432739,
        0.5593835115432739,
        0.5593835115432739,
        0.5593835115432739,
        3.6712210178375244,
        0.9770056009292603,
        0.5593835115432739,
        0.5593835115432739,
        2.2632064819335938,
        2.955251932144165,
        0.5593835115432739,
        1.3080930709838867,
        3.2543540000915527,
        0.5593835115432739,
        0.5593835115432739,
        0.5593835115432739,
        0.9450088143348694,
        0.5593835115432739,
        1.3072110414505005,
        0.5593835115432739,
        0.5593835115432739,
        0.947354257106781,
        0.5593835115432739,
        2.8784425258636475,
        1.6873326301574707,
        0.6970367431640625,
        0.5593835115432739,
        0.5593835115432739,
        2.3077399730682373,
        0.5593835115432739,
        0.5593835115432739,
        0.5593835115432739,
        0.5593835115432739,
        0.6617310643196106,
        0.5593835115432739,
        0.5593835115432739,
        0.5593835115432739,
        2.8434436321258545
    ],
    "timestamp": 1754257665.6264226
}