{
    "embedding": [
        0.5593835115432739,
        0.5593835115432739,
        0.5593835115432739,
        0.6708547472953796,
        0.5593835115432739,
        1.2840332984924316,
        0.5593835115432739,
        0.5593835115432739,
        0.7215741872787476,
        0.5593835115432739,
        0.5593835115432739,
        0.5593835115432739,
        0.5593835115432739,
        1.8029052019119263,
        3.62321400642395,
        2.5606493949890137,
        0.5593835115432739,
        1.6798357963562012,
        0.5593835115432739,
        1.1558083295822144,
        0.5593835115432739,
        0.5953812003135681,
        1.2912886142730713,
        0.5593835115432739,
        1.3460201025009155,
        2.0287582874298096,
        0.5593835115432739,
        0.5593835115432739,
        0.5593835115432739,
        0.5593835115432739,
        3.6712210178375244,
        0.9770057797431946,
        0.5593835115432739,
        0.5593835115432739,
        2.2632064819335938,
        2.955251693725586,
        0.5593835115432739,
        1.3080929517745972,
        3.2543535232543945,
        0.5593835115432739,
        0.5593835115432739,
        0.5593835115432739,
        0.9450087547302246,
        0.5593835115432739,
        1.3072113990783691,
        0.5593835115432739,
        0.5593835115432739,
        0.947354257106781,
        0.5593835115432739,
        2.8784425258636475,
        1.6873325109481812,
        0.6970367431640625,
        0.5593835115432739,
        0.5593835115432739,
        2.3077402114868164,
        0.5593835115432739,
        0.5593835115432739,
        0.5593835115432739,
        0.5593835115432739,
        0.6617310643196106,
        0.5593835115432739,
        0.5593835115432739,
        0.5593835115432739,
        2.8434433937072754
    ],
    "timestamp": 1754257665.0134335
}