{
  "predicted_latency": 612.7968430519104,
  "actual_latency": 498.724,
  "q_error": 1.2287294035416592,
  "inference_time": 0.08582401275634766
}