{
  "pg_runtime": 1257.164,
  "opt_runtime": 1139.162,
  "pg_slowdown": 1.10358667160597,
  "pg_opt_diff": 118.00199999999995,
  "original_num_of_plans": 30,
  "pg_plan_card_error": 5406.0,
  "opt_plan_card_error": 1.0,
  "num_tables": 10,
  "opt_hint": "/*+ Rows(ci n #36244344) Rows(kt t #274015) Rows(chn ci #623586) Rows(k mk #24091) Rows(cc cct2 #135086) Rows(ci t #21334720) Rows(cc cct1 #85941) Rows(cc ci #5212164) Rows(mk t #1970380) Rows(cc mk #2171367) Rows(cc t #38722) Rows(ci mk #215765477) Rows(cc cct2 mk #2171367) Rows(cc ci mk #157283028) Rows(cc ci n #5212164) Rows(ci mk t #114182642) Rows(ci k mk #1176263) Rows(cc cct1 ci #3409569) Rows(ci kt t #4911717) Rows(cc cct1 mk #1436647) Rows(chn ci mk #7359406) Rows(cc chn ci #183541) Rows(chn ci n #623586) Rows(cc cct2 t #38722) Rows(cc ci t #1702654) Rows(k mk t #10613) Rows(kt mk t #1053171) Rows(cc k mk #9392) Rows(ci n t #21334720) Rows(cc mk t #468474) Rows(cc cct1 t #23557) Rows(chn ci t #296510) Rows(cc kt t #6234) Rows(ci mk n #215765477) Rows(cc cct2 ci #5212164) Rows(cc cct1 cct2 #85941) Rows(cc cct2 kt t #6234) Rows(cc ci n t #1702654) Rows(cc cct1 cct2 t #23557) Rows(ci mk n t #114182642) Rows(cc cct1 ci t #1113925) Rows(cc chn ci t #30253) Rows(chn ci mk n #7359406) Rows(cc k mk t #2052) Rows(cc ci mk n #157283028) Rows(cc kt mk t #355758) Rows(cc cct2 ci mk #157283028) Rows(cc cct1 chn ci #118833) Rows(cc cct2 ci n #5212164) Rows(ci kt n t #4911717) Rows(chn ci k mk #36816) Rows(chn ci kt t #98725) Rows(k kt mk t #5032) Rows(chn ci mk t #2728808) Rows(cc cct1 mk t #365390) Rows(ci k mk n #1176263) Rows(cc cct1 k mk #6396) Rows(cc ci k mk #704280) Rows(cc cct1 kt t #4696) Rows(cc cct1 cct2 ci #3409569) Rows(cc ci kt t #487001) Rows(cc cct2 chn ci #183541) Rows(cc ci mk t #56194507) Rows(cc cct2 ci t #1702654) Rows(cc cct1 cct2 mk #1436647) Rows(ci kt mk t #84217062) Rows(cc cct1 ci mk #109052152) Rows(cc cct1 ci n #3409569) Rows(cc cct2 k mk #9392) Rows(chn ci n t #296510) Rows(ci k mk t #630025) Rows(cc chn ci mk #7089299) Rows(cc cct2 mk t #468474) Rows(cc chn ci n #183541) Rows(chn ci kt n t #98725) Rows(cc cct1 ci k mk #505830) Rows(cc cct1 ci kt t #395336) Rows(cc cct2 chn ci mk #7089299) Rows(cc cct2 chn ci n #183541) Rows(cc cct1 ci mk t #45206995) Rows(cc chn ci mk n #7089299) Rows(cc cct1 cct2 ci t #1113925) Rows(cc cct2 ci n t #1702654) Rows(cc ci kt mk t #49917740) Rows(cc cct1 cct2 chn ci #118833) Rows(cc cct1 kt mk t #294672) Rows(cc ci k mk n #704280) Rows(ci k mk n t #630025) Rows(cc cct1 chn ci mk #4614301) Rows(cc cct1 chn ci n #118833) Rows(cc chn ci k mk #30558) Rows(cc cct2 chn ci t #30253) Rows(cc cct1 cct2 k mk #6396) Rows(cc ci mk n t #56194507) Rows(cc chn ci mk t #1536548) Rows(cc cct1 cct2 kt t #4696) Rows(cc cct2 kt mk t #355758) Rows(cc chn ci kt t #13456) Rows(cc cct1 cct2 mk t #365390) Rows(cc cct2 k mk t #2052) Rows(cc k kt mk t #1485) Rows(cc cct2 ci mk n #157283028) Rows(cc cct1 ci n t #1113925) Rows(cc ci k mk t #248924) Rows(chn ci mk n t #2728808) Rows(chn ci kt mk t #2221189) Rows(cc cct1 chn ci t #21516) Rows(chn ci k mk n #36816) Rows(ci kt mk n t #84217062) Rows(cc ci kt n t #487001) Rows(ci k kt mk t #406258) Rows(cc cct2 ci k mk #704280) Rows(cc cct2 ci kt t #487001) Rows(cc chn ci n t #30253) Rows(cc cct2 ci mk t #56194507) Rows(cc cct1 k mk t #1595) Rows(cc cct1 ci mk n #109052152) Rows(cc cct1 cct2 ci mk #109052152) Rows(cc cct1 cct2 ci n #3409569) Rows(chn ci k mk t #14906) Rows(cc cct2 ci k mk n #704280) Rows(cc cct2 chn ci kt t #13456) Rows(cc chn ci k mk n #30558) Rows(cc cct1 cct2 ci k mk #505830) Rows(cc cct2 chn ci k mk #30558) Rows(cc cct1 chn ci k mk #20718) Rows(cc cct1 cct2 ci kt t #395336) Rows(cc chn ci mk n t #1536548) Rows(cc cct1 chn ci mk t #1223981) Rows(cc cct1 chn ci kt t #10764) Rows(cc cct1 cct2 k mk t #1595) Rows(chn ci kt mk n t #2221189) Rows(cc cct2 ci kt n t #487001) Rows(cc chn ci kt mk t #1418058) Rows(cc cct2 ci k mk t #248924) Rows(cc chn ci k mk t #6839) Rows(chn ci k mk n t #14906) Rows(cc cct1 cct2 ci n t #1113925) Rows(cc cct2 chn ci n t #30253) Rows(cc ci kt mk n t #49917740) Rows(cc cct1 cct2 chn ci mk #4614301) Rows(cc cct1 cct2 ci mk n #109052152) Rows(cc cct1 k kt mk t #1267) Rows(cc cct1 cct2 chn ci n #118833) Rows(cc cct1 ci mk n t #45206995) Rows(cc cct1 ci kt mk t #41145539) Rows(cc chn ci kt n t #13456) Rows(cc cct1 ci k mk n #505830) Rows(cc cct2 chn ci mk n #7089299) Rows(cc ci k mk n t #248924) Rows(cc cct1 chn ci n t #21516) Rows(ci k kt mk n t #406258) Rows(cc cct2 k kt mk t #1485) Rows(chn ci k kt mk t #11231) Rows(cc cct2 ci mk n t #56194507) Rows(cc cct1 chn ci mk n #4614301) Rows(cc cct1 cct2 kt mk t #294672) Rows(cc cct1 cct2 chn ci t #21516) Rows(cc cct1 cct2 ci mk t #45206995) Rows(cc ci k kt mk t #220880) Rows(cc cct2 ci kt mk t #49917740) Rows(cc cct1 ci kt n t #395336) Rows(cc cct2 chn ci mk t #1536548) Rows(cc cct1 ci k mk t #207277) Rows(cc cct1 cct2 ci kt mk t #41145539) Rows(chn ci k kt mk n t #11231) Rows(cc cct1 cct2 chn ci mk n #4614301) Rows(cc cct1 cct2 ci k mk t #207277) Rows(cc cct1 chn ci kt mk t #1146265) Rows(cc cct2 ci kt mk n t #49917740) Rows(cc chn ci k mk n t #6839) Rows(cc cct2 chn ci mk n t #1536548) Rows(cc cct1 ci k kt mk t #189844) Rows(cc cct2 ci k mk n t #248924) Rows(cc cct2 ci k kt mk t #220880) Rows(cc chn ci k kt mk t #6371) Rows(cc cct1 cct2 chn ci k mk #20718) Rows(cc cct1 cct2 ci mk n t #45206995) Rows(cc cct1 cct2 chn ci mk t #1223981) Rows(cc cct1 chn ci kt n t #10764) Rows(cc cct1 cct2 chn ci kt t #10764) Rows(cc chn ci kt mk n t #1418058) Rows(cc cct2 chn ci kt mk t #1418058) Rows(cc cct1 cct2 ci kt n t #395336) Rows(cc cct2 chn ci k mk n #30558) Rows(cc cct1 chn ci k mk n #20718) Rows(cc cct1 ci kt mk n t #41145539) Rows(cc cct1 cct2 k kt mk t #1267) Rows(cc cct1 cct2 chn ci n t #21516) Rows(cc cct1 chn ci mk n t #1223981) Rows(cc cct1 ci k mk n t #207277) Rows(cc cct1 cct2 ci k mk n #505830) Rows(cc ci k kt mk n t #220880) Rows(cc cct2 chn ci k mk t #6839) Rows(cc cct1 chn ci k mk t #5719) Rows(cc cct2 chn ci kt n t #13456) Rows(cc cct2 chn ci k mk n t #6839) Rows(cc cct1 cct2 chn ci kt n t #10764) Rows(cc cct1 ci k kt mk n t #189844) Rows(cc cct2 chn ci kt mk n t #1418058) Rows(cc cct1 cct2 ci k mk n t #207277) Rows(cc cct1 cct2 ci kt mk n t #41145539) Rows(cc cct2 chn ci k kt mk t #6371) Rows(cc cct1 chn ci kt mk n t #1146265) Rows(cc chn ci k kt mk n t #6371) Rows(cc cct1 cct2 chn ci k mk n #20718) Rows(cc cct1 cct2 chn ci kt mk t #1146265) Rows(cc cct1 cct2 chn ci k mk t #5719) Rows(cc cct1 chn ci k kt mk t #5406) Rows(cc cct1 chn ci k mk n t #5719) Rows(cc cct1 cct2 ci k kt mk t #189844) Rows(cc cct2 ci k kt mk n t #220880) Rows(cc cct1 cct2 chn ci mk n t #1223981) Rows(cc cct1 cct2 chn ci k kt mk t #5406) Rows(cc cct1 cct2 chn ci k mk n t #5719) Rows(cc cct1 chn ci k kt mk n t #5406) Rows(cc cct1 cct2 chn ci kt mk n t #1146265) Rows(cc cct2 chn ci k kt mk n t #6371) Rows(cc cct1 cct2 ci k kt mk n t #189844) Rows(cc cct1 cct2 chn ci k kt mk n t #5406) */"
}