{
  "predicted_latency": 41.59019887447357,
  "actual_latency": 2984.154,
  "q_error": 71.7513760635455,
  "inference_time": 0.10628199577331543
}