{
  "predicted_latency": 163.2714569568634,
  "actual_latency": 587.556,
  "q_error": 3.5986449251520636,
  "inference_time": 0.12198114395141602
}