{
  "predicted_latency": 596.5423583984375,
  "actual_latency": 4784.08,
  "q_error": 8.019681976723366,
  "inference_time": 0.09209084510803223
}