{
  "query": "/*+  */ select count(*)\nfrom title AS t\ninner join movie_info AS mi\non t.id = mi.movie_id AND t.production_year < 1979;",
  "predicted_latency": 1200.3165483474731,
  "actual_latency": 2183.499,
  "q_error": 1.8191026383882782,
  "inference_time": 0.022452592849731445
}