{
  "predicted_latency": 915.5032634735107,
  "actual_latency": 15811.408,
  "q_error": 17.270728167598158,
  "inference_time": 0.04510378837585449
}