{
  "predicted_latency": 936.8119835853577,
  "actual_latency": 2446.533,
  "q_error": 2.611551776522598,
  "inference_time": 0.10993432998657227
}