{
  "query": "/*+  */ select count(*)\nfrom title AS t\ninner join cast_info AS ci\non t.id = ci.movie_id AND t.production_year < 1986;",
  "predicted_latency": 1346.1822271347046,
  "actual_latency": 5043.11,
  "q_error": 3.7462313038659403,
  "inference_time": 0.02560567855834961
}