{
  "query": "/*+  */ select count(*)\nfrom title AS t\ninner join cast_info AS ci\non t.id = ci.movie_id AND t.kind_id = 1 AND t.production_year > 1999 AND ci.person_id > 1148946;",
  "predicted_latency": 1463.2680416107178,
  "actual_latency": 4309.954,
  "q_error": 2.9454302816972224,
  "inference_time": 0.02737569808959961
}