{
  "query": "/*+  */ select count(*)\nfrom title AS t\ninner join cast_info AS ci\non t.id = ci.movie_id AND ci.person_id < 1895542 AND ci.role_id > 1;",
  "predicted_latency": 942.5675272941589,
  "actual_latency": 3565.852,
  "q_error": 3.7831262978436553,
  "inference_time": 0.026555538177490234
}