{
  "predicted_latency": 0.02913774736225605,
  "actual_latency": 11.088325999999999,
  "q_error": 380.54852294921875,
  "inference_time": 0.9344828128814697,
  "timestamp": 1745760924.3366704
}