{
  "predicted_latency": 0.02913774736225605,
  "actual_latency": 1.410018,
  "q_error": 48.39145278930664,
  "inference_time": 0.523669958114624,
  "timestamp": 1745770421.4869285
}