{
  "query": "/*+  */ select count(*)\nfrom title AS t\ninner join cast_info AS ci\non t.id = ci.movie_id AND t.kind_id = 7 AND t.production_year < 2001 AND ci.person_id > 2186296;",
  "predicted_latency": 1438.095211982727,
  "actual_latency": 3187.775,
  "q_error": 2.2166647753488857,
  "inference_time": 0.012080192565917969
}