{
  "pg_runtime": 16227.974,
  "opt_runtime": 7671.487,
  "pg_slowdown": 2.115362249848041,
  "pg_opt_diff": 8556.487000000001,
  "original_num_of_plans": 15,
  "pg_plan_card_error": 2237.405213270142,
  "opt_plan_card_error": 1.0,
  "num_tables": 7,
  "opt_hint": "/*+ Rows(ci n #36244344) Rows(mc t #2609129) Rows(k mk #41840) Rows(cn mc #1153798) Rows(ci t #36244344) Rows(ci mc #80274241) Rows(mk t #4523930) Rows(mc mk #34863638) Rows(ci mk #215765477) Rows(cn mc t #1153798) Rows(k mc mk #148552) Rows(ci n t #36244344) Rows(ci mk t #215765477) Rows(ci mc mk #3101350543) Rows(ci k mk #1038393) Rows(k mk t #41840) Rows(ci mc n #80274241) Rows(cn mc mk #12177631) Rows(ci mc t #80274241) Rows(mc mk t #34863638) Rows(ci cn mc #32289229) Rows(ci mk n #215765477) Rows(cn k mc mk #68316) Rows(ci cn mc mk #916402420) Rows(ci mc n t #80274241) Rows(k mc mk t #148552) Rows(ci mc mk n #3101350543) Rows(ci cn mc t #32289229) Rows(ci k mk n #1038393) Rows(ci cn mc n #32289229) Rows(cn mc mk t #12177631) Rows(ci mc mk t #3101350543) Rows(ci mk n t #215765477) Rows(ci k mk t #1038393) Rows(ci k mc mk #7796926) Rows(ci cn mc n t #32289229) Rows(ci cn mc mk n #916402420) Rows(ci k mc mk n #7796926) Rows(ci k mc mk t #7796926) Rows(ci k mk n t #1038393) Rows(cn k mc mk t #68316) Rows(ci cn mc mk t #916402420) Rows(ci mc mk n t #3101350543) Rows(ci cn k mc mk #2832555) Rows(ci cn k mc mk t #2832555) Rows(ci cn mc mk n t #916402420) Rows(ci k mc mk n t #7796926) Rows(ci cn k mc mk n #2832555) Rows(ci cn k mc mk n t #2832555) */"
}