{
  "predicted_latency": 286.456298828125,
  "inference_time": 0.011016368865966797
}