{
  "query": "/*+ NoNestLoop(t ci) */ select count(*)\nfrom title AS t\ninner join cast_info AS ci\non t.id = ci.movie_id AND ci.person_id > 1611001;",
  "predicted_latency": 729.8231720924377,
  "actual_latency": 7291.622,
  "q_error": 9.990943393993058,
  "inference_time": 0.019028902053833008
}