{
  "query": "/*+  */ select count(*)\nfrom title AS t\ninner join cast_info AS ci\non t.id = ci.movie_id AND ci.person_id > 1187225;",
  "predicted_latency": 918.0968403816223,
  "actual_latency": 7403.625,
  "q_error": 8.064100293518665,
  "inference_time": 0.02629852294921875
}