{
  "predicted_latency": 170.96801102161407,
  "actual_latency": 4623.745,
  "q_error": 27.044503661070596,
  "inference_time": 0.12528181076049805
}