{
  "predicted_latency": 326.47350430488586,
  "actual_latency": 164.521,
  "q_error": 1.9843880374231004,
  "inference_time": 0.0673975944519043
}