{
  "predicted_latency": 421.20108008384705,
  "actual_latency": 108.486,
  "q_error": 3.8825385771790555,
  "inference_time": 0.04579353332519531
}