{
  "predicted_latency": 458.1100046634674,
  "actual_latency": 4259.251,
  "q_error": 9.29744156783673,
  "inference_time": 0.07213187217712402
}