{
  "query": "/*+  */ select count(*)\nfrom title AS t\ninner join cast_info AS ci\non t.id = ci.movie_id AND t.kind_id = 1 AND ci.person_id > 417505;",
  "predicted_latency": 1065.3430223464966,
  "actual_latency": 5144.011,
  "q_error": 4.828502080644351,
  "inference_time": 0.026566505432128906
}