{
  "query": "/*+  */ select count(*)\nfrom title AS t\ninner join cast_info AS ci\non t.id = ci.movie_id AND ci.person_id > 2495591 AND ci.role_id < 4;",
  "predicted_latency": 936.9816780090332,
  "actual_latency": 3262.105,
  "q_error": 3.48150350915245,
  "inference_time": 0.02633833885192871
}