{
  "predicted_latency": 846.7607421875,
  "inference_time": 0.008426666259765625
}