{
  "query": "/*+  */ select count(*)\nfrom title AS t\ninner join movie_companies AS mc\non t.id = mc.movie_id AND t.production_year < 1975;",
  "predicted_latency": 1281.0237407684326,
  "actual_latency": 531.201,
  "q_error": 2.4115612372123407,
  "inference_time": 0.030452489852905273
}