{
  "predicted_latency": 134.15106201171875,
  "inference_time": 0.03168129920959473
}