{
  "predicted_latency": 0.0291377454996109,
  "actual_latency": 17.741466,
  "q_error": 608.8826293945312,
  "inference_time": 0.20842194557189941,
  "timestamp": 1745493165.9012997
}