{
  "predicted_latency": 0.02913774363696575,
  "actual_latency": 4.905969,
  "q_error": 168.3716278076172,
  "inference_time": 1.0467681884765625,
  "timestamp": 1745452340.5532124
}