{
  "query": "/*+  */ select count(*)\nfrom movie_companies AS mc\ninner join title AS t\non t.id = mc.movie_id AND mc.company_id = 180195;",
  "predicted_latency": 383.5645020008087,
  "actual_latency": 0.133,
  "q_error": 2883.9436240662308,
  "inference_time": 0.027039527893066406
}