{
  "query": "/*+  */ select count(*)\nfrom title AS t\ninner join cast_info AS ci\non t.id = ci.movie_id AND t.kind_id < 4 AND ci.person_id < 2459596 AND ci.role_id = 1;",
  "predicted_latency": 1271.1035013198853,
  "actual_latency": 2933.145,
  "q_error": 2.3075579580689443,
  "inference_time": 0.015210390090942383
}