{
  "query": "/*+  */ select count(*)\nfrom title AS t\ninner join cast_info AS ci\non t.id = ci.movie_id AND ci.person_id < 2394873;",
  "predicted_latency": 875.1120567321777,
  "actual_latency": 7786.934,
  "q_error": 8.898213594585567,
  "inference_time": 0.018945932388305664
}