{
  "query": "/*+  */ select count(*)\nfrom cast_info AS ci\ninner join title AS t\non t.id = ci.movie_id AND t.production_year = 2011;",
  "predicted_latency": 1147.9122638702393,
  "actual_latency": 3789.636,
  "q_error": 3.301328959778744,
  "inference_time": 0.026286602020263672
}