{
  "predicted_latency": 983.1674695014954,
  "actual_latency": 373.292,
  "q_error": 2.6337758899239616,
  "inference_time": 0.10675358772277832
}