{
  "predicted_latency": 0.02913774736225605,
  "actual_latency": 4.374817,
  "q_error": 150.14259338378906,
  "inference_time": 3.575058698654175,
  "timestamp": 1745755536.9590447
}