{
  "query": "/*+  */ select count(*)\nfrom cast_info AS ci\ninner join title AS t\non t.id = ci.movie_id AND t.production_year < 1971;",
  "predicted_latency": 1248.8023042678833,
  "actual_latency": 4935.094,
  "q_error": 3.9518617023158233,
  "inference_time": 0.033592939376831055
}