{
  "query": "/*+  */ select count(*)\nfrom title AS t\ninner join cast_info AS ci\non t.id = ci.movie_id AND t.kind_id = 3 AND ci.role_id < 10;",
  "predicted_latency": 1417.2228574752808,
  "actual_latency": 3647.428,
  "q_error": 2.5736446323605944,
  "inference_time": 0.016373157501220703
}