{
  "query": "/*+  */ select count(*)\nfrom title AS t\ninner join cast_info AS ci\non t.id = ci.movie_id AND ci.person_id < 2402065;",
  "predicted_latency": 878.1352639198303,
  "actual_latency": 7801.287,
  "q_error": 8.883924061056979,
  "inference_time": 0.014034032821655273
}