{
  "predicted_latency": 302.4725615978241,
  "actual_latency": 2195.504,
  "q_error": 7.258522850476609,
  "inference_time": 0.09467220306396484
}