{
  "predicted_latency": 0.02913774736225605,
  "actual_latency": 17.725592,
  "q_error": 608.3377685546875,
  "inference_time": 0.6876873970031738,
  "timestamp": 1745453751.9055638
}