{
  "predicted_latency": 735.2684736251831,
  "actual_latency": 1924.369,
  "q_error": 2.617233118281341,
  "inference_time": 1.2594988346099854
}