{
  "query": "/*+  */ select count(*)\nfrom title AS t\ninner join movie_info AS mi\non t.id = mi.movie_id AND t.production_year < 1993;",
  "predicted_latency": 1117.8959608078003,
  "actual_latency": 2751.158,
  "q_error": 2.461014348787871,
  "inference_time": 0.015210151672363281
}