{
  "predicted_latency": 0.02913774736225605,
  "actual_latency": 4.892737,
  "q_error": 167.91748046875,
  "inference_time": 0.17625021934509277,
  "timestamp": 1745772981.9686518
}