{
  "predicted_latency": 735.4065775871277,
  "actual_latency": 153.622,
  "q_error": 4.787117584637146,
  "inference_time": 0.028055191040039062
}