{
  "query": "/*+  */ select count(*)\nfrom title AS t\ninner join movie_keyword AS mk\non t.id = mk.movie_id AND mk.keyword_id > 171;",
  "predicted_latency": 1242.0626878738403,
  "actual_latency": 1203.525,
  "q_error": 1.032020679149864,
  "inference_time": 0.26534414291381836
}