{
  "predicted_latency": 0.02913774736225605,
  "actual_latency": 6.12719,
  "q_error": 210.28358459472656,
  "inference_time": 1.795255184173584,
  "timestamp": 1745760258.4898458
}