{
  "query": "/*+  */ select count(*)\nfrom title AS t\ninner join cast_info AS ci\non t.id = ci.movie_id AND ci.person_id < 2785704 AND ci.role_id < 2;",
  "predicted_latency": 1016.2090063095093,
  "actual_latency": 4377.771,
  "q_error": 4.307943516362274,
  "inference_time": 0.02500319480895996
}