{
  "query": "/*+ NoNestLoop(t ci) */ select count(*)\nfrom title AS t\ninner join cast_info AS ci\non t.id = ci.movie_id AND ci.person_id > 4002127;",
  "predicted_latency": 520.7200646400452,
  "actual_latency": 746.869,
  "q_error": 1.4343004057588666,
  "inference_time": 0.013523578643798828
}