{
  "query": "/*+  */ select count(*)\nfrom movie_keyword AS mk\ninner join title AS t\non t.id = mk.movie_id AND mk.keyword_id > 382;",
  "predicted_latency": 1200.5352973937988,
  "actual_latency": 1120.122,
  "q_error": 1.0717897670019862,
  "inference_time": 0.01882195472717285
}