{
  "query": "/*+  */ select count(*)\nfrom title AS t\ninner join cast_info AS ci\non t.id = ci.movie_id AND ci.person_id < 2681774 AND ci.role_id = 1;",
  "predicted_latency": 953.3302783966064,
  "actual_latency": 4639.981,
  "q_error": 4.8671285336745225,
  "inference_time": 0.014330387115478516
}