{
  "predicted_latency": 0.02913774736225605,
  "actual_latency": 3.150837,
  "q_error": 108.13591766357422,
  "inference_time": 1.6447556018829346,
  "timestamp": 1745759148.2701092
}