{
  "query": "/*+ NoNestLoop(ci t) */ select count(*)\nfrom cast_info AS ci\ninner join title AS t\non t.id = ci.movie_id AND ci.person_id > 699882;",
  "predicted_latency": 1162.6245975494385,
  "actual_latency": 8284.564,
  "q_error": 7.125742924639709,
  "inference_time": 0.015739917755126953
}