{
  "query": "/*+  */ select count(*)\nfrom cast_info AS ci\ninner join title AS t\non t.id = ci.movie_id AND ci.person_id < 2993200 AND t.kind_id < 3;",
  "predicted_latency": 1455.2459716796875,
  "actual_latency": 5814.498,
  "q_error": 3.9955430993488585,
  "inference_time": 0.01731705665588379
}