{
  "predicted_latency": 0.02913774363696575,
  "actual_latency": 107.362504,
  "q_error": 3684.654052734375,
  "inference_time": 1.8841884136199951,
  "timestamp": 1745771571.633954
}