{
  "predicted_latency": 515.8473253250122,
  "actual_latency": 815.074,
  "q_error": 1.5800682876206802,
  "inference_time": 0.11369156837463379
}