{
  "predicted_latency": 375.55551528930664,
  "actual_latency": 398.392,
  "q_error": 1.0608072143291556,
  "inference_time": 0.08139801025390625
}