{
  "predicted_latency": 0.02913774363696575,
  "actual_latency": 3.870165,
  "q_error": 132.82308959960938,
  "inference_time": 0.1488356590270996,
  "timestamp": 1745492917.0913494
}