{
  "predicted_latency": 0.010861066170036793,
  "actual_latency": 11.964329,
  "q_error": 1101.57958984375,
  "inference_time": 0.43959784507751465,
  "timestamp": 1744725369.3029711
}