{
  "predicted_latency": 595.2861905097961,
  "actual_latency": 7513.35,
  "q_error": 12.621408189505715,
  "inference_time": 0.11644649505615234
}