{
  "query": "/*+  */ select count(*)\nfrom title AS t\ninner join cast_info AS ci\non t.id = ci.movie_id AND ci.person_id > 1360706;",
  "predicted_latency": 834.7554802894592,
  "actual_latency": 7299.732,
  "q_error": 8.744754808280803,
  "inference_time": 0.01617288589477539
}