{
    "embedding": [
        0.6492602825164795,
        0.6492602825164795,
        0.6492602825164795,
        0.8183494806289673,
        0.6492602825164795,
        1.106744408607483,
        1.4581385850906372,
        0.6492602825164795,
        0.8900269865989685,
        0.6492602825164795,
        0.6492602825164795,
        0.6492602825164795,
        0.6492602825164795,
        2.0888280868530273,
        3.8478899002075195,
        1.8008573055267334,
        0.6492602825164795,
        2.5660128593444824,
        0.6492602825164795,
        1.9642647504806519,
        0.6492602825164795,
        0.8070575594902039,
        3.1556200981140137,
        0.6492602825164795,
        1.8264704942703247,
        2.2611122131347656,
        0.6492602825164795,
        0.6492602825164795,
        0.6492602825164795,
        0.6492602825164795,
        3.204681396484375,
        1.1965174674987793,
        0.6492602825164795,
        0.6492602825164795,
        1.3597044944763184,
        1.9514786005020142,
        0.6492602825164795,
        1.9323272705078125,
        2.688255786895752,
        0.6492602825164795,
        0.6492602825164795,
        0.6492602825164795,
        0.8523218035697937,
        0.6492602825164795,
        1.7350655794143677,
        0.6492602825164795,
        0.6492602825164795,
        1.0999596118927002,
        0.6492602825164795,
        4.199063301086426,
        1.740723729133606,
        0.7455663084983826,
        0.6492602825164795,
        0.6492602825164795,
        3.5476481914520264,
        0.6492602825164795,
        0.6492602825164795,
        0.6492602825164795,
        0.6492602825164795,
        0.6492602825164795,
        0.6492602825164795,
        0.7561902403831482,
        0.6492602825164795,
        3.3957345485687256
    ],
    "timestamp": 1754257844.3733215
}