{
    "embedding": [
        0.6492602229118347,
        0.6492602229118347,
        0.6492602229118347,
        0.8183494210243225,
        0.6492602229118347,
        1.106744408607483,
        1.458138108253479,
        0.6492602229118347,
        0.8900270462036133,
        0.6492602229118347,
        0.6492602229118347,
        0.6492602229118347,
        0.6492602229118347,
        2.0888280868530273,
        3.8478899002075195,
        1.8008573055267334,
        0.6492602229118347,
        2.566012382507324,
        0.6492602229118347,
        1.9642643928527832,
        0.6492602229118347,
        0.8070575594902039,
        3.1556191444396973,
        0.6492602229118347,
        1.8264700174331665,
        2.2611122131347656,
        0.6492602229118347,
        0.6492602229118347,
        0.6492602229118347,
        0.6492602229118347,
        3.204681873321533,
        1.1965172290802002,
        0.6492602229118347,
        0.6492602229118347,
        1.3597047328948975,
        1.951478123664856,
        0.6492602229118347,
        1.9323269128799438,
        2.688256025314331,
        0.6492602229118347,
        0.6492602229118347,
        0.6492602229118347,
        0.8523216843605042,
        0.6492602229118347,
        1.7350655794143677,
        0.6492602229118347,
        0.6492602229118347,
        1.0999599695205688,
        0.6492602229118347,
        4.199061870574951,
        1.740723729133606,
        0.7455657720565796,
        0.6492602229118347,
        0.6492602229118347,
        3.5476479530334473,
        0.6492602229118347,
        0.6492602229118347,
        0.6492602229118347,
        0.6492602229118347,
        0.6492602229118347,
        0.6492602229118347,
        0.7561902403831482,
        0.6492602229118347,
        3.395735502243042
    ],
    "timestamp": 1754257843.3159957
}