{
  "query": "/*+  */ select count(*)\nfrom title AS t\ninner join cast_info AS ci\non t.id = ci.movie_id AND ci.person_id < 929517 AND ci.role_id > 1;",
  "predicted_latency": 921.2141036987305,
  "actual_latency": 2134.424,
  "q_error": 2.316968434840672,
  "inference_time": 0.015491008758544922
}