{
  "predicted_latency": 735.134482383728,
  "actual_latency": 409.531,
  "q_error": 1.795064311086897,
  "inference_time": 0.038863182067871094
}