{
  "predicted_latency": 614.5404577255249,
  "actual_latency": 28.489,
  "q_error": 21.57114878463705,
  "inference_time": 0.03663468360900879
}