{
  "predicted_latency": 508.29339027404785,
  "actual_latency": 526.27,
  "q_error": 1.0353666013958198,
  "inference_time": 0.09569120407104492
}