{
  "predicted_latency": 0.02913774736225605,
  "actual_latency": 8.067295,
  "q_error": 276.86749267578125,
  "inference_time": 1.417539119720459,
  "timestamp": 1745452323.004961
}