{
  "predicted_latency": 0.0291377454996109,
  "actual_latency": 7.612037,
  "q_error": 261.2431640625,
  "inference_time": 0.9483160972595215,
  "timestamp": 1745759615.8307621
}