{
  "query": "/*+ NoNestLoop(ci t) */ select count(*)\nfrom cast_info AS ci\ninner join title AS t\non t.id = ci.movie_id AND ci.person_id > 190628;",
  "predicted_latency": 1143.075942993164,
  "actual_latency": 10207.173,
  "q_error": 8.929566808371753,
  "inference_time": 0.014930486679077148
}