{
  "predicted_latency": 0.02913774736225605,
  "actual_latency": 2.120568,
  "q_error": 72.77735137939453,
  "inference_time": 0.2909700870513916,
  "timestamp": 1745452610.2241733
}