{
  "query": "/*+  */ select count(*)\nfrom title AS t\ninner join movie_keyword AS mk\non t.id = mk.movie_id AND mk.keyword_id > 103127;",
  "predicted_latency": 390.80244302749634,
  "actual_latency": 595.827,
  "q_error": 1.5246245529690263,
  "inference_time": 0.017392873764038086
}