{
  "predicted_latency": 473.51080322265625,
  "inference_time": 0.0068819522857666016
}