{
  "predicted_latency": 0.02913774736225605,
  "actual_latency": 9.714807,
  "q_error": 333.40966796875,
  "inference_time": 0.5157718658447266,
  "timestamp": 1745479726.8401368
}