{
  "predicted_latency": 628.1439065933228,
  "actual_latency": 9402.563,
  "q_error": 14.968803965629284,
  "inference_time": 0.12562894821166992
}