{
  "predicted_latency": 416.9498682022095,
  "actual_latency": 245.024,
  "q_error": 1.7016695025883566,
  "inference_time": 0.1114511489868164
}