{
  "predicted_latency": 489.766389131546,
  "actual_latency": 314.873,
  "q_error": 1.5554410480782603,
  "inference_time": 0.09393000602722168
}