{
  "query": "/*+  */ select count(*)\nfrom title AS t\ninner join cast_info AS ci\non t.id = ci.movie_id AND t.production_year = 1979 AND ci.person_id > 3816614 AND ci.role_id > 10;",
  "predicted_latency": 1036.9610786437988,
  "actual_latency": 314.918,
  "q_error": 3.2927971047821933,
  "inference_time": 0.025213241577148438
}