{
  "predicted_latency": 253.23018431663513,
  "actual_latency": 2001.235,
  "q_error": 7.90282961488385,
  "inference_time": 0.11411786079406738
}