{
  "predicted_latency": 408.3982849121094,
  "inference_time": 0.005070209503173828
}