{
  "predicted_latency": 0.0291377454996109,
  "actual_latency": 3.587612,
  "q_error": 123.12592315673828,
  "inference_time": 1.4642295837402344,
  "timestamp": 1745453443.1422489
}