{
  "predicted_latency": 0.02913774736225605,
  "actual_latency": 0.15143600000000002,
  "q_error": 5.197244644165039,
  "inference_time": 0.05694389343261719,
  "timestamp": 1745759357.5941386
}