{
  "predicted_latency": 698.5506415367126,
  "actual_latency": 170.475,
  "q_error": 4.097672043036884,
  "inference_time": 0.0881199836730957
}