{
  "predicted_latency": 281.5885841846466,
  "actual_latency": 30829.406,
  "q_error": 109.48386309504711,
  "inference_time": 0.08898138999938965
}