{
  "predicted_latency": 423.70471358299255,
  "actual_latency": 1603.885,
  "q_error": 3.785383897283081,
  "inference_time": 0.11327624320983887
}