{
  "predicted_latency": 0.02913774363696575,
  "actual_latency": 2.532206,
  "q_error": 86.90467071533203,
  "inference_time": 0.7246658802032471,
  "timestamp": 1745479182.345226
}