{
  "query": "/*+  */ select count(*)\nfrom title AS t\ninner join movie_companies AS mc\non t.id = mc.movie_id AND mc.company_id = 11156;",
  "predicted_latency": 318.9842104911804,
  "actual_latency": 30.356,
  "q_error": 10.508110768585466,
  "inference_time": 0.017162084579467773
}