{
  "query": "/*+  */ select count(*)\nfrom cast_info AS ci\ninner join title AS t\non t.id = ci.movie_id AND t.production_year < 1953;",
  "predicted_latency": 1152.2009372711182,
  "actual_latency": 3798.045,
  "q_error": 3.2963390994936352,
  "inference_time": 0.02633047103881836
}