{
  "predicted_latency": 49.76161569356918,
  "actual_latency": 605.093,
  "q_error": 12.159834273190564,
  "inference_time": 0.05818009376525879
}