{
  "query": "/*+  */ select count(*)\nfrom title AS t\ninner join movie_keyword AS mk\non t.id = mk.movie_id AND mk.keyword_id > 111515;",
  "predicted_latency": 390.60887694358826,
  "actual_latency": 639.496,
  "q_error": 1.637177334534453,
  "inference_time": 0.01997828483581543
}