{
  "pg_runtime": 1057.972,
  "opt_runtime": 1074.833,
  "pg_slowdown": 0.9843129118663084,
  "pg_opt_diff": -16.861000000000104,
  "original_num_of_plans": 489,
  "pg_plan_card_error": 18.22222222222222,
  "opt_plan_card_error": 1.0,
  "num_tables": 9,
  "opt_hint": "/*+ Rows(mi mk #4429) Rows(at mi #116) Rows(at mc #20965) Rows(k mk #4523930) Rows(mc t #52276) Rows(ct mc #61664) Rows(mi t #1749) Rows(at mk #6547234) Rows(mc mi #699) Rows(mk t #1970380) Rows(at t #85960) Rows(mc mk #457967) Rows(cn mc #43837) Rows(it1 mi #1771) Rows(at mi t #111) Rows(at it1 mi #116) Rows(cn mc mk #352583) Rows(mc mk t #299667) Rows(at k mk #6547234) Rows(cn ct mc #43837) Rows(cn mc mi #668) Rows(at mk t #1764494) Rows(it1 mi mk #4429) Rows(at mc t #10386) Rows(ct mc mk #457967) Rows(k mk t #1970380) Rows(it1 mc mi #699) Rows(cn mc t #37167) Rows(mc mi mk #1602) Rows(k mc mk #457967) Rows(ct mc mi #699) Rows(at mc mk #686947) Rows(it1 mi t #1749) Rows(ct mc t #52276) Rows(k mi mk #4429) Rows(at mi mk #1124) Rows(at ct mc #20965) Rows(at mc mi #76) Rows(mc mi t #688) Rows(at cn mc #13699) Rows(mi mk t #4309) Rows(at mc mk t #311249) Rows(at ct mc t #10386) Rows(at cn mc mi #71) Rows(mc mi mk t #1512) Rows(k mi mk t #4309) Rows(ct it1 mc mi #699) Rows(k mc mi mk #1602) Rows(at it1 mi mk #1124) Rows(cn it1 mc mi #668) Rows(at cn mc t #5134) Rows(ct mc mi mk #1602) Rows(ct k mc mk #457967) Rows(at k mk t #1764494) Rows(cn k mc mk #352583) Rows(cn mc mi mk #1473) Rows(at cn ct mc #13699) Rows(at it1 mc mi #76) Rows(it1 mc mi t #688) Rows(at mc mi mk #526) Rows(it1 k mi mk #4429) Rows(ct mc mi t #688) Rows(at k mc mk #686947) Rows(at it1 mi t #111) Rows(cn ct mc mk #352583) Rows(at k mi mk #1124) Rows(cn mc mi t #659) Rows(it1 mi mk t #4309) Rows(at mc mi t #59) Rows(at ct mc mk #686947) Rows(cn ct mc mi #668) Rows(ct mc mk t #299667) Rows(at mi mk t #1024) Rows(k mc mk t #299667) Rows(at ct mc mi #76) Rows(at cn mc mk #519010) Rows(cn mc mk t #213410) Rows(cn ct mc t #37167) Rows(it1 mc mi mk #1602) Rows(cn ct it1 mc mi #668) Rows(it1 k mc mi mk #1602) Rows(cn ct mc mi mk #1473) Rows(k mc mi mk t #1512) Rows(at it1 mc mi mk #526) Rows(at mc mi mk t #354) Rows(cn ct k mc mk #352583) Rows(at ct mc mi t #59) Rows(at cn mc mi t #57) Rows(at cn ct mc mk #519010) Rows(cn k mc mk t #213410) Rows(it1 mc mi mk t #1512) Rows(at ct it1 mc mi #76) Rows(cn mc mi mk t #1398) Rows(ct k mc mk t #299667) Rows(ct mc mi mk t #1512) Rows(at cn k mc mk #519010) Rows(at cn ct mc mi #71) Rows(at ct mc mk t #311249) Rows(at k mc mk t #311249) Rows(at k mi mk t #1024) Rows(cn it1 mc mi mk #1473) Rows(at it1 mc mi t #59) Rows(cn ct mc mi t #659) Rows(ct it1 mc mi mk #1602) Rows(at ct k mc mk #686947) Rows(at cn mc mk t #192112) Rows(at cn ct mc t #5134) Rows(at it1 mi mk t #1024) Rows(cn k mc mi mk #1473) Rows(ct k mc mi mk #1602) Rows(it1 k mi mk t #4309) Rows(cn it1 mc mi t #659) Rows(cn ct mc mk t #213410) Rows(at ct mc mi mk #526) Rows(at k mc mi mk #526) Rows(ct it1 mc mi t #688) Rows(at cn it1 mc mi #71) Rows(at it1 k mi mk #1124) Rows(at cn mc mi mk #482) Rows(cn ct k mc mk t #213410) Rows(at ct it1 mc mi t #59) Rows(at ct k mc mk t #311249) Rows(at cn k mc mk t #192112) Rows(cn ct it1 mc mi mk #1473) Rows(at cn ct mc mk t #192112) Rows(cn it1 mc mi mk t #1398) Rows(ct it1 k mc mi mk #1602) Rows(at ct mc mi mk t #354) Rows(cn ct mc mi mk t #1398) Rows(cn ct k mc mi mk #1473) Rows(at it1 mc mi mk t #354) Rows(ct k mc mi mk t #1512) Rows(at ct k mc mi mk #526) Rows(at cn it1 mc mi mk #482) Rows(cn it1 k mc mi mk #1473) Rows(at cn ct it1 mc mi #71) Rows(cn ct it1 mc mi t #659) Rows(at it1 k mc mi mk #526) Rows(at cn ct mc mi mk #482) Rows(at k mc mi mk t #354) Rows(at cn mc mi mk t #328) Rows(at cn ct k mc mk #519010) Rows(ct it1 mc mi mk t #1512) Rows(at cn k mc mi mk #482) Rows(at ct it1 mc mi mk #526) Rows(at cn it1 mc mi t #57) Rows(at cn ct mc mi t #57) Rows(cn k mc mi mk t #1398) Rows(it1 k mc mi mk t #1512) Rows(at it1 k mi mk t #1024) Rows(cn ct k mc mi mk t #1398) Rows(cn it1 k mc mi mk t #1398) Rows(cn ct it1 mc mi mk t #1398) Rows(at cn ct mc mi mk t #328) Rows(at cn it1 k mc mi mk #482) Rows(at cn ct it1 mc mi t #57) Rows(at cn ct k mc mk t #192112) Rows(at ct it1 k mc mi mk #526) Rows(ct it1 k mc mi mk t #1512) Rows(at cn it1 mc mi mk t #328) Rows(at cn ct k mc mi mk #482) Rows(at it1 k mc mi mk t #354) Rows(at cn ct it1 mc mi mk #482) Rows(cn ct it1 k mc mi mk #1473) Rows(at cn k mc mi mk t #328) Rows(at ct k mc mi mk t #354) Rows(at ct it1 mc mi mk t #354) Rows(at ct it1 k mc mi mk t #354) Rows(at cn ct k mc mi mk t #328) Rows(at cn it1 k mc mi mk t #328) Rows(at cn ct it1 k mc mi mk #482) Rows(cn ct it1 k mc mi mk t #1398) Rows(at cn ct it1 mc mi mk t #328) Rows(at cn ct it1 k mc mi mk t #328) */"
}