{
  "predicted_latency": 0.02913774736225605,
  "actual_latency": 2.264259,
  "q_error": 77.70879364013672,
  "inference_time": 0.4139375686645508,
  "timestamp": 1745772108.5598845
}