{
  "query": "/*+  */ select count(*)\nfrom title AS t\ninner join movie_keyword AS mk\non t.id = mk.movie_id AND mk.keyword_id = 29029;",
  "predicted_latency": 419.41961646080017,
  "actual_latency": 19.278,
  "q_error": 21.75638637103435,
  "inference_time": 0.018595457077026367
}