{
  "query": "/*+  */ select count(*)\nfrom movie_info AS mi\ninner join title AS t\non t.id = mi.movie_id AND t.production_year < 1958;",
  "predicted_latency": 1206.441044807434,
  "actual_latency": 1913.162,
  "q_error": 1.5857898802716623,
  "inference_time": 0.03089308738708496
}