{
  "predicted_latency": 941.6870727539062,
  "inference_time": 0.011039972305297852
}