{
  "predicted_latency": 0.0291377454996109,
  "actual_latency": 0.140713,
  "q_error": 4.829234600067139,
  "inference_time": 1.4896550178527832,
  "timestamp": 1745481182.9897985
}