{
  "query": "/*+  */ select count(*)\nfrom title AS t\ninner join cast_info AS ci\non t.id = ci.movie_id AND t.production_year < 1983 AND ci.person_id > 1409765 AND ci.role_id = 2;",
  "predicted_latency": 1558.9661598205566,
  "actual_latency": 1662.697,
  "q_error": 1.0665382244033976,
  "inference_time": 0.030394554138183594
}