{
  "query": "/*+  */ select count(*)\nfrom movie_companies AS mc\ninner join title AS t\non t.id = mc.movie_id AND mc.company_id > 109629;",
  "predicted_latency": 797.6146936416626,
  "actual_latency": 468.841,
  "q_error": 1.7012477442068048,
  "inference_time": 0.028078317642211914
}