{
  "predicted_latency": 589.593768119812,
  "actual_latency": 540.473,
  "q_error": 1.0908847770745478,
  "inference_time": 0.06924629211425781
}