{
  "query": "/*+ NoNestLoop(t ci) */ select count(*)\nfrom title AS t\ninner join cast_info AS ci\non t.id = ci.movie_id AND ci.person_id > 1437218;",
  "predicted_latency": 796.6935038566589,
  "actual_latency": 7178.494,
  "q_error": 9.010358394100265,
  "inference_time": 0.018375158309936523
}