{
  "predicted_latency": 205.801025390625,
  "inference_time": 0.026735544204711914
}