{
  "predicted_latency": 353.91107201576233,
  "actual_latency": 658.887,
  "q_error": 1.8617303952860078,
  "inference_time": 0.16420269012451172
}