{
  "query": "/*+  */ select count(*)\nfrom title AS t\ninner join cast_info AS ci\non t.id = ci.movie_id AND ci.person_id > 2200252 AND ci.role_id > 1;",
  "predicted_latency": 934.4654679298401,
  "actual_latency": 5762.638,
  "q_error": 6.166774693950125,
  "inference_time": 0.2765653133392334
}