{
  "query": "/*+  */ select count(*)\nfrom movie_keyword AS mk\ninner join title AS t\non t.id = mk.movie_id AND mk.keyword_id < 72106;",
  "predicted_latency": 1252.3788213729858,
  "actual_latency": 1166.149,
  "q_error": 1.073944085509644,
  "inference_time": 0.27318358421325684
}