{
  "predicted_latency": 670.7205772399902,
  "actual_latency": 2624.552,
  "q_error": 3.913033368977601,
  "inference_time": 0.11494731903076172
}