{
  "predicted_latency": 0.02913774736225605,
  "actual_latency": 0.184507,
  "q_error": 6.33223295211792,
  "inference_time": 0.09578061103820801,
  "timestamp": 1745760810.5362256
}