{
  "predicted_latency": 289.1983091831207,
  "actual_latency": 30096.267,
  "q_error": 104.06792171437975,
  "inference_time": 0.0919039249420166
}