{
  "predicted_latency": 687.1607899665833,
  "actual_latency": 347.837,
  "q_error": 1.975525289047983,
  "inference_time": 0.1641378402709961
}