{
  "predicted_latency": 381.5585672855377,
  "actual_latency": 437.101,
  "q_error": 1.1455672535663375,
  "inference_time": 0.12506484985351562
}