{
  "predicted_latency": 402.62123942375183,
  "actual_latency": 414.058,
  "q_error": 1.0284057557237092,
  "inference_time": 0.10047459602355957
}