{
  "query": "/*+ NoNestLoop(t ci) */ select count(*)\nfrom title AS t\ninner join cast_info AS ci\non t.id = ci.movie_id AND ci.person_id < 1011216;",
  "predicted_latency": 627.9147863388062,
  "actual_latency": 4470.783,
  "q_error": 7.120047333282074,
  "inference_time": 0.017695903778076172
}