{
  "pg_runtime": 2702.303,
  "opt_runtime": 2356.087,
  "pg_slowdown": 1.1469453377570522,
  "pg_opt_diff": 346.2159999999999,
  "original_num_of_plans": 32,
  "pg_plan_card_error": 33.0,
  "opt_plan_card_error": 1.0,
  "num_tables": 10,
  "opt_hint": "/*+ Rows(ci n #36244344) Rows(kt t #492483) Rows(chn ci #556) Rows(k mk #35548) Rows(cc cct2 #135086) Rows(ci t #34299027) Rows(cc cct1 #85941) Rows(cc ci #5212164) Rows(mk t #3961736) Rows(cc mk #2171367) Rows(cc t #114624) Rows(ci mk #215765477) Rows(cc cct2 mk #2171367) Rows(cc ci mk #157283028) Rows(cc ci n #5212164) Rows(ci mk t #197873271) Rows(ci k mk #1564305) Rows(cc cct1 ci #3409569) Rows(ci kt t #8852321) Rows(cc cct1 mk #1436647) Rows(chn ci mk #3810) Rows(cc chn ci #28) Rows(chn ci n #556) Rows(cc cct2 t #114624) Rows(cc ci t #4528903) Rows(k mk t #31607) Rows(kt mk t #2343162) Rows(cc k mk #12810) Rows(ci n t #34299027) Rows(cc mk t #1686708) Rows(cc cct1 t #73560) Rows(chn ci t #541) Rows(cc kt t #41167) Rows(ci mk n #215765477) Rows(cc cct2 ci #5212164) Rows(cc cct1 cct2 #85941) Rows(cc cct2 kt t #41167) Rows(cc ci n t #4528903) Rows(cc cct1 cct2 t #73560) Rows(ci mk n t #197873271) Rows(cc cct1 ci t #2995737) Rows(cc chn ci t #19) Rows(chn ci mk n #3810) Rows(cc k mk t #10330) Rows(cc ci mk n #157283028) Rows(cc kt mk t #1397045) Rows(cc cct2 ci mk #157283028) Rows(cc cct1 chn ci #24) Rows(cc cct2 ci n #5212164) Rows(ci kt n t #8852321) Rows(chn ci k mk #176) Rows(chn ci kt t #24) Rows(k kt mk t #15994) Rows(chn ci mk t #3795) Rows(cc cct1 mk t #1168462) Rows(ci k mk n #1564305) Rows(cc cct1 k mk #8765) Rows(cc ci k mk #913582) Rows(cc cct1 kt t #28583) Rows(cc cct1 cct2 ci #3409569) Rows(cc ci kt t #2150293) Rows(cc cct2 chn ci #28) Rows(cc ci mk t #134532994) Rows(cc cct2 ci t #4528903) Rows(cc cct1 cct2 mk #1436647) Rows(ci kt mk t #151179813) Rows(cc cct1 ci mk #109052152) Rows(cc cct1 ci n #3409569) Rows(cc cct2 k mk #12810) Rows(chn ci n t #541) Rows(ci k mk t #1475526) Rows(cc chn ci mk #1366) Rows(cc cct2 mk t #1686708) Rows(cc chn ci n #28) Rows(chn ci kt n t #24) Rows(cc cct1 ci k mk #655591) Rows(cc cct1 ci kt t #1535822) Rows(cc cct2 chn ci mk #1366) Rows(cc cct2 chn ci n #28) Rows(cc cct1 ci mk t #96454034) Rows(cc chn ci mk n #1366) Rows(cc cct1 cct2 ci t #2995737) Rows(cc cct2 ci n t #4528903) Rows(cc ci kt mk t #121878634) Rows(cc cct1 cct2 chn ci #24) Rows(cc cct1 kt mk t #978322) Rows(cc ci k mk n #913582) Rows(ci k mk n t #1475526) Rows(cc cct1 chn ci mk #1330) Rows(cc cct1 chn ci n #24) Rows(cc chn ci k mk #33) Rows(cc cct2 chn ci t #19) Rows(cc cct1 cct2 k mk #8765) Rows(cc ci mk n t #134532994) Rows(cc chn ci mk t #1354) Rows(cc cct1 cct2 kt t #28583) Rows(cc cct2 kt mk t #1397045) Rows(cc chn ci kt t #10) Rows(cc cct1 cct2 mk t #1168462) Rows(cc cct2 k mk t #10330) Rows(cc k kt mk t #8371) Rows(cc cct2 ci mk n #157283028) Rows(cc cct1 ci n t #2995737) Rows(cc ci k mk t #803419) Rows(chn ci mk n t #3795) Rows(chn ci kt mk t #2312) Rows(cc cct1 chn ci t #15) Rows(chn ci k mk n #176) Rows(ci kt mk n t #151179813) Rows(cc ci kt n t #2150293) Rows(ci k kt mk t #985102) Rows(cc cct2 ci k mk #913582) Rows(cc cct2 ci kt t #2150293) Rows(cc chn ci n t #19) Rows(cc cct2 ci mk t #134532994) Rows(cc cct1 k mk t #7363) Rows(cc cct1 ci mk n #109052152) Rows(cc cct1 cct2 ci mk #109052152) Rows(cc cct1 cct2 ci n #3409569) Rows(chn ci k mk t #176) Rows(cc cct2 ci k mk n #913582) Rows(cc cct2 chn ci kt t #10) Rows(cc chn ci k mk n #33) Rows(cc cct1 cct2 ci k mk #655591) Rows(cc cct2 chn ci k mk #33) Rows(cc cct1 chn ci k mk #33) Rows(cc cct1 cct2 ci kt t #1535822) Rows(cc chn ci mk n t #1354) Rows(cc cct1 chn ci mk t #1318) Rows(cc cct1 chn ci kt t #9) Rows(cc cct1 cct2 k mk t #7363) Rows(chn ci kt mk n t #2312) Rows(cc cct2 ci kt n t #2150293) Rows(cc chn ci kt mk t #1348) Rows(cc cct2 ci k mk t #803419) Rows(cc chn ci k mk t #33) Rows(chn ci k mk n t #176) Rows(cc cct1 cct2 ci n t #2995737) Rows(cc cct2 chn ci n t #19) Rows(cc ci kt mk n t #121878634) Rows(cc cct1 cct2 chn ci mk #1330) Rows(cc cct1 cct2 ci mk n #109052152) Rows(cc cct1 k kt mk t #6016) Rows(cc cct1 cct2 chn ci n #24) Rows(cc cct1 ci mk n t #96454034) Rows(cc cct1 ci kt mk t #87986607) Rows(cc chn ci kt n t #10) Rows(cc cct1 ci k mk n #655591) Rows(cc cct2 chn ci mk n #1366) Rows(cc ci k mk n t #803419) Rows(cc cct1 chn ci n t #15) Rows(ci k kt mk n t #985102) Rows(cc cct2 k kt mk t #8371) Rows(chn ci k kt mk t #63) Rows(cc cct2 ci mk n t #134532994) Rows(cc cct1 chn ci mk n #1330) Rows(cc cct1 cct2 kt mk t #978322) Rows(cc cct1 cct2 chn ci t #15) Rows(cc cct1 cct2 ci mk t #96454034) Rows(cc ci k kt mk t #717260) Rows(cc cct2 ci kt mk t #121878634) Rows(cc cct1 ci kt n t #1535822) Rows(cc cct2 chn ci mk t #1354) Rows(cc cct1 ci k mk t #593938) Rows(cc cct1 cct2 ci kt mk t #87986607) Rows(chn ci k kt mk n t #63) Rows(cc cct1 cct2 chn ci mk n #1330) Rows(cc cct1 cct2 ci k mk t #593938) Rows(cc cct1 chn ci kt mk t #1314) Rows(cc cct2 ci kt mk n t #121878634) Rows(cc chn ci k mk n t #33) Rows(cc cct2 chn ci mk n t #1354) Rows(cc cct1 ci k kt mk t #532809) Rows(cc cct2 ci k mk n t #803419) Rows(cc cct2 ci k kt mk t #717260) Rows(cc chn ci k kt mk t #33) Rows(cc cct1 cct2 chn ci k mk #33) Rows(cc cct1 cct2 ci mk n t #96454034) Rows(cc cct1 cct2 chn ci mk t #1318) Rows(cc cct1 chn ci kt n t #9) Rows(cc cct1 cct2 chn ci kt t #9) Rows(cc chn ci kt mk n t #1348) Rows(cc cct2 chn ci kt mk t #1348) Rows(cc cct1 cct2 ci kt n t #1535822) Rows(cc cct2 chn ci k mk n #33) Rows(cc cct1 chn ci k mk n #33) Rows(cc cct1 ci kt mk n t #87986607) Rows(cc cct1 cct2 k kt mk t #6016) Rows(cc cct1 cct2 chn ci n t #15) Rows(cc cct1 chn ci mk n t #1318) Rows(cc cct1 ci k mk n t #593938) Rows(cc cct1 cct2 ci k mk n #655591) Rows(cc ci k kt mk n t #717260) Rows(cc cct2 chn ci k mk t #33) Rows(cc cct1 chn ci k mk t #33) Rows(cc cct2 chn ci kt n t #10) Rows(cc cct2 chn ci k mk n t #33) Rows(cc cct1 cct2 chn ci kt n t #9) Rows(cc cct1 ci k kt mk n t #532809) Rows(cc cct2 chn ci kt mk n t #1348) Rows(cc cct1 cct2 ci k mk n t #593938) Rows(cc cct1 cct2 ci kt mk n t #87986607) Rows(cc cct2 chn ci k kt mk t #33) Rows(cc cct1 chn ci kt mk n t #1314) Rows(cc chn ci k kt mk n t #33) Rows(cc cct1 cct2 chn ci k mk n #33) Rows(cc cct1 cct2 chn ci kt mk t #1314) Rows(cc cct1 cct2 chn ci k mk t #33) Rows(cc cct1 chn ci k kt mk t #33) Rows(cc cct1 chn ci k mk n t #33) Rows(cc cct1 cct2 ci k kt mk t #532809) Rows(cc cct2 ci k kt mk n t #717260) Rows(cc cct1 cct2 chn ci mk n t #1318) Rows(cc cct1 cct2 chn ci k kt mk t #33) Rows(cc cct1 cct2 chn ci k mk n t #33) Rows(cc cct1 chn ci k kt mk n t #33) Rows(cc cct1 cct2 chn ci kt mk n t #1314) Rows(cc cct2 chn ci k kt mk n t #33) Rows(cc cct1 cct2 ci k kt mk n t #532809) Rows(cc cct1 cct2 chn ci k kt mk n t #33) */"
}