{
  "query": "/*+  */ select count(*)\nfrom cast_info AS ci\ninner join title AS t\non t.id = ci.movie_id AND ci.person_id > 769170 AND t.kind_id < 7;",
  "predicted_latency": 1474.8941659927368,
  "actual_latency": 5673.069,
  "q_error": 3.8464244627217123,
  "inference_time": 0.02504110336303711
}