{
  "predicted_latency": 165.31874239444733,
  "actual_latency": 294.887,
  "q_error": 1.783748144517125,
  "inference_time": 0.11461973190307617
}