{
  "query": "/*+  */ select count(*)\nfrom movie_keyword AS mk\ninner join title AS t\non t.id = mk.movie_id AND mk.keyword_id < 29130;",
  "predicted_latency": 1198.39608669281,
  "actual_latency": 1136.958,
  "q_error": 1.0540372526450492,
  "inference_time": 0.015584468841552734
}