{
  "predicted_latency": 176.5314483642578,
  "inference_time": 0.029271602630615234
}