{
  "query": "/*+  */ select count(*)\nfrom title AS t\ninner join cast_info AS ci\non t.id = ci.movie_id AND ci.person_id < 925479 AND ci.role_id < 4;",
  "predicted_latency": 928.7578463554382,
  "actual_latency": 3396.799,
  "q_error": 3.6573569885083215,
  "inference_time": 0.019467830657958984
}