{
  "query": "/*+  */ select count(*)\nfrom title AS t\ninner join movie_companies AS mc\non t.id = mc.movie_id AND mc.company_id > 145097;",
  "predicted_latency": 360.502690076828,
  "actual_latency": 402.724,
  "q_error": 1.1171178775785946,
  "inference_time": 0.027919292449951172
}