{
  "predicted_latency": 0.02913774736225605,
  "actual_latency": 3.414791,
  "q_error": 117.19475555419922,
  "inference_time": 2.8969154357910156,
  "timestamp": 1745480151.117538
}