{
  "predicted_latency": 1524.4368896484375,
  "inference_time": 0.017936229705810547
}