{
  "query": "/*+  */ select count(*)\nfrom movie_companies AS mc\ninner join title AS t\non t.id = mc.movie_id AND mc.company_id > 77;",
  "predicted_latency": 1250.9492635726929,
  "actual_latency": 1091.031,
  "q_error": 1.1465753618116195,
  "inference_time": 0.022013187408447266
}