{
  "query": "/*+ NoNestLoop(t ci) */ select count(*)\nfrom title AS t\ninner join cast_info AS ci\non t.id = ci.movie_id AND ci.person_id > 2016999;",
  "predicted_latency": 657.7878594398499,
  "actual_latency": 6169.667,
  "q_error": 9.379417560630994,
  "inference_time": 0.020358562469482422
}