{
  "predicted_latency": 0.02913774736225605,
  "actual_latency": 0.181447,
  "q_error": 6.227214336395264,
  "inference_time": 0.09829187393188477,
  "timestamp": 1745769863.5702534
}