{
  "query": "/*+ NoNestLoop(ci t) */ select count(*)\nfrom cast_info AS ci\ninner join title AS t\non t.id = ci.movie_id AND ci.person_id > 381336;",
  "predicted_latency": 1127.5032758712769,
  "actual_latency": 10405.749,
  "q_error": 9.229018862015252,
  "inference_time": 0.019558429718017578
}