{
  "query": "/*+  */ select count(*)\nfrom title AS t\ninner join cast_info AS ci\non t.id = ci.movie_id AND ci.person_id < 2458595;",
  "predicted_latency": 906.1324000358582,
  "actual_latency": 7611.944,
  "q_error": 8.400476574614013,
  "inference_time": 0.021108388900756836
}