{
  "query": "/*+  */ select count(*)\nfrom cast_info AS ci\ninner join title AS t\non t.id = ci.movie_id AND ci.person_id < 3171820 AND t.kind_id < 7;",
  "predicted_latency": 1418.4157848358154,
  "actual_latency": 6358.167,
  "q_error": 4.482583363760275,
  "inference_time": 0.014099597930908203
}