{
  "query": "/*+  */ select count(*)\nfrom title AS t\ninner join cast_info AS ci\non t.id = ci.movie_id AND t.production_year > 2009 AND ci.person_id > 2206967;",
  "predicted_latency": 1518.0093050003052,
  "actual_latency": 3128.706,
  "q_error": 2.0610585124175977,
  "inference_time": 0.020450115203857422
}