{
  "predicted_latency": 920.4664916992188,
  "inference_time": 0.015912294387817383
}