{
  "query": "/*+ NoNestLoop(mk t) */ select count(*)\nfrom movie_keyword AS mk\ninner join title AS t\non t.id = mk.movie_id AND mk.keyword_id < 104247;",
  "predicted_latency": 1293.5888767242432,
  "actual_latency": 1167.813,
  "q_error": 1.1077020693589155,
  "inference_time": 0.019170284271240234
}