{
  "query": "/*+  */ select count(*)\nfrom title AS t\ninner join cast_info AS ci\non t.id = ci.movie_id AND ci.person_id < 991389 AND ci.role_id > 1;",
  "predicted_latency": 923.4868884086609,
  "actual_latency": 2284.527,
  "q_error": 2.473805560939434,
  "inference_time": 0.01807570457458496
}