{
  "predicted_latency": 464.91619873046875,
  "inference_time": 0.02062702178955078
}