{
  "predicted_latency": 545.7679033279419,
  "actual_latency": 4477.536,
  "q_error": 8.204102829604347,
  "inference_time": 0.08120346069335938
}