{
  "predicted_latency": 827.5277709960938,
  "inference_time": 0.026104450225830078
}