{
  "query": "/*+  */ select count(*)\nfrom movie_companies AS mc\ninner join title AS t\non t.id = mc.movie_id AND mc.company_id < 91624;",
  "predicted_latency": 1297.4222898483276,
  "actual_latency": 1055.625,
  "q_error": 1.2290560472216248,
  "inference_time": 0.02617049217224121
}