{
  "predicted_latency": 0.02913774363696575,
  "actual_latency": 12.213499,
  "q_error": 419.1642150878906,
  "inference_time": 3.67677903175354,
  "timestamp": 1745755525.7325904
}