{
  "predicted_latency": 0.0291377454996109,
  "actual_latency": 2.6318539999999997,
  "q_error": 90.3245620727539,
  "inference_time": 0.6023502349853516,
  "timestamp": 1745479806.3257966
}