{
  "query": "/*+ NoNestLoop(t ci) */ select count(*)\nfrom title AS t\ninner join cast_info AS ci\non t.id = ci.movie_id AND ci.person_id < 1498590;",
  "predicted_latency": 648.1894254684448,
  "actual_latency": 5746.663,
  "q_error": 8.865715443979823,
  "inference_time": 0.012106895446777344
}