{
    "embedding": [
        0.5550328493118286,
        0.5550328493118286,
        0.5550328493118286,
        0.6574501991271973,
        0.5550328493118286,
        1.2966047525405884,
        0.5550328493118286,
        0.5550328493118286,
        1.1831398010253906,
        0.5550328493118286,
        0.5550328493118286,
        0.5550328493118286,
        0.5550328493118286,
        3.3145813941955566,
        2.101203441619873,
        0.9369680881500244,
        0.5550328493118286,
        1.3517889976501465,
        0.5550328493118286,
        1.042135238647461,
        0.87559574842453,
        0.759350061416626,
        0.6745774745941162,
        0.5550328493118286,
        1.2619478702545166,
        2.3095765113830566,
        0.5550328493118286,
        0.5550328493118286,
        0.5550328493118286,
        0.5550328493118286,
        2.4399640560150146,
        0.9141201972961426,
        0.5550328493118286,
        0.5550328493118286,
        1.7509726285934448,
        3.0938949584960938,
        0.5550328493118286,
        1.3833701610565186,
        1.7275137901306152,
        0.5550328493118286,
        0.5550328493118286,
        0.5550328493118286,
        0.8078614473342896,
        0.5550328493118286,
        1.3866146802902222,
        0.5550328493118286,
        0.5550328493118286,
        0.8858280777931213,
        0.5550328493118286,
        4.03122091293335,
        1.9148814678192139,
        0.7439143657684326,
        0.5550328493118286,
        0.5550328493118286,
        6.85332727432251,
        0.5550328493118286,
        0.5550328493118286,
        0.5550328493118286,
        0.5550328493118286,
        0.6072012782096863,
        0.5550328493118286,
        0.5550328493118286,
        0.5550328493118286,
        5.214352607727051
    ],
    "timestamp": 1754257680.1030793
}