{
    "embedding": [
        0.5550328493118286,
        0.5550328493118286,
        0.5550328493118286,
        0.657450258731842,
        0.5550328493118286,
        1.2966049909591675,
        0.5550328493118286,
        0.5550328493118286,
        1.1831398010253906,
        0.5550328493118286,
        0.5550328493118286,
        0.5550328493118286,
        0.5550328493118286,
        3.3145813941955566,
        2.1012039184570312,
        0.9369680881500244,
        0.5550328493118286,
        1.3517889976501465,
        0.5550328493118286,
        1.0421346426010132,
        0.8755959272384644,
        0.759350061416626,
        0.674577534198761,
        0.5550328493118286,
        1.2619478702545166,
        2.3095765113830566,
        0.5550328493118286,
        0.5550328493118286,
        0.5550328493118286,
        0.5550328493118286,
        2.4399640560150146,
        0.914120078086853,
        0.5550328493118286,
        0.5550328493118286,
        1.7509726285934448,
        3.0938949584960938,
        0.5550328493118286,
        1.3833706378936768,
        1.7275136709213257,
        0.5550328493118286,
        0.5550328493118286,
        0.5550328493118286,
        0.807861328125,
        0.5550328493118286,
        1.3866143226623535,
        0.5550328493118286,
        0.5550328493118286,
        0.8858279585838318,
        0.5550328493118286,
        4.031220436096191,
        1.9148813486099243,
        0.7439144253730774,
        0.5550328493118286,
        0.5550328493118286,
        6.85332727432251,
        0.5550328493118286,
        0.5550328493118286,
        0.5550328493118286,
        0.5550328493118286,
        0.6072012782096863,
        0.5550328493118286,
        0.5550328493118286,
        0.5550328493118286,
        5.214351654052734
    ],
    "timestamp": 1754257679.308368
}