{
  "predicted_latency": 481.8288269042969,
  "inference_time": 0.016147613525390625
}