{
  "predicted_latency": 1039.959192276001,
  "actual_latency": 9506.741,
  "q_error": 9.141455809620796,
  "inference_time": 0.05851316452026367
}