{
  "embedding": [
    1.468663503829498,
    0.3843358722491636,
    2.572659473631047,
    0.07293256929809477,
    0.04365023647028538,
    2.44799065207244,
    0.9224778815892775,
    1.2367789096652184,
    0.7600652570583664,
    1.820357987976503,
    3.642486673133143,
    3.060440084649857,
    0.04365023647028538,
    1.0272654401346726,
    0.1277762712603089,
    2.0607729900073,
    0.2836442970308691,
    2.2041505838658484,
    0.3905118292919445,
    0.5472535740668304,
    1.928184221629708,
    3.01179597428799,
    2.7052428733933342,
    0.22235922020521848,
    1.2461677754371774,
    1.765510775051375,
    2.5215044020496364,
    2.706124663392764,
    2.856793011917686,
    0.43587078005143515,
    2.1687743060393228,
    0.9893049907936188,
    0.2771035603435513,
    2.4199800363999415,
    3.2891142666412625,
    0.7081259687065247,
    1.5426435717543585,
    0.39569122150615954,
    1.0415199326689375,
    2.9546751247238343,
    0.5812952013114657,
    3.70250425050381,
    1.826285121469699,
    0.6754735178139389,
    2.301066825374912,
    2.260755303291151,
    1.2387938897884554,
    2.6972117194882292,
    4.0770758286411555,
    1.5138672995342763,
    0.1224772949092813,
    2.7164815110521148,
    1.7956220195265196,
    2.2257762019519842,
    1.0270179029823123,
    0.9661262488358048,
    2.6553392046143793,
    3.257669465347209,
    1.3203865915617188,
    2.601917645538765,
    0.04365023647028538,
    1.5036339464584274,
    0.8999735922433502,
    3.8413840742950267
  ],
  "timestamp": 1754303829.0051343
}