{
  "embedding": [
    1.6737533766137362,
    0.44751367928659097,
    2.687192579958168,
    0.06419070503062847,
    0.05510503240663837,
    2.537769784059705,
    0.9882693612833657,
    1.4118392412992118,
    0.8164732798835299,
    1.8826832740549535,
    3.8399071532492397,
    3.2011641113515092,
    0.05510503240663837,
    1.0349590610710655,
    0.137613808275191,
    2.1191665718832553,
    0.33226900367509543,
    2.2094950844573638,
    0.4176386319025463,
    0.5934372027066293,
    2.1338169251045342,
    3.1486224587060048,
    2.9598468056582816,
    0.05510503240663837,
    1.424529253757348,
    1.921207501101947,
    2.619851363833683,
    2.8435670865777922,
    3.0204931447438654,
    0.46362134322132964,
    2.308801344777457,
    1.0452364046960958,
    0.27569095455475134,
    2.576564281409538,
    3.3994000809416853,
    0.890429800523725,
    1.6670113024165536,
    0.507194369755211,
    1.1063081653913773,
    3.125291220570698,
    0.5971595328082779,
    4.011406753804444,
    1.8898435564118357,
    0.8583825512852604,
    2.4206121028376875,
    2.3719498670071424,
    1.3483389836180433,
    2.898079296651139,
    4.259306044982047,
    1.559912922097312,
    0.24196107898214206,
    2.7944387768756536,
    1.9272698357042544,
    2.4851246283637742,
    1.0904763765004832,
    1.1765376753288312,
    2.7155837879944342,
    3.5439583612610694,
    1.3901054611155432,
    2.878694590853788,
    0.05510503240663837,
    1.62122519669084,
    0.9822546578218295,
    4.06007892331947
  ],
  "timestamp": 1754304013.6866064
}