{
  "pg_runtime": 314.074,
  "opt_runtime": 307.14,
  "pg_slowdown": 1.0225760239630137,
  "pg_opt_diff": 6.934000000000026,
  "original_num_of_plans": 242,
  "pg_plan_card_error": 618.0,
  "opt_plan_card_error": 1.0,
  "num_tables": 11,
  "opt_hint": "/*+ Rows(mi mk #4463) Rows(kt t #274015) Rows(mc t #1170186) Rows(k mk #4523930) Rows(ct mc #2609129) Rows(mi t #1749) Rows(cc mi #40) Rows(cc mc #612638) Rows(mc mi #2884) Rows(cc cct1 #24592) Rows(mk t #1970380) Rows(cc mk #2171367) Rows(mc mk #34863638) Rows(cc t #38722) Rows(cn mc #1153798) Rows(it1 mi #1783) Rows(cc ct mc #612638) Rows(cc mc mi #57) Rows(kt mc t #485778) Rows(kt mi t #818) Rows(cn mc mk #12177631) Rows(mc mk t #16657594) Rows(cc mc t #148643) Rows(cc cct1 mk #1023805) Rows(cn ct mc #1153798) Rows(cc mi t #37) Rows(cn mc mi #2647) Rows(cc cn mc #282816) Rows(it1 mi mk #4463) Rows(ct mc mk #34863638) Rows(cc it1 mi #40) Rows(k mk t #1970380) Rows(kt mk t #1053171) Rows(cc cct1 mi #6) Rows(it1 mc mi #2884) Rows(cn mc t #468787) Rows(mc mi mk #9187) Rows(cc k mk #2171367) Rows(k mc mk #34863638) Rows(ct mc mi #2884) Rows(cc mk t #468474) Rows(cc cct1 t #2083) Rows(cc kt t #6234) Rows(it1 mi t #1749) Rows(ct mc t #1170186) Rows(k mi mk #4463) Rows(mc mi t #2820) Rows(cc mc mk #29258051) Rows(cc cct1 mc #227682) Rows(cc mi mk #741) Rows(mi mk t #4309) Rows(cc cct1 mc mi #7) Rows(cc ct mc mk #29258051) Rows(cc mc mi t #54) Rows(cc mi mk t #731) Rows(cc kt mi t #32) Rows(mc mi mk t #8703) Rows(cc cct1 ct mc #227682) Rows(k mi mk t #4309) Rows(ct it1 mc mi #2884) Rows(cc mc mk t #9161531) Rows(cc cct1 mc t #28562) Rows(k mc mi mk #9187) Rows(cc ct mc mi #57) Rows(cn it1 mc mi #2647) Rows(it1 kt mi t #818) Rows(cc cct1 mi t #5) Rows(kt mc mk t #13832966) Rows(kt mi mk t #2508) Rows(ct mc mi mk #9187) Rows(ct k mc mk #34863638) Rows(cn kt mc t #153292) Rows(cn k mc mk #12177631) Rows(cn mc mi mk #7964) Rows(cc cct1 cn mc #105289) Rows(it1 mc mi t #2820) Rows(cc ct mc t #148643) Rows(cc k mk t #468474) Rows(cc kt mk t #355758) Rows(it1 mc mi mk #9187) Rows(it1 k mi mk #4463) Rows(cc cct1 it1 mi #6) Rows(ct mc mi t #2820) Rows(cc it1 mi mk #741) Rows(k kt mk t #1053171) Rows(cc cn mc mk #10779189) Rows(cc cct1 mk t #133450) Rows(cn ct mc mk #12177631) Rows(cn mc mi t #2594) Rows(cc cct1 k mk #1023805) Rows(it1 mi mk t #4309) Rows(cc cct1 kt t #1033) Rows(cc it1 mc mi #57) Rows(cc mc mi mk #929) Rows(cc cn mc mi #51) Rows(cc k mc mk #29258051) Rows(ct kt mc t #485778) Rows(cn ct mc mi #2647) Rows(cc k mi mk #741) Rows(cc cn ct mc #282816) Rows(cc cct1 mc mk #16526281) Rows(ct mc mk t #16657594) Rows(k mc mk t #16657594) Rows(cc it1 mi t #37) Rows(cc cn mc t #47552) Rows(kt mc mi t #1166) Rows(cn mc mk t #4509366) Rows(cn ct mc t #468787) Rows(cc cct1 mi mk #625) Rows(cc kt mc t #74439) Rows(cc cct1 k mc mk #16526281) Rows(cc cct1 kt mk t #124620) Rows(cn mc mi mk t #7683) Rows(cn it1 mc mi mk #7964) Rows(cc it1 k mi mk #741) Rows(cc cn k mc mk #10779189) Rows(cn ct mc mk t #4509366) Rows(cc cct1 mi mk t #615) Rows(cc cct1 cn ct mc #105289) Rows(cc cct1 it1 mi mk #625) Rows(cc ct it1 mc mi #57) Rows(it1 k mc mi mk #9187) Rows(cc k mi mk t #731) Rows(cn ct mc mi mk #7964) Rows(k mc mi mk t #8703) Rows(cc cct1 k mi mk #625) Rows(k kt mi mk t #2508) Rows(cc cct1 it1 mi t #5) Rows(it1 kt mi mk t #2508) Rows(cn k mc mk t #4509366) Rows(cc it1 mc mi mk #929) Rows(cc mc mi mk t #919) Rows(ct k mc mk t #16657594) Rows(cn ct mc mi t #2594) Rows(cc kt mi mk t #680) Rows(cc it1 kt mi t #32) Rows(cc cn it1 mc mi #51) Rows(cc it1 mc mi t #54) Rows(cc kt mc mk t #8508369) Rows(ct k mc mi mk #9187) Rows(cc cct1 kt mc t #23883) Rows(cc ct k mc mk #29258051) Rows(cn kt mc mk t #3178544) Rows(cc cct1 ct mc mk #16526281) Rows(cc kt mc mi t #37) Rows(cc cct1 ct mc mi #7) Rows(cc cct1 ct mc t #28562) Rows(cc ct mc mk t #9161531) Rows(cn k mc mi mk #7964) Rows(kt mc mi mk t #4449) Rows(ct kt mc mk t #13832966) Rows(it1 k mi mk t #4309) Rows(it1 kt mc mi t #1166) Rows(cn kt mc mi t #1056) Rows(cc ct kt mc t #74439) Rows(cc it1 mi mk t #731) Rows(cc ct mc mi mk #929) Rows(cc cct1 mc mk t #3350169) Rows(cc cct1 kt mi t #5) Rows(cn ct it1 mc mi #2647) Rows(cc k mc mk t #9161531) Rows(cn ct k mc mk #12177631) Rows(cc cn ct mc mk #10779189) Rows(cc cn mc mk t #2252518) Rows(it1 mc mi mk t #8703) Rows(cc ct mc mi t #54) Rows(cc cct1 mc mi mk #628) Rows(cc cn ct mc mi #51) Rows(k kt mc mk t #13832966) Rows(cc cn kt mc t #18806) Rows(ct mc mi mk t #8703) Rows(cc cct1 cn mc mk #6251157) Rows(ct kt mc mi t #1166) Rows(cc k mc mi mk #929) Rows(cc k kt mk t #355758) Rows(ct it1 mc mi mk #9187) Rows(cc cn mc mi mk #849) Rows(cc cn ct mc t #47552) Rows(cc cct1 cn mc mi #7) Rows(cc cct1 mc mi t #6) Rows(cn ct kt mc t #153292) Rows(cc cct1 it1 mc mi #7) Rows(cc cct1 cn mc t #7306) Rows(cc cct1 k mk t #133450) Rows(cn it1 mc mi t #2594) Rows(ct it1 mc mi t #2820) Rows(cc cn mc mi t #48) Rows(cc k kt mc mk t #8508369) Rows(cc ct mc mi mk t #919) Rows(cc cn ct mc mk t #2252518) Rows(cc cct1 it1 kt mi t #5) Rows(cc cct1 cn kt mc t #5763) Rows(cc cn mc mi mk t #839) Rows(cc cct1 it1 mc mi mk #628) Rows(cc ct it1 mc mi t #54) Rows(cc cct1 kt mc mk t #3282823) Rows(ct k mc mi mk t #8703) Rows(cc cn ct mc mi mk #849) Rows(cc cct1 cn ct mc mk #6251157) Rows(cc cn it1 mc mi t #48) Rows(cc cct1 it1 mc mi t #6) Rows(cc cct1 k kt mk t #124620) Rows(cn k kt mc mk t #3178544) Rows(cc cct1 cn ct mc mi #7) Rows(k kt mc mi mk t #4449) Rows(cc cn ct mc mi t #48) Rows(cc cct1 cn ct mc t #7306) Rows(cc cct1 k mc mk t #3350169) Rows(cc cct1 kt mc mi t #6) Rows(cn ct k mc mk t #4509366) Rows(cc cn kt mc mk t #1981899) Rows(cc cn ct k mc mk #10779189) Rows(cc cn it1 mc mi mk #849) Rows(cc cct1 k mc mi mk #628) Rows(cn ct kt mc mk t #3178544) Rows(cn ct k mc mi mk #7964) Rows(cc cn ct kt mc t #18806) Rows(cn it1 k mc mi mk #7964) Rows(cn kt mc mi mk t #3808) Rows(cc cn k mc mk t #2252518) Rows(cc cct1 it1 mi mk t #615) Rows(cc cct1 ct kt mc t #23883) Rows(cc ct kt mc mk t #8508369) Rows(cc cn k mc mi mk #849) Rows(it1 k mc mi mk t #8703) Rows(ct kt mc mi mk t #4449) Rows(cc k mc mi mk t #919) Rows(it1 k kt mi mk t #2508) Rows(cc it1 kt mi mk t #680) Rows(cc cct1 cn mc mk t #785002) Rows(cc it1 k mc mi mk #929) Rows(cc cct1 mc mi mk t #618) Rows(cc ct kt mc mi t #37) Rows(ct it1 mc mi mk t #8703) Rows(ct k kt mc mk t #13832966) Rows(cc it1 kt mc mi t #37) Rows(cc cct1 ct it1 mc mi #7) Rows(cc kt mc mi mk t #700) Rows(cc cn kt mc mi t #35) Rows(cc cct1 ct mc mk t #3350169) Rows(cn ct kt mc mi t #1056) Rows(cc cct1 cn k mc mk #6251157) Rows(cc it1 mc mi mk t #919) Rows(ct it1 kt mc mi t #1166) Rows(cn it1 mc mi mk t #7683) Rows(cn ct it1 mc mi mk #7964) Rows(cn it1 kt mc mi t #1056) Rows(ct it1 k mc mi mk #9187) Rows(cn ct mc mi mk t #7683) Rows(cc cct1 ct mc mi mk #628) Rows(cc k kt mi mk t #680) Rows(cc ct k mc mk t #9161531) Rows(cc cct1 it1 k mi mk #625) Rows(cn ct it1 mc mi t #2594) Rows(cc cct1 cn mc mi mk #628) Rows(cc cct1 ct mc mi t #6) Rows(cc it1 k mi mk t #731) Rows(it1 kt mc mi mk t #4449) Rows(cc ct k mc mi mk #929) Rows(cc cct1 k mi mk t #615) Rows(cc cct1 kt mi mk t #615) Rows(cc cct1 cn mc mi t #6) Rows(cn k mc mi mk t #7683) Rows(cc cct1 cn it1 mc mi #7) Rows(cc cn ct it1 mc mi #51) Rows(cc cct1 ct k mc mk #16526281) Rows(cc ct it1 mc mi mk #929) Rows(cc cn ct it1 mc mi t #48) Rows(cn ct k mc mi mk t #7683) Rows(cc cn it1 k mc mi mk #849) Rows(cn it1 k mc mi mk t #7683) Rows(cc cct1 cn k mc mk t #785002) Rows(cc cn ct k mc mk t #2252518) Rows(cc cn it1 mc mi mk t #839) Rows(cc cn k mc mi mk t #839) Rows(cc cct1 cn ct it1 mc mi #7) Rows(cc cn k kt mc mk t #1981899) Rows(cc it1 k mc mi mk t #919) Rows(cc cct1 it1 kt mc mi t #6) Rows(cc cct1 cn kt mc mk t #760449) Rows(cc cct1 cn ct mc mi mk #628) Rows(cc cct1 cn it1 mc mi t #6) Rows(cc cct1 k kt mi mk t #615) Rows(cc cn ct kt mc mi t #35) Rows(cc cct1 ct mc mi mk t #618) Rows(cc cn kt mc mi mk t #696) Rows(cc cct1 it1 kt mi mk t #615) Rows(cc cct1 k kt mc mk t #3282823) Rows(cn ct it1 mc mi 