{
  "query": "/*+  */ select count(*)\nfrom title AS t\ninner join cast_info AS ci\non t.id = ci.movie_id AND ci.person_id < 2285809;",
  "predicted_latency": 832.2905898094177,
  "actual_latency": 7571.226,
  "q_error": 9.096854022744266,
  "inference_time": 0.02421736717224121
}