{
  "query": "/*+  */ select count(*)\nfrom title AS t\ninner join cast_info AS ci\non t.id = ci.movie_id AND ci.person_id < 2653545 AND ci.role_id = 1;",
  "predicted_latency": 939.8283362388611,
  "actual_latency": 4411.036,
  "q_error": 4.693448611746176,
  "inference_time": 0.026329755783081055
}