{
  "query": "/*+ NoNestLoop(ci t) */ select count(*)\nfrom cast_info AS ci\ninner join title AS t\non t.id = ci.movie_id AND ci.person_id < 3057322;",
  "predicted_latency": 1148.4118700027466,
  "actual_latency": 9096.712,
  "q_error": 7.921123281299978,
  "inference_time": 0.018659353256225586
}