{
  "query": "/*+  */ select count(*)\nfrom title AS t\ninner join cast_info AS ci\non t.id = ci.movie_id AND ci.person_id < 1908157 AND ci.role_id < 4;",
  "predicted_latency": 950.3763318061829,
  "actual_latency": 5873.172,
  "q_error": 6.179838242434006,
  "inference_time": 0.026640892028808594
}