{
  "predicted_latency": 0.02913774736225605,
  "actual_latency": 6.39242,
  "q_error": 219.38619995117188,
  "inference_time": 0.6741383075714111,
  "timestamp": 1745753562.3628771
}