{
  "predicted_latency": 267.04326272010803,
  "actual_latency": 38.633,
  "q_error": 6.912309753840189,
  "inference_time": 0.0944359302520752
}