{
  "predicted_latency": 0.0291377454996109,
  "actual_latency": 2.955652,
  "q_error": 101.43722534179688,
  "inference_time": 0.3918156623840332,
  "timestamp": 1745759057.8335147
}