{
  "query": "/*+ NoNestLoop(ci t) */ select count(*)\nfrom cast_info AS ci\ninner join title AS t\non t.id = ci.movie_id AND ci.person_id < 3449510;",
  "predicted_latency": 1129.0345191955566,
  "actual_latency": 10483.895,
  "q_error": 9.285716974774017,
  "inference_time": 0.021848440170288086
}