{
  "query": "/*+ NoNestLoop(t ci) */ select count(*)\nfrom title AS t\ninner join cast_info AS ci\non t.id = ci.movie_id AND ci.person_id > 1536866;",
  "predicted_latency": 752.7523040771484,
  "actual_latency": 6458.678,
  "q_error": 8.580083999766888,
  "inference_time": 0.010117053985595703
}