{
  "query": "/*+  */ select count(*)\nfrom movie_keyword AS mk\ninner join title AS t\non t.id = mk.movie_id AND mk.keyword_id > 266;",
  "predicted_latency": 1220.2955484390259,
  "actual_latency": 1366.431,
  "q_error": 1.119754146237694,
  "inference_time": 0.02002573013305664
}