{
  "query": "/*+  */ select count(*)\nfrom cast_info AS ci\ninner join title AS t\non t.id = ci.movie_id AND ci.person_id < 3103693 AND t.kind_id < 7;",
  "predicted_latency": 1428.784966468811,
  "actual_latency": 6546.058,
  "q_error": 4.581555764950648,
  "inference_time": 0.033872127532958984
}