{
  "predicted_latency": 0.0291377454996109,
  "actual_latency": 0.166962,
  "q_error": 5.730093002319336,
  "inference_time": 0.1353926658630371,
  "timestamp": 1745481329.7571464
}