{
  "predicted_latency": 316.8718218803406,
  "actual_latency": 94.291,
  "q_error": 3.360573351436941,
  "inference_time": 0.08462357521057129
}