{
  "predicted_latency": 1978.416015625,
  "inference_time": 0.018126249313354492
}