{
  "query": "/*+  */ select count(*)\nfrom title AS t\ninner join cast_info AS ci\non t.id = ci.movie_id AND ci.person_id > 824888;",
  "predicted_latency": 1120.0659275054932,
  "actual_latency": 8886.046,
  "q_error": 7.933502646393483,
  "inference_time": 0.012060880661010742
}