{
  "query": "/*+  */ select count(*)\nfrom title AS t\ninner join cast_info AS ci\non t.id = ci.movie_id AND ci.person_id < 2877740 AND ci.role_id < 3;",
  "predicted_latency": 1102.2894382476807,
  "actual_latency": 7235.537,
  "q_error": 6.564099000624008,
  "inference_time": 0.019585847854614258
}