{
  "embedding": [
    0.4100824986439751,
    1.663865255163349,
    4.187325538824403,
    0.24741001584608582,
    0.14219296614933727,
    2.840856983655121,
    3.2111786265086137,
    1.920316725136617,
    0.80893258323128,
    1.109593168907419,
    3.0664683787778646,
    3.4189150293602792,
    2.6951683916844664,
    2.7019058183610243,
    0.2642931969128219,
    3.232259309808843,
    1.3558583155926005,
    3.05618883699881,
    0.6839781524506293,
    0.14219296614933727,
    0.3762613186293932,
    2.276964169092816,
    1.0845525214539646,
    0.14219296614933727,
    0.48654242269689535,
    1.4255396767649355,
    2.893284795142526,
    2.526843560732744,
    3.9907005850170885,
    1.7384758760600705,
    1.8448627793693249,
    0.8877211646390902,
    1.6016096397172377,
    2.636360753162835,
    3.6596820059471313,
    0.3512416972001845,
    1.066639219001614,
    0.5735946114162225,
    1.8448934022485055,
    2.485357324700839,
    2.016674970810744,
    3.4555599157640478,
    2.0279405687378755,
    0.48679337532662187,
    1.905891484180104,
    1.9991881778621177,
    0.2676499762669241,
    1.8628230826241576,
    4.433761695467787,
    1.8849430898661514,
    0.9192247012655977,
    4.023694793581721,
    1.5920175071562372,
    1.3943463407746917,
    1.6237729222406079,
    1.239834484320766,
    3.6021691031972467,
    2.4483694509368448,
    0.992314723155495,
    1.200299945080687,
    0.14219296614933727,
    1.627264144056377,
    1.1193514101910758,
    3.982984935613481
  ],
  "timestamp": 1754308432.8384962
}