{
  "embedding": [
    0.7411735531658639,
    2.887943016620491,
    2.813178634689571,
    0.09413655680126756,
    0.06855533363167922,
    5.603907255711256,
    2.582554526809697,
    2.4996192104726243,
    0.7122452305790101,
    1.6803933467127925,
    4.623848719235726,
    4.361835405798511,
    1.187438084943165,
    3.0564402453078965,
    0.19282833685550485,
    4.385833597946225,
    2.133723184838372,
    2.993191398093579,
    1.9567012665306394,
    3.3849069934492024,
    4.972045230004102,
    3.136215073821132,
    2.655580259114631,
    0.8377225690395003,
    1.1583449611550358,
    2.8826641826275634,
    2.6344137237027248,
    4.169948026248982,
    2.480111047173658,
    2.358559566272716,
    2.358385582802953,
    2.5891462308912763,
    1.7189340891154334,
    2.7091550327643215,
    4.275854295663911,
    0.06855533363167922,
    1.1887892439447285,
    0.4608585146772508,
    2.2579491087435435,
    4.361491104805988,
    1.4868274071800298,
    3.3376497889474526,
    2.976635211832221,
    0.38950494521912504,
    2.5963363583585437,
    3.8797179136302185,
    0.8041558743753912,
    2.3100228229891298,
    4.650338061324656,
    3.269901177262674,
    0.6970183573005019,
    4.033182957334234,
    2.029317083245019,
    2.1618116408530574,
    0.9960115481830217,
    2.05867035382479,
    3.909407003413765,
    2.6575941603566204,
    2.7945239259228667,
    1.6292469621245766,
    0.06855533363167922,
    2.4166418590821634,
    1.539024613111864,
    3.117777344199312
  ],
  "timestamp": 1754308397.1984234
}