{
  "predicted_latency": 626.5266723632812,
  "inference_time": 0.030820369720458984
}