{
  "query": "/*+  */ select count(*)\nfrom movie_companies AS mc\ninner join title AS t\non t.id = mc.movie_id AND mc.company_id > 89695;",
  "predicted_latency": 898.3941078186035,
  "actual_latency": 447.794,
  "q_error": 2.0062665150015486,
  "inference_time": 0.026276350021362305
}