{
  "predicted_latency": 299.55682158470154,
  "actual_latency": 1778.276,
  "q_error": 5.936356216468873,
  "inference_time": 0.168442964553833
}