{
  "query": "/*+  */ select count(*)\nfrom title AS t\ninner join cast_info AS ci\non t.id = ci.movie_id AND ci.person_id < 2909529;",
  "predicted_latency": 1148.4588384628296,
  "actual_latency": 8766.681,
  "q_error": 7.633430739001395,
  "inference_time": 0.01682424545288086
}