{
  "predicted_latency": 441.53162837028503,
  "actual_latency": 187.756,
  "q_error": 2.3516245998545187,
  "inference_time": 0.04996681213378906
}