{
  "query": "/*+  */ select count(*)\nfrom title AS t\ninner join cast_info AS ci\non t.id = ci.movie_id AND ci.person_id > 1035901;",
  "predicted_latency": 1003.7914514541626,
  "actual_latency": 7993.988,
  "q_error": 7.963793662936011,
  "inference_time": 0.026519060134887695
}