{
  "query": "/*+  */ select count(*)\nfrom cast_info AS ci\ninner join title AS t\non t.id = ci.movie_id AND t.production_year < 1965;",
  "predicted_latency": 1195.2311992645264,
  "actual_latency": 4244.429,
  "q_error": 3.5511363848364796,
  "inference_time": 0.017610549926757812
}