{
  "predicted_latency": 1701.7926025390625,
  "inference_time": 0.026826143264770508
}