{
  "query": "/*+ NoNestLoop(ci t) */ select count(*)\nfrom cast_info AS ci\ninner join title AS t\non t.id = ci.movie_id AND ci.person_id < 2076118 AND ci.role_id < 10;",
  "predicted_latency": 1157.3104858398438,
  "actual_latency": 7008.367,
  "q_error": 6.0557361967684304,
  "inference_time": 0.020949125289916992
}