{
  "predicted_latency": 877.3416137695312,
  "inference_time": 0.03331422805786133
}