{
  "query": "/*+  */ select count(*)\nfrom title AS t\ninner join cast_info AS ci\non t.id = ci.movie_id AND ci.person_id > 1470802 AND ci.role_id > 1;",
  "predicted_latency": 949.5981335639954,
  "actual_latency": 6693.738,
  "q_error": 7.049021858201552,
  "inference_time": 0.020656347274780273
}