{
  "query": "/*+ NoNestLoop(t ci) */ select count(*)\nfrom title AS t\ninner join cast_info AS ci\non t.id = ci.movie_id AND ci.person_id < 1490675 AND ci.role_id = 10;",
  "predicted_latency": 501.31213665008545,
  "actual_latency": 1000.215,
  "q_error": 1.9951940654852875,
  "inference_time": 0.014430522918701172
}