{
  "query": "/*+  */ select count(*)\nfrom movie_keyword AS mk\ninner join title AS t\non t.id = mk.movie_id AND mk.keyword_id < 33022;",
  "predicted_latency": 1199.723243713379,
  "actual_latency": 1311.461,
  "q_error": 1.0931362769473156,
  "inference_time": 0.02067279815673828
}