{
  "predicted_latency": 0.02913774363696575,
  "actual_latency": 5.731301,
  "q_error": 196.69679260253906,
  "inference_time": 1.640777349472046,
  "timestamp": 1745453134.34864
}