{
  "query": "/*+  */ select count(*)\nfrom cast_info AS ci\ninner join title AS t\non t.id = ci.movie_id AND ci.person_id < 306860 AND t.production_year > 2011;",
  "predicted_latency": 1210.9599113464355,
  "actual_latency": 752.988,
  "q_error": 1.6082061219387764,
  "inference_time": 0.011889457702636719
}