{
  "query": "/*+ NoNestLoop(t ci) */ select count(*)\nfrom title AS t\ninner join cast_info AS ci\non t.id = ci.movie_id AND ci.person_id < 1745697;",
  "predicted_latency": 680.4436445236206,
  "actual_latency": 6009.977,
  "q_error": 8.832439024700705,
  "inference_time": 0.016754865646362305
}