{
  "query": "/*+ NoNestLoop(t ci) */ select count(*)\nfrom title AS t\ninner join cast_info AS ci\non t.id = ci.movie_id AND ci.person_id < 1838786;",
  "predicted_latency": 696.1878538131714,
  "actual_latency": 6960.666,
  "q_error": 9.998258317600527,
  "inference_time": 0.014604568481445312
}