{
  "predicted_latency": 1488.50634765625,
  "inference_time": 0.021857023239135742
}