{
  "query": "/*+  */ select count(*)\nfrom title AS t\ninner join cast_info AS ci\non t.id = ci.movie_id AND ci.person_id < 2954412 AND ci.role_id < 2;",
  "predicted_latency": 1119.5437908172607,
  "actual_latency": 4735.723,
  "q_error": 4.230047130664669,
  "inference_time": 0.019377708435058594
}