{
  "query": "/*+  */ select count(*)\nfrom title AS t\ninner join cast_info AS ci\non t.id = ci.movie_id AND ci.person_id > 782106 AND ci.role_id > 10;",
  "predicted_latency": 880.3583979606628,
  "actual_latency": 743.851,
  "q_error": 1.1835144376503666,
  "inference_time": 0.020126819610595703
}