{
  "predicted_latency": 1061.4174604415894,
  "actual_latency": 530.221,
  "q_error": 2.0018397242689168,
  "inference_time": 0.12488794326782227
}