{
  "query": "/*+  */ select count(*)\nfrom movie_keyword AS mk\ninner join title AS t\non t.id = mk.movie_id AND mk.keyword_id < 48679;",
  "predicted_latency": 1214.7551774978638,
  "actual_latency": 1186.403,
  "q_error": 1.023897594238942,
  "inference_time": 0.017725229263305664
}