{
  "predicted_latency": 0.02913774736225605,
  "actual_latency": 6.4996149999999995,
  "q_error": 223.06512451171875,
  "inference_time": 0.687039852142334,
  "timestamp": 1745757302.820148
}