{
  "predicted_latency": 0.0291377454996109,
  "actual_latency": 47.793646,
  "q_error": 1640.265869140625,
  "inference_time": 0.22670269012451172,
  "timestamp": 1745755509.6748965
}