{
  "query": "/*+  */ select count(*)\nfrom title AS t\ninner join cast_info AS ci\non t.id = ci.movie_id AND ci.person_id < 2910669 AND ci.role_id = 2;",
  "predicted_latency": 1065.332531929016,
  "actual_latency": 3133.37,
  "q_error": 2.9412131011585205,
  "inference_time": 0.012256860733032227
}