{
  "predicted_latency": 366.0605847835541,
  "actual_latency": 873.125,
  "q_error": 2.385192605525299,
  "inference_time": 0.06239676475524902
}