{
  "query": "/*+  */ select count(*)\nfrom title AS t\ninner join cast_info AS ci\non t.id = ci.movie_id AND t.kind_id < 7 AND ci.person_id < 2599561;",
  "predicted_latency": 1356.580138206482,
  "actual_latency": 5801.75,
  "q_error": 4.276746973216357,
  "inference_time": 0.018889904022216797
}