{
  "predicted_latency": 516.8290138244629,
  "actual_latency": 561.553,
  "q_error": 1.0865353627200336,
  "inference_time": 0.050695180892944336
}