{
  "predicted_latency": 348.0091989040375,
  "actual_latency": 5211.942,
  "q_error": 14.976448945641744,
  "inference_time": 0.09255075454711914
}