{
  "predicted_latency": 648.8944702148438,
  "inference_time": 0.006899356842041016
}