{
  "predicted_latency": 2033.69287109375,
  "inference_time": 0.028179407119750977
}