{
  "predicted_latency": 0.02913774736225605,
  "actual_latency": 2.709206,
  "q_error": 92.97925567626953,
  "inference_time": 0.06763958930969238,
  "timestamp": 1745492939.570591
}