{
  "predicted_latency": 337.9330337047577,
  "actual_latency": 224.326,
  "q_error": 1.506437210598672,
  "inference_time": 0.12879371643066406
}