{
  "query": "/*+  */ select count(*)\nfrom title AS t\ninner join cast_info AS ci\non t.id = ci.movie_id AND ci.person_id > 2461892 AND ci.role_id > 1;",
  "predicted_latency": 929.9701452255249,
  "actual_latency": 4981.847,
  "q_error": 5.356996700998249,
  "inference_time": 0.026538610458374023
}