{
  "query": "/*+ NoNestLoop(t ci) */ select count(*)\nfrom title AS t\ninner join cast_info AS ci\non t.id = ci.movie_id AND ci.person_id < 581211;",
  "predicted_latency": 618.1957125663757,
  "actual_latency": 2468.775,
  "q_error": 3.9935168585222556,
  "inference_time": 0.026121139526367188
}