{
  "predicted_latency": 270.7804870605469,
  "inference_time": 0.022319316864013672
}