{
  "query": "/*+  */ select count(*)\nfrom title AS t\ninner join cast_info AS ci\non t.id = ci.movie_id AND t.kind_id > 1 AND ci.person_id > 1164062;",
  "predicted_latency": 1238.8100624084473,
  "actual_latency": 6896.249,
  "q_error": 5.566833212988741,
  "inference_time": 0.01462697982788086
}