{
  "query": "/*+ NoNestLoop(t ci) */ select count(*)\nfrom title AS t\ninner join cast_info AS ci\non t.id = ci.movie_id AND ci.person_id > 2117307;",
  "predicted_latency": 648.4583020210266,
  "actual_latency": 5962.482,
  "q_error": 9.194857990740418,
  "inference_time": 0.025267839431762695
}