{
  "predicted_latency": 506.22034072875977,
  "actual_latency": 294.103,
  "q_error": 1.7212348759746068,
  "inference_time": 0.12224459648132324
}