{
  "query": "/*+  */ select count(*)\nfrom movie_companies AS mc\ninner join title AS t\non t.id = mc.movie_id AND mc.company_id > 63336;",
  "predicted_latency": 1047.235131263733,
  "actual_latency": 577.449,
  "q_error": 1.813554324734709,
  "inference_time": 0.026717662811279297
}