{
  "query": "/*+  */ select count(*)\nfrom title AS t\ninner join cast_info AS ci\non t.id = ci.movie_id AND ci.person_id < 2518374;",
  "predicted_latency": 933.7150454521179,
  "actual_latency": 7809.51,
  "q_error": 8.36391149316709,
  "inference_time": 0.018236875534057617
}