{
  "query": "/*+ NoNestLoop(ci t) */ select count(*)\nfrom cast_info AS ci\ninner join title AS t\non t.id = ci.movie_id AND ci.person_id < 3741906;",
  "predicted_latency": 1149.1684913635254,
  "actual_latency": 10014.154,
  "q_error": 8.714260854922923,
  "inference_time": 0.023759126663208008
}