{
  "predicted_latency": 368.3323264122009,
  "actual_latency": 427.167,
  "q_error": 1.159732582151796,
  "inference_time": 0.1007847785949707
}