{
  "predicted_latency": 0.0291377454996109,
  "actual_latency": 3.911259,
  "q_error": 134.23341369628906,
  "inference_time": 0.6397979259490967,
  "timestamp": 1745452281.8143806
}