{
  "predicted_latency": 374.59778785705566,
  "actual_latency": 1951.011,
  "q_error": 5.208282224946012,
  "inference_time": 0.09332704544067383
}