{
  "predicted_latency": 504.4364929199219,
  "inference_time": 0.01688528060913086
}