{
  "predicted_latency": 321.99808955192566,
  "actual_latency": 709.389,
  "q_error": 2.2030844996227947,
  "inference_time": 0.16999316215515137
}