{
  "predicted_latency": 0.02913774736225605,
  "actual_latency": 5.523104999999999,
  "q_error": 189.55154418945312,
  "inference_time": 6.993853569030762,
  "timestamp": 1745479308.6187148
}