{
  "predicted_latency": 326.97421312332153,
  "actual_latency": 32136.637,
  "q_error": 98.28492801626332,
  "inference_time": 0.09530782699584961
}