{
  "query": "/*+  */ select count(*)\nfrom title AS t\ninner join cast_info AS ci\non t.id = ci.movie_id AND ci.person_id > 982787;",
  "predicted_latency": 1033.3741903305054,
  "actual_latency": 7913.988,
  "q_error": 7.658395258999898,
  "inference_time": 0.01881241798400879
}