{
  "predicted_latency": 909.1337323188782,
  "actual_latency": 2314.96,
  "q_error": 2.5463360534377677,
  "inference_time": 0.05857586860656738
}