{
  "query": "/*+ NoNestLoop(t ci) */ select count(*)\nfrom title AS t\ninner join cast_info AS ci\non t.id = ci.movie_id AND ci.person_id < 1149368;",
  "predicted_latency": 636.9558572769165,
  "actual_latency": 4516.257,
  "q_error": 7.0903767480963085,
  "inference_time": 0.02646946907043457
}