{
  "predicted_latency": 0.010861067101359367,
  "actual_latency": 283.3958,
  "q_error": 26092.814453125,
  "inference_time": 0.15629363059997559,
  "timestamp": 1744804075.3516538
}