{
  "predicted_latency": 634.4390511512756,
  "actual_latency": 262.908,
  "q_error": 2.4131599310453677,
  "inference_time": 0.038619041442871094
}