{
  "predicted_latency": 0.02913774363696575,
  "actual_latency": 2.668447,
  "q_error": 91.58042907714844,
  "inference_time": 0.3914813995361328,
  "timestamp": 1745481334.3142462
}