{
  "predicted_latency": 0.0291377454996109,
  "actual_latency": 2.242299,
  "q_error": 76.95513153076172,
  "inference_time": 1.6431596279144287,
  "timestamp": 1745479767.1537876
}