{
  "query": "/*+  */ select count(*)\nfrom movie_keyword AS mk\ninner join title AS t\non t.id = mk.movie_id AND mk.keyword_id > 272;",
  "predicted_latency": 1219.857931137085,
  "actual_latency": 1319.622,
  "q_error": 1.0817833505988033,
  "inference_time": 0.01807260513305664
}