{
  "query": "/*+  */ select count(*)\nfrom cast_info AS ci\ninner join title AS t\non t.id = ci.movie_id AND t.production_year < 1926;",
  "predicted_latency": 1135.3517770767212,
  "actual_latency": 3560.684,
  "q_error": 3.136194501027665,
  "inference_time": 0.026453733444213867
}