{
  "query": "/*+  */ select count(*)\nfrom title AS t\ninner join cast_info AS ci\non t.id = ci.movie_id AND ci.person_id < 1856795 AND ci.role_id < 6;",
  "predicted_latency": 1158.43665599823,
  "actual_latency": 5800.384,
  "q_error": 5.007079126826993,
  "inference_time": 0.026684045791625977
}