{
  "predicted_latency": 0.0291377454996109,
  "actual_latency": 48.451178999999996,
  "q_error": 1662.8321533203125,
  "inference_time": 0.10037970542907715,
  "timestamp": 1745759310.559436
}