{
  "predicted_latency": 630.5521130561829,
  "actual_latency": 17994.098,
  "q_error": 28.537051303793994,
  "inference_time": 0.060014963150024414
}