{
  "query": "/*+  */ select count(*)\nfrom title AS t\ninner join movie_keyword AS mk\non t.id = mk.movie_id AND mk.keyword_id < 67078;",
  "predicted_latency": 1240.5415773391724,
  "actual_latency": 1250.586,
  "q_error": 1.008096804528206,
  "inference_time": 0.012791156768798828
}