{
  "predicted_latency": 377.990186214447,
  "actual_latency": 4551.932,
  "q_error": 12.042460799279931,
  "inference_time": 0.12000346183776855
}