{
  "query": "/*+  */ select count(*)\nfrom title AS t\ninner join cast_info AS ci\non t.id = ci.movie_id AND t.kind_id < 4 AND ci.person_id < 2399753;",
  "predicted_latency": 1290.4149293899536,
  "actual_latency": 4814.175,
  "q_error": 3.730718616434414,
  "inference_time": 0.01800370216369629
}