{
  "predicted_latency": 625.4738569259644,
  "actual_latency": 5101.713,
  "q_error": 8.156556734558892,
  "inference_time": 0.08668279647827148
}