{
  "predicted_latency": 700.7958292961121,
  "actual_latency": 39.078,
  "q_error": 17.933257313478478,
  "inference_time": 0.13486814498901367
}