{
  "query": "/*+  */ select count(*)\nfrom title AS t\ninner join cast_info AS ci\non t.id = ci.movie_id AND t.kind_id = 3 AND ci.person_id > 1083850;",
  "predicted_latency": 1184.4465732574463,
  "actual_latency": 3077.552,
  "q_error": 2.59830377282123,
  "inference_time": 0.0204925537109375
}