{
  "query": "/*+  */ select count(*)\nfrom title AS t\ninner join cast_info AS ci\non t.id = ci.movie_id AND ci.person_id < 1150927 AND ci.role_id < 4;",
  "predicted_latency": 936.2429976463318,
  "actual_latency": 4165.018,
  "q_error": 4.448650628598182,
  "inference_time": 0.02639460563659668
}