{
  "predicted_latency": 848.0096435546875,
  "inference_time": 0.00658726692199707
}