{
  "pg_runtime": 6316.774,
  "opt_runtime": 3591.784,
  "pg_slowdown": 1.7586731273372787,
  "pg_opt_diff": 2724.9900000000002,
  "original_num_of_plans": 2,
  "pg_plan_card_error": 22.283760313307845,
  "opt_plan_card_error": 1.0,
  "num_tables": 7,
  "opt_hint": "/*+ Rows(an1 ci #36417493) Rows(ci rt #276403) Rows(mc t #2609129) Rows(ci t #36244344) Rows(an1 n1 #901343) Rows(ci n1 #36244344) Rows(ci mc #80274241) Rows(cn mc #1153798) Rows(cn mc t #1153798) Rows(an1 ci t #36417493) Rows(an1 ci rt #218966) Rows(ci rt t #276403) Rows(ci mc n1 #80274241) Rows(ci n1 rt #276403) Rows(ci n1 t #36244344) Rows(an1 ci n1 #36417493) Rows(an1 ci mc #87239860) Rows(ci mc rt #794591) Rows(ci mc t #80274241) Rows(ci cn mc #32289229) Rows(ci n1 rt t #276403) Rows(an1 ci mc rt #752819) Rows(ci mc n1 t #80274241) Rows(an1 ci rt t #218966) Rows(ci cn mc rt #285538) Rows(an1 ci mc t #87239860) Rows(an1 ci n1 t #36417493) Rows(an1 ci n1 rt #218966) Rows(ci cn mc t #32289229) Rows(an1 ci mc n1 #87239860) Rows(ci cn mc n1 #32289229) Rows(an1 ci cn mc #41307596) Rows(ci mc n1 rt #794591) Rows(ci mc rt t #794591) Rows(ci cn mc n1 rt #285538) Rows(an1 ci mc n1 rt #752819) Rows(an1 ci cn mc rt #323005) Rows(ci cn mc n1 t #32289229) Rows(an1 ci mc n1 t #87239860) Rows(ci mc n1 rt t #794591) Rows(an1 ci cn mc t #41307596) Rows(an1 ci n1 rt t #218966) Rows(ci cn mc rt t #285538) Rows(an1 ci cn mc n1 #41307596) Rows(an1 ci mc rt t #752819) Rows(an1 ci cn mc n1 rt #323005) Rows(an1 ci cn mc rt t #323005) Rows(an1 ci mc n1 rt t #752819) Rows(an1 ci cn mc n1 t #41307596) Rows(ci cn mc n1 rt t #285538) Rows(an1 ci cn mc n1 rt t #323005) */"
}