{
  "predicted_latency": 302.35445499420166,
  "actual_latency": 418.8,
  "q_error": 1.3851292517189187,
  "inference_time": 0.07256865501403809
}