{
  "pg_runtime": 12300.222,
  "opt_runtime": 10500.892,
  "pg_slowdown": 1.1713502052968452,
  "pg_opt_diff": 1799.33,
  "original_num_of_plans": 9,
  "pg_plan_card_error": 1169.7083333333333,
  "opt_plan_card_error": 1.0,
  "num_tables": 7,
  "opt_hint": "/*+ Rows(ci mi_idx #1000868) Rows(ci n #558518) Rows(mi mi_idx #315079) Rows(ci t #1244716) Rows(mi t #188971) Rows(mi_idx t #1380035) Rows(it2 mi_idx #459925) Rows(ci mi #95066) Rows(it1 mi #186594) Rows(ci it2 mi_idx #333558) Rows(it2 mi mi_idx #104892) Rows(ci mi_idx t #1000868) Rows(ci n t #558518) Rows(ci mi mi_idx #168225) Rows(ci mi n #46591) Rows(mi mi_idx t #315079) Rows(it2 mi_idx t #459925) Rows(ci mi t #95066) Rows(it1 mi mi_idx #307785) Rows(it1 mi t #186594) Rows(ci mi_idx n #501122) Rows(ci it1 mi #93240) Rows(it2 mi mi_idx t #104892) Rows(ci it2 mi mi_idx #55981) Rows(ci mi_idx n t #501122) Rows(ci it2 mi_idx n #166987) Rows(ci mi n t #46591) Rows(ci it2 mi_idx t #333558) Rows(ci it1 mi mi_idx #162621) Rows(ci it1 mi n #45265) Rows(ci it1 mi t #93240) Rows(it1 it2 mi mi_idx #102516) Rows(it1 mi mi_idx t #307785) Rows(ci mi mi_idx n #88457) Rows(ci mi mi_idx t #168225) Rows(ci it1 mi n t #45265) Rows(ci mi mi_idx n t #88457) Rows(ci it2 mi_idx n t #166987) Rows(ci it1 it2 mi mi_idx #54155) Rows(ci it2 mi mi_idx n #29399) Rows(it1 it2 mi mi_idx t #102516) Rows(ci it1 mi mi_idx n #84358) Rows(ci it1 mi mi_idx t #162621) Rows(ci it2 mi mi_idx t #55981) Rows(ci it1 it2 mi mi_idx n #28073) Rows(ci it1 it2 mi mi_idx t #54155) Rows(ci it1 mi mi_idx n t #84358) Rows(ci it2 mi mi_idx n t #29399) Rows(ci it1 it2 mi mi_idx n t #28073) */"
}