{
  "query": "/*+  */ select count(*)\nfrom cast_info AS ci\ninner join title AS t\non t.id = ci.movie_id AND ci.person_id < 1256475 AND ci.role_id < 10 AND t.production_year > 2007;",
  "predicted_latency": 1518.8895463943481,
  "actual_latency": 3418.133,
  "q_error": 2.2504157778386293,
  "inference_time": 0.013124942779541016
}