{
  "predicted_latency": 0.0291377454996109,
  "actual_latency": 38.095647,
  "q_error": 1307.432861328125,
  "inference_time": 0.35387110710144043,
  "timestamp": 1745453656.6404126
}