{
  "query": "/*+ NoNestLoop(ci t) */ select count(*)\nfrom cast_info AS ci\ninner join title AS t\non t.id = ci.movie_id AND ci.person_id < 3820465;",
  "predicted_latency": 1161.4079475402832,
  "actual_latency": 10734.385,
  "q_error": 9.242562032345383,
  "inference_time": 0.01237940788269043
}