{
  "predicted_latency": 431.3567578792572,
  "actual_latency": 247.04,
  "q_error": 1.7461008657677186,
  "inference_time": 0.06093788146972656
}