{
  "query": "/*+  */ select count(*)\nfrom title AS t\ninner join cast_info AS ci\non t.id = ci.movie_id AND ci.person_id < 2834098 AND ci.role_id > 2;",
  "predicted_latency": 1064.4243955612183,
  "actual_latency": 3767.608,
  "q_error": 3.539573139916177,
  "inference_time": 0.01793503761291504
}