{
  "query": "/*+  */ select count(*)\nfrom movie_keyword AS mk\ninner join title AS t\non t.id = mk.movie_id AND mk.keyword_id < 45039;",
  "predicted_latency": 1209.023356437683,
  "actual_latency": 1148.759,
  "q_error": 1.0524603998207485,
  "inference_time": 0.2530496120452881
}