{
  "predicted_latency": 0.02913774363696575,
  "actual_latency": 5.454005,
  "q_error": 187.18006896972656,
  "inference_time": 2.6620309352874756,
  "timestamp": 1745479926.530998
}