{
  "predicted_latency": 1899.9542236328125,
  "inference_time": 0.026433229446411133
}