{
  "predicted_latency": 0.02913774363696575,
  "actual_latency": 4.974387,
  "q_error": 170.71971130371094,
  "inference_time": 2.331263542175293,
  "timestamp": 1745454003.5797744
}