{
  "query": "/*+ NoNestLoop(t ci) */ select count(*)\nfrom title AS t\ninner join cast_info AS ci\non t.id = ci.movie_id AND ci.person_id > 2744873;",
  "predicted_latency": 627.1920800209045,
  "actual_latency": 4097.265,
  "q_error": 6.532711637339931,
  "inference_time": 0.014682292938232422
}