{
  "predicted_latency": 0.02913774736225605,
  "actual_latency": 2.8239929999999998,
  "q_error": 96.91871643066406,
  "inference_time": 0.14320850372314453,
  "timestamp": 1745480194.6482892
}