{
  "query": "/*+  */ select count(*)\nfrom title AS t\ninner join cast_info AS ci\non t.id = ci.movie_id AND ci.person_id > 849770 AND ci.role_id > 1;",
  "predicted_latency": 1108.1234216690063,
  "actual_latency": 6992.017,
  "q_error": 6.309781801623626,
  "inference_time": 0.2477731704711914
}