{
  "predicted_latency": 0.02913774363696575,
  "actual_latency": 8.066368,
  "q_error": 276.8357238769531,
  "inference_time": 2.225320816040039,
  "timestamp": 1745478328.3460424
}