{
  "predicted_latency": 15.039524994790554,
  "actual_latency": 1722.822,
  "q_error": 114.55295300860614,
  "inference_time": 0.0681145191192627
}