{
  "predicted_latency": 602.4086303710938,
  "inference_time": 0.019486188888549805
}