{
  "query": "/*+  */ select count(*)\nfrom cast_info AS ci\ninner join title AS t\non t.id = ci.movie_id AND t.production_year > 2009;",
  "predicted_latency": 1345.4476594924927,
  "actual_latency": 5155.977,
  "q_error": 3.8321646803747473,
  "inference_time": 0.018199682235717773
}