{
  "predicted_latency": 0.0291377454996109,
  "actual_latency": 6.984122999999999,
  "q_error": 239.69332885742188,
  "inference_time": 0.5382339954376221,
  "timestamp": 1745453759.5710967
}