{
  "predicted_latency": 477.34054923057556,
  "actual_latency": 416.224,
  "q_error": 1.1468357164185043,
  "inference_time": 0.1002054214477539
}