{
  "predicted_latency": 1534.88427734375,
  "inference_time": 0.0077931880950927734
}