{
  "predicted_latency": 546.1805462837219,
  "actual_latency": 306.218,
  "q_error": 1.783633053196487,
  "inference_time": 0.08893656730651855
}