{
  "query": "/*+  */ select count(*)\nfrom cast_info AS ci\ninner join title AS t\non t.id = ci.movie_id AND ci.person_id > 1960440 AND ci.role_id > 4 AND t.production_year < 1964;",
  "predicted_latency": 1401.2582302093506,
  "actual_latency": 1509.541,
  "q_error": 1.0772753854044959,
  "inference_time": 0.026398897171020508
}