{
  "query": "/*+  */ select count(*)\nfrom title AS t\ninner join cast_info AS ci\non t.id = ci.movie_id AND ci.person_id > 1306142;",
  "predicted_latency": 858.6969375610352,
  "actual_latency": 8274.647,
  "q_error": 9.636283347536509,
  "inference_time": 0.012373208999633789
}