{
  "query": "/*+  */ select count(*)\nfrom movie_keyword AS mk\ninner join title AS t\non t.id = mk.movie_id AND mk.keyword_id < 40498;",
  "predicted_latency": 1203.3828496932983,
  "actual_latency": 1221.088,
  "q_error": 1.0147128158849978,
  "inference_time": 0.02493429183959961
}