{
  "predicted_latency": 823.2538452148438,
  "inference_time": 0.029927730560302734
}