{
  "query": "/*+  */ select count(*)\nfrom movie_keyword AS mk\ninner join title AS t\non t.id = mk.movie_id AND mk.keyword_id < 32708;",
  "predicted_latency": 1199.5583772659302,
  "actual_latency": 1129.699,
  "q_error": 1.061838929897194,
  "inference_time": 0.026979446411132812
}