{
  "query": "/*+  */ select count(*)\nfrom cast_info AS ci\ninner join title AS t\non t.id = ci.movie_id AND t.production_year < 1925;",
  "predicted_latency": 1134.1525316238403,
  "actual_latency": 3523.119,
  "q_error": 3.1063890453568184,
  "inference_time": 0.02553582191467285
}