{
  "predicted_latency": 476.02060437202454,
  "actual_latency": 103.51,
  "q_error": 4.598788565085735,
  "inference_time": 0.04560399055480957
}