{
  "predicted_latency": 916.615903377533,
  "actual_latency": 2647.823,
  "q_error": 2.888694152308879,
  "inference_time": 0.05933952331542969
}