{
  "query": "/*+  */ select count(*)\nfrom title AS t\ninner join cast_info AS ci\non t.id = ci.movie_id AND t.production_year < 2001 AND ci.person_id < 1156342 AND ci.role_id < 4;",
  "predicted_latency": 1516.6090726852417,
  "actual_latency": 3437.463,
  "q_error": 2.2665451907878795,
  "inference_time": 0.017627477645874023
}