{
  "query": "/*+  */ select count(*)\nfrom title AS t\ninner join movie_keyword AS mk\non t.id = mk.movie_id AND t.production_year < 1970;",
  "predicted_latency": 1305.1246404647827,
  "actual_latency": 605.372,
  "q_error": 2.1559051962508717,
  "inference_time": 0.024818897247314453
}