{
  "predicted_latency": 508.20761919021606,
  "actual_latency": 29907.463,
  "q_error": 58.84890716053195,
  "inference_time": 0.12401652336120605
}