{
  "predicted_latency": 0.02913774363696575,
  "actual_latency": 182.693013,
  "q_error": 6269.97802734375,
  "inference_time": 2.726449728012085,
  "timestamp": 1745760767.2041216
}