{
  "query": "/*+ NoNestLoop(ci t) */ select count(*)\nfrom cast_info AS ci\ninner join title AS t\non t.id = ci.movie_id AND ci.person_id < 3856211;",
  "predicted_latency": 1166.8453216552734,
  "actual_latency": 11366.543,
  "q_error": 9.741259436062657,
  "inference_time": 0.015760183334350586
}