{
  "predicted_latency": 2312.97412109375,
  "inference_time": 0.023549556732177734
}