{
  "predicted_latency": 491.22406005859375,
  "inference_time": 0.08945965766906738
}