{
  "query": "/*+  */ select count(*)\nfrom title AS t\ninner join cast_info AS ci\non t.id = ci.movie_id AND t.production_year < 1993;",
  "predicted_latency": 1244.7603940963745,
  "actual_latency": 5555.399,
  "q_error": 4.46302680126074,
  "inference_time": 0.03193092346191406
}