{
  "predicted_latency": 0.02913774363696575,
  "actual_latency": 1.006064,
  "q_error": 34.527862548828125,
  "inference_time": 0.8103346824645996,
  "timestamp": 1745755086.8158138
}