{
  "predicted_latency": 0.02913774736225605,
  "actual_latency": 2.136445,
  "q_error": 73.3222427368164,
  "inference_time": 0.6425549983978271,
  "timestamp": 1745479689.4755878
}