{
  "predicted_latency": 434.40231680870056,
  "actual_latency": 5320.844,
  "q_error": 12.248654747260845,
  "inference_time": 0.08007597923278809
}