{
  "query": "/*+  */ select count(*)\nfrom title AS t\ninner join cast_info AS ci\non t.id = ci.movie_id AND t.kind_id < 7 AND ci.person_id > 1415874 AND ci.role_id > 3;",
  "predicted_latency": 1166.0465002059937,
  "actual_latency": 2867.163,
  "q_error": 2.4588753531642924,
  "inference_time": 0.014673709869384766
}