{
  "query": "/*+  */ select count(*)\nfrom title AS t\ninner join cast_info AS ci\non t.id = ci.movie_id AND ci.person_id < 202521 AND ci.role_id > 1;",
  "predicted_latency": 864.6990656852722,
  "actual_latency": 893.691,
  "q_error": 1.0335283516141558,
  "inference_time": 0.020409584045410156
}