{
  "query": "/*+  */ select count(*)\nfrom movie_info AS mi\ninner join title AS t\non t.id = mi.movie_id AND mi.info_type_id < 11;",
  "predicted_latency": 1043.1381464004517,
  "actual_latency": 2685.965,
  "q_error": 2.5748890588158795,
  "inference_time": 0.019887447357177734
}