{
  "predicted_latency": 428.45937609672546,
  "actual_latency": 85.592,
  "q_error": 5.00583437817466,
  "inference_time": 0.1073598861694336
}