{
  "predicted_latency": 140.75946807861328,
  "actual_latency": 216.653,
  "q_error": 1.5391717726512055,
  "inference_time": 0.08014106750488281
}