{
  "predicted_latency": 735.4757189750671,
  "actual_latency": 201.886,
  "q_error": 3.6430248703479546,
  "inference_time": 0.0447993278503418
}