{
  "predicted_latency": 0.02913774736225605,
  "actual_latency": 0.829984,
  "q_error": 28.484838485717773,
  "inference_time": 0.08372187614440918,
  "timestamp": 1745452706.7695737
}