{
  "predicted_latency": 585.1430296897888,
  "actual_latency": 67.666,
  "q_error": 8.647519133535141,
  "inference_time": 0.12747716903686523
}