{
  "predicted_latency": 665.0710105895996,
  "actual_latency": 85.91,
  "q_error": 7.741485398551969,
  "inference_time": 0.1210489273071289
}