{
  "predicted_latency": 0.02913774736225605,
  "actual_latency": 128.207419,
  "q_error": 4400.04541015625,
  "inference_time": 1.7196588516235352,
  "timestamp": 1745757032.1133513
}