{
  "predicted_latency": 483.4018249511719,
  "inference_time": 0.029263734817504883
}