{
  "predicted_latency": 473.877876996994,
  "actual_latency": 27296.455,
  "q_error": 57.60229866179879,
  "inference_time": 0.14925742149353027
}