{
  "query": "/*+  */ select count(*)\nfrom cast_info AS ci\ninner join title AS t\non t.id = ci.movie_id AND ci.person_id > 1188916 AND ci.role_id > 1 AND t.production_year > 2007;",
  "predicted_latency": 1580.9556245803833,
  "actual_latency": 4733.934,
  "q_error": 2.9943496998889385,
  "inference_time": 0.026511192321777344
}