{
  "query": "/*+  */ select count(*)\nfrom cast_info AS ci\ninner join title AS t\non t.id = ci.movie_id AND ci.person_id > 1737040 AND t.kind_id < 7 AND t.production_year < 1972;",
  "predicted_latency": 1620.7464933395386,
  "actual_latency": 3060.203,
  "q_error": 1.8881441438102202,
  "inference_time": 0.016429662704467773
}