{
  "predicted_latency": 1088.442138671875,
  "inference_time": 0.02868366241455078
}