{
  "predicted_latency": 200.2977430820465,
  "actual_latency": 200.891,
  "q_error": 1.0029618752005132,
  "inference_time": 0.28737902641296387
}