{
  "query": "/*+  */ select count(*)\nfrom title AS t\ninner join cast_info AS ci\non t.id = ci.movie_id AND t.kind_id < 7 AND ci.person_id < 2029588;",
  "predicted_latency": 1139.4225358963013,
  "actual_latency": 4541.741,
  "q_error": 3.986002432738739,
  "inference_time": 0.026564836502075195
}