{
  "query": "/*+  */ select count(*)\nfrom movie_keyword AS mk\ninner join title AS t\non t.id = mk.movie_id AND mk.keyword_id > 103;",
  "predicted_latency": 1281.0736894607544,
  "actual_latency": 1202.684,
  "q_error": 1.065178957615429,
  "inference_time": 0.028235673904418945
}