{
  "predicted_latency": 846.7607421875,
  "inference_time": 0.009282112121582031
}