{
  "predicted_latency": 0.02913774736225605,
  "actual_latency": 0.375273,
  "q_error": 12.8792724609375,
  "inference_time": 0.07251453399658203,
  "timestamp": 1745760425.4627075
}