{
  "predicted_latency": 0.02913774363696575,
  "actual_latency": 7.082031,
  "q_error": 243.0535125732422,
  "inference_time": 2.2336182594299316,
  "timestamp": 1745453996.1119916
}