{
  "query": "/*+ NoNestLoop(ci t) */ select count(*)\nfrom cast_info AS ci\ninner join title AS t\non t.id = ci.movie_id AND ci.person_id < 3543866;",
  "predicted_latency": 1135.4546546936035,
  "actual_latency": 10849.355,
  "q_error": 9.555075541900562,
  "inference_time": 0.027520418167114258
}