{
    "embedding": [
        0.5336671471595764,
        0.5336671471595764,
        0.5336671471595764,
        0.7215511202812195,
        0.5336671471595764,
        1.049493670463562,
        1.145139455795288,
        0.5336671471595764,
        0.6585508584976196,
        0.5336671471595764,
        0.5336671471595764,
        0.5336671471595764,
        0.5336671471595764,
        4.237900257110596,
        2.563490629196167,
        2.280216932296753,
        0.5336671471595764,
        2.2032926082611084,
        0.5336671471595764,
        1.4382117986679077,
        0.5336671471595764,
        0.8059884309768677,
        0.7698075175285339,
        0.5336671471595764,
        1.8492062091827393,
        2.155337333679199,
        0.5336671471595764,
        0.5336671471595764,
        0.5336671471595764,
        0.5336671471595764,
        3.6043715476989746,
        0.9694768786430359,
        0.5336671471595764,
        0.5336671471595764,
        1.687103033065796,
        3.3761534690856934,
        0.5336671471595764,
        1.174920916557312,
        2.2243781089782715,
        0.5336671471595764,
        0.5336671471595764,
        0.5336671471595764,
        0.824858546257019,
        0.5336671471595764,
        1.3976494073867798,
        0.5336671471595764,
        0.5336671471595764,
        0.806040346622467,
        0.5336671471595764,
        4.336299419403076,
        1.7263703346252441,
        0.7560920715332031,
        0.5336671471595764,
        0.5336671471595764,
        7.321577548980713,
        0.5336671471595764,
        0.5336671471595764,
        0.5336671471595764,
        0.5336671471595764,
        0.5336671471595764,
        0.5336671471595764,
        0.5741212368011475,
        0.5336671471595764,
        6.153572082519531
    ],
    "timestamp": 1754258492.5574467
}