{
    "embedding": [
        0.5336671471595764,
        0.5336671471595764,
        0.5336671471595764,
        0.7215512990951538,
        0.5336671471595764,
        1.0494933128356934,
        1.1451393365859985,
        0.5336671471595764,
        0.6585509181022644,
        0.5336671471595764,
        0.5336671471595764,
        0.5336671471595764,
        0.5336671471595764,
        4.237901210784912,
        2.563490867614746,
        2.2802164554595947,
        0.5336671471595764,
        2.2032926082611084,
        0.5336671471595764,
        1.4382119178771973,
        0.5336671471595764,
        0.805988073348999,
        0.7698075175285339,
        0.5336671471595764,
        1.8492062091827393,
        2.155337333679199,
        0.5336671471595764,
        0.5336671471595764,
        0.5336671471595764,
        0.5336671471595764,
        3.6043717861175537,
        0.9694768786430359,
        0.5336671471595764,
        0.5336671471595764,
        1.6871033906936646,
        3.3761539459228516,
        0.5336671471595764,
        1.1749207973480225,
        2.224378824234009,
        0.5336671471595764,
        0.5336671471595764,
        0.5336671471595764,
        0.824858546257019,
        0.5336671471595764,
        1.3976491689682007,
        0.5336671471595764,
        0.5336671471595764,
        0.8060404062271118,
        0.5336671471595764,
        4.336299419403076,
        1.7263702154159546,
        0.7560919523239136,
        0.5336671471595764,
        0.5336671471595764,
        7.321578502655029,
        0.5336671471595764,
        0.5336671471595764,
        0.5336671471595764,
        0.5336671471595764,
        0.5336671471595764,
        0.5336671471595764,
        0.5741208791732788,
        0.5336671471595764,
        6.153572082519531
    ],
    "timestamp": 1754258484.7505636
}