{
  "query": "/*+ NoNestLoop(ci t) */ select count(*)\nfrom cast_info AS ci\ninner join title AS t\non t.id = ci.movie_id AND ci.person_id < 1080842 AND ci.role_id < 10;",
  "predicted_latency": 1167.6745414733887,
  "actual_latency": 4460.552,
  "q_error": 3.8200301895523134,
  "inference_time": 0.018839120864868164
}