{
  "query": "/*+  */ select count(*)\nfrom movie_companies AS mc\ninner join title AS t\non t.id = mc.movie_id AND mc.company_id > 71564;",
  "predicted_latency": 1022.4419832229614,
  "actual_latency": 661.298,
  "q_error": 1.5461138295034333,
  "inference_time": 0.28286051750183105
}