{
  "query": "/*+  */ select count(*)\nfrom movie_companies AS mc\ninner join title AS t\non t.id = mc.movie_id AND mc.company_id < 121370;",
  "predicted_latency": 1221.320390701294,
  "actual_latency": 1109.323,
  "q_error": 1.1009601267631643,
  "inference_time": 0.03061652183532715
}