{
  "predicted_latency": 0.02913774736225605,
  "actual_latency": 4.964321,
  "q_error": 170.3742218017578,
  "inference_time": 0.02983570098876953,
  "timestamp": 1745493197.1713629
}