{
  "query": "/*+  */ select count(*)\nfrom title AS t\ninner join cast_info AS ci\non t.id = ci.movie_id AND ci.person_id < 994312 AND ci.role_id > 1;",
  "predicted_latency": 923.5860109329224,
  "actual_latency": 2615.405,
  "q_error": 2.8317936489295206,
  "inference_time": 0.0187380313873291
}