{
  "predicted_latency": 0.02913774363696575,
  "actual_latency": 1.387256,
  "q_error": 47.61027526855469,
  "inference_time": 1.903745174407959,
  "timestamp": 1745761847.910898
}