{
  "query": "/*+  */ select count(*)\nfrom movie_companies AS mc\ninner join title AS t\non t.id = mc.movie_id AND mc.company_id > 131517;",
  "predicted_latency": 731.5464019775391,
  "actual_latency": 353.678,
  "q_error": 2.0683966827949125,
  "inference_time": 0.026854991912841797
}