{
  "predicted_latency": 565.1477575302124,
  "actual_latency": 2211.613,
  "q_error": 3.9133358852295697,
  "inference_time": 0.09081459045410156
}