{
  "predicted_latency": 131.99299573898315,
  "actual_latency": 5658.772,
  "q_error": 42.87175973481389,
  "inference_time": 0.10801148414611816
}