{
  "predicted_latency": 136.49292290210724,
  "actual_latency": 106.626,
  "q_error": 1.2801091938374058,
  "inference_time": 0.04394125938415527
}