{
  "predicted_latency": 0.02913774736225605,
  "actual_latency": 3.904149,
  "q_error": 133.98939514160156,
  "inference_time": 0.19103312492370605,
  "timestamp": 1745762065.2318318
}