{
  "predicted_latency": 0.0291377454996109,
  "actual_latency": 33.846633000000004,
  "q_error": 1161.60791015625,
  "inference_time": 2.438356399536133,
  "timestamp": 1745755580.7136488
}