{
  "predicted_latency": 306.96067214012146,
  "actual_latency": 8837.104,
  "q_error": 28.78904303404065,
  "inference_time": 0.13353538513183594
}