{
  "predicted_latency": 811.1422061920166,
  "actual_latency": 550.409,
  "q_error": 1.4737081083194798,
  "inference_time": 1.2561216354370117
}