{
  "predicted_latency": 590.2189612388611,
  "actual_latency": 378.384,
  "q_error": 1.559841222775966,
  "inference_time": 0.056807756423950195
}