{
  "predicted_latency": 1672.657470703125,
  "inference_time": 0.022977590560913086
}