{
  "predicted_latency": 0.02913774363696575,
  "actual_latency": 3.7555680000000002,
  "q_error": 128.89015197753906,
  "inference_time": 0.5251724720001221,
  "timestamp": 1745481311.6950865
}