{
  "predicted_latency": 384.2981159687042,
  "actual_latency": 47.641,
  "q_error": 8.066541759591617,
  "inference_time": 0.07302355766296387
}