{
  "query": "/*+  */ select count(*)\nfrom title AS t\ninner join cast_info AS ci\non t.id = ci.movie_id AND ci.person_id > 2709829 AND ci.role_id > 1;",
  "predicted_latency": 923.9038228988647,
  "actual_latency": 3883.53,
  "q_error": 4.2033920671687826,
  "inference_time": 0.026504039764404297
}