{
  "query": "/*+  */ select count(*)\nfrom title AS t\ninner join movie_info AS mi\non t.id = mi.movie_id AND mi.info_type_id > 8;",
  "predicted_latency": 1012.7310752868652,
  "actual_latency": 2196.707,
  "q_error": 2.1690921248543327,
  "inference_time": 0.026242733001708984
}