{
  "predicted_latency": 478.061705827713,
  "actual_latency": 426.026,
  "q_error": 1.1221420895149896,
  "inference_time": 0.05676865577697754
}