{
  "predicted_latency": 0.02913774736225605,
  "actual_latency": 0.870754,
  "q_error": 29.88405418395996,
  "inference_time": 1.0974907875061035,
  "timestamp": 1745771134.6969488
}