{
  "query": "/*+  */ select count(*)\nfrom title AS t\ninner join cast_info AS ci\non t.id = ci.movie_id AND t.production_year < 1988 AND ci.person_id > 3078001 AND ci.role_id > 1;",
  "predicted_latency": 1632.7236890792847,
  "actual_latency": 1445.083,
  "q_error": 1.1298476897723415,
  "inference_time": 0.026394367218017578
}