{
  "predicted_latency": 533.6132049560547,
  "actual_latency": 199.234,
  "q_error": 2.6783240057221893,
  "inference_time": 0.05923295021057129
}