{
  "pg_runtime": 61896.515,
  "opt_runtime": 2100.033,
  "pg_slowdown": 29.474067788458562,
  "pg_opt_diff": 59796.481999999996,
  "original_num_of_plans": 11,
  "pg_plan_card_error": 900.0,
  "opt_plan_card_error": 1.0,
  "num_tables": 8,
  "opt_hint": "/*+ Rows(mi mi_idx #20885030) Rows(ci mi #23499130) Rows(it1 mi #121863) Rows(mi_idx t #1380035) Rows(it2 mi_idx #459925) Rows(ci n #6719) Rows(mi t #14835720) Rows(ci mi_idx #2577225) Rows(cn n #29279) Rows(ci t #2379271) Rows(ci mi_idx t #2577225) Rows(ci mi n #95896) Rows(it1 mi t #121863) Rows(ci mi mi_idx #50136494) Rows(it2 mi_idx t #459925) Rows(ci it1 mi #212985) Rows(it2 mi mi_idx #6930334) Rows(ci mi t #23499130) Rows(ci mi_idx n #10310) Rows(ci it2 mi_idx #858842) Rows(mi mi_idx t #20885030) Rows(it1 mi mi_idx #136507) Rows(ci n t #6719) Rows(it1 it2 mi mi_idx #45431) Rows(ci mi_idx n t #10310) Rows(ci it1 mi mi_idx #322625) Rows(ci mi n t #95896) Rows(ci it2 mi_idx n #3435) Rows(ci it1 mi n #699) Rows(it1 mi mi_idx t #136507) Rows(ci mi mi_idx n #250216) Rows(ci it1 mi t #212985) Rows(it2 mi mi_idx t #6930334) Rows(ci it2 mi_idx t #858842) Rows(ci mi mi_idx t #50136494) Rows(ci it2 mi mi_idx #16617820) Rows(ci it1 mi mi_idx n #1235) Rows(ci mi mi_idx n t #250216) Rows(ci it1 mi n t #699) Rows(ci it2 mi mi_idx t #16617820) Rows(ci it1 mi mi_idx t #322625) Rows(it1 it2 mi mi_idx t #45431) Rows(ci it2 mi_idx n t #3435) Rows(ci it2 mi mi_idx n #82408) Rows(ci it1 it2 mi mi_idx #107339) Rows(ci it1 it2 mi mi_idx n #410) Rows(ci it1 mi mi_idx n t #1235) Rows(ci it1 it2 mi mi_idx t #107339) Rows(ci it2 mi mi_idx n t #82408) Rows(ci it1 it2 mi mi_idx n t #410) Rows(ci cn n #22837) Rows(ci cn mi n #148510) Rows(ci cn n t #22837) Rows(ci cn mi_idx n #23714) Rows(ci cn mi n t #148510) Rows(ci cn mi mi_idx n #330095) Rows(ci cn it2 mi_idx n #7904) Rows(ci cn mi_idx n t #23714) Rows(ci cn it1 mi n #1501) Rows(ci cn it2 mi mi_idx n #109727) Rows(ci cn it2 mi_idx n t #7904) Rows(ci cn it1 mi mi_idx n #2702) Rows(ci cn it1 mi n t #1501) Rows(ci cn mi mi_idx n t #330095) Rows(ci cn it1 mi mi_idx n t #2702) Rows(ci cn it2 mi mi_idx n t #109727) Rows(ci cn it1 it2 mi mi_idx n #900) Rows(ci cn it1 it2 mi mi_idx n t #900) */"
}