{
  "query": "/*+  */ select count(*)\nfrom cast_info AS ci\ninner join title AS t\non t.id = ci.movie_id AND ci.person_id > 3122922 AND ci.role_id = 10 AND t.production_year > 2011;",
  "predicted_latency": 1230.8520078659058,
  "actual_latency": 734.334,
  "q_error": 1.6761473768964883,
  "inference_time": 0.02673506736755371
}