{
  "predicted_latency": 0.02913774736225605,
  "actual_latency": 0.32769600000000004,
  "q_error": 11.246442794799805,
  "inference_time": 3.3390698432922363,
  "timestamp": 1745481241.5475008
}