{
  "query": "/*+  */ select count(*)\nfrom title AS t\ninner join cast_info AS ci\non t.id = ci.movie_id AND t.kind_id = 1 AND t.production_year < 2001 AND ci.person_id > 2716554;",
  "predicted_latency": 1224.7916460037231,
  "actual_latency": 2322.742,
  "q_error": 1.8964384739059035,
  "inference_time": 0.026765823364257812
}