{
  "query": "/*+  */ select count(*)\nfrom title AS t\ninner join cast_info AS ci\non t.id = ci.movie_id AND t.production_year < 1998 AND ci.person_id > 1459521;",
  "predicted_latency": 1486.4364862442017,
  "actual_latency": 4779.2,
  "q_error": 3.2152063301915215,
  "inference_time": 0.02040719985961914
}