{
  "query": "/*+ NoNestLoop(ci t) */ select count(*)\nfrom cast_info AS ci\ninner join title AS t\non t.id = ci.movie_id AND ci.person_id < 3285697;",
  "predicted_latency": 1128.4205913543701,
  "actual_latency": 9908.629,
  "q_error": 8.780971453301216,
  "inference_time": 0.01592874526977539
}