{
    "embedding": [
        0.6390050053596497,
        0.6390050053596497,
        0.6390050053596497,
        0.7895667552947998,
        0.6390050053596497,
        0.9813989400863647,
        1.5229411125183105,
        0.6390050053596497,
        0.8136448264122009,
        0.6390050053596497,
        0.6390050053596497,
        0.6390050053596497,
        0.6390050053596497,
        1.9947762489318848,
        4.09856653213501,
        1.7725152969360352,
        0.6390050053596497,
        2.3263134956359863,
        0.6390050053596497,
        1.81199049949646,
        0.6390050053596497,
        0.6743050813674927,
        2.644235610961914,
        0.6390050053596497,
        1.423322319984436,
        2.2943522930145264,
        0.6390050053596497,
        0.6390050053596497,
        0.6390050053596497,
        0.6390050053596497,
        3.052851438522339,
        1.1672754287719727,
        0.6390050053596497,
        0.6390050053596497,
        1.0793766975402832,
        1.7398583889007568,
        0.6390050053596497,
        1.8629355430603027,
        2.8281328678131104,
        0.6390050053596497,
        0.6390050053596497,
        0.6390050053596497,
        0.8098465800285339,
        0.6390050053596497,
        1.3201967477798462,
        0.6390050053596497,
        0.6390050053596497,
        1.0728520154953003,
        0.6390050053596497,
        4.306448459625244,
        1.7099769115447998,
        0.6390050053596497,
        0.6390050053596497,
        0.6390050053596497,
        2.4315669536590576,
        0.6390050053596497,
        0.6390050053596497,
        0.6390050053596497,
        0.6390050053596497,
        0.6390050053596497,
        0.6390050053596497,
        0.8656368851661682,
        0.6390050053596497,
        3.5347321033477783
    ],
    "timestamp": 1754257780.4889028
}