{
    "embedding": [
        0.6390050649642944,
        0.6390050649642944,
        0.6390050649642944,
        0.7895667552947998,
        0.6390050649642944,
        0.9813990592956543,
        1.5229413509368896,
        0.6390050649642944,
        0.8136447668075562,
        0.6390050649642944,
        0.6390050649642944,
        0.6390050649642944,
        0.6390050649642944,
        1.9947760105133057,
        4.098566055297852,
        1.7725147008895874,
        0.6390050649642944,
        2.3263139724731445,
        0.6390050649642944,
        1.8119903802871704,
        0.6390050649642944,
        0.6743050217628479,
        2.644235372543335,
        0.6390050649642944,
        1.423322319984436,
        2.2943520545959473,
        0.6390050649642944,
        0.6390050649642944,
        0.6390050649642944,
        0.6390050649642944,
        3.052851438522339,
        1.1672751903533936,
        0.6390050649642944,
        0.6390050649642944,
        1.0793763399124146,
        1.7398583889007568,
        0.6390050649642944,
        1.8629348278045654,
        2.828132152557373,
        0.6390050649642944,
        0.6390050649642944,
        0.6390050649642944,
        0.8098465800285339,
        0.6390050649642944,
        1.320197343826294,
        0.6390050649642944,
        0.6390050649642944,
        1.0728522539138794,
        0.6390050649642944,
        4.306447505950928,
        1.709977149963379,
        0.6390050649642944,
        0.6390050649642944,
        0.6390050649642944,
        2.4315662384033203,
        0.6390050649642944,
        0.6390050649642944,
        0.6390050649642944,
        0.6390050649642944,
        0.6390050649642944,
        0.6390050649642944,
        0.8656370639801025,
        0.6390050649642944,
        3.534731388092041
    ],
    "timestamp": 1754257779.5597992
}