{
  "predicted_latency": 362.6625671386719,
  "inference_time": 0.01765608787536621
}