{
  "query": "/*+  */ select count(*)\nfrom title AS t\ninner join cast_info AS ci\non t.id = ci.movie_id AND t.kind_id < 7 AND t.production_year < 2000 AND ci.person_id > 1935183;",
  "predicted_latency": 1431.6221475601196,
  "actual_latency": 4112.228,
  "q_error": 2.8724255258333176,
  "inference_time": 0.020985126495361328
}