{
  "embedding": [
    1.3511031782901053,
    1.0920409112271143,
    1.9765627260244836,
    0.4283459173523726,
    0.057535133167904366,
    6.574491262266587,
    2.2784689135677234,
    0.2918009037885197,
    1.1523726931441252,
    0.3674359654126202,
    6.874703499741276,
    5.826090104404569,
    0.14002436542505717,
    0.47830469974414785,
    0.34815284792265766,
    2.6942367585908302,
    2.0263318671348434,
    2.3646669724053884,
    1.4936890443919604,
    2.5767541164525043,
    4.2067274366870455,
    3.785007454164037,
    2.246973569619548,
    0.8730617141327094,
    1.702981551356518,
    3.1391526963395004,
    3.443407563788634,
    3.7748578545464926,
    3.353747096689705,
    0.6593629809029546,
    2.391216128305772,
    0.3400362191756648,
    0.22637187722993168,
    2.204506804885168,
    2.8273671289827704,
    1.193319391538235,
    1.2270081797712058,
    0.6455574143606476,
    1.4010153092466775,
    2.84210207650834,
    0.3849674555542501,
    2.2728327588027444,
    1.4441039775664226,
    0.6881907964639766,
    1.4727942592586205,
    5.50152859170251,
    2.0575815330824523,
    2.6678181748391934,
    5.471371791428051,
    1.7229806882829617,
    0.2750144649890114,
    7.104782193726568,
    3.4414954380704903,
    1.8657448285536804,
    1.5901570413841075,
    1.8296791562922268,
    3.9344936880583767,
    7.651266214576029,
    2.637033809039222,
    1.3919869797585769,
    0.2446150791835969,
    3.100895311454228,
    2.85020114463892,
    1.3512347776097553
  ],
  "timestamp": 1754305356.063104
}