{
  "embedding": [
    1.1104394211392574,
    1.9963148212514816,
    2.642773693395353,
    0.3209187279642706,
    0.30939702459583934,
    5.484097445571005,
    1.7493820236576991,
    0.2817838816108307,
    0.9534983099100325,
    1.5223851287718329,
    6.106078699203877,
    5.001943049999264,
    1.5264268137682162,
    1.8909483693584992,
    0.48524587913003575,
    2.6593846373733023,
    2.0601490414990575,
    2.176548676106606,
    0.7562186545284486,
    2.0068653523953834,
    2.7478951773678566,
    3.293816215724797,
    1.9439529532832058,
    0.7647021231511018,
    2.71788513320149,
    3.3701570461615953,
    2.9590441764321938,
    5.1543648421143535,
    3.0687164769032567,
    2.1284071050897597,
    3.1682168972466545,
    1.3215156508113681,
    0.13941793770551938,
    2.3346990079997445,
    2.774797991401092,
    0.45560810703341414,
    0.32623444842606636,
    0.1740874467140581,
    0.8977939706432045,
    2.953141771424925,
    0.9627992709352925,
    3.1450615486084406,
    2.080838670333307,
    1.538028443453961,
    2.200533805330995,
    4.105728455228381,
    0.3345913191941971,
    2.8771160618354217,
    4.785723239657368,
    3.402273853663484,
    0.5315029537302218,
    5.92150763269227,
    2.9587485870736985,
    2.753215302705354,
    1.3185250909272057,
    1.6248705888078951,
    3.40190381733804,
    6.1494021450742675,
    2.3497505141609993,
    1.1128960710793723,
    0.1862536380877323,
    2.4625376293513446,
    0.919416319173171,
    2.4487390409346457
  ],
  "timestamp": 1754305348.1434524
}