{
  "predicted_latency": 569.9625611305237,
  "actual_latency": 6184.872,
  "q_error": 10.851365373424308,
  "inference_time": 0.05293893814086914
}