{
  "predicted_latency": 0.0291377454996109,
  "actual_latency": 23.705433,
  "q_error": 813.5643920898438,
  "inference_time": 0.34842658042907715,
  "timestamp": 1745756736.4089289
}