{
  "predicted_latency": 683.718204498291,
  "actual_latency": 831.619,
  "q_error": 1.2163183523981753,
  "inference_time": 0.12216591835021973
}