{
  "query": "/*+  */ select count(*)\nfrom title AS t\ninner join cast_info AS ci\non t.id = ci.movie_id AND ci.person_id < 250934 AND ci.role_id > 1;",
  "predicted_latency": 872.587263584137,
  "actual_latency": 955.652,
  "q_error": 1.0951936154496182,
  "inference_time": 0.014158248901367188
}