{
  "embedding": [
    1.3780142195060883,
    1.1768817209660978,
    3.2708781196489665,
    0.15960201875585,
    0.04087608681982574,
    2.2157148459660356,
    0.7674981586312402,
    1.0312957488321206,
    0.8053447652034847,
    1.8766974693468452,
    2.8550042741661352,
    2.642848480909296,
    1.9207122377570303,
    2.170964681520513,
    0.15028894280913976,
    1.8073480869261347,
    0.43964649414087226,
    3.4469753144891464,
    0.5722871015924095,
    0.04087608681982574,
    0.420972736406877,
    1.4635883202821065,
    2.306441777431172,
    0.04087608681982574,
    0.7146669503044794,
    1.1488569804887063,
    1.725364669972071,
    3.080062182033984,
    3.4149068440105963,
    1.3563749224842057,
    1.7704555180447945,
    0.8681630134495283,
    0.3840597293719071,
    1.021243012717239,
    2.8248969294385127,
    0.5424746278917267,
    2.192602766333449,
    0.24326566098703828,
    2.0178414841981573,
    2.6214134935831153,
    1.04392921158873,
    2.968575528481219,
    1.974082731136545,
    0.36632214612617403,
    1.7777013385140388,
    2.2539934679914273,
    0.19383075627200383,
    3.064831014213747,
    3.0534939129887646,
    0.07171761711978746,
    0.10068244317686749,
    2.838764010146029,
    2.004236790229406,
    1.7651900679540384,
    1.4590527383146183,
    0.6579528797192459,
    3.2756873871167302,
    1.3247903995460124,
    1.0352698222463639,
    2.290697451998399,
    0.04087608681982574,
    0.6616442546382093,
    0.7751450003508319,
    3.088477543348262
  ],
  "timestamp": 1754304044.0546906
}