{
  "embedding": [
    1.7166715757797122,
    1.3768352368769825,
    3.5039449652040235,
    0.17705930998527786,
    0.07754205479676132,
    2.3482756161824776,
    0.6409051910220661,
    1.3503651359980227,
    0.8413842772709175,
    1.99789866778424,
    3.0791538725187335,
    2.760171347399792,
    2.2482414999855536,
    2.3135904810330836,
    0.1783658701321427,
    1.84294524065953,
    0.4832221086146677,
    3.5648933569565364,
    0.6447422955023067,
    0.41908300018168587,
    0.4914023231381285,
    1.452340644692681,
    2.681585971721059,
    0.07754205479676132,
    0.9625572783318384,
    1.2783034078362567,
    1.8138770643911508,
    3.2714412290871673,
    3.758399416695891,
    1.4655565863710176,
    1.926099908256084,
    0.5552739626114497,
    0.4514855514138195,
    1.1503049522369362,
    2.8601148270810848,
    0.8142794446889468,
    2.4456136918685836,
    0.29475727063225865,
    2.2775678294385964,
    2.779059959559469,
    1.1585989648765758,
    3.3711871545919343,
    1.9365342974539792,
    0.411392630157632,
    2.0032446239967463,
    2.432451688371024,
    0.22830014017512368,
    3.337970406524859,
    3.243772049010749,
    0.8455987430511358,
    0.45713726221164264,
    2.9900771612490256,
    2.227447091538852,
    2.1222278825459315,
    1.6201919387768435,
    1.0163661256246288,
    3.361272183021104,
    1.5574071564454972,
    1.160205748811932,
    2.7071350239493666,
    0.07754205479676132,
    0.8016986593965069,
    0.8997360663467645,
    3.394600999223728
  ],
  "timestamp": 1754304051.4194136
}