{
  "predicted_latency": 418.1501567363739,
  "actual_latency": 5430.913,
  "q_error": 12.987949215152302,
  "inference_time": 0.13165616989135742
}