{
  "predicted_latency": 0.02913774736225605,
  "actual_latency": 2.032762,
  "q_error": 69.76387023925781,
  "inference_time": 0.14223575592041016,
  "timestamp": 1745452055.771318
}