{
  "query": "/*+  */ select count(*)\nfrom title AS t\ninner join cast_info AS ci\non t.id = ci.movie_id AND t.kind_id = 4 AND ci.person_id < 672131;",
  "predicted_latency": 1398.786187171936,
  "actual_latency": 1291.167,
  "q_error": 1.083350323522779,
  "inference_time": 0.017233610153198242
}