{
  "query": "/*+ NoNestLoop(t ci) */ select count(*)\nfrom title AS t\ninner join cast_info AS ci\non t.id = ci.movie_id AND ci.person_id < 1823485;",
  "predicted_latency": 693.6221718788147,
  "actual_latency": 7104.626,
  "q_error": 10.24278964548624,
  "inference_time": 0.010615348815917969
}