{
  "predicted_latency": 0.0291377454996109,
  "actual_latency": 97.659947,
  "q_error": 3351.66455078125,
  "inference_time": 0.11061429977416992,
  "timestamp": 1745761675.1068556
}