{
  "query": "/*+  */ select count(*)\nfrom title AS t\ninner join cast_info AS ci\non t.id = ci.movie_id AND t.kind_id < 7 AND t.production_year < 1997 AND ci.person_id > 1289032;",
  "predicted_latency": 1591.1691188812256,
  "actual_latency": 4170.111,
  "q_error": 2.6207842714620218,
  "inference_time": 0.018665552139282227
}