{
  "query": "/*+  */ select count(*)\nfrom title AS t\ninner join cast_info AS ci\non t.id = ci.movie_id AND t.production_year < 1995 AND ci.person_id > 3004139 AND ci.role_id > 4;",
  "predicted_latency": 1319.3930387496948,
  "actual_latency": 2047.359,
  "q_error": 1.5517430665998908,
  "inference_time": 0.03155159950256348
}