{
  "predicted_latency": 557.3076605796814,
  "actual_latency": 113.077,
  "q_error": 4.928567795216369,
  "inference_time": 0.0656895637512207
}