{
  "predicted_latency": 0.0291377454996109,
  "actual_latency": 2.563643,
  "q_error": 87.98357391357422,
  "inference_time": 1.1140539646148682,
  "timestamp": 1745761956.0432153
}