{
  "predicted_latency": 506.8703889846802,
  "actual_latency": 2089.218,
  "q_error": 4.121799271377727,
  "inference_time": 0.06378340721130371
}