{
  "query": "/*+  */ select count(*)\nfrom title AS t\ninner join cast_info AS ci\non t.id = ci.movie_id AND ci.person_id < 2921400 AND ci.role_id > 2;",
  "predicted_latency": 1115.7439947128296,
  "actual_latency": 3755.636,
  "q_error": 3.3660373865302553,
  "inference_time": 0.026649951934814453
}