{
  "predicted_latency": 582.1730494499207,
  "actual_latency": 6093.1,
  "q_error": 10.466132030256645,
  "inference_time": 0.12330460548400879
}