{
  "query": "/*+  */ select count(*)\nfrom title AS t\ninner join cast_info AS ci\non t.id = ci.movie_id AND ci.person_id < 2602245 AND ci.role_id < 2;",
  "predicted_latency": 915.2166247367859,
  "actual_latency": 4855.856,
  "q_error": 5.305690334675173,
  "inference_time": 0.016634702682495117
}