{
    "embedding": [
        0.580358624458313,
        0.580358624458313,
        0.580358624458313,
        0.7384130954742432,
        0.580358624458313,
        1.5441232919692993,
        0.580358624458313,
        0.580358624458313,
        0.781806230545044,
        0.580358624458313,
        0.580358624458313,
        0.580358624458313,
        0.580358624458313,
        2.0749361515045166,
        3.6417057514190674,
        1.5996336936950684,
        0.580358624458313,
        1.7192134857177734,
        0.580358624458313,
        2.5540614128112793,
        0.580358624458313,
        0.6276634335517883,
        2.2982983589172363,
        0.580358624458313,
        0.9609861969947815,
        2.005854368209839,
        0.580358624458313,
        0.580358624458313,
        0.580358624458313,
        0.580358624458313,
        3.9083073139190674,
        1.0968942642211914,
        0.580358624458313,
        0.580358624458313,
        1.465904951095581,
        2.676448106765747,
        0.580358624458313,
        1.4276686906814575,
        2.3829381465911865,
        0.580358624458313,
        0.580358624458313,
        0.580358624458313,
        0.7764209508895874,
        0.580358624458313,
        1.346614122390747,
        0.580358624458313,
        0.580358624458313,
        1.0908401012420654,
        0.580358624458313,
        3.370096206665039,
        1.9571878910064697,
        1.2524853944778442,
        0.580358624458313,
        0.580358624458313,
        3.1494247913360596,
        0.580358624458313,
        0.580358624458313,
        0.580358624458313,
        0.580358624458313,
        0.6675986647605896,
        0.580358624458313,
        0.580358624458313,
        0.580358624458313,
        3.2475030422210693
    ],
    "timestamp": 1754258580.0529714
}