{
    "embedding": [
        0.580358624458313,
        0.580358624458313,
        0.580358624458313,
        0.7384130954742432,
        0.580358624458313,
        1.5441232919692993,
        0.580358624458313,
        0.580358624458313,
        0.7818061113357544,
        0.580358624458313,
        0.580358624458313,
        0.580358624458313,
        0.580358624458313,
        2.0749356746673584,
        3.641705274581909,
        1.599634051322937,
        0.580358624458313,
        1.7192133665084839,
        0.580358624458313,
        2.554060935974121,
        0.580358624458313,
        0.6276631951332092,
        2.298297882080078,
        0.580358624458313,
        0.9609863758087158,
        2.005854606628418,
        0.580358624458313,
        0.580358624458313,
        0.580358624458313,
        0.580358624458313,
        3.9083073139190674,
        1.0968941450119019,
        0.580358624458313,
        0.580358624458313,
        1.465904951095581,
        2.676448106765747,
        0.580358624458313,
        1.4276686906814575,
        2.3829383850097656,
        0.580358624458313,
        0.580358624458313,
        0.580358624458313,
        0.7764210104942322,
        0.580358624458313,
        1.346614122390747,
        0.580358624458313,
        0.580358624458313,
        1.0908403396606445,
        0.580358624458313,
        3.3700966835021973,
        1.9571878910064697,
        1.2524856328964233,
        0.580358624458313,
        0.580358624458313,
        3.1494247913360596,
        0.580358624458313,
        0.580358624458313,
        0.580358624458313,
        0.580358624458313,
        0.6675985455513,
        0.580358624458313,
        0.580358624458313,
        0.580358624458313,
        3.247502565383911
    ],
    "timestamp": 1754258579.1096404
}