{
  "predicted_latency": 0.02913774736225605,
  "actual_latency": 13.013946,
  "q_error": 446.63525390625,
  "inference_time": 0.7714295387268066,
  "timestamp": 1745479608.5894947
}