{
  "predicted_latency": 0.0291377454996109,
  "actual_latency": 42.060744,
  "q_error": 1443.5140380859375,
  "inference_time": 0.41826963424682617,
  "timestamp": 1745760476.3143158
}