{
  "query": "/*+  */ select count(*)\nfrom title AS t\ninner join movie_keyword AS mk\non t.id = mk.movie_id AND mk.keyword_id = 2632;",
  "predicted_latency": 415.11449217796326,
  "actual_latency": 41.485,
  "q_error": 10.006375609930416,
  "inference_time": 0.026790618896484375
}