{
  "predicted_latency": 194.21523809432983,
  "actual_latency": 381.297,
  "q_error": 1.9632702549055654,
  "inference_time": 0.11233806610107422
}