{
  "pg_runtime": 2464.042,
  "opt_runtime": 2318.45,
  "pg_slowdown": 1.062797127391145,
  "pg_opt_diff": 145.5920000000001,
  "original_num_of_plans": 121,
  "pg_plan_card_error": 3.7772969374167777,
  "opt_plan_card_error": 2.5812101910828025,
  "num_tables": 9,
  "opt_hint": "/*+Leading(mi t at mc cn mk k)*/"
}