{
  "predicted_latency": 826.3725638389587,
  "actual_latency": 1640.654,
  "q_error": 1.985368430406562,
  "inference_time": 0.13495540618896484
}