{
  "predicted_latency": 726.1176109313965,
  "actual_latency": 552.699,
  "q_error": 1.3137668259421431,
  "inference_time": 1.358583927154541
}