{
  "query": "/*+  */ select count(*)\nfrom cast_info AS ci\ninner join title AS t\non t.id = ci.movie_id AND ci.person_id < 3018909 AND ci.role_id < 2 AND t.production_year > 2007;",
  "predicted_latency": 1528.4229516983032,
  "actual_latency": 2989.856,
  "q_error": 1.9561705722083207,
  "inference_time": 0.011943817138671875
}