{
  "query": "/*+  */ select count(*)\nfrom title AS t\ninner join cast_info AS ci\non t.id = ci.movie_id AND t.production_year < 1987;",
  "predicted_latency": 1333.0975770950317,
  "actual_latency": 5461.392,
  "q_error": 4.096768379026674,
  "inference_time": 0.017988204956054688
}