{
  "query": "/*+  */ select count(*)\nfrom title AS t\ninner join cast_info AS ci\non t.id = ci.movie_id AND ci.person_id > 1789002 AND ci.role_id > 1;",
  "predicted_latency": 941.6376352310181,
  "actual_latency": 6648.604,
  "q_error": 7.0606821045006924,
  "inference_time": 0.015149593353271484
}