{
  "predicted_latency": 6366.3994140625,
  "inference_time": 0.026840686798095703
}