{
  "predicted_latency": 0.02913774736225605,
  "actual_latency": 1.279835,
  "q_error": 43.923606872558594,
  "inference_time": 2.82979416847229,
  "timestamp": 1745481432.976203
}