{
  "predicted_latency": 0.0291377454996109,
  "actual_latency": 2.6442229999999998,
  "q_error": 90.74906158447266,
  "inference_time": 0.10773539543151855,
  "timestamp": 1745760959.107925
}