{
  "predicted_latency": 0.0291377454996109,
  "actual_latency": 48.936608,
  "q_error": 1679.491943359375,
  "inference_time": 0.07829976081848145,
  "timestamp": 1745758393.879862
}