{
  "predicted_latency": 591.679036617279,
  "actual_latency": 437.687,
  "q_error": 1.3518314151831767,
  "inference_time": 0.10012149810791016
}