{
  "query": "/*+  */ select count(*)\nfrom title AS t\ninner join cast_info AS ci\non t.id = ci.movie_id AND ci.person_id < 2303920;",
  "predicted_latency": 838.5310769081116,
  "actual_latency": 6900.951,
  "q_error": 8.229809472829144,
  "inference_time": 0.0226595401763916
}