{
  "query": "/*+ NoNestLoop(t ci) */ select count(*)\nfrom title AS t\ninner join cast_info AS ci\non t.id = ci.movie_id AND ci.person_id > 2423968;",
  "predicted_latency": 639.9697065353394,
  "actual_latency": 4984.268,
  "q_error": 7.788287397201616,
  "inference_time": 0.012659788131713867
}