{
  "embedding": [
    0.4125397240068138,
    1.1568421527196133,
    1.0692424495012727,
    0.22744906586916147,
    0.8007583233251748,
    2.0279002052075357,
    1.3119272736189713,
    0.32708709638393907,
    1.141978616813402,
    1.8232542568248424,
    1.5163557113329886,
    0.8039896802474328,
    1.1859247444825503,
    0.6799457745103755,
    0.3282820862650156,
    2.4690415779109944,
    0.2813104255088077,
    1.6857108217027246,
    1.8568976864125097,
    1.7734417086142134,
    1.9637975050773264,
    1.3783420285786667,
    0.7398785913970057,
    0.22744906586916147,
    1.9264397446163197,
    0.5551933973778665,
    3.0630573693802914,
    1.6368309374848484,
    1.3302447038432534,
    1.9762964651100532,
    2.8841916035152955,
    1.2505610749040188,
    1.3236839649902101,
    2.8477106874470297,
    1.6245204584654185,
    0.8649982332084002,
    0.9599610871415628,
    1.4937223415796215,
    1.4151604129790252,
    1.7912922623360048,
    1.542175594610668,
    0.7786022029310556,
    1.3524408411983557,
    0.8001910894006176,
    1.1517030572087834,
    0.9511540687606637,
    2.9670658252883917,
    1.7885371333560134,
    2.1442141961028582,
    2.375653675205135,
    1.0407614931066946,
    0.8220875735501956,
    1.4019248362798975,
    1.3026852008733012,
    0.48570998097119866,
    1.239538238201438,
    1.6998462050908418,
    1.7465033202447597,
    1.2746228083354156,
    1.4851048827313296,
    0.22744906586916147,
    1.0377283882785724,
    0.406005823852449,
    0.41487694696514954
  ],
  "timestamp": 1754305174.770316
}