{
  "embedding": [
    0.5394721731299443,
    1.1212432232839054,
    0.9967656149130997,
    0.2209516750031466,
    0.9395266645171467,
    2.0113941030276123,
    1.3088683669635786,
    0.33774931514168377,
    1.1230084405561616,
    1.8394206583524346,
    1.5301105115911464,
    1.7702041966398847,
    1.227422711024988,
    0.6562515751204958,
    0.3285871284579223,
    2.47844423983491,
    0.2790029950068189,
    1.597751064692187,
    2.016120404182307,
    1.833586852489116,
    2.1557231486556714,
    1.4116494583430463,
    0.8442319501381186,
    0.2209516750031466,
    2.049703362766951,
    0.5851623209878383,
    3.201481235411752,
    1.7298897883313067,
    1.3959448206565341,
    2.120580540556586,
    3.0587159751514292,
    1.2455450221081057,
    1.3526597152194029,
    2.8411577498131826,
    1.4976858573808263,
    1.1136870251823874,
    1.0367506242070808,
    1.6046442389612063,
    1.4812251019434306,
    1.8713351756536445,
    1.6067971970816495,
    0.771344691555935,
    1.3206049754496074,
    0.9265978331788344,
    1.1431235004938514,
    1.1541880495339518,
    3.2605900012676505,
    1.8748956320965746,
    2.140920814547751,
    2.4228618732153704,
    1.1375452590939232,
    0.3766355536774728,
    1.471642956689042,
    1.4984249243748557,
    0.49535704481281395,
    1.3720918569905207,
    1.635420857971876,
    1.8932075451362187,
    1.3069700941152163,
    1.6798813890203406,
    0.2209516750031466,
    1.5705109917915216,
    0.4365960260743062,
    0.8858350247905855
  ],
  "timestamp": 1754305175.4954064
}