{
  "embedding": [
    0.7983891254283774,
    3.549798202406979,
    0.7715592257913333,
    0.08053154198026939,
    1.3305351653897686,
    2.8408823855952976,
    1.052679906047366,
    1.4598907187095564,
    1.118988110797706,
    2.59611221775194,
    0.801373456287697,
    3.641518486109001,
    0.08053154198026939,
    0.5956828269787454,
    0.31389438642447803,
    2.1213750235776674,
    0.3078046678626878,
    2.0099421110216045,
    0.6893780782111829,
    1.59943897380301,
    1.5288573287591225,
    3.5481040059081783,
    0.6536463154989244,
    0.2938072687132755,
    2.799677887209073,
    0.6264309466094755,
    3.426596395929998,
    6.125237938913771,
    2.5178056546691936,
    4.8332947877665555,
    4.728571200982329,
    0.23460509138580513,
    1.417838695665411,
    1.8270835084189663,
    0.679000777669893,
    0.14009266277165625,
    2.2296643421979216,
    0.13418646337140835,
    0.881308652332542,
    2.1453429765495233,
    0.9930774990325388,
    1.3325682641639895,
    3.124514841562601,
    1.7512355412108864,
    3.051887989759617,
    3.782740713550344,
    2.0634856180530092,
    1.79337763433738,
    1.6707055895324519,
    3.083836487260465,
    2.300988606061047,
    1.0855832609302123,
    1.5872492357214125,
    3.077383310877267,
    1.2406722025761925,
    2.0606628771438,
    2.8032158492770707,
    1.136641639677619,
    2.114376862287616,
    4.245479330559686,
    0.25473061256414936,
    2.139022090222707,
    1.0234743159036834,
    0.12428389118784947
  ],
  "timestamp": 1754308982.4810915
}