{
  "embedding": [
    1.2797845477769054,
    1.5244059101220861,
    1.6689014667389221,
    0.08929694392799235,
    0.21928196608429815,
    2.346494060674146,
    1.7220927146188587,
    0.2853583916317134,
    1.5303711716525215,
    2.5484095584566604,
    3.1265732844193868,
    4.017238577124854,
    0.08929694392799235,
    1.4206425428854361,
    0.27206924540801414,
    2.218327011483688,
    0.871433336891054,
    1.3997698084437318,
    0.5811941717836929,
    1.1477734607261338,
    1.3412764577678862,
    3.7258832716010906,
    2.4291088641030822,
    0.2682003416453301,
    3.4379682089489148,
    0.8466455244047331,
    3.1205919168336145,
    4.663163769126613,
    2.2405717656717576,
    1.9347645835877267,
    3.4036146454808627,
    1.4407064929193847,
    0.1792697063085715,
    2.1534108580289004,
    1.8770830377496661,
    0.7469797729513878,
    1.4631969207661326,
    0.386094032073717,
    1.9510507536695705,
    3.1792357611114044,
    0.08929694392799235,
    1.4860737032031646,
    2.39772749384548,
    1.4250887874828095,
    2.423055271106989,
    4.6390717548826625,
    3.3402935984408355,
    2.3111210197812206,
    4.113342492559272,
    1.346331969802447,
    1.007710014522463,
    0.9188274049078954,
    1.984213210489741,
    2.6792803681233344,
    1.4690133188936128,
    2.016882618286747,
    1.6500382281899713,
    1.3283506862446206,
    1.9372901992918266,
    3.959914630537481,
    0.17578599771997538,
    2.625876642497782,
    0.6917037335135576,
    1.4778143148136829
  ],
  "timestamp": 1754308988.9929833
}