{
  "query": "/*+ NoNestLoop(t ci) */ select count(*)\nfrom title AS t\ninner join cast_info AS ci\non t.id = ci.movie_id AND ci.person_id > 2264160;",
  "predicted_latency": 641.8760418891907,
  "actual_latency": 5132.838,
  "q_error": 7.996618762857797,
  "inference_time": 0.029647111892700195
}