{
    "embedding": [
        0.5211365818977356,
        0.5211365818977356,
        0.5550779104232788,
        0.7036594748497009,
        0.6065911650657654,
        1.31888747215271,
        0.5212214589118958,
        0.5211365818977356,
        1.0185422897338867,
        0.5211365818977356,
        0.5211365818977356,
        0.5211365818977356,
        0.5468360185623169,
        2.973172187805176,
        3.154160976409912,
        1.7974145412445068,
        0.5211365818977356,
        0.7757692933082581,
        0.5211365818977356,
        2.0500426292419434,
        0.5211365818977356,
        0.8594152927398682,
        1.4594128131866455,
        0.5211365818977356,
        1.2333779335021973,
        2.8669862747192383,
        0.5211365818977356,
        0.5211365818977356,
        0.5211365818977356,
        0.5211365818977356,
        2.657916307449341,
        0.8664600849151611,
        0.5211365818977356,
        0.5211365818977356,
        2.2463860511779785,
        2.763078451156616,
        0.5211365818977356,
        1.3122392892837524,
        1.76730477809906,
        0.5211365818977356,
        0.5211365818977356,
        0.5211365818977356,
        0.681580662727356,
        0.5211365818977356,
        1.6315395832061768,
        0.5211365818977356,
        0.5211365818977356,
        0.8155602216720581,
        0.5211365818977356,
        3.3617846965789795,
        1.5047904253005981,
        1.876495361328125,
        0.5211365818977356,
        0.5211365818977356,
        3.2011923789978027,
        0.5211365818977356,
        0.5211365818977356,
        0.5211365818977356,
        0.5211365818977356,
        0.6469321250915527,
        0.5211365818977356,
        0.5211365818977356,
        0.5211365818977356,
        4.013424396514893
    ],
    "timestamp": 1754258628.8938115
}