{
    "embedding": [
        0.5211365818977356,
        0.5211365818977356,
        0.5550779700279236,
        0.7036593556404114,
        0.6065911650657654,
        1.3188875913619995,
        0.5212214589118958,
        0.5211365818977356,
        1.0185420513153076,
        0.5211365818977356,
        0.5211365818977356,
        0.5211365818977356,
        0.5468360185623169,
        2.9731719493865967,
        3.154160976409912,
        1.797414779663086,
        0.5211365818977356,
        0.7757692933082581,
        0.5211365818977356,
        2.0500426292419434,
        0.5211365818977356,
        0.8594154119491577,
        1.4594125747680664,
        0.5211365818977356,
        1.2333780527114868,
        2.866985559463501,
        0.5211365818977356,
        0.5211365818977356,
        0.5211365818977356,
        0.5211365818977356,
        2.657916307449341,
        0.8664600849151611,
        0.5211365818977356,
        0.5211365818977356,
        2.2463858127593994,
        2.763078451156616,
        0.5211365818977356,
        1.3122392892837524,
        1.7673046588897705,
        0.5211365818977356,
        0.5211365818977356,
        0.5211365818977356,
        0.681580662727356,
        0.5211365818977356,
        1.631540060043335,
        0.5211365818977356,
        0.5211365818977356,
        0.8155603408813477,
        0.5211365818977356,
        3.361783981323242,
        1.5047903060913086,
        1.8764959573745728,
        0.5211365818977356,
        0.5211365818977356,
        3.2011923789978027,
        0.5211365818977356,
        0.5211365818977356,
        0.5211365818977356,
        0.5211365818977356,
        0.6469321250915527,
        0.5211365818977356,
        0.5211365818977356,
        0.5211365818977356,
        4.013424873352051
    ],
    "timestamp": 1754258628.0587955
}