{
  "query": "/*+ NoNestLoop(t ci) */ select count(*)\nfrom title AS t\ninner join cast_info AS ci\non t.id = ci.movie_id AND ci.person_id > 2002826;",
  "predicted_latency": 659.3586802482605,
  "actual_latency": 5777.809,
  "q_error": 8.762770815157163,
  "inference_time": 0.017015457153320312
}