{
  "predicted_latency": 0.0291377454996109,
  "actual_latency": 2.262404,
  "q_error": 77.64512634277344,
  "inference_time": 0.6254262924194336,
  "timestamp": 1745762489.1762228
}