{
  "query": "/*+ NoNestLoop(ci t) */ select count(*)\nfrom cast_info AS ci\ninner join title AS t\non t.id = ci.movie_id AND ci.person_id < 3950734;",
  "predicted_latency": 1190.2363300323486,
  "actual_latency": 10829.395,
  "q_error": 9.09852499604484,
  "inference_time": 0.012577056884765625
}