{
  "predicted_latency": 296.70611023902893,
  "actual_latency": 1348.269,
  "q_error": 4.544122798528899,
  "inference_time": 0.10394597053527832
}