{
  "predicted_latency": 513.8847231864929,
  "actual_latency": 95.061,
  "q_error": 5.405841756203836,
  "inference_time": 0.03461456298828125
}