{
  "predicted_latency": 473.1767272949219,
  "inference_time": 0.006497383117675781
}