{
  "query": "/*+  */ select count(*)\nfrom movie_companies AS mc\ninner join title AS t\non t.id = mc.movie_id AND mc.company_id > 164555;",
  "predicted_latency": 654.6639204025269,
  "actual_latency": 336.577,
  "q_error": 1.9450643401139318,
  "inference_time": 0.029565811157226562
}