{
  "query": "/*+  */ select count(*)\nfrom cast_info AS ci\ninner join title AS t\non t.id = ci.movie_id AND t.production_year < 1972;",
  "predicted_latency": 1259.5257759094238,
  "actual_latency": 4446.975,
  "q_error": 3.5306740719848477,
  "inference_time": 0.026423931121826172
}