{
  "query": "/*+ NoNestLoop(t ci) */ select count(*)\nfrom title AS t\ninner join cast_info AS ci\non t.id = ci.movie_id AND ci.person_id < 1994825;",
  "predicted_latency": 725.6156206130981,
  "actual_latency": 7115.777,
  "q_error": 9.806537783720298,
  "inference_time": 0.015544652938842773
}