{
  "predicted_latency": 0.0291377454996109,
  "actual_latency": 6.259657,
  "q_error": 214.829833984375,
  "inference_time": 0.7162652015686035,
  "timestamp": 1745770086.9208748
}