{
  "query": "/*+  */ select count(*)\nfrom title AS t\ninner join cast_info AS ci\non t.id = ci.movie_id AND ci.person_id > 889699;",
  "predicted_latency": 1088.5446071624756,
  "actual_latency": 8293.6,
  "q_error": 7.618980375658691,
  "inference_time": 0.015995025634765625
}