{
  "query": "/*+  */ select count(*)\nfrom movie_companies AS mc\ninner join title AS t\non t.id = mc.movie_id AND mc.company_id > 78328;",
  "predicted_latency": 956.2656283378601,
  "actual_latency": 507.832,
  "q_error": 1.8830353903217207,
  "inference_time": 0.016254663467407227
}