{
  "query": "/*+  */ select count(*)\nfrom title AS t\ninner join cast_info AS ci\non t.id = ci.movie_id AND ci.person_id > 881611 AND ci.role_id > 4;",
  "predicted_latency": 1018.4379816055298,
  "actual_latency": 3383.64,
  "q_error": 3.322381982126999,
  "inference_time": 0.018369674682617188
}