{
  "query": "/*+  */ select count(*)\nfrom movie_companies AS mc\ninner join title AS t\non t.id = mc.movie_id AND mc.company_id < 160244;",
  "predicted_latency": 1180.2775859832764,
  "actual_latency": 1071.416,
  "q_error": 1.1016053390870366,
  "inference_time": 0.02628183364868164
}