{
  "predicted_latency": 1112.18359375,
  "inference_time": 0.024448394775390625
}