{
  "query": "/*+  */ select count(*)\nfrom movie_companies AS mc\ninner join title AS t\non t.id = mc.movie_id AND mc.company_id > 133094;",
  "predicted_latency": 728.0831933021545,
  "actual_latency": 365.956,
  "q_error": 1.9895375217298104,
  "inference_time": 0.016520977020263672
}