{
  "predicted_latency": 244.52689290046692,
  "actual_latency": 138.88,
  "q_error": 1.7607063140874635,
  "inference_time": 0.10752058029174805
}