{
  "predicted_latency": 235.24482548236847,
  "actual_latency": 1943.88,
  "q_error": 8.26322107623019,
  "inference_time": 0.13106656074523926
}