{
  "predicted_latency": 0.0291377454996109,
  "actual_latency": 1.100892,
  "q_error": 37.78232955932617,
  "inference_time": 0.907881498336792,
  "timestamp": 1745480198.596755
}