{
  "query": "/*+  */ select count(*)\nfrom title AS t\ninner join cast_info AS ci\non t.id = ci.movie_id AND ci.person_id < 3003367 AND ci.role_id = 10;",
  "predicted_latency": 1106.3576936721802,
  "actual_latency": 1215.645,
  "q_error": 1.0987811690133211,
  "inference_time": 0.025621652603149414
}