{
  "predicted_latency": 671.6417670249939,
  "actual_latency": 3952.361,
  "q_error": 5.884626588228424,
  "inference_time": 0.07120990753173828
}