{
  "predicted_latency": 649.3194580078125,
  "inference_time": 0.013976097106933594
}