{
  "pg_runtime": 31209.727,
  "opt_runtime": 31144.17,
  "pg_slowdown": 1.0021049525481014,
  "pg_opt_diff": 65.5570000000007,
  "original_num_of_plans": 2,
  "pg_plan_card_error": 3.2372742667968843,
  "opt_plan_card_error": 1.0,
  "num_tables": 3,
  "opt_hint": "/*+ Rows(cast_info title #21334720) Rows(movie_keyword title #1970380) Rows(cast_info movie_keyword title #114182642) */"
}