{
  "query": "/*+  */ select count(*)\nfrom title AS t\ninner join cast_info AS ci\non t.id = ci.movie_id AND ci.person_id < 2738534 AND ci.role_id > 1;",
  "predicted_latency": 1050.7162809371948,
  "actual_latency": 5747.566,
  "q_error": 5.470140802304321,
  "inference_time": 0.015254974365234375
}