{
  "predicted_latency": 215.8735692501068,
  "actual_latency": 4650.38,
  "q_error": 21.542146248632054,
  "inference_time": 0.21903443336486816
}