{
  "query": "/*+  */ select count(*)\nfrom cast_info AS ci\ninner join title AS t\non t.id = ci.movie_id AND t.production_year = 2009;",
  "predicted_latency": 1141.6951417922974,
  "actual_latency": 3886.669,
  "q_error": 3.404296696838429,
  "inference_time": 0.02479720115661621
}