{
  "predicted_latency": 220.7842767238617,
  "actual_latency": 5283.04,
  "q_error": 23.92851555551476,
  "inference_time": 0.1503000259399414
}