{
  "query": "/*+  */ select count(*)\nfrom cast_info AS ci\ninner join title AS t\non t.id = ci.movie_id AND ci.person_id > 3417484 AND t.production_year > 2011;",
  "predicted_latency": 1218.740463256836,
  "actual_latency": 943.169,
  "q_error": 1.2921761245936156,
  "inference_time": 0.025162458419799805
}