{
  "query": "/*+  */ select count(*)\nfrom title AS t\ninner join cast_info AS ci\non t.id = ci.movie_id AND ci.person_id < 941896 AND ci.role_id > 1;",
  "predicted_latency": 921.7706322669983,
  "actual_latency": 2382.725,
  "q_error": 2.5849434952597017,
  "inference_time": 0.020717144012451172
}