{
  "predicted_latency": 0.0291377454996109,
  "actual_latency": 30.808622,
  "q_error": 1057.3441162109375,
  "inference_time": 1.2198472023010254,
  "timestamp": 1745760291.1076229
}