{
  "query": "/*+  */ select count(*)\nfrom title AS t\ninner join cast_info AS ci\non t.id = ci.movie_id AND t.kind_id = 7 AND ci.person_id < 2768633;",
  "predicted_latency": 1391.2557363510132,
  "actual_latency": 6873.285,
  "q_error": 4.940346206964981,
  "inference_time": 0.012866973876953125
}