{
  "predicted_latency": 457.7396240234375,
  "inference_time": 0.030637264251708984
}