{
  "query": "/*+ NoNestLoop(ci t) */ select count(*)\nfrom cast_info AS ci\ninner join title AS t\non t.id = ci.movie_id AND ci.person_id > 133758;",
  "predicted_latency": 1160.3792905807495,
  "actual_latency": 9886.307,
  "q_error": 8.519892659452822,
  "inference_time": 0.013550996780395508
}