{
  "query": "/*+  */ select count(*)\nfrom title AS t\ninner join cast_info AS ci\non t.id = ci.movie_id AND ci.person_id > 556609 AND ci.role_id > 10;",
  "predicted_latency": 1027.6947021484375,
  "actual_latency": 661.537,
  "q_error": 1.5534954237607834,
  "inference_time": 0.01858377456665039
}