{
  "query": "/*+  */ select count(*)\nfrom movie_companies AS mc\ninner join title AS t\non t.id = mc.movie_id AND mc.company_id = 31716;",
  "predicted_latency": 383.5645020008087,
  "actual_latency": 15.121,
  "q_error": 25.366344950784253,
  "inference_time": 0.026468992233276367
}