{
  "query": "/*+ NoNestLoop(t ci) */ select count(*)\nfrom title AS t\ninner join cast_info AS ci\non t.id = ci.movie_id AND ci.person_id < 208373;",
  "predicted_latency": 580.0879001617432,
  "actual_latency": 1288.992,
  "q_error": 2.2220632418648907,
  "inference_time": 0.014519929885864258
}