{
  "predicted_latency": 617.323637008667,
  "actual_latency": 15872.684,
  "q_error": 25.712094999170027,
  "inference_time": 0.10302567481994629
}