{
  "predicted_latency": 852.2849731445312,
  "inference_time": 0.008265972137451172
}