{
  "predicted_latency": 0.02913774736225605,
  "actual_latency": 0.12888999999999998,
  "q_error": 4.423471450805664,
  "inference_time": 0.08072400093078613,
  "timestamp": 1745492912.8635254
}