{
  "predicted_latency": 166.23501479625702,
  "actual_latency": 211.062,
  "q_error": 1.2696603074790493,
  "inference_time": 0.06757497787475586
}