{
  "predicted_latency": 0.02913774736225605,
  "actual_latency": 0.136845,
  "q_error": 4.6964850425720215,
  "inference_time": 0.07549118995666504,
  "timestamp": 1745481370.8915596
}