{
  "predicted_latency": 532.3136448860168,
  "actual_latency": 131.417,
  "q_error": 4.05056914163325,
  "inference_time": 0.06081128120422363
}