{
  "query": "/*+  */ select count(*)\nfrom movie_keyword AS mk\ninner join title AS t\non t.id = mk.movie_id AND mk.keyword_id < 59021;",
  "predicted_latency": 1228.6633253097534,
  "actual_latency": 1139.48,
  "q_error": 1.0782666877082119,
  "inference_time": 0.018201351165771484
}