{
  "query": "/*+  */ select count(*)\nfrom cast_info AS ci\ninner join title AS t\non t.id = ci.movie_id AND t.production_year < 1983;",
  "predicted_latency": 1348.617434501648,
  "actual_latency": 4863.031,
  "q_error": 3.605938107864538,
  "inference_time": 0.02555227279663086
}