{
  "query": "/*+  */ select count(*)\nfrom title AS t\ninner join cast_info AS ci\non t.id = ci.movie_id AND t.kind_id = 7 AND ci.person_id < 3049611 AND ci.role_id > 8;",
  "predicted_latency": 1345.7695245742798,
  "actual_latency": 1472.282,
  "q_error": 1.0940075348085632,
  "inference_time": 0.018643856048583984
}