{
  "predicted_latency": 1362.3243408203125,
  "inference_time": 0.02484273910522461
}