{
  "predicted_latency": 358.1097722053528,
  "actual_latency": 1902.019,
  "q_error": 5.3112736585957085,
  "inference_time": 0.12694835662841797
}