{
  "query": "/*+  */ select count(*)\nfrom movie_companies AS mc\ninner join title AS t\non t.id = mc.movie_id AND mc.company_id > 102214;",
  "predicted_latency": 828.7186026573181,
  "actual_latency": 414.036,
  "q_error": 2.0015617063668816,
  "inference_time": 0.010102510452270508
}