{
  "query": "/*+  */ select count(*)\nfrom title AS t\ninner join movie_info AS mi\non t.id = mi.movie_id AND t.production_year < 1997;",
  "predicted_latency": 1086.5293741226196,
  "actual_latency": 3031.107,
  "q_error": 2.789714730398008,
  "inference_time": 0.02878570556640625
}