{
  "query": "/*+  */ select count(*)\nfrom title AS t\ninner join cast_info AS ci\non t.id = ci.movie_id AND ci.person_id < 2747999;",
  "predicted_latency": 1046.899437904358,
  "actual_latency": 8741.024,
  "q_error": 8.349439959101934,
  "inference_time": 0.024370670318603516
}