{
  "predicted_latency": 31.788930296897888,
  "actual_latency": 2299.044,
  "q_error": 72.32215675481069,
  "inference_time": 0.049498796463012695
}