{
  "query": "/*+  */ select count(*)\nfrom cast_info AS ci\ninner join title AS t\non t.id = ci.movie_id AND ci.person_id < 3780375 AND t.kind_id > 1 AND t.production_year < 2000;",
  "predicted_latency": 1540.7451391220093,
  "actual_latency": 5845.679,
  "q_error": 3.7940596738349273,
  "inference_time": 0.015108108520507812
}