{
  "predicted_latency": 616.9693603515625,
  "inference_time": 0.03508591651916504
}