{
  "predicted_latency": 0.02913774736225605,
  "actual_latency": 1.966365,
  "q_error": 67.48513793945312,
  "inference_time": 0.1786963939666748,
  "timestamp": 1745481286.7334418
}