{
  "predicted_latency": 712.9988403320312,
  "inference_time": 0.0164794921875
}