{
  "query": "/*+  */ select count(*)\nfrom title AS t\ninner join cast_info AS ci\non t.id = ci.movie_id AND t.kind_id > 1 AND t.production_year > 1966 AND ci.person_id < 3020063;",
  "predicted_latency": 1393.9359188079834,
  "actual_latency": 8516.744,
  "q_error": 6.109853318998371,
  "inference_time": 0.026688098907470703
}