{
  "query": "/*+  */ select count(*)\nfrom title AS t\ninner join cast_info AS ci\non t.id = ci.movie_id AND ci.person_id > 1352515;",
  "predicted_latency": 837.8183841705322,
  "actual_latency": 7679.527,
  "q_error": 9.16609989121089,
  "inference_time": 0.017644166946411133
}