{
  "query": "/*+  */ select count(*)\nfrom cast_info AS ci\ninner join title AS t\non t.id = ci.movie_id AND t.production_year = 2013;",
  "predicted_latency": 1119.2978620529175,
  "actual_latency": 3418.135,
  "q_error": 3.0538207173296645,
  "inference_time": 0.022406339645385742
}