{
  "predicted_latency": 0.02913774736225605,
  "actual_latency": 4.786444,
  "q_error": 164.26953125,
  "inference_time": 0.35582590103149414,
  "timestamp": 1745479278.0930412
}