{
  "predicted_latency": 0.02913774736225605,
  "actual_latency": 0.268789,
  "q_error": 9.224769592285156,
  "inference_time": 0.7230091094970703,
  "timestamp": 1745481235.3298316
}