{
  "query": "/*+  */ select count(*)\nfrom title AS t\ninner join movie_info AS mi\non t.id = mi.movie_id AND t.production_year > 2002;",
  "predicted_latency": 1016.5586471557617,
  "actual_latency": 2906.148,
  "q_error": 2.8588099743493767,
  "inference_time": 0.01479649543762207
}