{
  "query": "/*+  */ select count(*)\nfrom title AS t\ninner join cast_info AS ci\non t.id = ci.movie_id AND t.production_year > 2007 AND ci.person_id < 2171951;",
  "predicted_latency": 1532.5548648834229,
  "actual_latency": 4307.75,
  "q_error": 2.8108292229574947,
  "inference_time": 0.018123388290405273
}