{
  "predicted_latency": 642.9762244224548,
  "actual_latency": 4339.989,
  "q_error": 6.749843672522012,
  "inference_time": 0.06705021858215332
}