{
  "predicted_latency": 466.9130554199219,
  "inference_time": 0.006835460662841797
}