{"query99_3.sql": 0.5722830295562744, "query43_2.sql": 0.07141852378845215, "query7_3.sql": 0.03899025917053223, "query42_1.sql": 0.08490896224975586, "query52_3.sql": 0.026920795440673828, "query43_1.sql": 0.0676422119140625, "query50_1.sql": 0.1410655975341797, "query26_3.sql": 0.03722572326660156, "query42_2.sql": 0.032855987548828125, "query3_2.sql": 0.08182835578918457, "query12_2.sql": 0.04518580436706543, "query12_3.sql": 0.045614004135131836, "query91_3.sql": 0.042293548583984375, "query20_3.sql": 0.0989992618560791, "query37_2.sql": 0.03032851219177246, "query62_1.sql": 0.08439970016479492, "query52_2.sql": 0.08268499374389648, "query82_1.sql": 0.0704183578491211, "query91_1.sql": 0.16408276557922363, "query27_1.sql": 0.12914466857910156, "query55_2.sql": 0.1372225284576416, "query43_3.sql": 0.08720040321350098, "query3_1.sql": 0.026143789291381836, "query18_3.sql": 0.12116694450378418, "query27_2.sql": 0.04659771919250488, "query7_2.sql": 0.03808140754699707, "query62_2.sql": 0.13068366050720215, "query98_1.sql": 0.04378390312194824, "query96_1.sql": 0.021820545196533203, "query96_3.sql": 0.0219268798828125, "query37_3.sql": 0.07976317405700684, "query98_3.sql": 0.04368996620178223, "query82_3.sql": 0.0305783748626709, "query98_2.sql": 0.04367232322692871, "query20_1.sql": 0.09019947052001953, "query96_2.sql": 0.021713733673095703, "query62_3.sql": 0.07924342155456543, "query7_1.sql": 0.08381414413452148, "query52_1.sql": 0.02672433853149414, "query18_2.sql": 0.07975888252258301, "query55_3.sql": 0.0207366943359375, "query18_1.sql": 0.12849831581115723, "query26_1.sql": 0.03722119331359863, "query99_1.sql": 0.1366417407989502, "query55_1.sql": 0.021638154983520508, "query3_3.sql": 0.025960445404052734, "query20_2.sql": 0.044919729232788086, "query84_3.sql": 0.026943683624267578, "query91_2.sql": 0.10189604759216309, "query99_2.sql": 0.12069249153137207, "query42_3.sql": 0.25496864318847656, "query50_2.sql": 0.10784792900085449, "query12_1.sql": 0.04553985595703125, "query84_1.sql": 0.07891011238098145, "query50_3.sql": 0.09672355651855469, "query26_2.sql": 0.08032083511352539, "query84_2.sql": 0.026034832000732422, "query82_2.sql": 0.030046463012695312, "query27_3.sql": 0.047884464263916016, "query37_1.sql": 0.029787063598632812}