{
  "query": "/*+  */ select count(*)\nfrom movie_keyword AS mk\ninner join title AS t\non t.id = mk.movie_id AND mk.keyword_id > 333;",
  "predicted_latency": 1215.6643867492676,
  "actual_latency": 1137.027,
  "q_error": 1.069160527190003,
  "inference_time": 0.012061357498168945
}