{
  "predicted_latency": 255.04470825195312,
  "inference_time": 0.017171382904052734
}