{
  "query": "/*+  */ select count(*)\nfrom cast_info AS ci\ninner join title AS t\non t.id = ci.movie_id AND ci.person_id < 1806147 AND t.production_year = 2011;",
  "predicted_latency": 1357.5059175491333,
  "actual_latency": 2953.108,
  "q_error": 2.175392358754205,
  "inference_time": 0.018773555755615234
}