{
  "predicted_latency": 882.692813873291,
  "actual_latency": 3776.152,
  "q_error": 4.27799109797903,
  "inference_time": 0.04334259033203125
}