{
  "predicted_latency": 0.02913774736225605,
  "actual_latency": 2.784256,
  "q_error": 95.55494689941406,
  "inference_time": 0.4311642646789551,
  "timestamp": 1745480201.8683383
}