{
  "predicted_latency": 0.02913774363696575,
  "actual_latency": 0.202429,
  "q_error": 6.947311878204346,
  "inference_time": 2.269648551940918,
  "timestamp": 1745481210.6876104
}