{
    "embedding": [
        0.6152453422546387,
        0.6152453422546387,
        0.6152453422546387,
        0.7622206211090088,
        0.6152453422546387,
        1.2263412475585938,
        1.025273084640503,
        0.6152453422546387,
        0.6173630356788635,
        0.6152453422546387,
        0.6152453422546387,
        0.6152453422546387,
        0.6152453422546387,
        1.593223214149475,
        2.7423081398010254,
        0.6152453422546387,
        0.6152453422546387,
        2.93996262550354,
        0.6152453422546387,
        1.7198845148086548,
        0.6152453422546387,
        3.4853363037109375,
        3.078277349472046,
        0.6152453422546387,
        1.1550014019012451,
        1.1587432622909546,
        0.6152453422546387,
        0.6152453422546387,
        0.6152453422546387,
        0.6152453422546387,
        2.4098644256591797,
        1.047723412513733,
        0.6152453422546387,
        0.6152453422546387,
        1.10299551486969,
        1.7841768264770508,
        0.6152453422546387,
        3.6729798316955566,
        2.0682430267333984,
        0.6152453422546387,
        0.6152453422546387,
        0.6152453422546387,
        0.8102692365646362,
        0.6152453422546387,
        0.9409002661705017,
        0.6152453422546387,
        0.6152453422546387,
        0.994988203048706,
        0.6152453422546387,
        1.7083755731582642,
        1.4020758867263794,
        0.8413496613502502,
        0.6152453422546387,
        0.6152453422546387,
        2.70500111579895,
        0.6152453422546387,
        0.6152453422546387,
        0.6152453422546387,
        0.6152453422546387,
        0.6152453422546387,
        0.6152453422546387,
        0.7738335132598877,
        0.6152453422546387,
        3.5569090843200684
    ],
    "timestamp": 1754258507.8042536
}