{
    "embedding": [
        0.6152452826499939,
        0.6152452826499939,
        0.6152452826499939,
        0.762220561504364,
        0.6152452826499939,
        1.226340889930725,
        1.0252729654312134,
        0.6152452826499939,
        0.6173629760742188,
        0.6152452826499939,
        0.6152452826499939,
        0.6152452826499939,
        0.6152452826499939,
        1.593223214149475,
        2.7423086166381836,
        0.6152452826499939,
        0.6152452826499939,
        2.939962863922119,
        0.6152452826499939,
        1.7198847532272339,
        0.6152452826499939,
        3.485337257385254,
        3.078277349472046,
        0.6152452826499939,
        1.1550016403198242,
        1.1587430238723755,
        0.6152452826499939,
        0.6152452826499939,
        0.6152452826499939,
        0.6152452826499939,
        2.4098639488220215,
        1.047723412513733,
        0.6152452826499939,
        0.6152452826499939,
        1.1029953956604004,
        1.7841770648956299,
        0.6152452826499939,
        3.6729788780212402,
        2.0682430267333984,
        0.6152452826499939,
        0.6152452826499939,
        0.6152452826499939,
        0.8102692365646362,
        0.6152452826499939,
        0.940900444984436,
        0.6152452826499939,
        0.6152452826499939,
        0.994988203048706,
        0.6152452826499939,
        1.708375334739685,
        1.4020758867263794,
        0.8413496613502502,
        0.6152452826499939,
        0.6152452826499939,
        2.705000877380371,
        0.6152452826499939,
        0.6152452826499939,
        0.6152452826499939,
        0.6152452826499939,
        0.6152452826499939,
        0.6152452826499939,
        0.7738338708877563,
        0.6152452826499939,
        3.5569088459014893
    ],
    "timestamp": 1754258528.444424
}