{
  "query": "/*+  */ select count(*)\nfrom title AS t\ninner join cast_info AS ci\non t.id = ci.movie_id AND ci.person_id > 1029114;",
  "predicted_latency": 1007.6597929000854,
  "actual_latency": 8099.72,
  "q_error": 8.038149439989741,
  "inference_time": 0.027626752853393555
}