{
  "predicted_latency": 1059.4520568847656,
  "actual_latency": 2229.675,
  "q_error": 2.1045548833575176,
  "inference_time": 0.04367566108703613
}