{
  "query": "/*+  */ select count(*)\nfrom title AS t\ninner join cast_info AS ci\non t.id = ci.movie_id AND ci.person_id > 1194276;",
  "predicted_latency": 914.535641670227,
  "actual_latency": 7578.607,
  "q_error": 8.286836132661929,
  "inference_time": 0.02637457847595215
}