{
  "query": "/*+  */ select count(*)\nfrom movie_keyword AS mk\ninner join title AS t\non t.id = mk.movie_id AND mk.keyword_id < 53813;",
  "predicted_latency": 1221.8022346496582,
  "actual_latency": 1231.802,
  "q_error": 1.0081844385832286,
  "inference_time": 0.014522552490234375
}