{
  "query": "/*+  */ select count(*)\nfrom movie_keyword AS mk\ninner join title AS t\non t.id = mk.movie_id AND mk.keyword_id < 60150 AND t.production_year < 2004;",
  "predicted_latency": 1573.3226537704468,
  "actual_latency": 1030.024,
  "q_error": 1.5274621307566105,
  "inference_time": 0.026397228240966797
}