{
  "predicted_latency": 757.216215133667,
  "actual_latency": 1481.756,
  "q_error": 1.9568466316300877,
  "inference_time": 0.12123775482177734
}