{
  "query": "/*+  */ select count(*)\nfrom title AS t\ninner join cast_info AS ci\non t.id = ci.movie_id AND ci.person_id > 1764214 AND ci.role_id > 1;",
  "predicted_latency": 941.9639706611633,
  "actual_latency": 6608.502,
  "q_error": 7.015663237481897,
  "inference_time": 0.0190889835357666
}