{
  "query": "/*+  */ select count(*)\nfrom title AS t\ninner join cast_info AS ci\non t.id = ci.movie_id AND ci.person_id > 919994 AND ci.role_id > 2;",
  "predicted_latency": 1032.2953462600708,
  "actual_latency": 4935.303,
  "q_error": 4.780902110893201,
  "inference_time": 0.026507854461669922
}