{
  "query": "/*+  */ select count(*)\nfrom movie_keyword AS mk\ninner join title AS t\non t.id = mk.movie_id AND mk.keyword_id < 43603;",
  "predicted_latency": 1206.8496942520142,
  "actual_latency": 1378.997,
  "q_error": 1.1426418770853481,
  "inference_time": 0.017366647720336914
}