{
  "predicted_latency": 0.0291377454996109,
  "actual_latency": 0.063502,
  "q_error": 2.1793723106384277,
  "inference_time": 0.10174942016601562,
  "timestamp": 1745481268.996214
}