{
  "embedding": [
    1.2759187388281203,
    0.9506378855265574,
    2.8137167345541263,
    0.12089655295195746,
    0.0022348697746004506,
    3.2703302643819807,
    0.5542627845075991,
    1.590378979183379,
    0.6541864725824061,
    1.8482494290870128,
    4.974743370840753,
    7.09562416247385,
    1.7791320430667699,
    2.988234043279799,
    0.2852201306229942,
    3.5751930462448507,
    3.048289919423478,
    3.382025463104742,
    0.6594632337540394,
    2.38289131927332,
    2.2225867878179364,
    3.7950332208080906,
    3.4877745611624493,
    0.8949073699320126,
    1.5186136543040718,
    1.6075565651659547,
    0.8950318542108926,
    3.206761223331545,
    1.304215099541409,
    1.0908723252308634,
    1.7939670191914168,
    2.162342493800135,
    0.36992906781534807,
    1.3865137257880655,
    3.3982797007869845,
    0.4435713995624808,
    1.6560851612352867,
    0.23126069193529747,
    1.053210454124686,
    3.4721958489126106,
    1.6672451115442386,
    3.861886531448318,
    1.8634465708970904,
    0.4988437742876125,
    1.6432414692510076,
    2.4185018475254907,
    1.2914115488034266,
    3.037022904580133,
    6.828560867484307,
    2.476873925159978,
    0.36969609831523353,
    4.307919924404671,
    3.189438576212384,
    2.530800652051978,
    1.1488674006204638,
    0.2080833995438956,
    3.220577652837202,
    3.7851847522776936,
    1.4723560719473012,
    2.1180373272206157,
    0.026053959991710948,
    1.6226948477793979,
    0.6843494976850143,
    3.6723148556599097
  ],
  "timestamp": 1754304772.31251
}