{
  "embedding": [
    0.8294646182050348,
    0.8055953557574789,
    2.664246227642111,
    0.12985265827847578,
    0.026082001206305327,
    3.6390837655951667,
    0.8813140528230302,
    0.9868419757324787,
    0.6430607473934659,
    1.9060797150575042,
    4.5725604599600445,
    6.5247665680198645,
    1.7676789939306246,
    2.7897752032681478,
    0.12003228389908058,
    3.3552503186690332,
    2.7679170851228476,
    3.1858741123749836,
    0.48995673883971097,
    1.8192934092222526,
    2.1564069736369187,
    3.5333964338960877,
    3.1547807548688223,
    0.7893338953263191,
    1.390106293489939,
    1.4838156753455665,
    0.27388661464990743,
    1.7302541848738804,
    1.380610400279258,
    0.39833237935848503,
    2.023033031469062,
    3.016441144994869,
    0.2168428253161608,
    1.5152647228083378,
    3.251017580833902,
    0.3854924073211552,
    1.5066874159118477,
    0.2346178069779484,
    1.02838269077478,
    3.2163044904071114,
    1.7284086669445218,
    3.5201811534199337,
    1.743839551452417,
    0.4696268859557246,
    1.6915133393471529,
    2.251051090789843,
    1.1008402965144874,
    2.7578228390421664,
    6.303273323587677,
    3.134926213480974,
    0.31963175697407686,
    4.007049441836694,
    2.9056159771337216,
    2.486509002191653,
    1.0297294962447987,
    0.19571920593333605,
    3.0259596641666233,
    3.442830786551768,
    1.5513524300238486,
    1.8680469085641624,
    0.034687436008369044,
    1.8571608263238477,
    0.21695538532327027,
    3.4081570110577823
  ],
  "timestamp": 1754304771.1428268
}