{
  "query": "/*+  */ select count(*)\nfrom title AS t\ninner join cast_info AS ci\non t.id = ci.movie_id AND ci.person_id < 2780581 AND ci.role_id = 1;",
  "predicted_latency": 1012.8011703491211,
  "actual_latency": 4490.396,
  "q_error": 4.433640216324121,
  "inference_time": 0.02585625648498535
}