{
  "query": "/*+  */ select count(*)\nfrom movie_companies AS mc\ninner join title AS t\non t.id = mc.movie_id AND mc.company_id < 93806;",
  "predicted_latency": 1291.656255722046,
  "actual_latency": 1085.574,
  "q_error": 1.1898371329103734,
  "inference_time": 0.0209047794342041
}