{
  "query": "/*+ NoNestLoop(t ci) */ select count(*)\nfrom title AS t\ninner join cast_info AS ci\non t.id = ci.movie_id AND ci.person_id > 3486365;",
  "predicted_latency": 599.5288491249084,
  "actual_latency": 1535.317,
  "q_error": 2.560872595607364,
  "inference_time": 0.018151044845581055
}