{
  "pg_runtime": 26349.202,
  "opt_runtime": 10003.79,
  "pg_slowdown": 2.6339219435833816,
  "pg_opt_diff": 16345.412,
  "original_num_of_plans": 10,
  "pg_plan_card_error": 1212.6117647058823,
  "opt_plan_card_error": 1.0,
  "num_tables": 8,
  "opt_hint": "/*+ Rows(ci n #36244344) Rows(an n #901343) Rows(k mk #41840) Rows(mc t #2609129) Rows(cn mc #1153798) Rows(ci t #36244344) Rows(an ci #36417493) Rows(ci mc #80274241) Rows(mk t #4523930) Rows(mc mk #34863638) Rows(ci mk #215765477) Rows(cn mc t #1153798) Rows(k mc mk #148552) Rows(an ci mc #87239860) Rows(ci n t #36244344) Rows(ci mk t #215765477) Rows(an ci mk #253950969) Rows(ci mc mk #3101350543) Rows(an ci n #36417493) Rows(ci k mk #1038393) Rows(k mk t #41840) Rows(an ci t #36417493) Rows(ci mc n #80274241) Rows(cn mc mk #12177631) Rows(ci mc t #80274241) Rows(mc mk t #34863638) Rows(ci cn mc #32289229) Rows(ci mk n #215765477) Rows(ci cn mc mk #916402420) Rows(an ci mc mk #3185061897) Rows(ci cn mc n #32289229) Rows(an ci mc n #87239860) Rows(ci mc mk t #3101350543) Rows(ci mk n t #215765477) Rows(ci k mc mk #7796926) Rows(cn k mc mk #68316) Rows(an ci n t #36417493) Rows(ci cn mc t #32289229) Rows(an ci mc t #87239860) Rows(ci mc n t #80274241) Rows(an ci cn mc #41307596) Rows(ci k mk n #1038393) Rows(an ci mk n #253950969) Rows(an ci k mk #1294886) Rows(k mc mk t #148552) Rows(ci mc mk n #3101350543) Rows(cn mc mk t #12177631) Rows(ci k mk t #1038393) Rows(an ci mk t #253950969) Rows(ci k mc mk n #7796926) Rows(an ci k mc mk #8847894) Rows(ci cn mc mk n #916402420) Rows(an ci cn mc t #41307596) Rows(an ci mc mk n #3185061897) Rows(ci k mc mk t #7796926) Rows(ci k mk n t #1038393) Rows(cn k mc mk t #68316) Rows(an ci k mk n #1294886) Rows(ci cn mc mk t #916402420) Rows(an ci mc mk t #3185061897) Rows(ci mc mk n t #3101350543) Rows(an ci mk n t #253950969) Rows(ci cn mc n t #32289229) Rows(an ci k mk t #1294886) Rows(an ci cn mc mk #1074293838) Rows(ci cn k mc mk #2832555) Rows(an ci cn mc n #41307596) Rows(an ci mc n t #87239860) Rows(ci cn k mc mk t #2832555) Rows(an ci k mc mk n #8847894) Rows(ci cn mc mk n t #916402420) Rows(an ci mc mk n t #3185061897) Rows(an ci cn k mc mk #3710592) Rows(an ci k mc mk t #8847894) Rows(an ci k mk n t #1294886) Rows(an ci cn mc mk n #1074293838) Rows(an ci cn mc n t #41307596) Rows(an ci cn mc mk t #1074293838) Rows(ci k mc mk n t #7796926) Rows(ci cn k mc mk n #2832555) Rows(an ci k mc mk n t #8847894) Rows(ci cn k mc mk n t #2832555) Rows(an ci cn k mc mk n #3710592) Rows(an ci cn k mc mk t #3710592) Rows(an ci cn mc mk n t #1074293838) Rows(an ci cn k mc mk n t #3710592) */"
}