{
  "query": "/*+  */ select count(*)\nfrom title AS t\ninner join movie_info AS mi\non t.id = mi.movie_id AND t.kind_id < 2;",
  "predicted_latency": 908.4975719451904,
  "actual_latency": 2824.628,
  "q_error": 3.109120032046062,
  "inference_time": 0.025125503540039062
}