{
  "predicted_latency": 0.02913774363696575,
  "actual_latency": 1.239983,
  "q_error": 42.55590057373047,
  "inference_time": 4.757360219955444,
  "timestamp": 1745754798.2737863
}