{
  "predicted_latency": 0.02913774363696575,
  "actual_latency": 8.573547000000001,
  "q_error": 294.2419738769531,
  "inference_time": 1.0602154731750488,
  "timestamp": 1745479272.8378427
}