{
  "query": "/*+  */ select count(*)\nfrom movie_keyword AS mk\ninner join title AS t\non t.id = mk.movie_id AND mk.keyword_id < 31834;",
  "predicted_latency": 1198.848843574524,
  "actual_latency": 1138.419,
  "q_error": 1.0530822514158003,
  "inference_time": 0.014789819717407227
}