{
  "predicted_latency": 429.7780394554138,
  "actual_latency": 77.288,
  "q_error": 5.560734388979063,
  "inference_time": 0.03990292549133301
}