{
  "embedding": [
    0.5711105176973892,
    1.2456291923378957,
    2.124905276031439,
    0.10283022000479619,
    0.0005854678265563318,
    2.017543780826158,
    1.7687498105043093,
    0.377885367717493,
    1.0541673977221417,
    2.338988426016855,
    3.772535856582168,
    5.697704357060108,
    0.6414369169705512,
    3.231475798613785,
    0.10803845192316974,
    3.2884652536920407,
    1.975076918728141,
    3.0766295454243413,
    0.48045708651095104,
    0.2889372089287378,
    1.1373811446539062,
    3.2066443613288893,
    2.597136802744926,
    1.0312948897566172,
    1.105211461522661,
    1.5216456336223443,
    2.421963749888719,
    3.5660325017839734,
    1.3735327261574448,
    2.9837201410040746,
    1.8321553248102336,
    1.6079396235618544,
    0.13788002318929518,
    1.631612867574084,
    4.473648983090472,
    1.2527638475611445,
    2.3192130654211303,
    0.15875074002304232,
    1.861198849930778,
    2.7073327113138954,
    0.35664651746736686,
    3.0752873042547697,
    2.322518647918256,
    0.7653834485223,
    2.4192399371478834,
    2.2514977530755353,
    1.9528808666848236,
    2.5553278453105763,
    4.7146219687230415,
    2.3479156110678514,
    0.433269303044247,
    3.088690970306172,
    2.405735075267587,
    1.7466005771441246,
    0.9865793998431904,
    1.0812096612287536,
    2.78787421956904,
    2.722326852038925,
    1.237881937436647,
    1.245919059811574,
    0.0005854678265563318,
    0.9685430180224197,
    0.5060381581195125,
    3.2975555893004005
  ],
  "timestamp": 1754306343.9759479
}