{
  "embedding": [
    0.6865513957176441,
    1.3538696434487525,
    2.158125725119076,
    0.13476984437690684,
    0.016955208816970914,
    2.113598021417717,
    1.8947506709875412,
    0.4929614574959824,
    1.1066767197904772,
    2.411013351220153,
    4.0192656688382815,
    5.971508273049015,
    0.7135672510277988,
    3.393279380341215,
    0.12713393982430413,
    3.4251356556555006,
    2.1394700400940265,
    3.1423877967138045,
    0.5145770140461854,
    0.406634841808744,
    1.303674058597187,
    3.3865778419878634,
    2.8640589605035607,
    1.1618557390954865,
    1.2609271250081822,
    1.6327569209354669,
    2.4397551087773226,
    3.7441058956346827,
    1.4578692911629259,
    3.171203656505793,
    1.9829232162391601,
    1.7286256846303996,
    0.09626923579590732,
    1.6766391490159855,
    4.609409991680487,
    1.46565334485491,
    2.4448290304638,
    0.17218218195000454,
    1.9690120517228555,
    2.8927403786990773,
    0.3583794880430097,
    3.330498053030644,
    2.3404840252718557,
    0.952328112857654,
    2.557048549343449,
    2.327405819437592,
    2.207646482942361,
    2.7667515047794833,
    4.945374363491693,
    2.4485930018402433,
    0.5653441754520312,
    3.202088764034005,
    2.6144250860925706,
    1.9917246714715726,
    1.0303047743456981,
    1.275802230431157,
    2.879006302306821,
    2.9977120520877727,
    1.354220435329276,
    1.4453885113788845,
    0.016955208816970914,
    1.0787786546962246,
    0.5605510868212393,
    3.4704425611696927
  ],
  "timestamp": 1754306365.4100769
}