{
  "predicted_latency": 780.9142456054688,
  "inference_time": 0.02991485595703125
}