{
  "predicted_latency": 0.010861068032681942,
  "actual_latency": 44.101696000000004,
  "q_error": 4060.5302734375,
  "inference_time": 2.0039608478546143,
  "timestamp": 1744736969.086185
}