{
  "predicted_latency": 379.14227294921875,
  "inference_time": 0.005852699279785156
}