{
  "predicted_latency": 1363.20166015625,
  "inference_time": 0.03289508819580078
}