{
  "predicted_latency": 589.2913937568665,
  "actual_latency": 834.51,
  "q_error": 1.4161245333650798,
  "inference_time": 0.06696510314941406
}