{
  "predicted_latency": -21.24328538775444,
  "actual_latency": 2.556,
  "q_error": -0.12032037198320512,
  "inference_time": 0.0361480712890625
}