{
  "predicted_latency": 0.02913774736225605,
  "actual_latency": 0.527482,
  "q_error": 18.103046417236328,
  "inference_time": 0.13987159729003906,
  "timestamp": 1745481284.5095809
}