{
  "query": "/*+  */ select count(*)\nfrom movie_keyword AS mk\ninner join title AS t\non t.id = mk.movie_id AND mk.keyword_id > 484;",
  "predicted_latency": 1197.8322267532349,
  "actual_latency": 1110.128,
  "q_error": 1.0790037065574736,
  "inference_time": 0.026921749114990234
}