{
  "predicted_latency": 0.010861066170036793,
  "actual_latency": 5.261395,
  "q_error": 484.4271240234375,
  "inference_time": 0.0851435661315918,
  "timestamp": 1744806750.419934
}