{
  "predicted_latency": 0.02913774736225605,
  "actual_latency": 0.24385300000000001,
  "q_error": 8.368972778320312,
  "inference_time": 1.2899818420410156,
  "timestamp": 1745481280.8777034
}