{
  "predicted_latency": 0.0291377454996109,
  "actual_latency": 3.411768,
  "q_error": 117.09100341796875,
  "inference_time": 0.03525376319885254,
  "timestamp": 1745480345.50028
}