{
  "query": "/*+  */ select count(*)\nfrom title AS t\ninner join movie_info AS mi\non t.id = mi.movie_id AND mi.info_type_id > 15;",
  "predicted_latency": 930.4639101028442,
  "actual_latency": 2215.042,
  "q_error": 2.3805780922283932,
  "inference_time": 0.030713796615600586
}