{
  "query": "/*+ NoNestLoop(ci t) */ select count(*)\nfrom cast_info AS ci\ninner join title AS t\non t.id = ci.movie_id AND ci.person_id > 368217;",
  "predicted_latency": 1127.8948783874512,
  "actual_latency": 9585.853,
  "q_error": 8.498888667448222,
  "inference_time": 0.018536806106567383
}