{
  "predicted_latency": 208.07814598083496,
  "actual_latency": 10752.636,
  "q_error": 51.67595063534626,
  "inference_time": 0.12592720985412598
}