{
  "predicted_latency": 0.02913774363696575,
  "actual_latency": 1.2227249999999998,
  "q_error": 41.96361541748047,
  "inference_time": 2.0736472606658936,
  "timestamp": 1745757430.6943557
}