{
  "query": "/*+ NoNestLoop(t ci) */ select count(*)\nfrom title AS t\ninner join cast_info AS ci\non t.id = ci.movie_id AND ci.person_id < 2541214;",
  "predicted_latency": 529.7412872314453,
  "actual_latency": 7859.072,
  "q_error": 14.835679584412592,
  "inference_time": 0.01786327362060547
}