{
  "pg_runtime": 84.409,
  "opt_runtime": 50.126,
  "pg_slowdown": 1.6839364800702232,
  "pg_opt_diff": 34.28300000000001,
  "original_num_of_plans": 49,
  "pg_plan_card_error": 1874.0,
  "opt_plan_card_error": 1.0,
  "num_tables": 9,
  "opt_hint": "/*+ Rows(mi mk #4394080) Rows(lt ml #2315) Rows(ml t #25079) Rows(k mk #10544) Rows(mc t #942182) Rows(cn mc #240875) Rows(mk ml #288192) Rows(mi t #711762) Rows(mc mi #844453) Rows(mk t #3682142) Rows(mc ml #43026) Rows(mc mk #6719220) Rows(mi ml #22843) Rows(ct mc #1193928) Rows(lt ml t #2248) Rows(lt mi ml #3865) Rows(mi mk ml #337428) Rows(cn mc mk #1483541) Rows(mc mk t #5828917) Rows(mk ml t #278637) Rows(cn ct mc #224256) Rows(mc mk ml #732182) Rows(cn mc mi #168053) Rows(ct mc mk #5975292) Rows(lt mk ml #17543) Rows(k mk t #8370) Rows(mc mi ml #48778) Rows(cn mc t #163964) Rows(mc mi mk #7074469) Rows(k mk ml #251) Rows(k mc mk #14331) Rows(ct mc mi #791081) Rows(cn mc ml #3079) Rows(ct mc t #883911) Rows(k mi mk #9166) Rows(mc ml t #40017) Rows(mi ml t #21433) Rows(mc mi t #653723) Rows(ct mc ml #36283) Rows(lt mc ml #5069) Rows(mi mk t #3634138) Rows(cn mc mk ml #49014) Rows(cn ct mc ml #2801) Rows(mc mi mk t #6273840) Rows(cn lt mc ml #1200) Rows(lt mi mk ml #29846) Rows(k mi mk t #7951) Rows(k mc mi mk #12788) Rows(k lt mk ml #199) Rows(ct k mc mk #11915) Rows(mc mi mk ml #914469) Rows(ct mc mi mk #6257550) Rows(cn k mc mk #2802) Rows(lt mk ml t #17328) Rows(mi mk ml t #331464) Rows(k mi mk ml #805) Rows(cn mc mi mk #1624102) Rows(mc mk ml t #717798) Rows(lt mc ml t #5015) Rows(k mk ml t #251) Rows(ct mc mi t #607228) Rows(ct mc ml t #33274) Rows(cn mc ml t #2878) Rows(cn ct mc mk #1337515) Rows(cn mc mi t #115155) Rows(ct lt mc ml #4393) Rows(lt mi ml t #3742) Rows(lt mc mi ml #11901) Rows(ct mc mi ml #40549) Rows(cn mc mi ml #6087) Rows(cn ct mc mi #158021) Rows(k mc mk ml #1173) Rows(mc mi ml t #46660) Rows(ct mc mk t #5144891) Rows(k mc mk t #11307) Rows(cn mc mk t #1311509) Rows(cn ct mc t #153249) Rows(lt mc mk ml #54010) Rows(ct mc mk ml #610301) Rows(cn ct mc mk ml #40379) Rows(k lt mk ml t #199) Rows(lt mc mi ml t #11831) Rows(ct lt mc mi ml #10637) Rows(cn ct mc mi mk #1463641) Rows(lt mi mk ml t #29407) Rows(k mc mi mk t #11350) Rows(cn ct k mc mk #2293) Rows(cn mc mi ml t #5868) Rows(ct mc mi ml t #38431) Rows(mc mi mk ml t #901771) Rows(cn k mc mk t #2035) Rows(k mi mk ml t #805) Rows(ct lt mc mk ml #45210) Rows(k mc mi mk ml #4770) Rows(cn mc mi mk t #1468012) Rows(ct k mc mk t #9499) Rows(cn lt mc ml t #1178) Rows(ct mc mi mk t #5503454) Rows(cn ct mc ml t #2600) Rows(cn k mc mk ml #452) Rows(k mc mk ml t #1173) Rows(cn ct mc mi t #107447) Rows(cn mc mi mk ml #74619) Rows(lt mc mi mk ml #112346) Rows(ct k mc mk ml #1052) Rows(cn ct lt mc ml #1152) Rows(ct mc mi mk ml #747531) Rows(cn lt mc mi ml #4131) Rows(cn ct mc mi ml #5741) Rows(cn k mc mi mk #2530) Rows(cn mc mk ml t #47862) Rows(lt mc mk ml t #53889) Rows(ct k mc mi mk #10845) Rows(k lt mc mk ml #1021) Rows(k lt mi mk ml #746) Rows(cn ct mc mk t #1178813) Rows(ct lt mc ml t #4339) Rows(cn lt mc mk ml #9430) Rows(ct mc mk ml t #595917) Rows(cn ct k mc mk t #1803) Rows(cn k mc mi mk ml #2000) Rows(ct mc mi mk ml t #734833) Rows(cn ct k mc mk ml #422) Rows(cn ct mc mi mk t #1317266) Rows(cn lt mc mk ml t #9414) Rows(ct lt mc mi mk ml #100027) Rows(cn k mc mk ml t #452) Rows(cn ct k mc mi mk #2227) Rows(cn ct mc mk ml t #39227) Rows(ct k mc mi mk t #9544) Rows(cn ct mc mi mk ml #65722) Rows(k lt mc mi mk ml #4602) Rows(ct lt mc mk ml t #45089) Rows(cn ct lt mc ml t #1130) Rows(cn lt mc mi ml t #4082) Rows(lt mc mi mk ml t #112221) Rows(ct k mc mk ml t #1052) Rows(k lt mc mk ml t #1021) Rows(ct k mc mi mk ml #4501) Rows(k mc mi mk ml t #4770) Rows(cn ct lt mc mi ml #4015) Rows(ct k lt mc mk ml #962) Rows(ct lt mc mi ml t #10567) Rows(cn mc mi mk ml t #73441) Rows(cn k lt mc mk ml #422) Rows(cn ct lt mc mk ml #8713) Rows(cn ct mc mi ml t #5522) Rows(cn k mc mi mk t #2209) Rows(k lt mi mk ml t #746) Rows(cn lt mc mi mk ml #34068) Rows(cn k mc mi mk ml t #2000) Rows(cn ct k mc mi mk t #1947) Rows(cn ct lt mc mi ml t #3966) Rows(cn lt mc mi mk ml t #34032) Rows(ct k lt mc mk ml t #962) Rows(ct k lt mc mi mk ml #4395) Rows(cn ct k mc mk ml t #422) Rows(cn k lt mc mi mk ml #1970) Rows(cn ct mc mi mk ml t #64544) Rows(cn ct k mc mi mk ml #1894) Rows(cn ct k lt mc mk ml #402) Rows(cn ct lt mc mk ml t #8697) Rows(ct lt mc mi mk ml t #99902) Rows(cn ct lt mc mi mk ml #33067) Rows(k lt mc mi mk ml t #4602) Rows(ct k mc mi mk ml t #4501) Rows(cn k lt mc mk ml t #422) Rows(cn ct k lt mc mk ml t #402) Rows(ct k lt mc mi mk ml t #4395) Rows(cn k lt mc mi mk ml t #1970) Rows(cn ct k lt mc mi mk ml #1874) Rows(cn ct lt mc mi mk ml t #33031) Rows(cn ct k mc mi mk ml t #1894) Rows(cn ct k lt mc mi mk ml t #1874) */"
}