{
  "predicted_latency": 407.4075927734375,
  "inference_time": 0.007151365280151367
}