{
  "query": "/*+  */ select count(*)\nfrom cast_info AS ci\ninner join title AS t\non t.id = ci.movie_id AND t.production_year < 1973;",
  "predicted_latency": 1267.4274444580078,
  "actual_latency": 4574.925,
  "q_error": 3.60961490932239,
  "inference_time": 0.02623915672302246
}