{
  "predicted_latency": 458.4243595600128,
  "actual_latency": 428.856,
  "q_error": 1.068947058126767,
  "inference_time": 0.11500096321105957
}