{
  "predicted_latency": 767.1176195144653,
  "actual_latency": 1901.553,
  "q_error": 2.47882847639917,
  "inference_time": 0.0642704963684082
}