{
  "query": "/*+  */ select count(*)\nfrom title AS t\ninner join cast_info AS ci\non t.id = ci.movie_id AND ci.person_id > 1278554;",
  "predicted_latency": 871.9860911369324,
  "actual_latency": 7226.27,
  "q_error": 8.287139065002842,
  "inference_time": 0.027759075164794922
}