{
  "query": "/*+  */ select count(*)\nfrom title AS t\ninner join cast_info AS ci\non t.id = ci.movie_id AND ci.person_id > 743633;",
  "predicted_latency": 1163.0010604858398,
  "actual_latency": 8337.185,
  "q_error": 7.168682199238209,
  "inference_time": 0.026464223861694336
}