{
  "predicted_latency": 506.9307861328125,
  "inference_time": 0.031766414642333984
}