{
  "query": "/*+  */ select count(*)\nfrom title AS t\ninner join cast_info AS ci\non t.id = ci.movie_id AND t.kind_id = 1 AND ci.person_id < 2211674;",
  "predicted_latency": 1252.9948949813843,
  "actual_latency": 4041.613,
  "q_error": 3.225562223906783,
  "inference_time": 0.02637004852294922
}