{
  "predicted_latency": 464.91619873046875,
  "inference_time": 0.008914709091186523
}