{
  "predicted_latency": 0.02913774736225605,
  "actual_latency": 4.641004,
  "q_error": 159.27806091308594,
  "inference_time": 0.04599761962890625,
  "timestamp": 1745493185.6198905
}