{
  "query": "/*+ NoNestLoop(t ci) */ select count(*)\nfrom title AS t\ninner join cast_info AS ci\non t.id = ci.movie_id AND ci.person_id > 3408550;",
  "predicted_latency": 604.3662428855896,
  "actual_latency": 1627.575,
  "q_error": 2.6930276453380775,
  "inference_time": 0.014420032501220703
}