{
  "predicted_latency": 0.02913774363696575,
  "actual_latency": 13.622449000000001,
  "q_error": 467.5190124511719,
  "inference_time": 2.754088878631592,
  "timestamp": 1745453530.789152
}