{
  "query": "/*+ NoNestLoop(ci t) */ select count(*)\nfrom cast_info AS ci\ninner join title AS t\non t.id = ci.movie_id AND ci.person_id < 3017669;",
  "predicted_latency": 1154.3309688568115,
  "actual_latency": 8640.135,
  "q_error": 7.484972016783656,
  "inference_time": 0.025992393493652344
}