{
  "query": "/*+ NoNestLoop(ci t) */ select count(*)\nfrom cast_info AS ci\ninner join title AS t\non t.id = ci.movie_id AND ci.person_id > 517317;",
  "predicted_latency": 1135.6279850006104,
  "actual_latency": 9397.289,
  "q_error": 8.274971314655433,
  "inference_time": 0.012607812881469727
}