{
  "predicted_latency": 651.632568359375,
  "inference_time": 0.03359651565551758
}