{
  "query": "/*+  */ select count(*)\nfrom title AS t\ninner join cast_info AS ci\non t.id = ci.movie_id AND ci.person_id < 1619721 AND ci.role_id > 1;",
  "predicted_latency": 939.2363429069519,
  "actual_latency": 3616.873,
  "q_error": 3.8508656818003004,
  "inference_time": 0.021804332733154297
}