{
  "predicted_latency": 0.010861067101359367,
  "actual_latency": 63.63453500000001,
  "q_error": 5858.9580078125,
  "inference_time": 0.12600970268249512,
  "timestamp": 1744805890.675365
}