{
  "query": "/*+  */ select count(*)\nfrom title AS t\ninner join cast_info AS ci\non t.id = ci.movie_id AND t.production_year < 2002 AND ci.person_id > 1036453;",
  "predicted_latency": 1521.4699506759644,
  "actual_latency": 5474.791,
  "q_error": 3.5983563116495594,
  "inference_time": 0.026394128799438477
}