{
  "embedding": [
    0.5168348598112759,
    0.9910641765437462,
    2.692917486308296,
    0.08820418144585669,
    0.08820418144585669,
    2.952164495327605,
    1.8509140153463794,
    2.3200613148207103,
    0.5338486082128422,
    3.255986424988439,
    4.254561178125833,
    1.4785244269784708,
    0.32010324583441363,
    0.3139959758933184,
    0.1857119177093407,
    1.6551218978268238,
    0.2789414202791988,
    1.800422382295827,
    0.4986547873281085,
    0.12875942010052627,
    1.2728699266097112,
    1.8497870673952732,
    1.3889628834257124,
    0.08820418144585669,
    1.329112752468123,
    2.6053502109788873,
    2.9990485501920303,
    5.329048094077549,
    2.794127398628303,
    1.2795147795813955,
    2.838492220752858,
    0.14787888011246256,
    0.9965980556576846,
    3.944426825867696,
    2.0092462792275234,
    0.23600784454478002,
    1.3077823748269077,
    0.7273813094088147,
    0.7176603799448402,
    3.5735665560236836,
    0.08820418144585669,
    5.258661612276609,
    1.814045593247913,
    0.7268215933973549,
    2.5286872018295705,
    3.94637926070214,
    1.256147569073078,
    2.091926636311717,
    4.36583207218133,
    0.6249110308289247,
    0.21581616257323177,
    2.379411504808873,
    1.2594296824765336,
    2.5474875298522988,
    0.5356917271122014,
    0.7265196319189383,
    3.0247012185363236,
    3.4168761292986733,
    0.9138295095361709,
    2.702310492931271,
    0.2420823342693753,
    1.6201681984747798,
    1.4890236333468847,
    4.55903125014446
  ],
  "timestamp": 1754306695.0495381
}