{
  "embedding": [
    0.3396286421720688,
    0.9479987343038238,
    2.5409185211156533,
    0.08097255109432902,
    0.08097255109432902,
    2.834322726606048,
    1.7034780364639672,
    2.0961496684688075,
    0.539463999112738,
    3.118884124588771,
    4.039625613065908,
    1.3708914583656162,
    0.27211096154824743,
    0.36231768872551184,
    0.18320466224417317,
    1.6078425613440404,
    0.2654809600330163,
    1.7754528825371905,
    0.4624570335911007,
    0.10725958985305871,
    1.0948233380244314,
    1.7851803300046494,
    1.1853477366308511,
    0.44076010730232484,
    1.1069159945890283,
    2.3801960883801767,
    2.811360822479622,
    5.023430271195011,
    2.5967653013459198,
    1.2067065807806423,
    2.6334795862060156,
    0.13468213142759886,
    0.9740862582740102,
    3.7116913527271373,
    1.9811817695593514,
    0.14377014315182107,
    1.1990376136557002,
    0.6017606623086303,
    0.6499273083971577,
    3.355885568684316,
    0.08097255109432902,
    4.861901803605066,
    1.770426163560778,
    0.5381118919717233,
    2.38436377016439,
    3.7328202741797343,
    1.136191823057583,
    1.963264559555303,
    4.15349279424119,
    0.6753158694172181,
    0.10610221018538205,
    2.303102159299636,
    1.1508787438491834,
    2.2489247384637263,
    0.48083350343514075,
    0.6600477807586913,
    2.9372955985344915,
    3.096517261670129,
    0.818167621108601,
    2.397530885965066,
    0.145990876376608,
    1.4422243457104766,
    1.3625133506917213,
    4.255950526307446
  ],
  "timestamp": 1754306564.8057017
}