{
  "predicted_latency": 768.8751220703125,
  "inference_time": 0.020307540893554688
}