{
  "predicted_latency": 413.2271409034729,
  "actual_latency": 2730.943,
  "q_error": 6.608818080122018,
  "inference_time": 0.034310340881347656
}