{
  "predicted_latency": 843.3349132537842,
  "actual_latency": 354.846,
  "q_error": 2.3766222903845167,
  "inference_time": 0.03522753715515137
}