{
  "predicted_latency": 1203.3660411834717,
  "actual_latency": 708.539,
  "q_error": 1.6983765765659642,
  "inference_time": 0.01971912384033203
}