{
  "predicted_latency": 0.02913774363696575,
  "actual_latency": 8.61524,
  "q_error": 295.6728515625,
  "inference_time": 6.013308763504028,
  "timestamp": 1745754138.7459192
}