{
  "predicted_latency": 313.6068880558014,
  "actual_latency": 42.535,
  "q_error": 7.37291378995654,
  "inference_time": 0.07514572143554688
}