{
  "query": "/*+  */ select count(*)\nfrom movie_info AS mi\ninner join title AS t\non t.id = mi.movie_id AND t.production_year < 1960;",
  "predicted_latency": 1212.9606008529663,
  "actual_latency": 2064.326,
  "q_error": 1.7018903982110754,
  "inference_time": 0.011913061141967773
}