{
    "embedding": [
        0.5291315913200378,
        0.5291315913200378,
        0.5578032732009888,
        0.6051498651504517,
        0.6030899882316589,
        1.2985880374908447,
        0.5291315913200378,
        0.5291315913200378,
        1.742579698562622,
        0.5291315913200378,
        0.5291315913200378,
        0.5291315913200378,
        0.5291315913200378,
        1.7076443433761597,
        3.264843702316284,
        2.3658127784729004,
        0.5291315913200378,
        1.1225837469100952,
        0.5291315913200378,
        2.3319039344787598,
        0.5291315913200378,
        3.009678840637207,
        2.8370437622070312,
        0.5291315913200378,
        1.0639801025390625,
        2.6866302490234375,
        0.5291315913200378,
        0.5291315913200378,
        0.5291315913200378,
        0.5291315913200378,
        1.1805839538574219,
        2.199082374572754,
        0.5291315913200378,
        0.5291315913200378,
        2.2132372856140137,
        2.5110814571380615,
        0.5291315913200378,
        2.5571587085723877,
        2.627715826034546,
        0.5291315913200378,
        0.5291315913200378,
        0.5291315913200378,
        0.6273370385169983,
        0.5291315913200378,
        1.5061204433441162,
        0.5291315913200378,
        0.5291315913200378,
        0.8200308680534363,
        0.5291315913200378,
        3.6645071506500244,
        3.188535213470459,
        1.756845235824585,
        0.5291315913200378,
        0.5291315913200378,
        3.0866923332214355,
        0.5291315913200378,
        0.5291315913200378,
        0.5291315913200378,
        0.5291315913200378,
        0.6499193906784058,
        0.5291315913200378,
        1.9970921277999878,
        0.5291315913200378,
        3.8722116947174072
    ],
    "timestamp": 1754258451.8348808
}