{
    "embedding": [
        0.5291316509246826,
        0.5291316509246826,
        0.5578033328056335,
        0.6051499843597412,
        0.6030900478363037,
        1.298588514328003,
        0.5291316509246826,
        0.5291316509246826,
        1.742579460144043,
        0.5291316509246826,
        0.5291316509246826,
        0.5291316509246826,
        0.5291316509246826,
        1.7076443433761597,
        3.264843463897705,
        2.3658132553100586,
        0.5291316509246826,
        1.1225835084915161,
        0.5291316509246826,
        2.331904172897339,
        0.5291316509246826,
        3.009679079055786,
        2.837043285369873,
        0.5291316509246826,
        1.063980221748352,
        2.6866307258605957,
        0.5291316509246826,
        0.5291316509246826,
        0.5291316509246826,
        0.5291316509246826,
        1.1805837154388428,
        2.199082374572754,
        0.5291316509246826,
        0.5291316509246826,
        2.2132370471954346,
        2.511082172393799,
        0.5291316509246826,
        2.557158946990967,
        2.627716541290283,
        0.5291316509246826,
        0.5291316509246826,
        0.5291316509246826,
        0.6273371577262878,
        0.5291316509246826,
        1.5061200857162476,
        0.5291316509246826,
        0.5291316509246826,
        0.8200309872627258,
        0.5291316509246826,
        3.664506435394287,
        3.188535451889038,
        1.756844401359558,
        0.5291316509246826,
        0.5291316509246826,
        3.0866920948028564,
        0.5291316509246826,
        0.5291316509246826,
        0.5291316509246826,
        0.5291316509246826,
        0.6499194502830505,
        0.5291316509246826,
        1.9970920085906982,
        0.5291316509246826,
        3.872210741043091
    ],
    "timestamp": 1754258460.5524683
}