{
  "predicted_latency": 0.02913774736225605,
  "actual_latency": 3.875116,
  "q_error": 132.9929962158203,
  "inference_time": 0.9538834095001221,
  "timestamp": 1745479436.4374685
}