{
  "query": "/*+  */ select count(*)\nfrom title AS t\ninner join cast_info AS ci\non t.id = ci.movie_id AND ci.person_id < 2961888 AND ci.role_id = 10;",
  "predicted_latency": 1074.0859508514404,
  "actual_latency": 1203.117,
  "q_error": 1.1201310277322547,
  "inference_time": 0.028690814971923828
}