{
  "query": "/*+  */ select count(*)\nfrom title AS t\ninner join cast_info AS ci\non t.id = ci.movie_id AND t.production_year < 1996 AND ci.person_id < 561784 AND ci.role_id > 2;",
  "predicted_latency": 1450.0361680984497,
  "actual_latency": 1096.153,
  "q_error": 1.3228410341425418,
  "inference_time": 0.014847993850708008
}