{
  "query": "/*+  */ select count(*)\nfrom title AS t\ninner join cast_info AS ci\non t.id = ci.movie_id AND t.kind_id > 1 AND ci.person_id > 1245698 AND ci.role_id = 1;",
  "predicted_latency": 1157.2316884994507,
  "actual_latency": 2121.169,
  "q_error": 1.8329682993303262,
  "inference_time": 0.018882274627685547
}