{
  "predicted_latency": 0.02913774736225605,
  "actual_latency": 0.258832,
  "q_error": 8.883048057556152,
  "inference_time": 0.07841610908508301,
  "timestamp": 1745760572.8589597
}