{
  "predicted_latency": 0.02913774736225605,
  "actual_latency": 0.396188,
  "q_error": 13.59706974029541,
  "inference_time": 3.1886839866638184,
  "timestamp": 1745481437.4411838
}