{
  "embedding": [
    2.4952886270913774,
    3.0624811052660514,
    2.3885002128038004,
    0.03761260186310231,
    1.2448946201150433,
    4.503689839956921,
    2.614877174773105,
    1.7905084497134078,
    0.9948912512465997,
    2.6878267085321967,
    1.571898219176945,
    3.536856253029221,
    3.5239061728821595,
    1.2148608915473345,
    0.09292660261418317,
    3.032203141795885,
    0.8878999701227174,
    2.497933174058053,
    0.5050490862650613,
    0.9000572448925415,
    1.5206127380043808,
    2.9508345618373033,
    2.774906939561478,
    0.09252633810287282,
    3.4674015031320313,
    1.1864612556780223,
    4.548802718782806,
    6.611751009433455,
    1.463359687747353,
    5.029006603784326,
    3.849331413048757,
    0.7022686325522245,
    0.5500223867484054,
    2.2720295298464603,
    1.4320847902137133,
    0.03761260186310231,
    2.4542970154527772,
    0.308089751989925,
    1.4574938578348449,
    3.297141347805506,
    2.116834999091287,
    2.2054884179071044,
    2.940026180352507,
    0.7427616144196354,
    3.394415330993508,
    2.2035235703162916,
    1.5878701193573197,
    2.757906164849224,
    3.0776004215759674,
    1.824633402040813,
    1.2719755593544888,
    2.1507471898458332,
    2.2157409595050885,
    2.1795948716259104,
    1.138132760762493,
    2.081184130506851,
    3.324946948490447,
    2.7795209673063552,
    1.4203276181475057,
    2.70526335238949,
    0.03761260186310231,
    1.718931145647059,
    0.03761260186310231,
    1.9214758332696595
  ],
  "timestamp": 1754305369.713216
}