{
  "embedding": [
    0.5380825688796271,
    1.5562432709888983,
    2.95928929553695,
    0.07626767096233868,
    0.7432705236142414,
    1.6621185630345214,
    1.8416335282196723,
    0.993970619317163,
    0.8215059943742004,
    1.2428731224900262,
    3.315983304740898,
    4.0864823565080135,
    2.1846006461700527,
    3.0615329517896104,
    0.12606175337791733,
    4.0301866450202395,
    1.034849204508606,
    3.421976467399671,
    1.7899167449148399,
    3.2245368011497604,
    4.663744279669568,
    2.4156809551240372,
    1.6223602551431133,
    0.07626767096233868,
    0.8263533049177136,
    1.6990214336932037,
    1.112354881942344,
    1.7702491237210893,
    2.3591774650837634,
    1.460306924523841,
    1.949974360056603,
    1.7715950476607436,
    0.2688396020826178,
    0.8255495739701708,
    4.322238537487492,
    0.3113265483601614,
    1.2907643038765462,
    0.2983947013578981,
    1.5806693767019837,
    2.9106761026442083,
    1.4315443924087001,
    2.697067355362566,
    2.0248922673221474,
    0.4250174844308745,
    1.6565418271096148,
    1.7678862806650364,
    1.0544091059571503,
    3.3504935596675507,
    4.731318687840931,
    2.36086405643608,
    1.0907552658267143,
    3.070746716468131,
    2.474928702617572,
    1.56611041282911,
    0.8235938014484866,
    2.0535129498552633,
    3.684300516247064,
    1.4709551948611364,
    2.8229782480819696,
    1.7182385853299358,
    0.07626767096233868,
    2.390583615433473,
    2.4856712457367895,
    3.3950823005535304
  ],
  "timestamp": 1754305374.1324177
}