{
  "predicted_latency": 1361.7998046875,
  "inference_time": 0.0213623046875
}