{
  "query": "/*+  */ select count(*)\nfrom title AS t\ninner join movie_info AS mi\non t.id = mi.movie_id AND t.production_year < 1971;",
  "predicted_latency": 1235.2781295776367,
  "actual_latency": 2035.773,
  "q_error": 1.6480280442559656,
  "inference_time": 0.02651381492614746
}