{
  "predicted_latency": 0.02913774736225605,
  "actual_latency": 3.8511770000000003,
  "q_error": 132.17140197753906,
  "inference_time": 0.8141860961914062,
  "timestamp": 1745759818.0237572
}