{
  "predicted_latency": 0.02913774736225605,
  "actual_latency": 2.047571,
  "q_error": 70.27210998535156,
  "inference_time": 0.1902463436126709,
  "timestamp": 1745453533.064878
}