{
  "pg_runtime": 8488.288,
  "opt_runtime": 7394.765,
  "pg_slowdown": 1.147877992066009,
  "pg_opt_diff": 1093.5230000000001,
  "original_num_of_plans": 141,
  "pg_plan_card_error": 26153.0,
  "opt_plan_card_error": 1.0,
  "num_tables": 9,
  "opt_hint": "/*+ Rows(mi mk #2615151) Rows(ci mi_idx #1000868) Rows(mi_idx mk #10424626) Rows(ci n #558518) Rows(k mk #76714) Rows(mi mi_idx #315079) Rows(ci t #1244716) Rows(mi t #188971) Rows(mi_idx t #1380035) Rows(it2 mi_idx #459925) Rows(ci mi #95066) Rows(mk t #4523930) Rows(it1 mi #186594) Rows(ci mk #2619220) Rows(it2 mi mi_idx #104892) Rows(ci mk t #2619220) Rows(ci k mk #43178) Rows(it1 mi mi_idx #307785) Rows(mi mi_idx mk #7405374) Rows(mi_idx mk t #10424626) Rows(it2 mi_idx mk #3461792) Rows(ci mi mi_idx #168225) Rows(it1 mi mk #2394761) Rows(k mk t #76714) Rows(ci mi_idx mk #6806711) Rows(ci mi_idx n #501122) Rows(ci n t #558518) Rows(ci mi mk #1754421) Rows(ci mi n #46591) Rows(k mi_idx mk #191689) Rows(mi mi_idx t #315079) Rows(it2 mi_idx t #459925) Rows(it1 mi t #186594) Rows(k mi mk #72386) Rows(ci mk n #1436455) Rows(ci it2 mi_idx #333558) Rows(ci mi_idx t #1000868) Rows(ci mi t #95066) Rows(ci it1 mi #93240) Rows(mi mk t #2615151) Rows(ci it2 mi mi_idx #55981) Rows(ci it1 mi mk #1576977) Rows(ci mi n t #46591) Rows(ci it1 mi n #45265) Rows(it2 mi_idx mk t #3461792) Rows(k mi_idx mk t #191689) Rows(k mi mk t #72386) Rows(it1 it2 mi mi_idx #102516) Rows(it2 mi mi_idx mk #2445176) Rows(ci mk n t #1436455) Rows(it1 mi mi_idx t #307785) Rows(ci mi mi_idx t #168225) Rows(ci mi mk n #1106684) Rows(ci k mi mk #48817) Rows(ci mi_idx mk t #6806711) Rows(ci k mi_idx mk #117383) Rows(ci it2 mi_idx mk #2258844) Rows(ci it2 mi_idx n #166987) Rows(it2 k mi_idx mk #63701) Rows(k mi mi_idx mk #204379) Rows(it1 k mi mk #68040) Rows(ci it1 mi t #93240) Rows(it2 mi mi_idx t #104892) Rows(ci mi mk t #1754421) Rows(ci k mk n #24462) Rows(ci it2 mi_idx t #333558) Rows(it1 mi mk t #2394761) Rows(ci mi_idx n t #501122) Rows(ci it1 mi mi_idx #162621) Rows(mi mi_idx mk t #7405374) Rows(it1 mi mi_idx mk #6716284) Rows(ci k mk t #43178) Rows(ci mi mi_idx mk #5130269) Rows(ci mi mi_idx n #88457) Rows(ci mi_idx mk n #3884477) Rows(k mi mi_idx mk t #204379) Rows(ci it1 mi mk t #1576977) Rows(ci mi mi_idx mk n #3285356) Rows(ci k mi mk t #48817) Rows(ci mi mk n t #1106684) Rows(it1 k mi mi_idx mk #190874) Rows(ci it2 mi_idx mk n #1286350) Rows(ci k mk n t #24462) Rows(ci k mi_idx mk n #68362) Rows(it1 it2 mi mi_idx mk #2224786) Rows(ci it1 mi mi_idx mk #4575845) Rows(ci it1 mi mi_idx n #84358) Rows(ci mi mi_idx mk t #5130269) Rows(it2 k mi_idx mk t #63701) Rows(ci it1 mi n t #45265) Rows(ci mi_idx mk n t #3884477) Rows(ci it2 mi_idx mk t #2258844) Rows(ci k mi mi_idx mk #140982) Rows(ci it2 k mi_idx mk #38991) Rows(ci k mi_idx mk t #117383) Rows(ci it1 it2 mi mi_idx #54155) Rows(ci it2 mi mi_idx mk #1692521) Rows(ci it2 mi mi_idx n #29399) Rows(it1 mi mi_idx mk t #6716284) Rows(it2 mi mi_idx mk t #2445176) Rows(it1 it2 mi mi_idx t #102516) Rows(ci it1 mi mk n #968838) Rows(ci it1 mi mi_idx t #162621) Rows(ci it1 k mi mk #45023) Rows(ci mi mi_idx n t #88457) Rows(it1 k mi mk t #68040) Rows(ci k mi mk n #30117) Rows(ci it2 mi_idx n t #166987) Rows(it2 k mi mi_idx mk #67732) Rows(ci it2 mi mi_idx t #55981) Rows(ci k mi mi_idx mk n #87858) Rows(it1 k mi mi_idx mk t #190874) Rows(ci it2 mi mi_idx mk t #1692521) Rows(ci it1 k mi mk n #27255) Rows(ci k mi mk n t #30117) Rows(ci it1 mi mi_idx mk n #2850661) Rows(ci it2 k mi_idx mk n #22670) Rows(ci k mi mi_idx mk t #140982) Rows(ci it1 mi mk n t #968838) Rows(it1 it2 k mi mi_idx mk #63386) Rows(ci it1 k mi mk t #45023) Rows(ci mi mi_idx mk n t #3285356) Rows(ci it1 it2 mi mi_idx mk #1515077) Rows(ci it2 mi mi_idx n t #29399) Rows(ci it1 it2 mi mi_idx n #28073) Rows(ci k mi_idx mk n t #68362) Rows(ci it1 mi mi_idx mk t #4575845) Rows(ci it2 k mi_idx mk t #38991) Rows(ci it2 mi_idx mk n t #1286350) Rows(ci it2 k mi mi_idx mk #46694) Rows(it2 k mi mi_idx mk t #67732) Rows(it1 it2 mi mi_idx mk t #2224786) Rows(ci it2 mi mi_idx mk n #1078899) Rows(ci it1 it2 mi mi_idx t #54155) Rows(ci it1 k mi mi_idx mk #129195) Rows(ci it1 mi mi_idx n t #84358) Rows(ci it1 k mi mk n t #27255) Rows(ci it1 k mi mi_idx mk t #129195) Rows(it1 it2 k mi mi_idx mk t #63386) Rows(ci it2 mi mi_idx mk n t #1078899) Rows(ci it2 k mi mi_idx mk n #29015) Rows(ci it1 it2 mi mi_idx mk t #1515077) Rows(ci it2 k mi mi_idx mk t #46694) Rows(ci it2 k mi_idx mk n t #22670) Rows(ci it1 mi mi_idx mk n t #2850661) Rows(ci it1 it2 mi mi_idx n t #28073) Rows(ci k mi mi_idx mk n t #87858) Rows(ci it1 k mi mi_idx mk n #78897) Rows(ci it1 it2 mi mi_idx mk n #941053) Rows(ci it1 it2 k mi mi_idx mk #42900) Rows(ci it1 k mi mi_idx mk n t #78897) Rows(ci it1 it2 k mi mi_idx mk t #42900) Rows(ci it1 it2 mi mi_idx mk n t #941053) Rows(ci it2 k mi mi_idx mk n t #29015) Rows(ci it1 it2 k mi mi_idx mk n #26153) Rows(ci it1 it2 k mi mi_idx mk n t #26153) */"
}