{
  "query": "/*+ NoNestLoop(t ci) */ select count(*)\nfrom title AS t\ninner join cast_info AS ci\non t.id = ci.movie_id AND ci.person_id > 3416911;",
  "predicted_latency": 603.9432287216187,
  "actual_latency": 2001.099,
  "q_error": 3.3133892472571884,
  "inference_time": 0.016756057739257812
}