{
  "query": "/*+  */ select count(*)\nfrom title AS t\ninner join cast_info AS ci\non t.id = ci.movie_id AND t.kind_id > 1 AND ci.person_id < 2442911;",
  "predicted_latency": 1210.7746601104736,
  "actual_latency": 6469.425,
  "q_error": 5.343211427475461,
  "inference_time": 0.026747703552246094
}