{
  "predicted_latency": 0.02913774363696575,
  "actual_latency": 4.986357,
  "q_error": 171.13052368164062,
  "inference_time": 0.23545265197753906,
  "timestamp": 1745771140.0036974
}