{
  "predicted_latency": 902.4459228515625,
  "inference_time": 0.005573749542236328
}