{
  "query": "/*+  */ select count(*)\nfrom title AS t\ninner join cast_info AS ci\non t.id = ci.movie_id AND ci.person_id > 2602008 AND ci.role_id < 4;",
  "predicted_latency": 934.6073269844055,
  "actual_latency": 3169.42,
  "q_error": 3.3911782076718984,
  "inference_time": 0.011899948120117188
}