{
  "query": "/*+  */ select count(*)\nfrom cast_info AS ci\ninner join title AS t\non t.id = ci.movie_id AND ci.person_id < 690031 AND ci.role_id > 4 AND t.production_year < 1965;",
  "predicted_latency": 1318.2127475738525,
  "actual_latency": 1053.321,
  "q_error": 1.2514824517633776,
  "inference_time": 0.012725353240966797
}