{
  "predicted_latency": 156.99133276939392,
  "actual_latency": 691.058,
  "q_error": 4.40188631951486,
  "inference_time": 0.13270211219787598
}