{
  "predicted_latency": 121.9780044555664,
  "inference_time": 0.010776758193969727
}