{
  "predicted_latency": 604.6480712890625,
  "inference_time": 0.03997182846069336
}