{
  "predicted_latency": 921.0472702980042,
  "actual_latency": 2293.499,
  "q_error": 2.490099122988487,
  "inference_time": 0.10457777976989746
}