{
  "query": "/*+  */ select count(*)\nfrom title AS t\ninner join cast_info AS ci\non t.id = ci.movie_id AND ci.person_id < 2936014;",
  "predicted_latency": 1164.740800857544,
  "actual_latency": 10102.156,
  "q_error": 8.673308252413118,
  "inference_time": 0.014198780059814453
}