{
  "query": "/*+ NoNestLoop(ci t) */ select count(*)\nfrom cast_info AS ci\ninner join title AS t\non t.id = ci.movie_id AND ci.person_id < 3525481;",
  "predicted_latency": 1134.0311765670776,
  "actual_latency": 9829.624,
  "q_error": 8.667860463727365,
  "inference_time": 0.01830458641052246
}