{
  "predicted_latency": 444.3874657154083,
  "actual_latency": 608.075,
  "q_error": 1.3683441746519003,
  "inference_time": 0.10105705261230469
}