{
  "query": "/*+  */ select count(*)\nfrom title AS t\ninner join movie_keyword AS mk\non t.id = mk.movie_id AND mk.keyword_id > 184;",
  "predicted_latency": 1239.1209602355957,
  "actual_latency": 1139.047,
  "q_error": 1.0878576215341382,
  "inference_time": 0.026735305786132812
}