{
  "predicted_latency": 838.0935668945312,
  "inference_time": 0.01605081558227539
}