{
  "predicted_latency": 486.9182434082031,
  "inference_time": 0.029414892196655273
}