{
  "predicted_latency": 545.513916015625,
  "inference_time": 0.014825105667114258
}