{
  "query": "/*+  */ select count(*)\nfrom title AS t\ninner join movie_info AS mi\non t.id = mi.movie_id AND t.production_year < 1973;",
  "predicted_latency": 1222.6216793060303,
  "actual_latency": 2075.732,
  "q_error": 1.697771301731049,
  "inference_time": 0.029517650604248047
}