{
  "predicted_latency": 262.49656081199646,
  "actual_latency": 409.292,
  "q_error": 1.5592280475367462,
  "inference_time": 0.10469818115234375
}