{
  "query": "/*+  */ select count(*)\nfrom title AS t\ninner join cast_info AS ci\non t.id = ci.movie_id AND t.kind_id < 7 AND ci.person_id > 944496;",
  "predicted_latency": 1423.125982284546,
  "actual_latency": 6406.163,
  "q_error": 4.501472870108223,
  "inference_time": 0.014730691909790039
}