{
  "predicted_latency": 626.5266723632812,
  "inference_time": 0.020819664001464844
}