{
  "predicted_latency": 380.2485046386719,
  "inference_time": 0.011777162551879883
}