{
  "query": "/*+  */ select count(*)\nfrom movie_keyword AS mk\ninner join title AS t\non t.id = mk.movie_id AND mk.keyword_id < 87384;",
  "predicted_latency": 1284.4806909561157,
  "actual_latency": 1156.385,
  "q_error": 1.1107725290073078,
  "inference_time": 0.013862133026123047
}