{
  "predicted_latency": 634.58056640625,
  "inference_time": 0.006209850311279297
}