{
  "embedding": [
    1.0750088211397855,
    1.8907964061143505,
    3.0571761496010614,
    0.0666618951654363,
    0.0666618951654363,
    2.250286649795309,
    1.0942815499157492,
    1.3882024645094284,
    0.5924629617727135,
    1.165017219862517,
    2.80098317064286,
    3.1030223017524734,
    0.0666618951654363,
    1.6997595974120359,
    0.16866487082786522,
    2.2629387368010168,
    0.19798907858980155,
    2.350671961329254,
    0.5111007903411149,
    0.2379838065825186,
    0.8989061184556048,
    2.869970089167934,
    1.920994187219829,
    0.41692503844218026,
    0.2573423482110063,
    1.4446670604660585,
    2.9007297586078398,
    3.291465038069427,
    4.554394942699119,
    2.2655631797221987,
    2.2384025588763024,
    0.9110421783870717,
    0.5312921522186299,
    2.8520475899061286,
    2.8328488111809413,
    0.0666618951654363,
    0.636566356543362,
    0.2815658410109161,
    1.0845990641786358,
    3.334414523289095,
    0.0666618951654363,
    4.383553868543063,
    1.8052538540604777,
    0.239301904025577,
    2.7505023864613376,
    3.4484270148912337,
    1.640150317655555,
    1.803773131344122,
    3.4589896682701253,
    1.4158171838981983,
    0.36646235156845086,
    2.824346042729559,
    2.989381691877831,
    3.2571829509712624,
    1.1264068866664314,
    0.7756568116558687,
    3.210779096069782,
    3.2483723258018373,
    1.2604199661997486,
    3.972439776340341,
    0.0666618951654363,
    1.5365509060816591,
    1.5335118505069938,
    5.149598744149355
  ],
  "timestamp": 1754305764.0131996
}