{
  "embedding": [
    1.2968527936121697,
    2.0177330227966204,
    3.207839719397864,
    0.0806542506433121,
    0.0806542506433121,
    2.4017524247871247,
    1.1535820464715478,
    1.5754409735422243,
    0.5971628970962596,
    1.1530678572661825,
    2.9684940407413194,
    3.303369533308296,
    0.0806542506433121,
    1.7606136502146035,
    0.1774828943964793,
    2.322665256217899,
    0.21775945283283313,
    2.3734313118948047,
    0.5516398110306701,
    0.27852164366077864,
    0.9943315549257692,
    3.033668327110976,
    2.126612028818573,
    0.0806542506433121,
    0.305928297562934,
    1.5402252838833566,
    3.0027181032524943,
    3.4979345177808194,
    4.83910689910757,
    2.4576959762976225,
    2.4608777866139055,
    0.9505624854166554,
    0.537195215659264,
    3.0347677173443977,
    2.866458612102968,
    0.2136870572526159,
    0.6870159515382657,
    0.3239985033025854,
    1.1501415961955732,
    3.539837197019482,
    0.0806542506433121,
    4.722723402514144,
    1.8429615835318083,
    0.24999795005091133,
    2.907294443048219,
    3.650314835757759,
    1.8085375056031405,
    2.005191499529891,
    3.6297706468158606,
    1.4831445791153852,
    0.38427663546641916,
    2.922371721345805,
    3.2164665457297605,
    3.611887426856374,
    1.2028011736404487,
    0.8968493481907874,
    3.309367477687741,
    3.4739744214616586,
    1.3652813729629323,
    4.368063165524535,
    0.1478130931813022,
    1.6839358674586393,
    1.669566674144142,
    5.482065291979586
  ],
  "timestamp": 1754305781.2405267
}