{
  "predicted_latency": 639.661431312561,
  "actual_latency": 673.015,
  "q_error": 1.0521425351830245,
  "inference_time": 0.05157876014709473
}