{
  "predicted_latency": 0.0291377454996109,
  "actual_latency": 4.116049,
  "q_error": 141.26174926757812,
  "inference_time": 1.244736671447754,
  "timestamp": 1745479912.0161102
}