{
  "predicted_latency": 0.02913774736225605,
  "actual_latency": 3.710603,
  "q_error": 127.34693908691406,
  "inference_time": 1.554988145828247,
  "timestamp": 1745771585.3601618
}