{
  "query": "/*+  */ select count(*)\nfrom movie_keyword AS mk\ninner join title AS t\non t.id = mk.movie_id AND mk.keyword_id < 60312;",
  "predicted_latency": 1230.6597232818604,
  "actual_latency": 1427.279,
  "q_error": 1.159767377609308,
  "inference_time": 0.01463460922241211
}