{
  "predicted_latency": 0.02913774736225605,
  "actual_latency": 7.0456199999999995,
  "q_error": 241.80386352539062,
  "inference_time": 1.7450716495513916,
  "timestamp": 1745754352.6851854
}