{
  "query": "/*+  */ select count(*)\nfrom title AS t\ninner join cast_info AS ci\non t.id = ci.movie_id AND ci.person_id < 1561671 AND ci.role_id > 1;",
  "predicted_latency": 937.9690885543823,
  "actual_latency": 3320.583,
  "q_error": 3.5401838296374484,
  "inference_time": 0.012271881103515625
}