{
  "predicted_latency": 1148.4781494140625,
  "inference_time": 0.04030609130859375
}