{
  "query": "/*+  */ select count(*)\nfrom title AS t\ninner join cast_info AS ci\non t.id = ci.movie_id AND ci.person_id > 2835658 AND ci.role_id > 1;",
  "predicted_latency": 918.5488224029541,
  "actual_latency": 3682.483,
  "q_error": 4.009022612828029,
  "inference_time": 0.027245521545410156
}