{
  "predicted_latency": 0.02913774363696575,
  "actual_latency": 38.587951999999994,
  "q_error": 1324.3287353515625,
  "inference_time": 0.6386079788208008,
  "timestamp": 1745771239.3003886
}