{
  "query": "/*+  */ select count(*)\nfrom title AS t\ninner join cast_info AS ci\non t.id = ci.movie_id AND ci.person_id > 2321032 AND ci.role_id > 1;",
  "predicted_latency": 932.2945475578308,
  "actual_latency": 5359.079,
  "q_error": 5.748268091922497,
  "inference_time": 0.1746230125427246
}