{
  "predicted_latency": 730.3593754768372,
  "actual_latency": 95.559,
  "q_error": 7.643020285654278,
  "inference_time": 0.09448504447937012
}