{
  "query": "/*+  */ select count(*)\nfrom movie_companies AS mc\ninner join title AS t\non t.id = mc.movie_id AND mc.company_id < 121506;",
  "predicted_latency": 1221.0456132888794,
  "actual_latency": 1085.029,
  "q_error": 1.1253575833354494,
  "inference_time": 0.019136428833007812
}