{
  "predicted_latency": 392.832763671875,
  "inference_time": 0.00706791877746582
}