{
  "pg_runtime": 579.573,
  "opt_runtime": 488.209,
  "pg_slowdown": 1.1871411629035924,
  "pg_opt_diff": 91.36399999999998,
  "original_num_of_plans": 165,
  "pg_plan_card_error": 2851.0,
  "opt_plan_card_error": 1.0,
  "num_tables": 11,
  "opt_hint": "/*+ Rows(mi mk #3898410) Rows(mi_idx mk #8823239) Rows(kt t #594504) Rows(mc t #29178) Rows(k mk #37091) Rows(ct mc #303271) Rows(mi mi_idx #620108) Rows(mi t #167540) Rows(mi_idx t #209698) Rows(mc mi #220217) Rows(it2 mi_idx #324117) Rows(mk t #684042) Rows(mc mk #9292367) Rows(mc mi_idx #525073) Rows(cn mc #248388) Rows(it1 mi #588764) Rows(it2 mi mi_idx #173221) Rows(kt mc t #19509) Rows(kt mi t #122395) Rows(kt mi_idx t #164502) Rows(ct mc mi_idx #525073) Rows(cn mc mk #8663531) Rows(it1 mi mi_idx #528970) Rows(mc mk t #631838) Rows(mi mi_idx mk #8403703) Rows(mi_idx mk t #1105436) Rows(it2 mi_idx mk #2376417) Rows(cn ct mc #248388) Rows(mc mi mi_idx #438229) Rows(cn mc mi #173145) Rows(it1 mi mk #2786897) Rows(ct mc mk #9292367) Rows(k mk t #5606) Rows(kt mk t #556508) Rows(it1 mc mi #159717) Rows(cn mc t #22677) Rows(mc mi mk #12779528) Rows(mc mi_idx mk #22532569) Rows(k mc mk #86022) Rows(ct mc mi #220217) Rows(mi mi_idx t #99794) Rows(k mi_idx mk #85012) Rows(it2 mi_idx t #55098) Rows(it1 mi t #154642) Rows(ct mc t #29178) Rows(k mi mk #32952) Rows(mc mi t #15648) Rows(mc mi_idx t #40101) Rows(it2 mc mi_idx #135012) Rows(cn mc mi_idx #457523) Rows(mi mk t #442187) Rows(cn mc mi mi_idx #378433) Rows(cn it2 mc mi_idx #115293) Rows(mc mi mk t #601262) Rows(it2 mi_idx mk t #275249) Rows(it2 mc mi mi_idx #102257) Rows(cn mc mi_idx mk #21129152) Rows(k mi_idx mk t #10174) Rows(k mi mk t #3787) Rows(ct it1 mc mi #159717) Rows(it1 it2 mi mi_idx #147247) Rows(it2 mi mi_idx mk #2099475) Rows(k mc mi mk #119379) Rows(k mc mi_idx mk #215078) Rows(cn it1 mc mi #114885) Rows(it1 kt mi t #113741) Rows(ct k mc mk #86022) Rows(kt mc mk t #588695) Rows(kt mi mk t #345817) Rows(ct mc mi_idx mk #22532569) Rows(it2 kt mi_idx t #40854) Rows(it1 mi mi_idx t #88921) Rows(cn kt mc t #16443) Rows(cn k mc mk #80023) Rows(mc mi mi_idx mk #30872561) Rows(cn mc mi mk #12074611) Rows(ct mc mi mk #12779528) Rows(it2 mc mi_idx mk #5206035) Rows(cn ct mc mi_idx #457523) Rows(it1 mc mi t #13288) Rows(it2 k mi_idx mk #24800) Rows(k mi mi_idx mk #78865) Rows(it1 k mi mk #23042) Rows(cn mc mi_idx t #34217) Rows(mc mi_idx mk t #1562704) Rows(kt mi_idx mk t #951997) Rows(it2 mi mi_idx t #27331) Rows(ct mc mi_idx t #40101) Rows(ct mc mi t #15648) Rows(k kt mk t #4832) Rows(cn ct mc mk #8663531) Rows(cn mc mi t #10825) Rows(mc mi mi_idx t #25611) Rows(it1 mi mk t #400865) Rows(it2 mc mi_idx t #10817) Rows(ct it2 mc mi_idx #135012) Rows(ct kt mc t #19509) Rows(cn ct mc mi #173145) Rows(it1 mc mi mi_idx #313272) Rows(mi mi_idx mk t #772655) Rows(ct mc mk t #631838) Rows(k mc mk t #5186) Rows(kt mc mi t #9739) Rows(it1 mi mi_idx mk #5812479) Rows(kt mc mi_idx t #30220) Rows(kt mi mi_idx t #70129) Rows(cn mc mk t #568745) Rows(cn ct mc t #22677) Rows(ct mc mi mi_idx #438229) Rows(it1 mc mi mk #7718607) Rows(kt mc mi_idx mk t #1486635) Rows(it1 kt mi mi_idx t #63030) Rows(it2 mc mi mi_idx t #6717) Rows(cn it1 mc mi mi_idx #258193) Rows(cn mc mi mk t #548807) Rows(kt mc mi mi_idx t #20357) Rows(it2 kt mc mi_idx t #7820) Rows(it2 k mi_idx mk t #2781) Rows(ct kt mc mi_idx t #30220) Rows(cn it1 mc mi mk #7153069) Rows(ct it2 mc mi_idx mk #5206035) Rows(cn ct it2 mc mi_idx #115293) Rows(kt mi mi_idx mk t #656428) Rows(it2 mi mi_idx mk t #195828) Rows(ct mc mi_idx mk t #1562704) Rows(it2 k mc mi_idx mk #52686) Rows(cn ct mc mk t #568745) Rows(it2 k mi mi_idx mk #21446) Rows(ct it2 mc mi_idx t #10817) Rows(it1 k mc mi mk #70725) Rows(cn ct mc mi mk #12074611) Rows(k mc mi mk t #5117) Rows(it1 k mi mi_idx mk #54457) Rows(k kt mi mk t #3204) Rows(it2 kt mi mi_idx t #17760) Rows(it1 kt mi mk t #310350) Rows(it1 it2 mi mi_idx mk #1591313) Rows(cn k mc mk t #4569) Rows(cn mc mi_idx mk t #1420130) Rows(ct k mc mk t #5186) Rows(cn ct mc mi t #10825) Rows(it1 it2 mi mi_idx t #23910) Rows(ct k mc mi mk #119379) Rows(it1 mc mi mi_idx mk #18945575) Rows(cn mc mi mi_idx mk #29290219) Rows(ct mc mi mi_idx mk #30872561) Rows(cn it2 mc mi mi_idx #85034) Rows(cn ct mc mi mi_idx #378433) Rows(it1 mc mi mi_idx t #22354) Rows(cn mc mi mi_idx t #20979) Rows(ct mc mi mi_idx t #25611) Rows(cn kt mc mk t #541688) Rows(ct it2 mc mi mi_idx #102257) Rows(k kt mi_idx mk t #8699) Rows(cn ct mc mi_idx t #34217) Rows(it1 mi mi_idx mk t #699321) Rows(cn k mc mi mk #112867) Rows(kt mc mi mk t #570769) Rows(ct k mc mi_idx mk #215078) Rows(ct kt mc mk t #588695) Rows(it1 k mi mk t #3486) Rows(it1 kt mc mi t #8518) Rows(it2 mc mi_idx mk t #401578) Rows(cn kt mc mi t #8054) Rows(mc mi mi_idx mk t #1515073) Rows(k mi mi_idx mk t #7354) Rows(cn ct it1 mc mi #114885) Rows(cn it2 mc mi_idx mk #4817242) Rows(cn ct k mc mk #80023) Rows(cn ct mc mi_idx mk #21129152) Rows(ct it1 mc mi mi_idx #313272) Rows(it1 mc mi mk t #552270) Rows(k kt mc mk t #4808) Rows(ct mc mi mk t #601262) Rows(ct kt mc mi t #9739) Rows(cn it2 mc mi_idx t #9035) Rows(k mc mi_idx mk t #13397) Rows(ct it1 mc mi mk #7718607) Rows(k mc mi mi_idx mk #294591) Rows(cn k mc mi_idx mk #199517) Rows(cn ct kt mc t #16443) Rows(cn it1 mc mi t #8542) Rows(it2 mc mi mi_idx mk #6073375) Rows(it2 kt mi_idx mk t #232125) Rows(ct it1 mc mi t #13288) Rows(it1 it2 mc mi mi_idx #78662) Rows(cn kt mc mi_idx t #26790) Rows(k kt mi mi_idx mk t #6192) Rows(cn kt mc mi mi_idx t #17715) Rows(it1 mc mi mi_idx mk t #1395768) Rows(cn ct kt mc mi_idx t #26790) Rows(kt mc mi mi_idx mk t #1461224) Rows(cn it2 mc mi mi_idx t #5299) Rows(cn ct mc mi_idx mk t #1420130) Rows(ct k mc mi mk t #5117) Rows(cn it2 kt mc mi_idx t #6816) Rows(cn k kt mc mk t #4302) Rows(cn it1 it2 mc mi mi_idx #62374) Rows(k kt mc mi mk t #4816) Rows(it2 k mi mi_idx mk t #1983) Rows(it2 kt mc mi mi_idx t #5071) Rows(cn it1 mc mi mi_idx t #17855) Rows(ct it1 mc mi mi_idx mk #18945575) Rows(cn ct k mc mk t #4569) Rows(ct it2 mc mi_idx mk t #401578) Rows(cn ct kt mc mk t #541688) Rows(it1 it2 mc mi mi_idx mk #4488092) Rows(ct it1 mc mi mi_idx t #22354) Rows(it1 kt mc mi mi_idx t #18188) Rows(cn ct k mc mi mk #112867) Rows(it2 kt mi mi_idx mk t #162329) Rows(cn ct mc mi mi_idx mk #29290219) Rows(cn it1 k mc mi mk #65436) Rows(cn kt mc mi mk t #532575) Rows(cn it1 mc mi mi_idx mk #17688623) Rows(it1 it2 mc mi mi_idx t #5720) Rows(it2 mc mi mi_idx mk t #394430) Rows(cn it2 k mc mi_idx mk #48114) Rows(cn ct mc mi mi_idx t #20979) Rows(cn mc mi mi_idx mk t #1396800) Rows(it1 k mc mi mk t #4717) Rows(ct kt mc mi mk t #570769) Rows(it1 k kt mi mk t #2937) Rows(it2 kt mc mi_idx mk t #380568) Rows(cn ct it2 mc mi mi_idx #85034) Rows(ct mc mi mi_idx mk t #1515073) Rows(it2 k mc mi_idx mk t #3634) Rows(cn k mc mi mi_idx mk #277914) Rows(cn k mc mi_idx mk t #11774) Rows(it2 k mc mi mi_idx mk #61391) Rows(it1 it2 k mi mi_idx mk #16083) Rows(cn ct k mc mi_idx mk #199517) Rows(it2 k kt mi_idx mk t #2378) Rows(ct it1 it2 mc mi mi_idx #78662) Rows(k kt mc mi_idx mk t #12481) Rows(ct it1 mc mi mk t #552270) Rows(ct k kt mc mk t #4808) Rows(ct k mc mi_idx mk t #13397) Rows(cn kt mc mi_idx mk t #1364376) Rows(cn it2 mc mi_idx mk t #359160) Rows(ct it2 k mc mi_idx mk #52686) Rows(ct k mc mi mi_idx mk #294591) Rows(cn ct it1 mc mi mi_idx #258193) Rows(ct it2 kt mc mi_idx t #7820) Rows(cn ct kt mc mi t #8054) Rows(ct it1 kt mc mi t #8518) Rows(it1 k mi mi_idx mk t #6710) Rows(cn it1 mc mi mk t #501128) Rows(cn ct it1 mc mi mk #7153069) Rows(cn it1 kt mc mi t #6879) Rows(ct kt mc mi_idx mk t #1486635) Rows(ct it1 k mc mi mk #70725) Rows(cn ct mc mi mk t #548807) Rows(it1 it2 kt mi mi_idx t #15594) Rows(it1 k mc mi mi_idx mk #177750) Rows(cn ct it2 mc mi_idx mk #4817242) Rows(it1 kt mi mi_idx mk t #591692) Rows(ct it2 mc mi mi_idx mk #6073375) Rows(cn ct it1 mc mi t #8542) Rows(ct kt mc mi mi_idx t #20357) Rows(k mc mi mi_idx mk t #13551) Rows(it1 kt mc mi mk t #523511) Rows(cn ct it2 mc mi_idx t 