{
  "predicted_latency": 0.02913774736225605,
  "actual_latency": 2.413568,
  "q_error": 82.8330307006836,
  "inference_time": 1.4403200149536133,
  "timestamp": 1745761093.0057123
}