{
  "predicted_latency": 172.7529913187027,
  "actual_latency": 4104.213,
  "q_error": 23.757695705704787,
  "inference_time": 0.22714757919311523
}