{
  "query": "/*+ NoNestLoop(ci t) */ select count(*)\nfrom cast_info AS ci\ninner join title AS t\non t.id = ci.movie_id AND ci.person_id > 333852;",
  "predicted_latency": 1130.2664279937744,
  "actual_latency": 9215.964,
  "q_error": 8.153797876097547,
  "inference_time": 0.026623249053955078
}