{
  "predicted_latency": 0.02913774363696575,
  "actual_latency": 6.522454,
  "q_error": 223.84896850585938,
  "inference_time": 0.08926653861999512,
  "timestamp": 1745493176.8760653
}