{
  "embedding": [
    0.4109006829748076,
    1.1753149835975356,
    3.9905900069089,
    0.5406132154208326,
    0.44900011255013805,
    2.309881031870758,
    2.404940343025204,
    0.8560644676037452,
    0.8359124007041467,
    1.984342046961627,
    3.25399862123682,
    1.3125205239468527,
    1.3459586898378195,
    2.651181669859064,
    0.24776493276555886,
    3.667641854906081,
    0.7663633609081122,
    2.4327013766308014,
    0.6018395527343003,
    1.3393120416514226,
    0.9099958519745657,
    1.2254079090255587,
    0.7738796714296361,
    0.9394803727160956,
    0.39389718322102585,
    1.8292717499358202,
    2.9253456423869033,
    3.158610311534774,
    4.164164420285755,
    1.144243640541163,
    1.9362926019347397,
    2.0040288547987526,
    1.206417805157888,
    2.858307905835904,
    3.317473915497324,
    0.1644257488075331,
    0.4776738597383145,
    0.5366362833025784,
    1.588853810257834,
    2.6496077023728395,
    1.7806286484062754,
    2.696567176730502,
    2.006366743452737,
    0.49760300739702806,
    1.4481489334726823,
    1.6637694248287622,
    1.29097876149811,
    2.1892027839344257,
    3.8304740790359624,
    1.1127397776519061,
    0.3135849390633366,
    4.072529230501328,
    1.9702806850593524,
    1.2761682236696246,
    1.533356612103686,
    0.7875336179864382,
    3.496179465894954,
    2.9218620200163685,
    1.2160168547746624,
    1.6652543674601676,
    0.14483676615707677,
    1.0577499017595433,
    0.6190934606492914,
    3.4548884491817864
  ],
  "timestamp": 1754305718.6535044
}