{
  "embedding": [
    0.5380218664714824,
    1.5152708731572893,
    3.269274876276218,
    0.1897092541847123,
    0.8326832841399299,
    4.9314209823841635,
    1.1198604490983228,
    1.782398969487743,
    0.8584910642674153,
    1.2165109399633285,
    2.929420423627154,
    1.2789030940727786,
    1.1284064080147238,
    1.9192040599313622,
    0.26552498860083545,
    2.6303669304752684,
    0.2702807969791078,
    2.504530238438217,
    1.362975893994347,
    2.284720268961621,
    3.4843906578281714,
    1.582388510605678,
    1.089390641068866,
    0.4009735159998888,
    0.4806224320836567,
    1.766302488129215,
    2.703487419069712,
    2.9413388231871354,
    3.330627774807191,
    2.2755933400398525,
    4.00955001315325,
    1.3111018673701484,
    1.8031759242550558,
    1.7915489037738959,
    2.586483678847126,
    0.8702758071594588,
    0.6598090622984402,
    0.6861788787747545,
    1.4420067929946152,
    3.0971073960497706,
    1.122369723012621,
    2.2313993006593718,
    1.9665538567534688,
    0.4634122288186435,
    1.6658964810952714,
    1.9489974620654775,
    1.435362401756615,
    2.3470616785114835,
    3.6134938079400936,
    1.7083647694529618,
    0.8812923597664722,
    3.636140906600658,
    1.847967504914232,
    1.4737494774594657,
    1.2037433242544813,
    1.1497315378266255,
    3.06995100539219,
    2.688472970345719,
    2.293855709459092,
    1.8033796603929713,
    0.17060497495549237,
    2.0632262100999816,
    1.5569735559836364,
    2.8572886261093564
  ],
  "timestamp": 1754305721.3808346
}