{
  "query": "/*+  */ select count(*)\nfrom cast_info AS ci\ninner join title AS t\non t.id = ci.movie_id AND ci.person_id < 2072827 AND ci.role_id > 2 AND t.production_year < 1979;",
  "predicted_latency": 1584.0094089508057,
  "actual_latency": 2171.691,
  "q_error": 1.3710089016696274,
  "inference_time": 0.036576032638549805
}