{
  "predicted_latency": 439.3085241317749,
  "actual_latency": 403.459,
  "q_error": 1.0888554329728048,
  "inference_time": 0.1063382625579834
}