{
  "predicted_latency": 519.2227363586426,
  "actual_latency": 357.604,
  "q_error": 1.4519489053775758,
  "inference_time": 0.04324674606323242
}