{
  "query": "/*+  */ select count(*)\nfrom title AS t\ninner join cast_info AS ci\non t.id = ci.movie_id AND ci.person_id > 3025135 AND ci.role_id < 6;",
  "predicted_latency": 1147.78733253479,
  "actual_latency": 1796.367,
  "q_error": 1.5650695464924476,
  "inference_time": 0.027189016342163086
}