{
  "predicted_latency": 563.5843873023987,
  "actual_latency": 3718.143,
  "q_error": 6.597313700964858,
  "inference_time": 0.1286916732788086
}