{
  "query": "/*+  */ select count(*)\nfrom title AS t\ninner join cast_info AS ci\non t.id = ci.movie_id AND ci.person_id > 935629 AND ci.role_id > 3;",
  "predicted_latency": 1005.0551891326904,
  "actual_latency": 3832.998,
  "q_error": 3.813718929512393,
  "inference_time": 0.01871013641357422
}