{
  "query": "/*+  */ select count(*)\nfrom title AS t\ninner join cast_info AS ci\non t.id = ci.movie_id AND ci.person_id > 1408992 AND ci.role_id < 5;",
  "predicted_latency": 1111.2816333770752,
  "actual_latency": 6214.815,
  "q_error": 5.5924752226074235,
  "inference_time": 0.02543807029724121
}