{
    "embedding": [
        0.5135911703109741,
        0.5135911703109741,
        0.5412909388542175,
        0.74800044298172,
        0.6022747159004211,
        1.3153486251831055,
        0.5156086683273315,
        0.5135911703109741,
        0.9443075656890869,
        0.5135911703109741,
        0.5135911703109741,
        0.5135911703109741,
        0.540483295917511,
        2.9838030338287354,
        3.073505163192749,
        1.9405782222747803,
        0.5135911703109741,
        0.6781781911849976,
        0.5135911703109741,
        2.055527925491333,
        0.5135911703109741,
        0.8476315140724182,
        1.4493955373764038,
        0.5135911703109741,
        1.169911503791809,
        2.8798060417175293,
        0.5135911703109741,
        0.5135911703109741,
        0.5135911703109741,
        0.5135911703109741,
        2.7436206340789795,
        0.858781099319458,
        0.5135911703109741,
        0.5135911703109741,
        2.350947856903076,
        2.77429461479187,
        0.5135911703109741,
        1.3052794933319092,
        1.6559275388717651,
        0.5135911703109741,
        0.5135911703109741,
        0.5135911703109741,
        0.6725226640701294,
        0.5135911703109741,
        1.6258833408355713,
        0.5135911703109741,
        0.5135911703109741,
        0.777819037437439,
        0.5135911703109741,
        3.3747823238372803,
        1.6732983589172363,
        1.8234376907348633,
        0.5135911703109741,
        0.5135911703109741,
        3.211458206176758,
        0.5135911703109741,
        0.5135911703109741,
        0.5135911703109741,
        0.5135911703109741,
        0.6385647654533386,
        0.5135911703109741,
        0.5135911703109741,
        0.5135911703109741,
        3.9494290351867676
    ],
    "timestamp": 1754257575.2527146
}