{
  "query": "/*+  */ select count(*)\nfrom movie_keyword AS mk\ninner join title AS t\non t.id = mk.movie_id AND mk.keyword_id > 108;",
  "predicted_latency": 1277.5365114212036,
  "actual_latency": 1182.578,
  "q_error": 1.08029788430125,
  "inference_time": 0.026622295379638672
}