{
  "predicted_latency": 630.8024525642395,
  "actual_latency": 3546.286,
  "q_error": 5.621864635408745,
  "inference_time": 0.06364035606384277
}