{
  "predicted_latency": 838.0935668945312,
  "inference_time": 0.008166313171386719
}