{
  "predicted_latency": 0.02913774363696575,
  "actual_latency": 2.586804,
  "q_error": 88.77845764160156,
  "inference_time": 0.2512235641479492,
  "timestamp": 1745493201.2754586
}