{
  "query": "/*+ NoNestLoop(t ci) */ select count(*)\nfrom title AS t\ninner join cast_info AS ci\non t.id = ci.movie_id AND ci.person_id > 3204008;",
  "predicted_latency": 613.5797500610352,
  "actual_latency": 2528.407,
  "q_error": 4.120747139631791,
  "inference_time": 0.016126632690429688
}