{
  "query": "/*+  */ select count(*)\nfrom movie_keyword AS mk\ninner join title AS t\non t.id = mk.movie_id AND mk.keyword_id < 35957;",
  "predicted_latency": 1200.6771564483643,
  "actual_latency": 1219.496,
  "q_error": 1.0156735251025366,
  "inference_time": 0.030008316040039062
}