{
  "query": "/*+  */ select count(*)\nfrom movie_companies AS mc\ninner join title AS t\non t.id = mc.movie_id AND mc.company_id > 98633;",
  "predicted_latency": 846.9165563583374,
  "actual_latency": 406.032,
  "q_error": 2.0858369693973318,
  "inference_time": 0.022116422653198242
}