{
  "predicted_latency": 369.6839511394501,
  "actual_latency": 42.633,
  "q_error": 8.671309810227994,
  "inference_time": 0.09464621543884277
}