{
  "predicted_latency": 469.6033630371094,
  "inference_time": 0.026360273361206055
}