{
  "predicted_latency": 0.02913774736225605,
  "actual_latency": 0.304338,
  "q_error": 10.444802284240723,
  "inference_time": 0.12074780464172363,
  "timestamp": 1745771711.5661376
}