{
  "query": "/*+  */ select count(*)\nfrom title AS t\ninner join cast_info AS ci\non t.id = ci.movie_id AND t.production_year < 2004 AND ci.person_id < 2696952;",
  "predicted_latency": 1496.7185258865356,
  "actual_latency": 6239.651,
  "q_error": 4.168887397384309,
  "inference_time": 0.012297868728637695
}