{
  "predicted_latency": 368.7726557254791,
  "actual_latency": 432.066,
  "q_error": 1.1716324225558565,
  "inference_time": 0.10550737380981445
}