{
  "query": "/*+  */ select count(*)\nfrom title AS t\ninner join cast_info AS ci\non t.id = ci.movie_id AND t.production_year > 2008 AND ci.person_id < 1742193;",
  "predicted_latency": 1524.1369009017944,
  "actual_latency": 3810.798,
  "q_error": 2.500299020216126,
  "inference_time": 0.030269145965576172
}