{
  "predicted_latency": 241.1735382080078,
  "inference_time": 0.022782087326049805
}