{
  "query": "/*+  */ select count(*)\nfrom movie_companies AS mc\ninner join title AS t\non t.id = mc.movie_id AND mc.company_id = 116060;",
  "predicted_latency": 383.5645020008087,
  "actual_latency": 0.106,
  "q_error": 3618.5330377434784,
  "inference_time": 0.030402421951293945
}