{
  "predicted_latency": 206.2118649482727,
  "actual_latency": 6967.562,
  "q_error": 33.788366162867405,
  "inference_time": 0.13471245765686035
}