{
  "query": "/*+  */ select count(*)\nfrom movie_companies AS mc\ninner join title AS t\non t.id = mc.movie_id AND t.production_year < 1965;",
  "predicted_latency": 1216.5980339050293,
  "actual_latency": 562.701,
  "q_error": 2.1620683700669256,
  "inference_time": 0.014912128448486328
}