{
  "predicted_latency": 4059.626220703125,
  "inference_time": 0.018883228302001953
}