{
  "query": "/*+  */ select count(*)\nfrom title AS t\ninner join movie_keyword AS mk\non t.id = mk.movie_id AND mk.keyword_id < 64368;",
  "predicted_latency": 1236.0531091690063,
  "actual_latency": 1141.076,
  "q_error": 1.0832346917900353,
  "inference_time": 0.01645517349243164
}