{
  "query": "/*+  */ select count(*)\nfrom movie_keyword AS mk\ninner join title AS t\non t.id = mk.movie_id AND mk.keyword_id > 115;",
  "predicted_latency": 1274.4922637939453,
  "actual_latency": 1220.968,
  "q_error": 1.0438375647797036,
  "inference_time": 0.15302205085754395
}