{
  "predicted_latency": 0.0291377454996109,
  "actual_latency": 63.067071000000006,
  "q_error": 2164.44580078125,
  "inference_time": 1.4120047092437744,
  "timestamp": 1745479381.8846118
}