{
  "predicted_latency": 358.4687113761902,
  "actual_latency": 3721.267,
  "q_error": 10.381009225920323,
  "inference_time": 0.13605952262878418
}