{
  "predicted_latency": 554.2868375778198,
  "actual_latency": 18891.136,
  "q_error": 34.081877322854076,
  "inference_time": 0.05566835403442383
}