{
  "predicted_latency": 148.62083435058594,
  "inference_time": 0.01898193359375
}