{
  "query": "/*+ NoNestLoop(ci t) */ select count(*)\nfrom cast_info AS ci\ninner join title AS t\non t.id = ci.movie_id AND ci.person_id > 181507;",
  "predicted_latency": 1145.5798149108887,
  "actual_latency": 10421.737,
  "q_error": 9.097346919307125,
  "inference_time": 0.015361547470092773
}