{
  "predicted_latency": 547.7162475585938,
  "inference_time": 0.006286144256591797
}