{
  "predicted_latency": 0.02913774736225605,
  "actual_latency": 0.175249,
  "q_error": 6.014500617980957,
  "inference_time": 0.10426449775695801,
  "timestamp": 1745772973.0750346
}