{
  "query": "/*+  */ select count(*)\nfrom title AS t\ninner join cast_info AS ci\non t.id = ci.movie_id AND ci.person_id > 1124005 AND ci.role_id < 4;",
  "predicted_latency": 994.5806860923767,
  "actual_latency": 6466.079,
  "q_error": 6.501311648635242,
  "inference_time": 0.02676105499267578
}