{
  "predicted_latency": 251.5677511692047,
  "actual_latency": 377.468,
  "q_error": 1.5004625920677515,
  "inference_time": 0.189849853515625
}