{
  "predicted_latency": 4239.31640625,
  "inference_time": 0.03140664100646973
}