{
  "query": "/*+  */ select count(*)\nfrom title AS t\ninner join cast_info AS ci\non t.id = ci.movie_id AND ci.person_id < 2939821;",
  "predicted_latency": 1166.7802333831787,
  "actual_latency": 8945.436,
  "q_error": 7.666770265778283,
  "inference_time": 0.029875516891479492
}