{
  "query": "/*+  */ select count(*)\nfrom title AS t\ninner join movie_info AS mi\non t.id = mi.movie_id AND t.kind_id < 4;",
  "predicted_latency": 911.7447733879089,
  "actual_latency": 2745.933,
  "q_error": 3.0117342924780566,
  "inference_time": 0.03070664405822754
}