{
  "predicted_latency": 0.02913774363696575,
  "actual_latency": 29.137837,
  "q_error": 1000.003173828125,
  "inference_time": 1.2126400470733643,
  "timestamp": 1745452024.2232506
}