{
  "query": "/*+  */ select count(*)\nfrom title AS t\ninner join cast_info AS ci\non t.id = ci.movie_id AND t.kind_id > 1 AND ci.person_id > 649823;",
  "predicted_latency": 1458.7939977645874,
  "actual_latency": 7970.372,
  "q_error": 5.463672055282351,
  "inference_time": 0.012317657470703125
}