{
  "query": "/*+  */ select count(*)\nfrom title AS t\ninner join cast_info AS ci\non t.id = ci.movie_id AND t.kind_id < 7 AND ci.person_id < 2889805;",
  "predicted_latency": 1477.0656824111938,
  "actual_latency": 6318.502,
  "q_error": 4.277739355290918,
  "inference_time": 0.01442575454711914
}