{
  "query": "/*+  */ select count(*)\nfrom movie_companies AS mc\ninner join title AS t\non t.id = mc.movie_id AND mc.company_id > 91419;",
  "predicted_latency": 888.8126015663147,
  "actual_latency": 444.208,
  "q_error": 2.0008928285089747,
  "inference_time": 0.019599199295043945
}