{
  "query": "/*+  */ select count(*)\nfrom title AS t\ninner join cast_info AS ci\non t.id = ci.movie_id AND t.production_year < 2003 AND ci.person_id < 2002292;",
  "predicted_latency": 1326.7279863357544,
  "actual_latency": 5563.903,
  "q_error": 4.1937028971302235,
  "inference_time": 0.026609420776367188
}