{
  "predicted_latency": 491.22406005859375,
  "inference_time": 0.1764376163482666
}