{
  "predicted_latency": 1523.5845947265625,
  "inference_time": 0.025661230087280273
}