{
  "predicted_latency": 0.02913774363696575,
  "actual_latency": 6.874705,
  "q_error": 235.93812561035156,
  "inference_time": 0.7082240581512451,
  "timestamp": 1745771844.4492815
}