{
  "query": "/*+  */ select count(*)\nfrom title AS t\ninner join cast_info AS ci\non t.id = ci.movie_id AND ci.role_id < 5;",
  "predicted_latency": 1112.2608184814453,
  "actual_latency": 8607.575,
  "q_error": 7.738809869929435,
  "inference_time": 0.025025606155395508
}