{
  "query": "/*+  */ select count(*)\nfrom movie_companies AS mc\ninner join title AS t\non t.id = mc.movie_id AND mc.company_id > 79655;",
  "predicted_latency": 948.5251903533936,
  "actual_latency": 568.663,
  "q_error": 1.6679917461719744,
  "inference_time": 0.026710987091064453
}