{
  "predicted_latency": 415.45313596725464,
  "actual_latency": 401.602,
  "q_error": 1.0344897086350533,
  "inference_time": 0.12173724174499512
}