{
  "query": "/*+  */ select count(*)\nfrom title AS t\ninner join movie_info AS mi\non t.id = mi.movie_id AND t.production_year > 2006;",
  "predicted_latency": 1079.541563987732,
  "actual_latency": 2679.012,
  "q_error": 2.481620059262901,
  "inference_time": 0.029726743698120117
}