{
  "predicted_latency": 432.9664409160614,
  "actual_latency": 157.174,
  "q_error": 2.7546950571726962,
  "inference_time": 0.06238198280334473
}