{
  "predicted_latency": 0.02913774363696575,
  "actual_latency": 10.421354,
  "q_error": 357.6582336425781,
  "inference_time": 1.966496229171753,
  "timestamp": 1745761868.2363782
}