{
  "predicted_latency": 0.02913774736225605,
  "actual_latency": 0.887246,
  "q_error": 30.450054168701172,
  "inference_time": 0.5366542339324951,
  "timestamp": 1745481288.2483397
}