{
  "predicted_latency": 442.26500391960144,
  "actual_latency": 3531.29,
  "q_error": 7.984556699498536,
  "inference_time": 0.08353447914123535
}