{
  "query": "/*+  */ select count(*)\nfrom title AS t\ninner join cast_info AS ci\non t.id = ci.movie_id AND t.kind_id = 1 AND ci.person_id > 2883987 AND ci.role_id > 1;",
  "predicted_latency": 1381.3852071762085,
  "actual_latency": 2027.425,
  "q_error": 1.4676753373842832,
  "inference_time": 0.012712717056274414
}