{
  "predicted_latency": 245.68951416015625,
  "inference_time": 0.010900259017944336
}