{
  "predicted_latency": 314.74871826171875,
  "inference_time": 0.0053751468658447266
}