{
  "predicted_latency": 0.0291377454996109,
  "actual_latency": 25.150526000000003,
  "q_error": 863.15966796875,
  "inference_time": 3.111753463745117,
  "timestamp": 1745480136.3530838
}