{
  "query": "/*+  */ select count(*)\nfrom title AS t\ninner join cast_info AS ci\non t.id = ci.movie_id AND ci.person_id < 612716 AND ci.role_id < 4;",
  "predicted_latency": 915.2839779853821,
  "actual_latency": 2700.939,
  "q_error": 2.9509300555495317,
  "inference_time": 0.0156097412109375
}