{
  "predicted_latency": 290.69334268569946,
  "actual_latency": 8862.921,
  "q_error": 30.48890256005167,
  "inference_time": 0.14731216430664062
}