{
  "query": "/*+  */ select count(*)\nfrom title AS t\ninner join cast_info AS ci\non t.id = ci.movie_id AND t.production_year > 2009 AND ci.person_id > 1648029 AND ci.role_id = 1;",
  "predicted_latency": 1547.033667564392,
  "actual_latency": 1150.676,
  "q_error": 1.3444563609255709,
  "inference_time": 0.015996694564819336
}