{
  "predicted_latency": 0.0291377454996109,
  "actual_latency": 43.753249000000004,
  "q_error": 1501.600341796875,
  "inference_time": 3.7411770820617676,
  "timestamp": 1745452224.4217794
}