{
  "predicted_latency": 2213.437255859375,
  "inference_time": 0.028507232666015625
}