{
  "predicted_latency": 248.76432120800018,
  "actual_latency": 1927.203,
  "q_error": 7.747103727100001,
  "inference_time": 0.10937905311584473
}