{
  "predicted_latency": 0.0291377454996109,
  "actual_latency": 8.169361,
  "q_error": 280.3703918457031,
  "inference_time": 1.0576305389404297,
  "timestamp": 1745479207.5404692
}