{
  "predicted_latency": 0.0291377454996109,
  "actual_latency": 0.091772,
  "q_error": 3.1495916843414307,
  "inference_time": 0.959956169128418,
  "timestamp": 1745762664.131589
}