{
  "predicted_latency": 0.02913774736225605,
  "actual_latency": 0.14568,
  "q_error": 4.99970006942749,
  "inference_time": 0.762793779373169,
  "timestamp": 1745481186.7019858
}