{
  "embedding": [
    0.7318745476754029,
    1.2394320369033407,
    3.528432732739094,
    0.4991137476465797,
    0.13556553105878597,
    2.2087452687942415,
    2.4233241625384854,
    1.4213262803141193,
    0.7918002864747974,
    2.4220982369759905,
    2.889934628608436,
    1.3679900166158836,
    0.7614745268476798,
    2.0268815598929826,
    0.26881744801651364,
    2.6279042110118396,
    0.812850238225918,
    2.3921036839688616,
    0.5354137392846811,
    0.13556553105878597,
    0.5163292614236029,
    1.1048592797331982,
    1.2418476981100504,
    0.9353305360343399,
    0.8788604268430984,
    1.4159742803784645,
    2.750784106091802,
    3.1463963234926275,
    3.9429787327697756,
    1.051759883483126,
    2.1590012176992937,
    2.3520713323738125,
    1.39008123634975,
    2.866772499500839,
    2.8915557758382757,
    0.21165938123214106,
    1.1696612864758908,
    0.3256946025031442,
    1.8243649227864371,
    3.142161684793824,
    1.0188701267252152,
    3.2694288487914442,
    2.2753731470745104,
    0.50862954488655,
    1.5873074287545783,
    1.961052008410301,
    1.6265095873051663,
    1.8168983058585564,
    2.606637210918585,
    1.569498445759861,
    0.5782250199645126,
    3.458821564496099,
    2.258393849635539,
    1.3792508858379755,
    1.3858636941996885,
    0.8815440297121824,
    3.15036019618229,
    2.5320885188343882,
    1.1355299023849406,
    1.6256067386097597,
    0.13556553105878597,
    1.0527045431544342,
    1.1887626899584096,
    3.858183356567383
  ],
  "timestamp": 1754305021.2191951
}