{
  "embedding": [
    0.72646868050157,
    1.068658640367806,
    2.0218605686535183,
    0.18537040493853368,
    0.16982727755653737,
    5.368145576532741,
    0.6939249279225311,
    1.8990204347457327,
    0.9475153943075059,
    1.2971809291166687,
    3.2114419088984407,
    1.3097798804288423,
    0.3160600437587519,
    1.8443700998234256,
    0.2892375747477537,
    2.3320265254498085,
    0.2845182933409332,
    2.5879662026872565,
    1.4618338214182494,
    2.4733823137000055,
    3.761107251171151,
    1.4187145425847056,
    1.157033580963867,
    0.48696881025821864,
    0.8576532231749956,
    2.4130496098538923,
    2.907076128988841,
    3.18352769311513,
    3.542704980368639,
    0.962356776737925,
    4.362946912889071,
    1.3719212549918578,
    1.8984849202796774,
    1.9497470114953863,
    2.6879293738248684,
    0.9658408199999426,
    1.1030559395318287,
    0.7439966011653203,
    1.676544850784394,
    3.37935864253338,
    0.8330612696747816,
    2.9628521165842394,
    2.088429272579598,
    0.48884051972090514,
    1.3591432160531776,
    3.457715784661961,
    1.6116615524455111,
    2.339828233118901,
    3.2414421535293765,
    1.865379996151102,
    0.5764597735401035,
    3.106338182675178,
    2.0531343807609614,
    1.3097878134356475,
    1.2682997385123511,
    1.4541901697725261,
    2.985471056246367,
    2.300809521503994,
    2.482958102067128,
    1.5135987834235565,
    0.16982727755653737,
    2.2337251974953087,
    2.016092931838159,
    3.4684849397811166
  ],
  "timestamp": 1754305027.8108315
}