{
  "query": "/*+  */ select count(*)\nfrom movie_keyword AS mk\ninner join title AS t\non t.id = mk.movie_id AND mk.keyword_id < 44674;",
  "predicted_latency": 1208.4752321243286,
  "actual_latency": 1119.683,
  "q_error": 1.0793012237609472,
  "inference_time": 0.014087200164794922
}