{
  "query": "/*+  */ select count(*)\nfrom cast_info AS ci\ninner join title AS t\non t.id = ci.movie_id AND ci.person_id > 2394872 AND t.production_year < 1959;",
  "predicted_latency": 1327.1517753601074,
  "actual_latency": 2477.313,
  "q_error": 1.866638801977121,
  "inference_time": 0.026720285415649414
}