{
  "predicted_latency": 537.8996729850769,
  "actual_latency": 338.673,
  "q_error": 1.58825673432803,
  "inference_time": 0.05664777755737305
}