{
  "predicted_latency": 188.736083984375,
  "inference_time": 0.016714096069335938
}