{
  "predicted_latency": 619.9920043945312,
  "inference_time": 0.025172710418701172
}