{
  "predicted_latency": 689.5571947097778,
  "actual_latency": 1911.318,
  "q_error": 2.771804883863824,
  "inference_time": 0.13062453269958496
}