{
  "predicted_latency": 94.79646301269531,
  "inference_time": 0.02185225486755371
}