{
  "predicted_latency": 0.02913774736225605,
  "actual_latency": 3.3489720000000003,
  "q_error": 114.93585968017578,
  "inference_time": 1.3012993335723877,
  "timestamp": 1745480107.7807777
}