{
  "query": "/*+  */ select count(*)\nfrom title AS t\ninner join cast_info AS ci\non t.id = ci.movie_id AND t.production_year < 1991 AND ci.person_id > 2303097;",
  "predicted_latency": 1455.8261632919312,
  "actual_latency": 2993.257,
  "q_error": 2.0560538582653387,
  "inference_time": 0.014993667602539062
}