{
  "query": "/*+  */ select count(*)\nfrom movie_companies AS mc\ninner join title AS t\non t.id = mc.movie_id AND mc.company_id = 108504;",
  "predicted_latency": 383.5645020008087,
  "actual_latency": 0.329,
  "q_error": 1165.8495501544337,
  "inference_time": 0.029535531997680664
}