{
  "predicted_latency": 0.02913774363696575,
  "actual_latency": 5.566288999999999,
  "q_error": 191.03363037109375,
  "inference_time": 1.3876667022705078,
  "timestamp": 1745480356.9104939
}