{
  "predicted_latency": 603.9712524414062,
  "inference_time": 0.027538061141967773
}