{
  "query": "/*+  */ select count(*)\nfrom movie_keyword AS mk\ninner join title AS t\non t.id = mk.movie_id AND mk.keyword_id < 43290;",
  "predicted_latency": 1206.4054012298584,
  "actual_latency": 1184.257,
  "q_error": 1.0187023604081364,
  "inference_time": 0.02212071418762207
}