{
  "query": "/*+  */ select count(*)\nfrom cast_info AS ci\ninner join title AS t\non t.id = ci.movie_id AND ci.person_id < 1883203 AND t.production_year < 1963;",
  "predicted_latency": 1435.7452392578125,
  "actual_latency": 3165.894,
  "q_error": 2.205052758271072,
  "inference_time": 0.024691104888916016
}