{
  "query": "/*+ NoNestLoop(t ci) */ select count(*)\nfrom title AS t\ninner join cast_info AS ci\non t.id = ci.movie_id AND ci.person_id > 1433423;",
  "predicted_latency": 798.4803915023804,
  "actual_latency": 7273.692,
  "q_error": 9.109418437081702,
  "inference_time": 0.013617277145385742
}