{
  "predicted_latency": 692.7615404129028,
  "actual_latency": 2924.923,
  "q_error": 4.222120931044576,
  "inference_time": 0.09810781478881836
}