{
  "query": "/*+  */ select count(*)\nfrom title AS t\ninner join cast_info AS ci\non t.id = ci.movie_id AND t.kind_id = 1 AND ci.person_id > 2340145;",
  "predicted_latency": 1043.0221557617188,
  "actual_latency": 3144.178,
  "q_error": 3.014488218329176,
  "inference_time": 0.016932964324951172
}