{
  "predicted_latency": 412.69445419311523,
  "actual_latency": 1476.127,
  "q_error": 3.576803577082392,
  "inference_time": 0.11418032646179199
}