{
  "predicted_latency": 0.02913774736225605,
  "actual_latency": 8.057512,
  "q_error": 276.53173828125,
  "inference_time": 1.6103250980377197,
  "timestamp": 1745771159.632576
}