{
  "predicted_latency": 0.02913774736225605,
  "actual_latency": 5.095253,
  "q_error": 174.86776733398438,
  "inference_time": 1.3687474727630615,
  "timestamp": 1745757346.8508146
}