{
  "predicted_latency": 752.4906396865845,
  "actual_latency": 2879.293,
  "q_error": 3.8263505858348457,
  "inference_time": 0.141387939453125
}