{
  "embedding": [
    0.6999819869915639,
    0.6639619303135879,
    2.9416511057667076,
    0.03569723559949424,
    0.03569723559949424,
    2.6100530231273584,
    1.0261192793166578,
    0.8775713259425456,
    0.7954618071496974,
    2.1554143919377884,
    4.493554704087797,
    4.503508229650205,
    2.0943146192007744,
    3.1422833148983953,
    0.1277511219120429,
    3.953420931254915,
    0.9346380816617215,
    3.935211009935389,
    0.5771605428127924,
    1.6539809430903363,
    1.6529269025723827,
    3.267824508169922,
    3.328204453077903,
    0.03569723559949424,
    2.298015026345904,
    1.5677677333378388,
    0.8004471980941911,
    1.6517336547377202,
    2.7505440825890237,
    0.5304639051738909,
    2.04705813799184,
    1.0696884321165,
    0.12308716282456199,
    1.0268155538022925,
    4.201264909429196,
    1.1051140714772691,
    1.1632450316561362,
    0.2776434428197631,
    1.3675331962755484,
    3.3508322242028568,
    1.974811874227704,
    2.9847719378654665,
    2.287261766921179,
    0.7030514239379864,
    1.4240171574504108,
    1.9908713535406428,
    0.662952115435469,
    3.865066816249823,
    6.2868534779333505,
    2.3898010136547185,
    0.13472523807471762,
    3.027841030708664,
    3.1371087392647836,
    2.328479544319484,
    1.120163943319994,
    0.2172097199856559,
    4.107255724854616,
    3.3038710541578573,
    1.9228087653717438,
    2.0988251220405383,
    0.03569723559949424,
    1.468754456524462,
    0.3044181866317183,
    3.6546579329306867
  ],
  "timestamp": 1754304447.0380228
}