{
  "embedding": [
    1.5876701268209512,
    1.068477590411633,
    3.0962653380554914,
    0.368705298165845,
    0.10060111619872451,
    2.1876693224766477,
    3.5849999442606357,
    1.06866143400469,
    0.9074590461521795,
    2.2514974685990667,
    2.887903081311702,
    3.4019756139786526,
    1.8258685852548253,
    3.0993455030510377,
    0.7938114415884607,
    3.2890168396805213,
    0.8275197921104359,
    3.080017856198869,
    0.633920291225956,
    0.1763687489834835,
    0.7900925462371546,
    1.8040289218796477,
    1.0096997949954742,
    1.2262393733798223,
    1.5992336895527526,
    1.614884242334967,
    3.5316051640727477,
    3.033782205306285,
    4.932450437848458,
    0.7327364850458746,
    1.9708304537674493,
    2.6025319136787606,
    0.7378683987255038,
    2.30737689135842,
    3.1391085102285308,
    0.405134673925832,
    1.1864726902512461,
    0.3532469340154401,
    2.0221126067236623,
    2.4655857690189094,
    1.2984632000588083,
    3.232165365378352,
    1.4984780303444967,
    0.41251638524869966,
    2.0651006604287083,
    1.669968391092496,
    0.7870095616386338,
    3.8163634597874405,
    4.900077715139349,
    1.2308061158862071,
    0.42870620620576244,
    4.761717019987618,
    3.345824277417703,
    1.5137654265604374,
    2.1052220382265268,
    0.7259372089903955,
    3.8145476835833265,
    2.615401976865592,
    1.3411081048923814,
    2.2052078485473308,
    0.10060111619872451,
    0.9557864692446825,
    0.44613876770810945,
    3.683212086366294
  ],
  "timestamp": 1754304448.79935
}