{
  "predicted_latency": 908.4091796875,
  "inference_time": 0.030650615692138672
}