{
  "query": "/*+  */ select count(*)\nfrom title AS t\ninner join cast_info AS ci\non t.id = ci.movie_id AND t.production_year < 1995 AND ci.person_id > 1864194;",
  "predicted_latency": 1471.6172218322754,
  "actual_latency": 3731.69,
  "q_error": 2.5357748908060223,
  "inference_time": 0.01568436622619629
}