{
  "query": "/*+  */ select count(*)\nfrom movie_keyword AS mk\ninner join title AS t\non t.id = mk.movie_id AND mk.keyword_id > 249;",
  "predicted_latency": 1222.265124320984,
  "actual_latency": 1333.892,
  "q_error": 1.0913278743357986,
  "inference_time": 0.010133504867553711
}