{
  "predicted_latency": 2121.54736328125,
  "inference_time": 0.045169830322265625
}