{
  "predicted_latency": 969.2862548828125,
  "inference_time": 0.020789146423339844
}