{
  "predicted_latency": 288.1808280944824,
  "actual_latency": 4207.437,
  "q_error": 14.599989276943008,
  "inference_time": 0.0848701000213623
}