{
  "predicted_latency": 0.02913774363696575,
  "actual_latency": 4.120587,
  "q_error": 141.41749572753906,
  "inference_time": 0.32285094261169434,
  "timestamp": 1745769673.443328
}