{
  "predicted_latency": 541.7717099189758,
  "actual_latency": 174.386,
  "q_error": 3.1067385565296286,
  "inference_time": 0.0567014217376709
}