{
  "predicted_latency": 524.8665771484375,
  "inference_time": 0.008173704147338867
}