{
  "predicted_latency": 149.00445556640625,
  "inference_time": 0.017923355102539062
}