{
  "predicted_latency": 0.02913774363696575,
  "actual_latency": 2.9498629999999997,
  "q_error": 101.2385482788086,
  "inference_time": 0.20399928092956543,
  "timestamp": 1745759129.3644042
}