{
  "query": "/*+ NoNestLoop(t ci) */ select count(*)\nfrom title AS t\ninner join cast_info AS ci\non t.id = ci.movie_id AND ci.person_id < 1671691;",
  "predicted_latency": 667.5856709480286,
  "actual_latency": 5700.215,
  "q_error": 8.538552051162526,
  "inference_time": 0.012317419052124023
}