{
  "query": "/*+ NoNestLoop(ci t) */ select count(*)\nfrom cast_info AS ci\ninner join title AS t\non t.id = ci.movie_id AND ci.person_id < 4013168;",
  "predicted_latency": 1227.536678314209,
  "actual_latency": 9810.887,
  "q_error": 7.9923371523801725,
  "inference_time": 0.02629852294921875
}