{
  "predicted_latency": 892.6782836914062,
  "inference_time": 0.05277824401855469
}