{
  "query": "/*+  */ select count(*)\nfrom title AS t\ninner join cast_info AS ci\non t.id = ci.movie_id AND ci.person_id < 2748659 AND ci.role_id > 4;",
  "predicted_latency": 975.7691025733948,
  "actual_latency": 1968.331,
  "q_error": 2.0172098038449082,
  "inference_time": 0.018608570098876953
}