{
  "predicted_latency": 0.02913774363696575,
  "actual_latency": 8.203222,
  "q_error": 281.5325012207031,
  "inference_time": 1.9891095161437988,
  "timestamp": 1745480074.2386105
}