{
    "embedding": [
        0.5264636278152466,
        0.5264636278152466,
        0.5612024068832397,
        0.6025412082672119,
        0.5999626517295837,
        1.2923496961593628,
        0.5340824127197266,
        0.5264636278152466,
        0.975838303565979,
        0.5264636278152466,
        0.5264636278152466,
        0.5264636278152466,
        0.5792604684829712,
        2.007451057434082,
        3.09836745262146,
        2.3420703411102295,
        0.5264636278152466,
        1.3399567604064941,
        0.5264636278152466,
        2.2678329944610596,
        1.989640235900879,
        2.1097302436828613,
        2.7727251052856445,
        0.5264636278152466,
        1.2718720436096191,
        2.5067131519317627,
        0.5264636278152466,
        0.5264636278152466,
        0.5264636278152466,
        0.5264636278152466,
        2.4005250930786133,
        1.5578899383544922,
        0.5264636278152466,
        0.5264636278152466,
        2.2073779106140137,
        2.731490135192871,
        0.5264636278152466,
        2.6701533794403076,
        2.526207208633423,
        0.5264636278152466,
        0.5264636278152466,
        0.5264636278152466,
        0.7830416560173035,
        0.5264636278152466,
        1.5558143854141235,
        0.5264636278152466,
        0.5264636278152466,
        0.7996050119400024,
        0.5264636278152466,
        3.140732526779175,
        3.3524482250213623,
        1.5474961996078491,
        0.5264636278152466,
        0.5264636278152466,
        3.311615467071533,
        0.5264636278152466,
        0.5264636278152466,
        0.5264636278152466,
        0.5264636278152466,
        0.6338978409767151,
        0.5264636278152466,
        1.1377125978469849,
        0.5264636278152466,
        3.2303380966186523
    ],
    "timestamp": 1754257792.1871781
}