{
    "embedding": [
        0.5264636278152466,
        0.5264636278152466,
        0.5612024664878845,
        0.6025412082672119,
        0.5999626517295837,
        1.2923496961593628,
        0.5340824127197266,
        0.5264636278152466,
        0.9758386611938477,
        0.5264636278152466,
        0.5264636278152466,
        0.5264636278152466,
        0.5792604684829712,
        2.007450819015503,
        3.0983681678771973,
        2.342071294784546,
        0.5264636278152466,
        1.3399568796157837,
        0.5264636278152466,
        2.2678332328796387,
        1.989640474319458,
        2.1097300052642822,
        2.7727246284484863,
        0.5264636278152466,
        1.2718721628189087,
        2.506713390350342,
        0.5264636278152466,
        0.5264636278152466,
        0.5264636278152466,
        0.5264636278152466,
        2.4005250930786133,
        1.5578901767730713,
        0.5264636278152466,
        0.5264636278152466,
        2.2073781490325928,
        2.731489896774292,
        0.5264636278152466,
        2.6701531410217285,
        2.526207208633423,
        0.5264636278152466,
        0.5264636278152466,
        0.5264636278152466,
        0.7830416560173035,
        0.5264636278152466,
        1.555814266204834,
        0.5264636278152466,
        0.5264636278152466,
        0.7996049523353577,
        0.5264636278152466,
        3.140733242034912,
        3.352447986602783,
        1.5474964380264282,
        0.5264636278152466,
        0.5264636278152466,
        3.3116157054901123,
        0.5264636278152466,
        0.5264636278152466,
        0.5264636278152466,
        0.5264636278152466,
        0.6338979005813599,
        0.5264636278152466,
        1.1377125978469849,
        0.5264636278152466,
        3.2303378582000732
    ],
    "timestamp": 1754257793.6600645
}