{
  "predicted_latency": 0.0291377454996109,
  "actual_latency": 3.4788490000000003,
  "q_error": 119.3932113647461,
  "inference_time": 0.10014653205871582,
  "timestamp": 1745761577.219914
}