{
  "query": "/*+  */ select count(*)\nfrom title AS t\ninner join cast_info AS ci\non t.id = ci.movie_id AND t.production_year > 1983 AND ci.person_id < 3055433 AND ci.role_id > 10;",
  "predicted_latency": 1194.1028833389282,
  "actual_latency": 501.611,
  "q_error": 2.380535680714594,
  "inference_time": 0.017270326614379883
}