{
  "predicted_latency": 292.77440905570984,
  "actual_latency": 1800.667,
  "q_error": 6.1503565349434774,
  "inference_time": 0.09750890731811523
}