{
  "query": "/*+  */ select count(*)\nfrom title AS t\ninner join cast_info AS ci\non t.id = ci.movie_id AND t.kind_id < 7 AND ci.person_id > 1296290;",
  "predicted_latency": 1263.2642984390259,
  "actual_latency": 5264.042,
  "q_error": 4.1670155695087745,
  "inference_time": 0.030968189239501953
}