{
  "query": "/*+  */ select count(*)\nfrom movie_companies AS mc\ninner join title AS t\non t.id = mc.movie_id AND mc.company_id > 107140;",
  "predicted_latency": 807.299792766571,
  "actual_latency": 429.684,
  "q_error": 1.8788220942985334,
  "inference_time": 0.016518354415893555
}