{
  "query": "/*+  */ select count(*)\nfrom movie_keyword AS mk\ninner join title AS t\non t.id = mk.movie_id AND mk.keyword_id < 38686;",
  "predicted_latency": 1201.997995376587,
  "actual_latency": 1385.998,
  "q_error": 1.1530784621365078,
  "inference_time": 0.024172544479370117
}