{
  "predicted_latency": 386.32386922836304,
  "actual_latency": 2480.969,
  "q_error": 6.421992523929331,
  "inference_time": 0.12724733352661133
}