{
  "predicted_latency": 704.1168212890625,
  "inference_time": 0.01925206184387207
}