{
  "predicted_latency": 244.52689290046692,
  "actual_latency": 187.274,
  "q_error": 1.3057172533318395,
  "inference_time": 0.08000969886779785
}