{
  "predicted_latency": 473.51080322265625,
  "inference_time": 0.025967836380004883
}