{
  "predicted_latency": 0.02913774736225605,
  "actual_latency": 5.474529,
  "q_error": 187.88441467285156,
  "inference_time": 0.3961210250854492,
  "timestamp": 1745479802.932536
}