{
  "predicted_latency": 0.02913774736225605,
  "actual_latency": 8.259385,
  "q_error": 283.4599609375,
  "inference_time": 1.398554801940918,
  "timestamp": 1745756403.4718895
}