{
  "predicted_latency": 0.0291377454996109,
  "actual_latency": 4.363609,
  "q_error": 149.75794982910156,
  "inference_time": 0.5150425434112549,
  "timestamp": 1745481457.2541525
}