{
  "query": "/*+  */ select count(*)\nfrom title AS t\ninner join cast_info AS ci\non t.id = ci.movie_id AND ci.person_id < 2373255;",
  "predicted_latency": 866.4327263832092,
  "actual_latency": 7593.82,
  "q_error": 8.764465801862354,
  "inference_time": 0.017088651657104492
}