{
  "query": "/*+  */ select count(*)\nfrom title AS t\ninner join cast_info AS ci\non t.id = ci.movie_id AND t.production_year < 1996;",
  "predicted_latency": 1183.3000183105469,
  "actual_latency": 6000.921,
  "q_error": 5.071343621347862,
  "inference_time": 0.02655625343322754
}