{
  "query": "/*+  */ select count(*)\nfrom title AS t\ninner join cast_info AS ci\non t.id = ci.movie_id AND t.kind_id < 7 AND t.production_year > 2004 AND ci.person_id > 1529511;",
  "predicted_latency": 1435.5357885360718,
  "actual_latency": 3794.901,
  "q_error": 2.6435432890669746,
  "inference_time": 0.028720617294311523
}