{
  "predicted_latency": 453.32491397857666,
  "actual_latency": 184.61,
  "q_error": 2.455581571846469,
  "inference_time": 0.09425139427185059
}