{
  "query": "/*+  */ select count(*)\nfrom movie_keyword AS mk\ninner join title AS t\non t.id = mk.movie_id AND mk.keyword_id > 121;",
  "predicted_latency": 1255.7975053787231,
  "actual_latency": 1945.51,
  "q_error": 1.5492226984582784,
  "inference_time": 0.02598094940185547
}