{
  "predicted_latency": 291.8193359375,
  "inference_time": 0.05077719688415527
}