{
  "predicted_latency": 139.09515738487244,
  "actual_latency": 322.164,
  "q_error": 2.3161410221391185,
  "inference_time": 0.14458703994750977
}