{
  "predicted_latency": 0.02913774363696575,
  "actual_latency": 72.097889,
  "q_error": 2474.38134765625,
  "inference_time": 2.2772216796875,
  "timestamp": 1745759893.5997288
}