{
  "query": "/*+  */ select count(*)\nfrom title AS t\ninner join cast_info AS ci\non t.id = ci.movie_id AND ci.person_id > 2339218 AND ci.role_id > 1;",
  "predicted_latency": 932.0115447044373,
  "actual_latency": 5103.406,
  "q_error": 5.475689683241434,
  "inference_time": 0.026500463485717773
}