{
  "predicted_latency": 0.0291377454996109,
  "actual_latency": 46.575233,
  "q_error": 1598.4501953125,
  "inference_time": 0.5009469985961914,
  "timestamp": 1745755134.0043871
}