{
  "predicted_latency": 291.25767946243286,
  "actual_latency": 38425.138,
  "q_error": 131.9283257043053,
  "inference_time": 0.09720325469970703
}