{
  "predicted_latency": 0.02913774363696575,
  "actual_latency": 9.71758,
  "q_error": 333.5048828125,
  "inference_time": 0.26821303367614746,
  "timestamp": 1745481357.1121657
}