{
  "predicted_latency": 57.90793150663376,
  "actual_latency": 287.092,
  "q_error": 4.957731912201209,
  "inference_time": 0.13274455070495605
}