{
  "predicted_latency": 0.02913774736225605,
  "actual_latency": 17.938456,
  "q_error": 615.6431884765625,
  "inference_time": 0.0645284652709961,
  "timestamp": 1745771835.244367
}