{
  "query": "/*+  */ select count(*)\nfrom title AS t\ninner join cast_info AS ci\non t.id = ci.movie_id AND ci.person_id < 961803 AND ci.role_id > 1;",
  "predicted_latency": 922.4547743797302,
  "actual_latency": 2117.676,
  "q_error": 2.2956962864916073,
  "inference_time": 0.026996850967407227
}