{
  "predicted_latency": 0.02913774736225605,
  "actual_latency": 6.518225,
  "q_error": 223.7038116455078,
  "inference_time": 0.6656665802001953,
  "timestamp": 1745759936.9201124
}