{
  "query": "/*+  */ select count(*)\nfrom title AS t\ninner join cast_info AS ci\non t.id = ci.movie_id AND ci.person_id < 2590700 AND ci.role_id < 3;",
  "predicted_latency": 953.6434412002563,
  "actual_latency": 6721.136,
  "q_error": 7.047850076482226,
  "inference_time": 0.02611994743347168
}