{
  "query": "/*+ NoNestLoop(ci t) */ select count(*)\nfrom cast_info AS ci\ninner join title AS t\non t.id = ci.movie_id AND ci.person_id > 399001;",
  "predicted_latency": 1127.1485090255737,
  "actual_latency": 9723.519,
  "q_error": 8.626652940707908,
  "inference_time": 0.019655942916870117
}