{
  "predicted_latency": 0.02913774736225605,
  "actual_latency": 8.384674,
  "q_error": 287.7598571777344,
  "inference_time": 0.9892895221710205,
  "timestamp": 1745755084.875442
}