{
  "predicted_latency": 393.31531524658203,
  "actual_latency": 522.385,
  "q_error": 1.3281582988257146,
  "inference_time": 0.1047201156616211
}