{
  "query": "/*+  */ select count(*)\nfrom title AS t\ninner join movie_info AS mi\non t.id = mi.movie_id AND t.production_year < 1992;",
  "predicted_latency": 1127.5302171707153,
  "actual_latency": 2422.72,
  "q_error": 2.1486962948800374,
  "inference_time": 0.026480436325073242
}