{
  "query": "/*+  */ select count(*)\nfrom title AS t\ninner join cast_info AS ci\non t.id = ci.movie_id AND ci.person_id > 860103;",
  "predicted_latency": 1103.375792503357,
  "actual_latency": 8673.595,
  "q_error": 7.86096183995591,
  "inference_time": 0.20831847190856934
}