{
  "query": "/*+  */ select count(*)\nfrom title AS t\ninner join cast_info AS ci\non t.id = ci.movie_id AND ci.person_id > 880755;",
  "predicted_latency": 1092.9534435272217,
  "actual_latency": 8191.868,
  "q_error": 7.495166467075566,
  "inference_time": 0.02872467041015625
}