{
  "query": "/*+ NoNestLoop(t ci) */ select count(*)\nfrom title AS t\ninner join cast_info AS ci\non t.id = ci.movie_id AND ci.person_id > 2794808;",
  "predicted_latency": 626.2485384941101,
  "actual_latency": 4704.705,
  "q_error": 7.5125205262962025,
  "inference_time": 0.030025482177734375
}