{
  "query": "/*+  */ select count(*)\nfrom cast_info AS ci\ninner join title AS t\non t.id = ci.movie_id AND ci.person_id < 2932826 AND t.kind_id < 7;",
  "predicted_latency": 1469.2994356155396,
  "actual_latency": 6159.646,
  "q_error": 4.192233285259185,
  "inference_time": 0.0173187255859375
}