{
  "predicted_latency": 335.1263701915741,
  "actual_latency": 440.27,
  "q_error": 1.3137432298995773,
  "inference_time": 0.11629223823547363
}