{
  "predicted_latency": 0.02913774736225605,
  "actual_latency": 0.268364,
  "q_error": 9.210184097290039,
  "inference_time": 0.07452893257141113,
  "timestamp": 1745769731.461194
}