{
  "predicted_latency": -61.06271967291832,
  "actual_latency": 0.593,
  "q_error": -0.009711326373545052,
  "inference_time": 0.0662839412689209
}