{
  "query": "/*+ NoNestLoop(ci t) */ select count(*)\nfrom cast_info AS ci\ninner join title AS t\non t.id = ci.movie_id AND ci.person_id < 3495042;",
  "predicted_latency": 1132.1122646331787,
  "actual_latency": 10011.939,
  "q_error": 8.843592029491896,
  "inference_time": 0.018386125564575195
}