{
  "predicted_latency": 0.02913774736225605,
  "actual_latency": 0.7689320000000001,
  "q_error": 26.38954734802246,
  "inference_time": 0.13938546180725098,
  "timestamp": 1745481307.3260705
}