{
  "query": "/*+  */ select count(*)\nfrom title AS t\ninner join cast_info AS ci\non t.id = ci.movie_id AND ci.person_id < 2034889 AND ci.role_id > 1;",
  "predicted_latency": 945.9381103515625,
  "actual_latency": 3891.144,
  "q_error": 4.113529159485748,
  "inference_time": 0.03084397315979004
}