{
  "predicted_latency": 288.3851230144501,
  "actual_latency": 3095.727,
  "q_error": 10.734697295202993,
  "inference_time": 0.1062769889831543
}