{
  "predicted_latency": 0.0291377454996109,
  "actual_latency": 49.114856,
  "q_error": 1685.609375,
  "inference_time": 0.09464406967163086,
  "timestamp": 1745759796.0870845
}