{
  "query": "/*+  */ select count(*)\nfrom movie_keyword AS mk\ninner join title AS t\non t.id = mk.movie_id AND mk.keyword_id < 84744;",
  "predicted_latency": 1280.6493043899536,
  "actual_latency": 1321.412,
  "q_error": 1.03182970971859,
  "inference_time": 0.03029012680053711
}