{
  "predicted_latency": 0.02913774736225605,
  "actual_latency": 2.6785300000000003,
  "q_error": 91.92646026611328,
  "inference_time": 1.5361948013305664,
  "timestamp": 1745479312.9143155
}