{
  "predicted_latency": 521.6531753540039,
  "actual_latency": 285.578,
  "q_error": 1.8266574293328055,
  "inference_time": 0.03715372085571289
}