{
  "pg_runtime": 21747.441,
  "opt_runtime": 9633.718,
  "pg_slowdown": 2.2574296860256857,
  "pg_opt_diff": 12113.722999999998,
  "original_num_of_plans": 329,
  "pg_plan_card_error": 659.4176029962547,
  "opt_plan_card_error": 1.0,
  "num_tables": 10,
  "opt_hint": "/*+ Rows(ci n #276090) Rows(it mi #3036719) Rows(ci rt #276166) Rows(chn ci #801259) Rows(an n #193486) Rows(mc t #1170186) Rows(ci t #500511) Rows(mi t #6992801) Rows(an ci #1806603) Rows(mc mi #67371414) Rows(ci mi #10250130) Rows(ci mc #1548085) Rows(cn mc #1153798) Rows(ci rt t #168407) Rows(an ci n #503115) Rows(an ci mi #24834271) Rows(chn ci n #255493) Rows(an ci rt #503508) Rows(cn mc mi #24420867) Rows(ci it mi #1768086) Rows(an ci t #998808) Rows(ci mc n #474803) Rows(it mc mi #10905021) Rows(chn ci mi #9371334) Rows(ci n rt #276005) Rows(an chn ci #1732265) Rows(cn mc t #468787) Rows(ci mc mi #107085354) Rows(ci n t #168305) Rows(chn ci rt #255651) Rows(ci mi n #2910703) Rows(chn ci t #469676) Rows(it mi t #1798330) Rows(ci mc rt #474025) Rows(ci mc t #901078) Rows(an ci mc #3578955) Rows(mc mi t #31523973) Rows(ci mi rt #2902533) Rows(ci mi t #6117629) Rows(ci cn mc #671694) Rows(chn ci mc #1405362) Rows(ci mi n rt #2900701) Rows(ci mc mi t #65475905) Rows(it mc mi t #6621484) Rows(cn it mc mi #3437396) Rows(chn ci mc mi #95357356) Rows(ci mi n t #1775335) Rows(ci cn mc n #189829) Rows(an ci it mi #4138764) Rows(an ci mc n #962140) Rows(chn ci mc rt #426705) Rows(an chn ci mc #3405373) Rows(ci cn mc mi #33249823) Rows(chn ci mi rt #2618428) Rows(chn ci mc t #829700) Rows(an ci n rt #503022) Rows(an ci mc mi #239473736) Rows(chn ci mi t #5642630) Rows(an ci n t #298637) Rows(ci cn mc rt #189554) Rows(ci it mc mi #16886305) Rows(chn ci cn mc #620402) Rows(an ci mi n #6327943) Rows(an ci mc rt #961173) Rows(ci cn mc t #357202) Rows(chn ci rt t #159449) Rows(ci it mi n #548152) Rows(an ci mc t #1976908) Rows(ci mc n rt #473712) Rows(an chn ci n #482841) Rows(ci mc n t #289726) Rows(ci mi rt t #1772092) Rows(an ci cn mc #1935320) Rows(ci n rt t #168264) Rows(cn mc mi t #9048308) Rows(an ci mi rt #6320702) Rows(an chn ci mi #23649675) Rows(an ci mi t #13657072) Rows(ci it mi rt #547117) Rows(ci mc mi n #30687203) Rows(ci it mi t #1170967) Rows(an chn ci rt #483319) Rows(an ci rt t #299021) Rows(an chn ci t #967991) Rows(chn ci n rt #255493) Rows(chn ci it mi #1624962) Rows(chn ci mc n #426400) Rows(chn ci n t #159307) Rows(chn ci mi n #2616622) Rows(ci mc mi rt #30433142) Rows(ci mc rt t #289362) Rows(an chn ci n t #290297) Rows(ci mc mi rt t #18593289) Rows(ci it mc mi n #5097202) Rows(an chn ci mi n #5940199) Rows(an chn ci mc rt #910376) Rows(chn ci mc n rt #426400) Rows(chn ci mi n rt #2616622) Rows(an ci it mi t #2577705) Rows(an ci it mi rt #1132168) Rows(cn it mc mi t #1739512) Rows(chn ci it mc mi #15117867) Rows(an chn ci mc t #1889222) Rows(an ci cn mc mi #84180247) Rows(chn ci mi n t #1622994) Rows(ci it mi n rt #546726) Rows(an ci mc mi n #59351580) Rows(chn ci cn mc n #173567) Rows(chn ci mc mi n #26246098) Rows(chn ci mc n t #265657) Rows(ci cn mc mi rt #9086629) Rows(chn ci it mi n #498048) Rows(an ci mi n rt #6317618) Rows(ci it mi n t #372448) Rows(an chn ci cn mc #1856933) Rows(an ci cn mc rt #505250) Rows(ci cn mc mi t #17861719) Rows(an chn ci mi rt #5943215) Rows(an ci mi n t #3677237) Rows(chn ci cn mc mi #30137010) Rows(an ci cn mc t #972761) Rows(ci it mc mi rt #5063692) Rows(an chn ci mi t #13034347) Rows(ci it mc mi t #12263420) Rows(chn ci cn mc rt #173657) Rows(chn ci it mi rt #498436) Rows(an ci mc mi t #143629803) Rows(an ci mc mi rt #59105317) Rows(ci cn mc rt t #104391) Rows(chn ci cn mc t #333062) Rows(chn ci mc mi rt #26271313) Rows(chn ci mc mi t #59161472) Rows(chn ci it mi t #1083725) Rows(ci mc mi n rt #30407859) Rows(ci mi n rt t #1770753) Rows(ci mc mi n t #18705164) Rows(an ci mc rt t #576196) Rows(chn ci mc rt t #265890) Rows(chn ci mi rt t #1624325) Rows(an chn ci rt t #290745) Rows(chn ci n rt t #159307) Rows(ci it mi rt t #371852) Rows(ci cn mc n rt #189464) Rows(ci mc n rt t #289127) Rows(ci cn it mc mi #4598641) Rows(an ci mi rt t #3672884) Rows(ci cn mc n t #104511) Rows(an ci it mc mi #35665848) Rows(an chn ci mc n #909946) Rows(an ci it mi n #1133373) Rows(an chn ci it mi #3945970) Rows(an ci mc n rt #960723) Rows(ci cn mc mi n #9163177) Rows(an ci n rt t #298569) Rows(an ci cn mc n #505615) Rows(an chn ci n rt #482841) Rows(an chn ci mc mi #221910977) Rows(an ci mc n t #576917) Rows(ci cn mc mi rt t #4926510) Rows(an chn ci it mc mi #33093104) Rows(an chn ci cn mc n #483082) Rows(chn ci mc mi rt t #16321036) Rows(an chn ci mc mi n #52663779) Rows(chn ci mc n rt t #265657) Rows(chn ci it mc mi rt #4408554) Rows(chn ci it mc mi t #11087533) Rows(an ci mc mi rt t #36698759) Rows(an chn ci it mi rt #1070163) Rows(an chn ci mc n rt #909946) Rows(an chn ci mc n t #549214) Rows(an chn ci mi n rt #5940199) Rows(an ci cn mc rt t #276501) Rows(chn ci it mi n rt #498048) Rows(an ci it mc mi n #9374678) Rows(an chn ci it mi t #2463124) Rows(an chn ci cn mc mi #79314262) Rows(chn ci cn mc mi rt #8001132) Rows(an chn ci mi n t #3471399) Rows(chn ci it mi n t #341836) Rows(ci it mc mi n rt #5059064) Rows(an ci it mi n rt #1131406) Rows(chn ci cn mc mi t #16458318) Rows(ci mc mi n rt t #18576462) Rows(ci it mc mi n t #3696372) Rows(an chn ci mc mi rt #52690130) Rows(an chn ci cn mc rt #483198) Rows(an ci it mi n t #743020) Rows(ci it mi n rt t #371543) Rows(an chn ci cn mc t #934271) Rows(ci cn it mc mi n #1346863) Rows(an chn ci mc mi t #134167426) Rows(chn ci cn mc rt t #97386) Rows(an ci it mc mi rt #9327586) Rows(ci cn mc mi n rt #9079322) Rows(ci cn mc mi n t #4956649) Rows(an ci it mc mi t #25032677) Rows(an chn ci mc rt t #549557) Rows(an ci cn it mc mi #11410409) Rows(chn ci mc mi n rt #26246098) Rows(an ci cn mc mi n #20326681) Rows(chn ci mi n rt t #1622994) Rows(chn ci cn it mc mi #4174309) Rows(chn ci mc mi n t #16304225) Rows(an ci mc mi n rt #59078798) Rows(ci cn it mc mi t #3015158) Rows(ci cn it mc mi rt #1337012) Rows(an ci cn mc n rt #505134) Rows(an ci mc mi n t #36860121) Rows(an ci cn mc n t #276760) Rows(ci cn mc n rt t #104325) Rows(chn ci it mi rt t #342144) Rows(chn ci cn mc n rt #173567) Rows(an ci it mi rt t #742079) Rows(chn ci cn mc n t #97320) Rows(chn ci it mc mi n #4403934) Rows(an ci mi n rt t #3670421) Rows(an ci mc n rt t #575845) Rows(an ci cn mc mi rt #20253764) Rows(an chn ci mi rt t #3473830) Rows(ci it mc mi rt t #3674526) Rows(an ci cn mc mi t #43327809) Rows(an chn ci it mi n #1069409) Rows(an chn ci n rt t #290297) Rows(chn ci cn mc mi n #7993825) Rows(an chn ci cn mc rt t #266076) Rows(an chn ci mi n rt t #3471399) Rows(an ci cn it mc mi n #2963938) Rows(an chn ci mc n rt t #549214) Rows(chn ci cn mc mi rt t #4431374) Rows(chn ci cn it mc mi n #1180843) Rows(an ci cn mc mi rt t #11158475) Rows(an chn ci mc mi n rt #52663779) Rows(an chn ci cn it mc mi #10752224) Rows(an chn ci mc mi n t #33111189) Rows(ci cn it mc mi rt t #881478) Rows(an chn ci cn mc mi n #18497461) Rows(an ci cn it mc mi rt #2950533) Rows(chn ci it mi n rt t #341836) Rows(an ci cn it mc mi t #7067531) Rows(chn ci cn it mc mi rt #1182141) Rows(an chn ci it mi n rt #1069409) Rows(an chn ci cn mc n rt #483082) Rows(ci it mc mi n rt t #3671284) Rows(chn ci cn it mc mi t #2765473) Rows(an chn ci it mi n t #702993) Rows(an chn ci cn mc n t #265983) Rows(an chn ci it mc mi n #8374023) Rows(chn ci it mc mi n rt #4403934) Rows(chn ci it mc mi n t #3229056) Rows(an ci it mc mi n t #6724065) Rows(an ci it mc mi rt t #6684305) Rows(an chn ci cn mc mi rt #18504573) Rows(chn ci cn mc mi n rt #7993825) Rows(ci cn mc mi n rt t #4921975) Rows(an chn ci cn mc mi t #41104907) Rows(chn ci cn mc mi n t #4426839) Rows(an ci cn mc n rt t #276408) Rows(an chn ci mc mi rt t #33129041) Rows(an chn ci it mc mi t #23336801) Rows(an chn ci it mc mi rt #8378872) Rows(chn ci mc mi n rt t #16304225) Rows(ci cn it mc mi n rt #1335714) Rows(chn ci cn mc n rt t 