{
  "predicted_latency": 192.16635131835938,
  "inference_time": 0.012494802474975586
}