{
  "query": "/*+  */ select count(*)\nfrom title AS t\ninner join cast_info AS ci\non t.id = ci.movie_id AND ci.person_id > 1147057 AND ci.role_id > 2;",
  "predicted_latency": 902.6883244514465,
  "actual_latency": 4942.067,
  "q_error": 5.474832083380759,
  "inference_time": 0.027665376663208008
}