{
  "predicted_latency": 0.02913774736225605,
  "actual_latency": 0.600228,
  "q_error": 20.59967041015625,
  "inference_time": 0.4488401412963867,
  "timestamp": 1745481274.1505964
}