{
  "predicted_latency": 0.02913774736225605,
  "actual_latency": 8.516076,
  "q_error": 292.26953125,
  "inference_time": 0.829033374786377,
  "timestamp": 1745756745.8673623
}