{
  "predicted_latency": 0.010861067101359367,
  "actual_latency": 14.355729,
  "q_error": 1321.760498046875,
  "inference_time": 0.22276973724365234,
  "timestamp": 1744803660.886545
}