{
  "predicted_latency": 264.2844021320343,
  "actual_latency": 23.056,
  "q_error": 11.462716955761376,
  "inference_time": 0.2305126190185547
}