{
  "predicted_latency": 114.2830103635788,
  "actual_latency": 1517.829,
  "q_error": 13.281317976934579,
  "inference_time": 0.08809018135070801
}