{
  "predicted_latency": 0.02913774736225605,
  "actual_latency": 3.977427,
  "q_error": 136.5042724609375,
  "inference_time": 0.270751953125,
  "timestamp": 1745756898.94008
}