{
  "query": "/*+  */ select count(*)\nfrom movie_keyword AS mk\ninner join title AS t\non t.id = mk.movie_id AND mk.keyword_id < 51736;",
  "predicted_latency": 1218.6967134475708,
  "actual_latency": 1154.393,
  "q_error": 1.055703485249452,
  "inference_time": 0.013678789138793945
}