{
  "pg_runtime": 534.953,
  "opt_runtime": 531.727,
  "pg_slowdown": 1.0060670231152453,
  "pg_opt_diff": 3.225999999999999,
  "original_num_of_plans": 219,
  "pg_plan_card_error": 125.6,
  "opt_plan_card_error": 1.0,
  "num_tables": 11,
  "opt_hint": "/*+ Rows(mi mk #4463) Rows(kt t #519602) Rows(mc t #1508127) Rows(k mk #4523930) Rows(ct mc #2609129) Rows(mi t #1782) Rows(cc mi #40) Rows(cc mc #612638) Rows(mc mi #2884) Rows(cc cct1 #24592) Rows(mk t #2742670) Rows(cc mk #2171367) Rows(mc mk #34863638) Rows(cc t #61320) Rows(cn mc #1153798) Rows(it1 mi #1783) Rows(cc ct mc #612638) Rows(cc mc mi #57) Rows(kt mc t #934274) Rows(kt mi t #1258) Rows(cn mc mk #12177631) Rows(mc mk t #22579666) Rows(cc mc t #266426) Rows(cc cct1 mk #1023805) Rows(cn ct mc #1153798) Rows(cc mi t #40) Rows(cn mc mi #2647) Rows(cc cn mc #282816) Rows(it1 mi mk #4463) Rows(ct mc mk #34863638) Rows(cc it1 mi #40) Rows(k mk t #2742670) Rows(kt mk t #2133911) Rows(cc cct1 mi #6) Rows(it1 mc mi #2884) Rows(cn mc t #596250) Rows(mc mi mk #9187) Rows(cc k mk #2171367) Rows(k mc mk #34863638) Rows(ct mc mi #2884) Rows(cc mk t #866450) Rows(cc cct1 t #6424) Rows(cc kt t #22214) Rows(it1 mi t #1782) Rows(ct mc t #1508127) Rows(k mi mk #4463) Rows(mc mi t #2884) Rows(cc mc mk #29258051) Rows(cc cct1 mc #227682) Rows(cc mi mk #741) Rows(mi mk t #4453) Rows(cc cct1 mc mi #7) Rows(cc ct mc mk #29258051) Rows(cc mc mi t #57) Rows(cc mi mk t #741) Rows(cc kt mi t #38) Rows(mc mi mk t #9187) Rows(cc cct1 ct mc #227682) Rows(k mi mk t #4453) Rows(ct it1 mc mi #2884) Rows(cc mc mk t #15134944) Rows(cc cct1 mc t #77867) Rows(k mc mi mk #9187) Rows(cc ct mc mi #57) Rows(cn it1 mc mi #2647) Rows(it1 kt mi t #1258) Rows(cc cct1 mi t #6) Rows(kt mc mk t #20632140) Rows(kt mi mk t #3632) Rows(ct mc mi mk #9187) Rows(ct k mc mk #34863638) Rows(cn kt mc t #344652) Rows(cn k mc mk #12177631) Rows(cn mc mi mk #7964) Rows(cc cct1 cn mc #105289) Rows(it1 mc mi t #2884) Rows(cc ct mc t #266426) Rows(cc k mk t #866450) Rows(cc kt mk t #753890) Rows(it1 mc mi mk #9187) Rows(it1 k mi mk #4463) Rows(cc cct1 it1 mi #6) Rows(ct mc mi t #2884) Rows(cc it1 mi mk #741) Rows(k kt mk t #2133911) Rows(cc cn mc mk #10779189) Rows(cc cct1 mk t #339093) Rows(cn ct mc mk #12177631) Rows(cn mc mi t #2647) Rows(cc cct1 k mk #1023805) Rows(it1 mi mk t #4453) Rows(cc cct1 kt t #5053) Rows(cc it1 mc mi #57) Rows(cc mc mi mk #929) Rows(cc cn mc mi #51) Rows(cc k mc mk #29258051) Rows(ct kt mc t #934274) Rows(cn ct mc mi #2647) Rows(cc k mi mk #741) Rows(cc cn ct mc #282816) Rows(cc cct1 mc mk #16526281) Rows(ct mc mk t #22579666) Rows(k mc mk t #22579666) Rows(cc it1 mi t #40) Rows(cc cn mc t #89930) Rows(kt mc mi t #1915) Rows(cn mc mk t #6329892) Rows(cn ct mc t #596250) Rows(cc cct1 mi mk #625) Rows(cc kt mc t #180472) Rows(cc cct1 k mc mk #16526281) Rows(cc cct1 kt mk t #329284) Rows(cn mc mi mk t #7964) Rows(cn it1 mc mi mk #7964) Rows(cc it1 k mi mk #741) Rows(cc cn k mc mk #10779189) Rows(cn ct mc mk t #6329892) Rows(cc cct1 mi mk t #625) Rows(cc cct1 cn ct mc #105289) Rows(cc cct1 it1 mi mk #625) Rows(cc ct it1 mc mi #57) Rows(it1 k mc mi mk #9187) Rows(cc k mi mk t #741) Rows(cn ct mc mi mk #7964) Rows(k mc mi mk t #9187) Rows(cc cct1 k mi mk #625) Rows(k kt mi mk t #3632) Rows(cc cct1 it1 mi t #6) Rows(it1 kt mi mk t #3632) Rows(cn k mc mk t #6329892) Rows(cc it1 mc mi mk #929) Rows(cc mc mi mk t #929) Rows(ct k mc mk t #22579666) Rows(cn ct mc mi t #2647) Rows(cc kt mi mk t #741) Rows(cc it1 kt mi t #38) Rows(cc cn it1 mc mi #51) Rows(cc it1 mc mi t #57) Rows(cc kt mc mk t #14541083) Rows(ct k mc mi mk #9187) Rows(cc cct1 kt mc t #72524) Rows(cc ct k mc mk #29258051) Rows(cn kt mc mk t #5482847) Rows(cc cct1 ct mc mk #16526281) Rows(cc kt mc mi t #55) Rows(cc cct1 ct mc mi #7) Rows(cc cct1 ct mc t #77867) Rows(cc ct mc mk t #15134944) Rows(cn k mc mi mk #7964) Rows(kt mc mi mk t #7232) Rows(ct kt mc mk t #20632140) Rows(it1 k mi mk t #4453) Rows(it1 kt mc mi t #1915) Rows(cn kt mc mi t #1734) Rows(cc ct kt mc t #180472) Rows(cc it1 mi mk t #741) Rows(cc ct mc mi mk #929) Rows(cc cct1 mc mk t #7223687) Rows(cc cct1 kt mi t #6) Rows(cn ct it1 mc mi #2647) Rows(cc k mc mk t #15134944) Rows(cn ct k mc mk #12177631) Rows(cc cn ct mc mk #10779189) Rows(cc cn mc mk t #4006094) Rows(it1 mc mi mk t #9187) Rows(cc ct mc mi t #57) Rows(cc cct1 mc mi mk #628) Rows(cc cn ct mc mi #51) Rows(k kt mc mk t #20632140) Rows(cc cn kt mc t #53781) Rows(ct mc mi mk t #9187) Rows(cc cct1 cn mc mk #6251157) Rows(ct kt mc mi t #1915) Rows(cc k mc mi mk #929) Rows(cc k kt mk t #753890) Rows(ct it1 mc mi mk #9187) Rows(cc cn mc mi mk #849) Rows(cc cn ct mc t #89930) Rows(cc cct1 cn mc mi #7) Rows(cc cct1 mc mi t #7) Rows(cn ct kt mc t #344652) Rows(cc cct1 it1 mc mi #7) Rows(cc cct1 cn mc t #23689) Rows(cc cct1 k mk t #339093) Rows(cn it1 mc mi t #2647) Rows(ct it1 mc mi t #2884) Rows(cc cn mc mi t #51) Rows(cc k kt mc mk t #14541083) Rows(cc ct mc mi mk t #929) Rows(cc cn ct mc mk t #4006094) Rows(cc cct1 it1 kt mi t #6) Rows(cc cct1 cn kt mc t #21851) Rows(cc cn mc mi mk t #849) Rows(cc cct1 it1 mc mi mk #628) Rows(cc ct it1 mc mi t #57) Rows(cc cct1 kt mc mk t #7155043) Rows(ct k mc mi mk t #9187) Rows(cc cn ct mc mi mk #849) Rows(cc cct1 cn ct mc mk #6251157) Rows(cc cn it1 mc mi t #51) Rows(cc cct1 it1 mc mi t #7) Rows(cc cct1 k kt mk t #329284) Rows(cn k kt mc mk t #5482847) Rows(cc cct1 cn ct mc mi #7) Rows(k kt mc mi mk t #7232) Rows(cc cn ct mc mi t #51) Rows(cc cct1 cn ct mc t #23689) Rows(cc cct1 k mc mk t #7223687) Rows(cc cct1 kt mc mi t #7) Rows(cn ct k mc mk t #6329892) Rows(cc cn kt mc mk t #3749448) Rows(cc cn ct k mc mk #10779189) Rows(cc cn it1 mc mi mk #849) Rows(cc cct1 k mc mi mk #628) Rows(cn ct kt mc mk t #5482847) Rows(cn ct k mc mi mk #7964) Rows(cc cn ct kt mc t #53781) Rows(cn it1 k mc mi mk #7964) Rows(cn kt mc mi mk t #6160) Rows(cc cn k mc mk t #4006094) Rows(cc cct1 it1 mi mk t #625) Rows(cc cct1 ct kt mc t #72524) Rows(cc ct kt mc mk t #14541083) Rows(cc cn k mc mi mk #849) Rows(it1 k mc mi mk t #9187) Rows(ct kt mc mi mk t #7232) Rows(cc k mc mi mk t #929) Rows(it1 k kt mi mk t #3632) Rows(cc it1 kt mi mk t #741) Rows(cc cct1 cn mc mk t #1903561) Rows(cc it1 k mc mi mk #929) Rows(cc cct1 mc mi mk t #628) Rows(cc ct kt mc mi t #55) Rows(ct it1 mc mi mk t #9187) Rows(ct k kt mc mk t #20632140) Rows(cc it1 kt mc mi t #55) Rows(cc cct1 ct it1 mc mi #7) Rows(cc kt mc mi mk t #929) Rows(cc cn kt mc mi t #49) Rows(cc cct1 ct mc mk t #7223687) Rows(cn ct kt mc mi t #1734) Rows(cc cct1 cn k mc mk #6251157) Rows(cc it1 mc mi mk t #929) Rows(ct it1 kt mc mi t #1915) Rows(cn it1 mc mi mk t #7964) Rows(cn ct it1 mc mi mk #7964) Rows(cn it1 kt mc mi t #1734) Rows(ct it1 k mc mi mk #9187) Rows(cn ct mc mi mk t #7964) Rows(cc cct1 ct mc mi mk #628) Rows(cc k kt mi mk t #741) Rows(cc ct k mc mk t #15134944) Rows(cc cct1 it1 k mi mk #625) Rows(cn ct it1 mc mi t #2647) Rows(cc cct1 cn mc mi mk #628) Rows(cc cct1 ct mc mi t #7) Rows(cc it1 k mi mk t #741) Rows(it1 kt mc mi mk t #7232) Rows(cc ct k mc mi mk #929) Rows(cc cct1 k mi mk t #625) Rows(cc cct1 kt mi mk t #625) Rows(cc cct1 cn mc mi t #7) Rows(cn k mc mi mk t #7964) Rows(cc cct1 cn it1 mc mi #7) Rows(cc cn ct it1 mc mi #51) Rows(cc cct1 ct k mc mk #16526281) Rows(cc ct it1 mc mi mk #929) Rows(cc cn ct it1 mc mi t #51) Rows(cn ct k mc mi mk t #7964) Rows(cc cn it1 k mc mi mk #849) Rows(cn it1 k mc mi mk t #7964) Rows(cc cct1 cn k mc mk t #1903561) Rows(cc cn ct k mc mk t #4006094) Rows(cc cn it1 mc mi mk t #849) Rows(cc cn k mc mi mk t #849) Rows(cc cct1 cn ct it1 mc mi #7) Rows(cc cn k kt mc mk t #3749448) Rows(cc it1 k mc mi mk t #929) Rows(cc cct1 it1 kt mc mi t #7) Rows(cc cct1 cn kt mc mk t #1877764) Rows(cc cct1 cn ct mc mi mk #628) Rows(cc cct1 cn it1 mc mi t #7) Rows(cc cct1 k kt mi mk t #625) Rows(cc cn ct kt mc mi t #49) Rows(cc cct1 ct mc mi mk t #628) Rows(cc cn kt mc mi mk t #849) Rows(cc cct1 it1 kt mi mk t #625) Rows(cc cct1 k kt mc mk t #7155043) 