{
    "embedding": [
        0.5076177716255188,
        0.5076177716255188,
        0.5110250115394592,
        0.5811880826950073,
        0.5479374527931213,
        1.5844433307647705,
        0.5076177716255188,
        0.5076177716255188,
        0.6225975155830383,
        0.5076177716255188,
        0.5076177716255188,
        0.5076177716255188,
        0.5076177716255188,
        1.6849024295806885,
        3.281278133392334,
        0.543026328086853,
        0.5076177716255188,
        2.478909969329834,
        0.5076177716255188,
        2.3401896953582764,
        0.5076177716255188,
        2.61177134513855,
        3.203678607940674,
        0.5076177716255188,
        0.8857978582382202,
        2.241992473602295,
        0.5076177716255188,
        0.5076177716255188,
        0.5076177716255188,
        0.5076177716255188,
        0.5076177716255188,
        1.8576998710632324,
        0.5076177716255188,
        0.5076177716255188,
        1.6359342336654663,
        1.5263221263885498,
        0.5076177716255188,
        3.386411666870117,
        2.8525869846343994,
        0.5076177716255188,
        0.5076177716255188,
        0.5076177716255188,
        0.6057640910148621,
        0.5076177716255188,
        0.5326912999153137,
        0.5076177716255188,
        0.5076177716255188,
        0.7663925886154175,
        0.5076177716255188,
        0.8153235912322998,
        0.738063633441925,
        2.032092571258545,
        0.5076177716255188,
        0.5076177716255188,
        2.259887456893921,
        0.5076177716255188,
        0.5076177716255188,
        0.5076177716255188,
        0.5076177716255188,
        0.6165108680725098,
        0.5076177716255188,
        1.646864891052246,
        0.5076177716255188,
        3.8093254566192627
    ],
    "timestamp": 1754258671.1741188
}