{
    "embedding": [
        0.5076178312301636,
        0.5076178312301636,
        0.5110250115394592,
        0.5811880826950073,
        0.5479375123977661,
        1.584443211555481,
        0.5076178312301636,
        0.5076178312301636,
        0.6225976943969727,
        0.5076178312301636,
        0.5076178312301636,
        0.5076178312301636,
        0.5076178312301636,
        1.6849026679992676,
        3.2812769412994385,
        0.5430264472961426,
        0.5076178312301636,
        2.478910207748413,
        0.5076178312301636,
        2.3401899337768555,
        0.5076178312301636,
        2.6117727756500244,
        3.203678846359253,
        0.5076178312301636,
        0.8857977390289307,
        2.2419912815093994,
        0.5076178312301636,
        0.5076178312301636,
        0.5076178312301636,
        0.5076178312301636,
        0.5076178312301636,
        1.8576992750167847,
        0.5076178312301636,
        0.5076178312301636,
        1.6359341144561768,
        1.526322364807129,
        0.5076178312301636,
        3.3864119052886963,
        2.8525874614715576,
        0.5076178312301636,
        0.5076178312301636,
        0.5076178312301636,
        0.6057641506195068,
        0.5076178312301636,
        0.5326913595199585,
        0.5076178312301636,
        0.5076178312301636,
        0.766392707824707,
        0.5076178312301636,
        0.8153235912322998,
        0.7380636930465698,
        2.032092571258545,
        0.5076178312301636,
        0.5076178312301636,
        2.259887218475342,
        0.5076178312301636,
        0.5076178312301636,
        0.5076178312301636,
        0.5076178312301636,
        0.6165108680725098,
        0.5076178312301636,
        1.646864891052246,
        0.5076178312301636,
        3.809325695037842
    ],
    "timestamp": 1754258672.3590329
}