{
  "query": "/*+  */ select count(*)\nfrom title AS t\ninner join cast_info AS ci\non t.id = ci.movie_id AND ci.person_id > 794707;",
  "predicted_latency": 1134.8668336868286,
  "actual_latency": 9150.253,
  "q_error": 8.062842906663931,
  "inference_time": 0.018403291702270508
}