{
  "predicted_latency": 506.4161682128906,
  "inference_time": 0.0305631160736084
}