{
  "predicted_latency": 143.07819306850433,
  "actual_latency": 725.946,
  "q_error": 5.073771092792769,
  "inference_time": 0.1381702423095703
}