{
  "predicted_latency": 662.7801060676575,
  "actual_latency": 5271.905,
  "q_error": 7.95422939182462,
  "inference_time": 0.10683369636535645
}