{
  "predicted_latency": 740.450918674469,
  "actual_latency": 220.504,
  "q_error": 3.357993136970164,
  "inference_time": 0.050200462341308594
}