{
  "predicted_latency": 0.02913774736225605,
  "actual_latency": 2.8645,
  "q_error": 98.30890655517578,
  "inference_time": 2.048384189605713,
  "timestamp": 1745481462.2902224
}