{
  "query": "/*+  */ select count(*)\nfrom movie_keyword AS mk\ninner join title AS t\non t.id = mk.movie_id AND mk.keyword_id < 41460;",
  "predicted_latency": 1204.3908834457397,
  "actual_latency": 1151.672,
  "q_error": 1.045775953088848,
  "inference_time": 0.029081106185913086
}