{
  "query": "/*+ NoNestLoop(t ci) */ select count(*)\nfrom title AS t\ninner join cast_info AS ci\non t.id = ci.movie_id AND ci.person_id > 2806504;",
  "predicted_latency": 625.9475946426392,
  "actual_latency": 3492.833,
  "q_error": 5.580072565010973,
  "inference_time": 0.016710758209228516
}