{
  "predicted_latency": 601.982593536377,
  "actual_latency": 4161.816,
  "q_error": 6.913515514711485,
  "inference_time": 0.058782100677490234
}