{
  "predicted_latency": 1387.162841796875,
  "inference_time": 0.020730018615722656
}