{
  "predicted_latency": 2302.13037109375,
  "inference_time": 0.02955913543701172
}