{
  "query": "/*+  */ select count(*)\nfrom movie_companies AS mc\ninner join title AS t\non t.id = mc.movie_id AND mc.company_id > 85283;",
  "predicted_latency": 919.9513792991638,
  "actual_latency": 512.114,
  "q_error": 1.7963800624454003,
  "inference_time": 0.01758575439453125
}