{
  "query": "/*+  */ select count(*)\nfrom title AS t\ninner join cast_info AS ci\non t.id = ci.movie_id AND t.kind_id < 2 AND ci.person_id < 2101510;",
  "predicted_latency": 1225.1653671264648,
  "actual_latency": 4024.581,
  "q_error": 3.2849288006233466,
  "inference_time": 0.03241157531738281
}