{
  "query": "/*+  */ select count(*)\nfrom cast_info AS ci\ninner join title AS t\non t.id = ci.movie_id AND ci.person_id < 1440193 AND t.production_year < 1971;",
  "predicted_latency": 1444.9301958084106,
  "actual_latency": 2824.097,
  "q_error": 1.9544868037171665,
  "inference_time": 0.019861698150634766
}