{
  "predicted_latency": 1605.226318359375,
  "inference_time": 0.020435094833374023
}