{
  "predicted_latency": 731.7336201667786,
  "actual_latency": 98.299,
  "q_error": 7.4439579259888555,
  "inference_time": 0.09137225151062012
}