{
  "query": "/*+  */ select count(*)\nfrom title AS t\ninner join cast_info AS ci\non t.id = ci.movie_id AND t.kind_id < 7 AND ci.person_id < 2378877;",
  "predicted_latency": 1268.4688568115234,
  "actual_latency": 5391.515,
  "q_error": 4.250411802424805,
  "inference_time": 0.021237850189208984
}