{
  "predicted_latency": 0.02913774363696575,
  "actual_latency": 5.858785,
  "q_error": 201.072021484375,
  "inference_time": 3.6993026733398438,
  "timestamp": 1745762502.8852396
}