{
  "query": "/*+  */ select count(*)\nfrom cast_info AS ci\ninner join title AS t\non t.id = ci.movie_id AND t.production_year = 2003;",
  "predicted_latency": 1119.8713779449463,
  "actual_latency": 3439.435,
  "q_error": 3.0712768160140307,
  "inference_time": 0.024771690368652344
}