{
  "query": "/*+  */ select count(*)\nfrom title AS t\ninner join cast_info AS ci\non t.id = ci.movie_id AND t.kind_id > 1 AND ci.person_id < 2171077;",
  "predicted_latency": 1113.7638092041016,
  "actual_latency": 6368.783,
  "q_error": 5.718252781575969,
  "inference_time": 0.013890266418457031
}