{
  "predicted_latency": 1387.162841796875,
  "inference_time": 0.033596038818359375
}