{
  "predicted_latency": 134.15106201171875,
  "inference_time": 0.012408971786499023
}