{
  "predicted_latency": 704.7579288482666,
  "actual_latency": 1864.033,
  "q_error": 2.644926610540232,
  "inference_time": 0.13550376892089844
}