{
  "query": "/*+ NoNestLoop(t ci) */ select count(*)\nfrom title AS t\ninner join cast_info AS ci\non t.id = ci.movie_id AND ci.person_id > 1565481;",
  "predicted_latency": 744.0059781074524,
  "actual_latency": 6978.772,
  "q_error": 9.379994523366715,
  "inference_time": 0.015225410461425781
}