{
  "query": "/*+  */ select count(*)\nfrom movie_keyword AS mk\ninner join title AS t\non t.id = mk.movie_id AND mk.keyword_id < 41918;",
  "predicted_latency": 1204.8290967941284,
  "actual_latency": 1356.48,
  "q_error": 1.125869223784014,
  "inference_time": 0.28936100006103516
}