{
  "query": "/*+ NoNestLoop(t ci) */ select count(*)\nfrom title AS t\ninner join cast_info AS ci\non t.id = ci.movie_id AND ci.person_id > 2500720;",
  "predicted_latency": 637.9855275154114,
  "actual_latency": 4917.173,
  "q_error": 7.707342546075576,
  "inference_time": 0.027144908905029297
}