{
  "predicted_latency": 0.02913774736225605,
  "actual_latency": 8.792001,
  "q_error": 301.73919677734375,
  "inference_time": 4.357414245605469,
  "timestamp": 1745754113.7898786
}