{
  "predicted_latency": 0.0291377454996109,
  "actual_latency": 8.230574,
  "q_error": 282.47119140625,
  "inference_time": 0.30899643898010254,
  "timestamp": 1745453858.717671
}