{
  "query": "/*+  */ select count(*)\nfrom title AS t\ninner join movie_keyword AS mk\non t.id = mk.movie_id AND t.production_year > 1998 AND mk.keyword_id > 77108;",
  "predicted_latency": 451.62075757980347,
  "actual_latency": 465.297,
  "q_error": 1.0302825815480368,
  "inference_time": 0.017757177352905273
}