{
  "query": "/*+  */ select count(*)\nfrom movie_info AS mi\ninner join title AS t\non t.id = mi.movie_id AND mi.info_type_id > 5;",
  "predicted_latency": 1053.4900426864624,
  "actual_latency": 2776.024,
  "q_error": 2.6350737904659955,
  "inference_time": 0.018135786056518555
}