{
  "query": "/*+  */ select count(*)\nfrom title AS t\ninner join cast_info AS ci\non t.id = ci.movie_id AND ci.person_id > 837946 AND ci.role_id > 3;",
  "predicted_latency": 1058.0999851226807,
  "actual_latency": 3837.986,
  "q_error": 3.6272432227234246,
  "inference_time": 0.029607772827148438
}