{
  "predicted_latency": 0.0291377454996109,
  "actual_latency": 0.9739329999999999,
  "q_error": 33.425132751464844,
  "inference_time": 0.3481941223144531,
  "timestamp": 1745761939.015725
}