{
  "predicted_latency": 614.189088344574,
  "actual_latency": 3877.394,
  "q_error": 6.313029771419016,
  "inference_time": 0.04354381561279297
}