{
  "query": "/*+  */ select count(*)\nfrom cast_info AS ci\ninner join title AS t\non t.id = ci.movie_id AND ci.person_id < 3450009 AND t.kind_id = 1;",
  "predicted_latency": 1393.8888311386108,
  "actual_latency": 5764.069,
  "q_error": 4.135242977226217,
  "inference_time": 0.020314693450927734
}