{
  "query": "/*+  */ select count(*)\nfrom title AS t\ninner join cast_info AS ci\non t.id = ci.movie_id AND ci.person_id > 754321 AND ci.role_id > 10;",
  "predicted_latency": 896.8806862831116,
  "actual_latency": 726.92,
  "q_error": 1.2338093411697457,
  "inference_time": 0.024873971939086914
}