{
  "predicted_latency": 401.6936719417572,
  "actual_latency": 107.876,
  "q_error": 3.723661165984623,
  "inference_time": 0.04133319854736328
}