{
  "predicted_latency": 486.18218994140625,
  "inference_time": 0.005715370178222656
}