{
  "predicted_latency": 1396.4212646484375,
  "inference_time": 0.025380611419677734
}