{
  "predicted_latency": 4239.31640625,
  "inference_time": 0.028952836990356445
}