{
  "query": "/*+  */ select count(*)\nfrom title AS t\ninner join movie_keyword AS mk\non t.id = mk.movie_id AND t.kind_id < 7 AND mk.keyword_id < 59384;",
  "predicted_latency": 1508.6122751235962,
  "actual_latency": 1013.818,
  "q_error": 1.4880503947686825,
  "inference_time": 0.015071392059326172
}