{
  "predicted_latency": 0.02913774736225605,
  "actual_latency": 3.641641,
  "q_error": 124.98017883300781,
  "inference_time": 0.9101524353027344,
  "timestamp": 1745761087.60544
}