{
  "query": "/*+ NoNestLoop(t ci) */ select count(*)\nfrom title AS t\ninner join cast_info AS ci\non t.id = ci.movie_id AND ci.person_id > 3923487;",
  "predicted_latency": 539.7834777832031,
  "actual_latency": 773.298,
  "q_error": 1.4326077618674073,
  "inference_time": 0.014495372772216797
}