{
  "predicted_latency": 0.0291377454996109,
  "actual_latency": 1.041531,
  "q_error": 35.745079040527344,
  "inference_time": 0.3255147933959961,
  "timestamp": 1745754511.3140934
}