{
  "query": "/*+  */ select count(*)\nfrom cast_info AS ci\ninner join title AS t\non t.id = ci.movie_id AND t.production_year < 1938;",
  "predicted_latency": 1142.998218536377,
  "actual_latency": 3956.567,
  "q_error": 3.461568824723482,
  "inference_time": 0.029175758361816406
}