{
  "predicted_latency": 235.80218505859375,
  "inference_time": 0.02170085906982422
}