{
  "query": "/*+  */ select count(*)\nfrom movie_keyword AS mk\ninner join title AS t\non t.id = mk.movie_id AND mk.keyword_id < 43915;",
  "predicted_latency": 1207.3121070861816,
  "actual_latency": 1140.618,
  "q_error": 1.058471904779849,
  "inference_time": 0.02748394012451172
}