{
  "query": "/*+  */ select count(*)\nfrom title AS t\ninner join cast_info AS ci\non t.id = ci.movie_id AND ci.person_id < 1305231 AND ci.role_id > 1;",
  "predicted_latency": 931.7612648010254,
  "actual_latency": 3144.271,
  "q_error": 3.374545732668388,
  "inference_time": 0.027662992477416992
}