{
  "predicted_latency": 484.3392074108124,
  "actual_latency": 414.207,
  "q_error": 1.1693168087714896,
  "inference_time": 0.10523223876953125
}