{
  "query": "/*+  */ select count(*)\nfrom title AS t\ninner join cast_info AS ci\non t.id = ci.movie_id AND ci.person_id < 1153742 AND ci.role_id > 1;",
  "predicted_latency": 928.5501837730408,
  "actual_latency": 2837.889,
  "q_error": 3.056258078016434,
  "inference_time": 0.013037919998168945
}