{
  "predicted_latency": 121.53700256347656,
  "inference_time": 0.01917123794555664
}