{
  "predicted_latency": 0.02913774736225605,
  "actual_latency": 4.8445100000000005,
  "q_error": 166.26234436035156,
  "inference_time": 1.3538062572479248,
  "timestamp": 1745759730.1617053
}