{
  "query": "/*+  */ select count(*)\nfrom title AS t\ninner join cast_info AS ci\non t.id = ci.movie_id AND ci.person_id > 877602;",
  "predicted_latency": 1094.516396522522,
  "actual_latency": 8542.619,
  "q_error": 7.804925560860904,
  "inference_time": 0.21616029739379883
}