{
  "predicted_latency": 0.0291377454996109,
  "actual_latency": 48.051036,
  "q_error": 1649.099365234375,
  "inference_time": 0.10191965103149414,
  "timestamp": 1745759985.1689312
}