{
  "predicted_latency": 490.2695119380951,
  "actual_latency": 126.929,
  "q_error": 3.8625492356994466,
  "inference_time": 0.11641430854797363
}