{
  "predicted_latency": 0.02913774736225605,
  "actual_latency": 0.232893,
  "q_error": 7.992827892303467,
  "inference_time": 0.07448744773864746,
  "timestamp": 1745758021.3125424
}