{
    "embedding": [
        0.5116515755653381,
        0.5116515755653381,
        0.5390864014625549,
        0.5852973461151123,
        0.5923488140106201,
        1.269747257232666,
        0.5116515755653381,
        0.5116515755653381,
        0.6936623454093933,
        0.5116515755653381,
        0.5116515755653381,
        0.5116515755653381,
        0.5360738039016724,
        2.8405654430389404,
        2.917900800704956,
        1.4798988103866577,
        0.5116515755653381,
        0.63548743724823,
        0.5116515755653381,
        1.96275794506073,
        0.5116515755653381,
        3.08746075630188,
        1.4030386209487915,
        0.5116515755653381,
        1.2545511722564697,
        2.7457540035247803,
        0.5116515755653381,
        0.5116515755653381,
        0.5116515755653381,
        0.5116515755653381,
        2.8192782402038574,
        2.721374273300171,
        0.5116515755653381,
        0.5116515755653381,
        2.419733762741089,
        2.6409995555877686,
        0.5116515755653381,
        1.8630927801132202,
        1.7658931016921997,
        0.5116515755653381,
        0.5116515755653381,
        0.5116515755653381,
        0.6649950742721558,
        0.5116515755653381,
        1.509460210800171,
        0.5116515755653381,
        0.5116515755653381,
        0.796517014503479,
        0.5116515755653381,
        2.6796011924743652,
        1.711164951324463,
        1.739359736442566,
        0.5116515755653381,
        0.5116515755653381,
        3.0580806732177734,
        0.5116515755653381,
        0.5116515755653381,
        0.5116515755653381,
        0.5116515755653381,
        0.6314629316329956,
        0.5116515755653381,
        2.343480348587036,
        0.5116515755653381,
        3.7440898418426514
    ],
    "timestamp": 1754258676.4240775
}