{
    "embedding": [
        0.5116515159606934,
        0.5116515159606934,
        0.5390863418579102,
        0.5852973461151123,
        0.5923487544059753,
        1.2697477340698242,
        0.5116515159606934,
        0.5116515159606934,
        0.6936624050140381,
        0.5116515159606934,
        0.5116515159606934,
        0.5116515159606934,
        0.5360738039016724,
        2.8405656814575195,
        2.9179000854492188,
        1.4798983335494995,
        0.5116515159606934,
        0.6354873180389404,
        0.5116515159606934,
        1.9627578258514404,
        0.5116515159606934,
        3.0874602794647217,
        1.4030383825302124,
        0.5116515159606934,
        1.2545509338378906,
        2.7457544803619385,
        0.5116515159606934,
        0.5116515159606934,
        0.5116515159606934,
        0.5116515159606934,
        2.8192782402038574,
        2.7213735580444336,
        0.5116515159606934,
        0.5116515159606934,
        2.419734001159668,
        2.6410000324249268,
        0.5116515159606934,
        1.8630926609039307,
        1.765893578529358,
        0.5116515159606934,
        0.5116515159606934,
        0.5116515159606934,
        0.6649950742721558,
        0.5116515159606934,
        1.5094600915908813,
        0.5116515159606934,
        0.5116515159606934,
        0.7965169548988342,
        0.5116515159606934,
        2.6796016693115234,
        1.7111647129058838,
        1.73935866355896,
        0.5116515159606934,
        0.5116515159606934,
        3.0580809116363525,
        0.5116515159606934,
        0.5116515159606934,
        0.5116515159606934,
        0.5116515159606934,
        0.6314628720283508,
        0.5116515159606934,
        2.343480110168457,
        0.5116515159606934,
        3.7440896034240723
    ],
    "timestamp": 1754258675.4012134
}