{
  "query": "/*+ NoNestLoop(t ci) */ select count(*)\nfrom title AS t\ninner join cast_info AS ci\non t.id = ci.movie_id AND ci.person_id < 1700794;",
  "predicted_latency": 672.5912690162659,
  "actual_latency": 6697.877,
  "q_error": 9.958316898458014,
  "inference_time": 0.017314672470092773
}