{
  "predicted_latency": 419.94207763671875,
  "inference_time": 0.031243085861206055
}