{
  "query": "/*+  */ select count(*)\nfrom movie_keyword AS mk\ninner join title AS t\non t.id = mk.movie_id AND mk.keyword_id > 236;",
  "predicted_latency": 1226.9967794418335,
  "actual_latency": 1136.447,
  "q_error": 1.0796779607336142,
  "inference_time": 0.013544797897338867
}