{
  "predicted_latency": 0.02913774363696575,
  "actual_latency": 2.790277,
  "q_error": 95.76160430908203,
  "inference_time": 0.9038419723510742,
  "timestamp": 1745756894.5633607
}