{
  "predicted_latency": 0.02913774363696575,
  "actual_latency": 10.604062,
  "q_error": 363.9287414550781,
  "inference_time": 4.0072925090789795,
  "timestamp": 1745453314.243669
}