{
  "query": "/*+  */ select count(*)\nfrom title AS t\ninner join cast_info AS ci\non t.id = ci.movie_id AND ci.person_id > 1992993 AND ci.role_id < 6;",
  "predicted_latency": 1157.933235168457,
  "actual_latency": 4309.493,
  "q_error": 3.721711122121002,
  "inference_time": 0.026531457901000977
}