{
  "predicted_latency": 0.0291377454996109,
  "actual_latency": 4.077922,
  "q_error": 139.95323181152344,
  "inference_time": 1.2739191055297852,
  "timestamp": 1745480341.9923759
}