{
  "predicted_latency": 687.07861328125,
  "inference_time": 0.018557071685791016
}