{
  "predicted_latency": 319.1737234592438,
  "actual_latency": 617.941,
  "q_error": 1.9360647653029832,
  "inference_time": 0.034209251403808594
}