{
  "query": "/*+  */ select count(*)\nfrom movie_companies AS mc\ninner join title AS t\non t.id = mc.movie_id AND mc.company_id > 112018;",
  "predicted_latency": 789.5368933677673,
  "actual_latency": 401.538,
  "q_error": 1.9662818795923855,
  "inference_time": 0.026506662368774414
}