{
  "query": "/*+  */ select count(*)\nfrom cast_info AS ci\ninner join title AS t\non t.id = ci.movie_id AND ci.person_id < 886575 AND t.production_year > 2010;",
  "predicted_latency": 1377.7631521224976,
  "actual_latency": 1964.419,
  "q_error": 1.4258031193342169,
  "inference_time": 0.018344879150390625
}