{
  "predicted_latency": 522.4639773368835,
  "actual_latency": 205.755,
  "q_error": 2.5392528849208214,
  "inference_time": 0.03654074668884277
}