{
    "embedding": [
        0.544537365436554,
        0.544537365436554,
        0.544537365436554,
        0.6321995854377747,
        0.544537365436554,
        1.5380282402038574,
        0.544537365436554,
        0.544537365436554,
        1.2032772302627563,
        0.544537365436554,
        0.544537365436554,
        0.544537365436554,
        0.544537365436554,
        2.2572245597839355,
        3.2396981716156006,
        1.402774453163147,
        0.544537365436554,
        1.9988257884979248,
        0.544537365436554,
        2.27685284614563,
        0.544537365436554,
        3.216029405593872,
        3.101013660430908,
        0.544537365436554,
        1.041811227798462,
        2.2621946334838867,
        0.544537365436554,
        0.544537365436554,
        0.544537365436554,
        0.544537365436554,
        2.590390682220459,
        2.721275806427002,
        0.544537365436554,
        0.544537365436554,
        1.686984896659851,
        2.215837240219116,
        0.544537365436554,
        3.300705671310425,
        2.789069890975952,
        0.544537365436554,
        0.544537365436554,
        0.544537365436554,
        0.6849841475486755,
        0.544537365436554,
        1.4203624725341797,
        0.544537365436554,
        0.544537365436554,
        0.8987082242965698,
        0.544537365436554,
        2.591015338897705,
        1.0496678352355957,
        1.7882611751556396,
        0.544537365436554,
        0.544537365436554,
        2.4147157669067383,
        0.544537365436554,
        0.544537365436554,
        0.544537365436554,
        0.544537365436554,
        0.629485547542572,
        0.544537365436554,
        2.7305097579956055,
        0.544537365436554,
        3.434103012084961
    ],
    "timestamp": 1754258669.6750836
}