{
    "embedding": [
        0.544537365436554,
        0.544537365436554,
        0.544537365436554,
        0.6321995258331299,
        0.544537365436554,
        1.5380284786224365,
        0.544537365436554,
        0.544537365436554,
        1.203277349472046,
        0.544537365436554,
        0.544537365436554,
        0.544537365436554,
        0.544537365436554,
        2.2572243213653564,
        3.239698648452759,
        1.402774453163147,
        0.544537365436554,
        1.998825192451477,
        0.544537365436554,
        2.2768521308898926,
        0.544537365436554,
        3.216029644012451,
        3.10101318359375,
        0.544537365436554,
        1.041811227798462,
        2.2621946334838867,
        0.544537365436554,
        0.544537365436554,
        0.544537365436554,
        0.544537365436554,
        2.59039044380188,
        2.72127628326416,
        0.544537365436554,
        0.544537365436554,
        1.686984658241272,
        2.215837001800537,
        0.544537365436554,
        3.3007051944732666,
        2.789069890975952,
        0.544537365436554,
        0.544537365436554,
        0.544537365436554,
        0.6849842071533203,
        0.544537365436554,
        1.420362114906311,
        0.544537365436554,
        0.544537365436554,
        0.8987082839012146,
        0.544537365436554,
        2.5910158157348633,
        1.0496678352355957,
        1.7882609367370605,
        0.544537365436554,
        0.544537365436554,
        2.414715051651001,
        0.544537365436554,
        0.544537365436554,
        0.544537365436554,
        0.544537365436554,
        0.629485547542572,
        0.544537365436554,
        2.7305104732513428,
        0.544537365436554,
        3.434102773666382
    ],
    "timestamp": 1754258667.8495407
}