{
  "predicted_latency": 196.19108736515045,
  "actual_latency": 610.214,
  "q_error": 3.1103043884163353,
  "inference_time": 0.10960245132446289
}