{
  "predicted_latency": 0.0291377454996109,
  "actual_latency": 5.03385,
  "q_error": 172.7604522705078,
  "inference_time": 0.30998992919921875,
  "timestamp": 1745771716.994013
}