{
  "predicted_latency": 263.3140563964844,
  "inference_time": 0.029443979263305664
}