{
  "predicted_latency": 0.0291377454996109,
  "actual_latency": 4.037352,
  "q_error": 138.56089782714844,
  "inference_time": 0.08574509620666504,
  "timestamp": 1745762075.89554
}