{
  "predicted_latency": 295.0996160507202,
  "actual_latency": 1253.455,
  "q_error": 4.247565675532979,
  "inference_time": 0.0917062759399414
}