{
  "predicted_latency": 0.0291377454996109,
  "actual_latency": 1.066423,
  "q_error": 36.599369049072266,
  "inference_time": 1.6961390972137451,
  "timestamp": 1745453120.3188276
}