{
  "predicted_latency": 0.0291377454996109,
  "actual_latency": 68.368074,
  "q_error": 2346.374755859375,
  "inference_time": 0.7940366268157959,
  "timestamp": 1745493010.1031952
}