{
    "embedding": [
        0.6109877228736877,
        0.6109877228736877,
        0.6109877228736877,
        0.7530156373977661,
        0.6109877228736877,
        1.4195773601531982,
        1.32684326171875,
        0.6109877228736877,
        0.7146528959274292,
        0.6109877228736877,
        0.6109877228736877,
        0.6109877228736877,
        0.6109877228736877,
        1.6275490522384644,
        3.970773220062256,
        2.2459065914154053,
        0.6109877228736877,
        1.5212291479110718,
        0.6109877228736877,
        1.9278401136398315,
        0.6109877228736877,
        0.9018574357032776,
        4.123448848724365,
        0.6109877228736877,
        1.4272218942642212,
        1.760196566581726,
        0.6109877228736877,
        0.6109877228736877,
        0.6109877228736877,
        0.6109877228736877,
        3.2436015605926514,
        1.1389552354812622,
        0.6109877228736877,
        0.6109877228736877,
        2.0147128105163574,
        2.454273223876953,
        0.6109877228736877,
        2.495978832244873,
        3.4352831840515137,
        0.6109877228736877,
        0.6109877228736877,
        0.6109877228736877,
        0.9796844720840454,
        0.6109877228736877,
        1.2800081968307495,
        0.6109877228736877,
        0.6109877228736877,
        1.0155725479125977,
        0.6109877228736877,
        2.5648834705352783,
        1.8117979764938354,
        1.2627673149108887,
        0.6109877228736877,
        0.6109877228736877,
        2.553731679916382,
        0.6109877228736877,
        0.6109877228736877,
        0.6109877228736877,
        0.6109877228736877,
        0.6153714060783386,
        0.6109877228736877,
        0.6109877228736877,
        0.6109877228736877,
        3.6308798789978027
    ],
    "timestamp": 1754257796.5154293
}