{
    "embedding": [
        0.6109877228736877,
        0.6109877228736877,
        0.6109877228736877,
        0.7530156373977661,
        0.6109877228736877,
        1.419577717781067,
        1.32684326171875,
        0.6109877228736877,
        0.7146528959274292,
        0.6109877228736877,
        0.6109877228736877,
        0.6109877228736877,
        0.6109877228736877,
        1.6275490522384644,
        3.970773458480835,
        2.245906114578247,
        0.6109877228736877,
        1.5212295055389404,
        0.6109877228736877,
        1.9278401136398315,
        0.6109877228736877,
        0.9018574953079224,
        4.123448848724365,
        0.6109877228736877,
        1.4272218942642212,
        1.760196566581726,
        0.6109877228736877,
        0.6109877228736877,
        0.6109877228736877,
        0.6109877228736877,
        3.2436017990112305,
        1.1389553546905518,
        0.6109877228736877,
        0.6109877228736877,
        2.0147128105163574,
        2.454272985458374,
        0.6109877228736877,
        2.495979070663452,
        3.4352827072143555,
        0.6109877228736877,
        0.6109877228736877,
        0.6109877228736877,
        0.9796843528747559,
        0.6109877228736877,
        1.2800081968307495,
        0.6109877228736877,
        0.6109877228736877,
        1.0155725479125977,
        0.6109877228736877,
        2.56488299369812,
        1.8117979764938354,
        1.2627673149108887,
        0.6109877228736877,
        0.6109877228736877,
        2.5537314414978027,
        0.6109877228736877,
        0.6109877228736877,
        0.6109877228736877,
        0.6109877228736877,
        0.6153712868690491,
        0.6109877228736877,
        0.6109877228736877,
        0.6109877228736877,
        3.630880117416382
    ],
    "timestamp": 1754257795.3984365
}