{
  "query": "/*+  */ select count(*)\nfrom cast_info AS ci\ninner join title AS t\non t.id = ci.movie_id AND ci.person_id = 1548148 AND t.production_year < 1985;",
  "predicted_latency": 1592.1859741210938,
  "actual_latency": 8.157,
  "q_error": 195.19259214430474,
  "inference_time": 0.018006563186645508
}