{
  "predicted_latency": 234.52700674533844,
  "actual_latency": 100.306,
  "q_error": 2.338115434224657,
  "inference_time": 0.03419160842895508
}