{
  "query": "/*+  */ select count(*)\nfrom title AS t\ninner join movie_keyword AS mk\non t.id = mk.movie_id AND mk.keyword_id = 24382;",
  "predicted_latency": 414.1151010990143,
  "actual_latency": 43.954,
  "q_error": 9.421556652386911,
  "inference_time": 0.027876853942871094
}