{
  "query": "/*+  */ select count(*)\nfrom title AS t\ninner join cast_info AS ci\non t.id = ci.movie_id AND t.production_year < 1999 AND ci.person_id < 1203974;",
  "predicted_latency": 1264.5314931869507,
  "actual_latency": 3633.354,
  "q_error": 2.873280752259476,
  "inference_time": 0.029943227767944336
}