{
  "pg_runtime": 1033.508,
  "opt_runtime": 1041.936,
  "pg_slowdown": 0.9919112114371709,
  "pg_opt_diff": -8.427999999999884,
  "original_num_of_plans": 1806,
  "pg_plan_card_error": 184.0,
  "opt_plan_card_error": 1.0,
  "num_tables": 10,
  "opt_hint": "/*+ Rows(ci n #728) Rows(it mi #451039) Rows(ci rt #276166) Rows(chn ci #801259) Rows(an n #1558) Rows(mc t #100350) Rows(ci t #220003) Rows(mi t #298264) Rows(an ci #1806603) Rows(mc mi #201039) Rows(ci mi #409523) Rows(ci mc #311161) Rows(cn mc #542096) Rows(ci rt t #79362) Rows(an ci n #425) Rows(an ci mi #888631) Rows(chn ci n #630) Rows(an ci rt #503508) Rows(cn mc mi #188366) Rows(ci it mi #409517) Rows(an ci t #432762) Rows(ci mc n #355) Rows(it mc mi #200967) Rows(chn ci mi #389514) Rows(ci n rt #727) Rows(an chn ci #1732265) Rows(cn mc t #86979) Rows(ci mc mi #238294) Rows(ci n t #133) Rows(chn ci rt #255651) Rows(ci mi n #220) Rows(chn ci t #207135) Rows(it mi t #298255) Rows(ci mc rt #86056) Rows(ci mc t #67431) Rows(an ci mc #753924) Rows(mc mi t #124234) Rows(ci mi rt #147137) Rows(ci mi t #224743) Rows(ci cn mc #289200) Rows(chn ci mc #284907) Rows(ci mi n rt #220) Rows(ci mc mi t #138095) Rows(it mc mi t #124224) Rows(cn it mc mi #188295) Rows(chn ci mc mi #216872) Rows(ci mi n t #119) Rows(ci cn mc n #333) Rows(an ci it mi #888621) Rows(an ci mc n #373) Rows(chn ci mc rt #77832) Rows(an chn ci mc #717888) Rows(ci cn mc mi #223821) Rows(chn ci mi rt #140807) Rows(chn ci mc t #61681) Rows(an ci n rt #425) Rows(an ci mc mi #489148) Rows(chn ci mi t #213232) Rows(an ci n t #115) Rows(ci cn mc rt #79662) Rows(ci it mc mi #238292) Rows(chn ci cn mc #265661) Rows(an ci mi n #224) Rows(an ci mc rt #183017) Rows(ci cn mc t #61997) Rows(chn ci rt t #75685) Rows(ci it mi n #220) Rows(an ci mc t #162934) Rows(ci mc n rt #351) Rows(an chn ci n #387) Rows(ci mc n t #80) Rows(ci mi rt t #82720) Rows(an ci cn mc #724742) Rows(ci n rt t #133) Rows(cn mc mi t #116287) Rows(an ci mi rt #273200) Rows(an chn ci mi #861428) Rows(an ci mi t #473061) Rows(ci it mi rt #147136) Rows(ci mc mi n #293) Rows(ci it mi t #224743) Rows(an chn ci rt #483319) Rows(an ci rt t #133466) Rows(an chn ci t #418687) Rows(chn ci n rt #630) Rows(chn ci it mi #389508) Rows(chn ci mc n #322) Rows(chn ci n t #119) Rows(chn ci mi n #201) Rows(ci mc mi rt #72696) Rows(ci mc rt t #19905) Rows(an chn ci n t #102) Rows(ci mc mi rt t #42723) Rows(ci it mc mi n #293) Rows(an chn ci mi n #205) Rows(an chn ci mc rt #172717) Rows(chn ci mc n rt #322) Rows(chn ci mi n rt #201) Rows(an ci it mi t #473061) Rows(an ci it mi rt #273200) Rows(cn it mc mi t #116277) Rows(chn ci it mc mi #216870) Rows(an chn ci mc t #154525) Rows(an ci cn mc mi #471692) Rows(chn ci mi n t #110) Rows(ci it mi n rt #220) Rows(an ci mc mi n #338) Rows(chn ci cn mc n #305) Rows(chn ci mc mi n #275) Rows(chn ci mc n t #71) Rows(ci cn mc mi rt #68166) Rows(chn ci it mi n #201) Rows(an ci mi n rt #224) Rows(ci it mi n t #119) Rows(an chn ci cn mc #691534) Rows(an ci cn mc rt #175140) Rows(ci cn mc mi t #130077) Rows(an chn ci mi rt #265553) Rows(an ci mi n t #99) Rows(chn ci cn mc mi #204175) Rows(an ci cn mc t #156098) Rows(ci it mc mi rt #72696) Rows(an chn ci mi t #457799) Rows(ci it mc mi t #138095) Rows(chn ci cn mc rt #72285) Rows(chn ci it mi rt #140806) Rows(an ci mc mi t #279548) Rows(an ci mc mi rt #129067) Rows(ci cn mc rt t #18371) Rows(chn ci cn mc t #56853) Rows(chn ci mc mi rt #65201) Rows(chn ci mc mi t #124666) Rows(chn ci it mi t #213232) Rows(ci mc mi n rt #293) Rows(ci mi n rt t #119) Rows(ci mc mi n t #190) Rows(an ci mc rt t #44602) Rows(chn ci mc rt t #18068) Rows(chn ci mi rt t #79081) Rows(an chn ci rt t #129967) Rows(chn ci n rt t #119) Rows(ci it mi rt t #82720) Rows(ci cn mc n rt #329) Rows(ci mc n rt t #80) Rows(ci cn it mc mi #223819) Rows(an ci mi rt t #146047) Rows(ci cn mc n t #73) Rows(an ci it mc mi #489142) Rows(an chn ci mc n #348) Rows(an ci it mi n #224) Rows(an chn ci it mi #861418) Rows(an ci mc n rt #373) Rows(ci cn mc mi n #268) Rows(an ci n rt t #115) Rows(an ci cn mc n #359) Rows(an chn ci n rt #387) Rows(an chn ci mc mi #462677) Rows(an ci mc n t #85) Rows(ci cn mc mi rt t #40272) Rows(an chn ci it mc mi #462671) Rows(an chn ci cn mc n #341) Rows(chn ci mc mi rt t #37828) Rows(an chn ci mc mi n #321) Rows(chn ci mc n rt t #71) Rows(chn ci it mc mi rt #65201) Rows(chn ci it mc mi t #124666) Rows(an ci mc mi rt t #74076) Rows(an chn ci it mi rt #265553) Rows(an chn ci mc n rt #348) Rows(an chn ci mc n t #79) Rows(an chn ci mi n rt #205) Rows(an ci cn mc rt t #42962) Rows(chn ci it mi n rt #201) Rows(an ci it mc mi n #338) Rows(an chn ci it mi t #457799) Rows(an chn ci cn mc mi #447378) Rows(chn ci cn mc mi rt #61290) Rows(an chn ci mi n t #89) Rows(chn ci it mi n t #110) Rows(ci it mc mi n rt #293) Rows(an ci it mi n rt #224) Rows(chn ci cn mc mi t #117399) Rows(ci mc mi n rt t #190) Rows(ci it mc mi n t #190) Rows(an chn ci mc mi rt #120553) Rows(an chn ci cn mc rt #165654) Rows(an ci it mi n t #99) Rows(ci it mi n rt t #119) Rows(an chn ci cn mc t #148496) Rows(ci cn it mc mi n #268) Rows(an chn ci mc mi t #263429) Rows(chn ci cn mc rt t #16701) Rows(an ci it mc mi rt #129067) Rows(ci cn mc mi n rt #268) Rows(ci cn mc mi n t #170) Rows(an ci it mc mi t #279548) Rows(an chn ci mc rt t #42182) Rows(an ci cn it mc mi #471686) Rows(chn ci mc mi n rt #275) Rows(an ci cn mc mi n #324) Rows(chn ci mi n rt t #110) Rows(chn ci cn it mc mi #204173) Rows(chn ci mc mi n t #182) Rows(an ci mc mi n rt #338) Rows(ci cn it mc mi t #130077) Rows(ci cn it mc mi rt #68166) Rows(an ci cn mc n rt #359) Rows(an ci mc mi n t #199) Rows(an ci cn mc n t #82) Rows(ci cn mc n rt t #73) Rows(chn ci it mi rt t #79081) Rows(chn ci cn mc n rt #305) Rows(an ci it mi rt t #146047) Rows(chn ci cn mc n t #65) Rows(chn ci it mc mi n #275) Rows(an ci mi n rt t #99) Rows(an ci mc n rt t #85) Rows(an ci cn mc mi rt #124794) Rows(an chn ci mi rt t #142013) Rows(ci it mc mi rt t #42723) Rows(an ci cn mc mi t #269635) Rows(an chn ci it mi n #205) Rows(an chn ci n rt t #102) Rows(chn ci cn mc mi n #254) Rows(an chn ci cn mc rt t #40747) Rows(an chn ci mi n rt t #89) Rows(an ci cn it mc mi n #324) Rows(an chn ci mc n rt t #79) Rows(chn ci cn mc mi rt t #35604) Rows(chn ci cn it mc mi n #254) Rows(an ci cn mc mi rt t #71864) Rows(an chn ci mc mi n rt #321) Rows(an chn ci cn it mc mi #447372) Rows(an chn ci mc mi n t #194) Rows(ci cn it mc mi rt t #40272) Rows(an chn ci cn mc mi n #311) Rows(an ci cn it mc mi rt #124794) Rows(chn ci it mi n rt t #110) Rows(an ci cn it mc mi t #269635) Rows(chn ci cn it mc mi rt #61290) Rows(an chn ci it mi n rt #205) Rows(an chn ci cn mc n rt #341) Rows(ci it mc mi n rt t #190) Rows(chn ci cn it mc mi t #117399) Rows(an chn ci it mi n t #89) Rows(an chn ci cn mc n t #77) Rows(an chn ci it mc mi n #321) Rows(chn ci it mc mi n rt #275) Rows(chn ci it mc mi n t #182) Rows(an ci it mc mi n t #199) Rows(an ci it mc mi rt t #74076) Rows(an chn ci cn mc mi rt #116967) Rows(chn ci cn mc mi n rt #254) Rows(ci cn mc mi n rt t #170) Rows(an chn ci cn mc mi t #254606) Rows(chn ci cn mc mi n t #162) Rows(an ci cn mc n rt t #82) Rows(an chn ci mc mi rt t #68948) Rows(an chn ci it mc mi t #263429) Rows(an chn ci it mc mi rt #120553) Rows(chn ci mc mi n rt t #182) Rows(ci cn it mc mi n rt #268) Rows(chn ci cn mc n rt t #65) Rows(chn ci it mc mi rt t #37828) Rows(an ci cn mc mi n rt #324) Rows(ci cn it mc mi n t #170) Rows(an ci cn mc mi n t #189) Rows(an ci it mc mi n rt #338) Rows(an ci mc mi n rt t #199) Rows(an ci it mi n rt t #99) Rows(an chn ci it mi rt t #142013) Rows(an ci it mc mi n rt t #199) Rows(an chn ci mc mi n rt t #194) Rows(chn ci it mc mi n rt t #182) Rows(an chn ci cn mc n rt t #77) Rows(an chn ci it mc mi rt t #68948) Rows(ci cn it mc mi n rt t #170) Rows(an chn ci cn mc mi n rt #311) Rows(an chn ci cn mc mi n t #184) Rows(an ci cn mc mi n rt t #189) Rows(chn ci cn it mc mi rt t #35604) Rows(an chn ci cn it mc mi n #311) Rows(an 