{
  "predicted_latency": 763.2705569267273,
  "actual_latency": 241.549,
  "q_error": 3.1598994693694746,
  "inference_time": 0.09540081024169922
}