{
  "predicted_latency": 779.81884765625,
  "inference_time": 0.005448102951049805
}