{
  "predicted_latency": 603.7619709968567,
  "actual_latency": 3112.838,
  "q_error": 5.155737110869155,
  "inference_time": 0.09488868713378906
}