{
  "query": "/*+  */ select count(*)\nfrom movie_keyword AS mk\ninner join title AS t\non t.id = mk.movie_id AND mk.keyword_id < 43228;",
  "predicted_latency": 1206.3164710998535,
  "actual_latency": 1184.697,
  "q_error": 1.0182489455952481,
  "inference_time": 0.026216983795166016
}