{
  "query": "/*+  */ select count(*)\nfrom title AS t\ninner join cast_info AS ci\non t.id = ci.movie_id AND ci.person_id < 2688594 AND ci.role_id > 1;",
  "predicted_latency": 1026.6846418380737,
  "actual_latency": 5214.782,
  "q_error": 5.07924418803419,
  "inference_time": 0.017101049423217773
}