{
    "embedding": [
        0.514474630355835,
        0.514474630355835,
        0.514474630355835,
        0.6270778179168701,
        0.514474630355835,
        1.4547609090805054,
        0.514474630355835,
        0.514474630355835,
        0.5331676006317139,
        0.514474630355835,
        0.514474630355835,
        0.514474630355835,
        0.514474630355835,
        1.9764752388000488,
        4.128055572509766,
        1.5156946182250977,
        0.514474630355835,
        1.3969370126724243,
        0.514474630355835,
        2.7221250534057617,
        0.514474630355835,
        0.5564015507698059,
        3.8187661170959473,
        0.514474630355835,
        0.956296980381012,
        1.1901764869689941,
        0.514474630355835,
        0.514474630355835,
        0.514474630355835,
        0.514474630355835,
        3.376559257507324,
        0.9844434261322021,
        0.514474630355835,
        0.514474630355835,
        1.3748167753219604,
        2.153285264968872,
        0.514474630355835,
        2.2407166957855225,
        3.489088535308838,
        0.514474630355835,
        0.514474630355835,
        0.514474630355835,
        0.6698843836784363,
        0.514474630355835,
        0.9567306041717529,
        0.514474630355835,
        0.514474630355835,
        0.8456325531005859,
        0.514474630355835,
        3.0402987003326416,
        0.9773421287536621,
        1.6842275857925415,
        0.514474630355835,
        0.514474630355835,
        2.624584197998047,
        0.514474630355835,
        0.514474630355835,
        0.514474630355835,
        0.514474630355835,
        0.6345382332801819,
        0.514474630355835,
        0.514474630355835,
        0.514474630355835,
        2.60253643989563
    ],
    "timestamp": 1754257777.6550486
}