{
    "embedding": [
        0.5144745707511902,
        0.5144745707511902,
        0.5144745707511902,
        0.6270776987075806,
        0.5144745707511902,
        1.4547613859176636,
        0.5144745707511902,
        0.5144745707511902,
        0.5331676602363586,
        0.5144745707511902,
        0.5144745707511902,
        0.5144745707511902,
        0.5144745707511902,
        1.976475477218628,
        4.128055572509766,
        1.5156943798065186,
        0.5144745707511902,
        1.3969366550445557,
        0.5144745707511902,
        2.7221245765686035,
        0.5144745707511902,
        0.5564014911651611,
        3.818765163421631,
        0.5144745707511902,
        0.9562967419624329,
        1.190176248550415,
        0.5144745707511902,
        0.5144745707511902,
        0.5144745707511902,
        0.5144745707511902,
        3.376558542251587,
        0.9844436049461365,
        0.5144745707511902,
        0.5144745707511902,
        1.3748172521591187,
        2.1532857418060303,
        0.5144745707511902,
        2.2407174110412598,
        3.489088296890259,
        0.5144745707511902,
        0.5144745707511902,
        0.5144745707511902,
        0.6698843240737915,
        0.5144745707511902,
        0.956730842590332,
        0.5144745707511902,
        0.5144745707511902,
        0.8456324338912964,
        0.5144745707511902,
        3.040299415588379,
        0.9773423075675964,
        1.684227466583252,
        0.5144745707511902,
        0.5144745707511902,
        2.624584436416626,
        0.5144745707511902,
        0.5144745707511902,
        0.5144745707511902,
        0.5144745707511902,
        0.6345383524894714,
        0.5144745707511902,
        0.5144745707511902,
        0.5144745707511902,
        2.602536201477051
    ],
    "timestamp": 1754257778.5500789
}