{
  "predicted_latency": 939.1007423400879,
  "actual_latency": 1208.825,
  "q_error": 1.2872154663490125,
  "inference_time": 0.07884907722473145
}