{
  "query": "/*+  */ select count(*)\nfrom movie_companies AS mc\ninner join title AS t\non t.id = mc.movie_id AND mc.company_id > 94803;",
  "predicted_latency": 869.2603707313538,
  "actual_latency": 446.719,
  "q_error": 1.9458773204886153,
  "inference_time": 0.014415264129638672
}