{
  "predicted_latency": 466.1259949207306,
  "actual_latency": 691.657,
  "q_error": 1.483841295136572,
  "inference_time": 0.1125190258026123
}