{
  "predicted_latency": 0.02913774736225605,
  "actual_latency": 1.996953,
  "q_error": 68.534912109375,
  "inference_time": 0.6762666702270508,
  "timestamp": 1745761791.930397
}