{
  "predicted_latency": 630.7356357574463,
  "actual_latency": 50.237,
  "q_error": 12.555201062114502,
  "inference_time": 0.09296083450317383
}