{
  "query": "/*+ NoNestLoop(t ci) */ select count(*)\nfrom title AS t\ninner join cast_info AS ci\non t.id = ci.movie_id AND ci.person_id > 3550524;",
  "predicted_latency": 594.5489406585693,
  "actual_latency": 1342.128,
  "q_error": 2.257388598680124,
  "inference_time": 0.014001846313476562
}