{
  "query": "/*+  */ select count(*)\nfrom title AS t\ninner join cast_info AS ci\non t.id = ci.movie_id AND ci.person_id > 1043496;",
  "predicted_latency": 999.4674324989319,
  "actual_latency": 8039.341,
  "q_error": 8.043624773144964,
  "inference_time": 0.026597023010253906
}