{
  "predicted_latency": 206.34262263774872,
  "actual_latency": 4438.709,
  "q_error": 21.51135302662366,
  "inference_time": 0.17705082893371582
}