{
  "predicted_latency": 0.02913774363696575,
  "actual_latency": 54.251641000000006,
  "q_error": 1861.902587890625,
  "inference_time": 2.6158411502838135,
  "timestamp": 1745756081.1473618
}