{
  "query": "/*+ NoNestLoop(ci t) */ select count(*)\nfrom cast_info AS ci\ninner join title AS t\non t.id = ci.movie_id AND ci.person_id < 3340813;",
  "predicted_latency": 1126.9316673278809,
  "actual_latency": 9888.761,
  "q_error": 8.774942870713442,
  "inference_time": 0.02708601951599121
}