{
  "predicted_latency": 103.45013439655304,
  "actual_latency": 3881.836,
  "q_error": 37.52374052139794,
  "inference_time": 0.1502237319946289
}