{
  "query": "/*+  */ select count(*)\nfrom cast_info AS ci\ninner join title AS t\non t.id = ci.movie_id AND t.production_year < 1982;",
  "predicted_latency": 1339.8669958114624,
  "actual_latency": 5135.416,
  "q_error": 3.832780429739478,
  "inference_time": 0.031948089599609375
}