{
  "query": "/*+  */ select count(*)\nfrom title AS t\ninner join movie_keyword AS mk\non t.id = mk.movie_id AND mk.keyword_id < 66859;",
  "predicted_latency": 1240.1076555252075,
  "actual_latency": 1379.249,
  "q_error": 1.1122010204959696,
  "inference_time": 0.010353803634643555
}