{
  "query": "/*+  */ select count(*)\nfrom title AS t\ninner join cast_info AS ci\non t.id = ci.movie_id AND t.kind_id < 7 AND ci.person_id > 1042605;",
  "predicted_latency": 1379.8631429672241,
  "actual_latency": 5663.046,
  "q_error": 4.104063528954273,
  "inference_time": 0.010609865188598633
}