{
  "predicted_latency": 453.7082016468048,
  "actual_latency": 5149.072,
  "q_error": 11.34886250967172,
  "inference_time": 0.07946276664733887
}