{
  "predicted_latency": 792.7204370498657,
  "actual_latency": 4735.798,
  "q_error": 5.974108624756065,
  "inference_time": 0.08207821846008301
}