{
  "query": "/*+  */ select count(*)\nfrom title AS t\ninner join cast_info AS ci\non t.id = ci.movie_id AND ci.person_id < 2819669 AND ci.role_id < 2;",
  "predicted_latency": 1037.6548767089844,
  "actual_latency": 4414.429,
  "q_error": 4.254236258206349,
  "inference_time": 0.026541948318481445
}