{
  "query": "/*+ NoNestLoop(ci t) */ select count(*)\nfrom cast_info AS ci\ninner join title AS t\non t.id = ci.movie_id AND ci.person_id < 3252499;",
  "predicted_latency": 1129.5350790023804,
  "actual_latency": 9983.609,
  "q_error": 8.838688753976237,
  "inference_time": 0.012735366821289062
}