{
  "pg_runtime": 29399.468,
  "opt_runtime": 29432.18,
  "pg_slowdown": 0.998888563470324,
  "pg_opt_diff": -32.711999999999534,
  "original_num_of_plans": 2,
  "pg_plan_card_error": 8.57924649282438,
  "opt_plan_card_error": 1.0,
  "num_tables": 3,
  "opt_hint": "/*+ Rows(movie_keyword title #2742670) Rows(movie_info title #9092685) Rows(movie_info movie_keyword title #157041640) */"
}