{
  "query": "/*+  */ select count(*)\nfrom title AS t\ninner join movie_info AS mi\non t.id = mi.movie_id AND t.production_year < 1991;",
  "predicted_latency": 1138.0547285079956,
  "actual_latency": 2585.061,
  "q_error": 2.27147336173283,
  "inference_time": 0.025130748748779297
}