{
  "query": "/*+  */ select count(*)\nfrom cast_info AS ci\ninner join title AS t\non t.id = ci.movie_id AND ci.person_id < 829467 AND t.production_year = 2010;",
  "predicted_latency": 1231.6688299179077,
  "actual_latency": 1710.98,
  "q_error": 1.3891558821976837,
  "inference_time": 0.02917933464050293
}