{
  "predicted_latency": 359.24026370048523,
  "actual_latency": 787.464,
  "q_error": 2.192026004792559,
  "inference_time": 0.14040088653564453
}