{
  "query": "/*+  */ select count(*)\nfrom title AS t\ninner join cast_info AS ci\non t.id = ci.movie_id AND ci.person_id > 1870432 AND ci.role_id > 1;",
  "predicted_latency": 940.7854080200195,
  "actual_latency": 6180.095,
  "q_error": 6.569080416549669,
  "inference_time": 0.03031611442565918
}