{
  "query": "/*+  */ select count(*)\nfrom movie_companies AS mc\ninner join title AS t\non t.id = mc.movie_id AND mc.company_id > 76572;",
  "predicted_latency": 969.8736071586609,
  "actual_latency": 529.107,
  "q_error": 1.8330386994665746,
  "inference_time": 0.019045591354370117
}