{
    "embedding": [
        0.5672876238822937,
        0.5672876238822937,
        0.5672876238822937,
        0.6905452013015747,
        0.5672876238822937,
        1.5294668674468994,
        0.5672876238822937,
        0.5672876238822937,
        0.5672876238822937,
        0.5672876238822937,
        0.5672876238822937,
        0.5672876238822937,
        0.5672876238822937,
        2.065915107727051,
        3.8229024410247803,
        0.5672876238822937,
        0.5672876238822937,
        1.0416301488876343,
        0.5672876238822937,
        2.630131959915161,
        0.5672876238822937,
        0.6158843636512756,
        2.7276268005371094,
        0.5672876238822937,
        0.8286101818084717,
        0.9403538107872009,
        0.5672876238822937,
        0.5672876238822937,
        0.5672876238822937,
        0.5672876238822937,
        3.3395979404449463,
        1.0780701637268066,
        0.5672876238822937,
        0.5672876238822937,
        1.4057722091674805,
        2.4476559162139893,
        0.5672876238822937,
        1.6559077501296997,
        2.710681438446045,
        0.5672876238822937,
        0.5672876238822937,
        0.5672876238822937,
        0.7091553807258606,
        0.5672876238822937,
        1.0600427389144897,
        0.5672876238822937,
        0.5672876238822937,
        1.068530797958374,
        0.5672876238822937,
        2.4282307624816895,
        0.8948062658309937,
        1.4019562005996704,
        0.5672876238822937,
        0.5672876238822937,
        3.0099635124206543,
        0.5672876238822937,
        0.5672876238822937,
        0.5672876238822937,
        0.5672876238822937,
        0.6445665955543518,
        0.5672876238822937,
        0.5672876238822937,
        0.5672876238822937,
        3.2058846950531006
    ],
    "timestamp": 1754258153.2728102
}