{
    "embedding": [
        0.5672877430915833,
        0.5672877430915833,
        0.5672877430915833,
        0.6905452609062195,
        0.5672877430915833,
        1.529466986656189,
        0.5672877430915833,
        0.5672877430915833,
        0.5672877430915833,
        0.5672877430915833,
        0.5672877430915833,
        0.5672877430915833,
        0.5672877430915833,
        2.06591534614563,
        3.8229029178619385,
        0.5672877430915833,
        0.5672877430915833,
        1.0416301488876343,
        0.5672877430915833,
        2.630131721496582,
        0.5672877430915833,
        0.6158844828605652,
        2.7276265621185303,
        0.5672877430915833,
        0.8286104202270508,
        0.9403539896011353,
        0.5672877430915833,
        0.5672877430915833,
        0.5672877430915833,
        0.5672877430915833,
        3.3395979404449463,
        1.0780705213546753,
        0.5672877430915833,
        0.5672877430915833,
        1.4057718515396118,
        2.447655439376831,
        0.5672877430915833,
        1.6559075117111206,
        2.7106821537017822,
        0.5672877430915833,
        0.5672877430915833,
        0.5672877430915833,
        0.7091554999351501,
        0.5672877430915833,
        1.0600426197052002,
        0.5672877430915833,
        0.5672877430915833,
        1.0685311555862427,
        0.5672877430915833,
        2.4282314777374268,
        0.8948065042495728,
        1.4019556045532227,
        0.5672877430915833,
        0.5672877430915833,
        3.0099644660949707,
        0.5672877430915833,
        0.5672877430915833,
        0.5672877430915833,
        0.5672877430915833,
        0.6445667743682861,
        0.5672877430915833,
        0.5672877430915833,
        0.5672877430915833,
        3.2058842182159424
    ],
    "timestamp": 1754258157.7325113
}