{
  "query": "/*+ NoNestLoop(ci t) */ select count(*)\nfrom cast_info AS ci\ninner join title AS t\non t.id = ci.movie_id AND ci.person_id < 3474206;",
  "predicted_latency": 1130.7792663574219,
  "actual_latency": 10458.317,
  "q_error": 9.248769685784358,
  "inference_time": 0.018375396728515625
}