{
  "predicted_latency": 2185.1962890625,
  "inference_time": 0.03712654113769531
}