{
  "predicted_latency": 385.90729236602783,
  "actual_latency": 145.823,
  "q_error": 2.646408950344101,
  "inference_time": 0.03625941276550293
}