{
  "predicted_latency": 0.0291377454996109,
  "actual_latency": 45.902012,
  "q_error": 1575.3453369140625,
  "inference_time": 0.10655593872070312,
  "timestamp": 1745761785.5649805
}