{
  "predicted_latency": -43.941061943769455,
  "actual_latency": 11.738,
  "q_error": -0.26713054898447597,
  "inference_time": 0.034433603286743164
}