{
  "query": "/*+  */ select count(*)\nfrom title AS t\ninner join cast_info AS ci\non t.id = ci.movie_id AND ci.person_id > 1250267;",
  "predicted_latency": 885.7317566871643,
  "actual_latency": 7868.126,
  "q_error": 8.883192840943808,
  "inference_time": 0.01175379753112793
}