{
  "query": "/*+ NoNestLoop(ci t) */ select count(*)\nfrom cast_info AS ci\ninner join title AS t\non t.id = ci.movie_id AND ci.person_id > 393430;",
  "predicted_latency": 1127.2447109222412,
  "actual_latency": 9767.962,
  "q_error": 8.665342942268909,
  "inference_time": 0.014242887496948242
}