{
  "query": "/*+  */ select count(*)\nfrom title AS t\ninner join movie_keyword AS mk\non t.id = mk.movie_id AND t.production_year < 1971;",
  "predicted_latency": 1290.3789281845093,
  "actual_latency": 748.498,
  "q_error": 1.7239577503006143,
  "inference_time": 0.018706083297729492
}