{
  "predicted_latency": 694.9037475585938,
  "inference_time": 0.07515692710876465
}