{
  "query": "/*+  */ select count(*)\nfrom title AS t\ninner join cast_info AS ci\non t.id = ci.movie_id AND ci.person_id < 2644183 AND ci.role_id = 1;",
  "predicted_latency": 934.442937374115,
  "actual_latency": 5632.013,
  "q_error": 6.0271342152005145,
  "inference_time": 0.014163970947265625
}