{
  "query": "/*+  */ select count(*)\nfrom title AS t\ninner join cast_info AS ci\non t.id = ci.movie_id AND ci.person_id < 2114934 AND ci.role_id > 1;",
  "predicted_latency": 948.2938051223755,
  "actual_latency": 4325.398,
  "q_error": 4.561242493239546,
  "inference_time": 0.030303239822387695
}