{
  "predicted_latency": 650.260329246521,
  "actual_latency": 3411.328,
  "q_error": 5.246095827424722,
  "inference_time": 0.09343695640563965
}