{
  "predicted_latency": 787.9785766601562,
  "inference_time": 0.010681390762329102
}