{
  "predicted_latency": 385.3987753391266,
  "actual_latency": 4250.073,
  "q_error": 11.027728347761885,
  "inference_time": 0.09299659729003906
}