{
  "predicted_latency": 99.27817434072495,
  "actual_latency": 326.118,
  "q_error": 3.2848911874704267,
  "inference_time": 0.15663933753967285
}