{
  "predicted_latency": 0.02913774736225605,
  "actual_latency": 1.240113,
  "q_error": 42.560359954833984,
  "inference_time": 0.8054802417755127,
  "timestamp": 1745479403.4584165
}