{
  "predicted_latency": 0.02913774736225605,
  "actual_latency": 4.83788,
  "q_error": 166.03480529785156,
  "inference_time": 1.291414737701416,
  "timestamp": 1745479213.8202999
}