{
  "query": "/*+ NoNestLoop(t ci) */ select count(*)\nfrom title AS t\ninner join cast_info AS ci\non t.id = ci.movie_id AND ci.person_id > 3724081;",
  "predicted_latency": 569.1158771514893,
  "actual_latency": 1288.505,
  "q_error": 2.264046834274176,
  "inference_time": 0.018388986587524414
}