{
  "predicted_latency": 0.02913774736225605,
  "actual_latency": 131.027723,
  "q_error": 4496.837890625,
  "inference_time": 1.8296914100646973,
  "timestamp": 1745759603.6404397
}