{
  "query": "/*+  */ select count(*)\nfrom movie_companies AS mc\ninner join title AS t\non t.id = mc.movie_id AND mc.company_id > 182633;",
  "predicted_latency": 600.7328033447266,
  "actual_latency": 315.922,
  "q_error": 1.9015225382997276,
  "inference_time": 0.011144399642944336
}