{
  "query": "/*+  */ select count(*)\nfrom movie_keyword AS mk\ninner join title AS t\non t.id = mk.movie_id AND mk.keyword_id > 230;",
  "predicted_latency": 1230.5490970611572,
  "actual_latency": 1237.088,
  "q_error": 1.0053138090584595,
  "inference_time": 0.019202709197998047
}