{
    "embedding": [
        0.5475488901138306,
        0.5475488901138306,
        0.5990803241729736,
        0.7515533566474915,
        0.6113806366920471,
        1.3381553888320923,
        0.5475488901138306,
        0.5475488901138306,
        1.8270305395126343,
        0.5475488901138306,
        0.5475488901138306,
        0.5475488901138306,
        0.5475488901138306,
        2.595191717147827,
        2.9345438480377197,
        1.329105257987976,
        0.5475488901138306,
        1.8900742530822754,
        0.5475488901138306,
        2.1791255474090576,
        0.5475488901138306,
        2.808257579803467,
        2.1928677558898926,
        0.5475488901138306,
        1.268320083618164,
        2.65767502784729,
        0.5475488901138306,
        0.5475488901138306,
        0.5475488901138306,
        0.5475488901138306,
        2.804439067840576,
        2.0779616832733154,
        0.5475488901138306,
        0.5475488901138306,
        1.9563167095184326,
        2.3803374767303467,
        0.5475488901138306,
        2.2597477436065674,
        2.1432738304138184,
        0.5475488901138306,
        0.5475488901138306,
        0.5475488901138306,
        0.6840184926986694,
        0.5475488901138306,
        1.654352068901062,
        0.5475488901138306,
        0.5475488901138306,
        0.8643404841423035,
        0.5475488901138306,
        2.8966808319091797,
        2.8714919090270996,
        1.8923698663711548,
        0.5475488901138306,
        0.5475488901138306,
        2.9351372718811035,
        0.5475488901138306,
        0.5475488901138306,
        0.5475488901138306,
        0.5475488901138306,
        0.6956453919410706,
        0.5475488901138306,
        1.5674395561218262,
        0.5475488901138306,
        3.476783037185669
    ],
    "timestamp": 1754258614.759826
}