{
    "embedding": [
        0.5475489497184753,
        0.5475489497184753,
        0.5990802645683289,
        0.7515535354614258,
        0.6113806366920471,
        1.3381555080413818,
        0.5475489497184753,
        0.5475489497184753,
        1.8270306587219238,
        0.5475489497184753,
        0.5475489497184753,
        0.5475489497184753,
        0.5475489497184753,
        2.5951919555664062,
        2.9345428943634033,
        1.3291058540344238,
        0.5475489497184753,
        1.8900747299194336,
        0.5475489497184753,
        2.1791255474090576,
        0.5475489497184753,
        2.8082573413848877,
        2.19286847114563,
        0.5475489497184753,
        1.268319845199585,
        2.65767502784729,
        0.5475489497184753,
        0.5475489497184753,
        0.5475489497184753,
        0.5475489497184753,
        2.8044393062591553,
        2.0779619216918945,
        0.5475489497184753,
        0.5475489497184753,
        1.956316590309143,
        2.380337715148926,
        0.5475489497184753,
        2.2597479820251465,
        2.1432735919952393,
        0.5475489497184753,
        0.5475489497184753,
        0.5475489497184753,
        0.6840184926986694,
        0.5475489497184753,
        1.6543519496917725,
        0.5475489497184753,
        0.5475489497184753,
        0.8643405437469482,
        0.5475489497184753,
        2.8966803550720215,
        2.8714921474456787,
        1.8923701047897339,
        0.5475489497184753,
        0.5475489497184753,
        2.9351372718811035,
        0.5475489497184753,
        0.5475489497184753,
        0.5475489497184753,
        0.5475489497184753,
        0.6956455707550049,
        0.5475489497184753,
        1.5674399137496948,
        0.5475489497184753,
        3.476783037185669
    ],
    "timestamp": 1754258621.402426
}