{
  "query": "/*+  */ select count(*)\nfrom title AS t\ninner join cast_info AS ci\non t.id = ci.movie_id AND ci.person_id > 3595047 AND ci.role_id > 1;",
  "predicted_latency": 871.4126944541931,
  "actual_latency": 1523.468,
  "q_error": 1.7482738198509031,
  "inference_time": 0.016591548919677734
}