{
  "query": "/*+  */ select count(*)\nfrom cast_info AS ci\ninner join title AS t\non t.id = ci.movie_id AND t.production_year < 1970;",
  "predicted_latency": 1239.1793727874756,
  "actual_latency": 4569.822,
  "q_error": 3.6877808817301414,
  "inference_time": 0.014811515808105469
}