{
  "predicted_latency": 0.02913774736225605,
  "actual_latency": 2.863954,
  "q_error": 98.29016876220703,
  "inference_time": 0.5415940284729004,
  "timestamp": 1745757857.090434
}