{
  "query": "/*+  */ select count(*)\nfrom cast_info AS ci\ninner join title AS t\non t.id = ci.movie_id AND ci.person_id < 2280472 AND ci.role_id < 2 AND t.production_year < 1961;",
  "predicted_latency": 1463.0063772201538,
  "actual_latency": 2173.971,
  "q_error": 1.4859613969220997,
  "inference_time": 0.02694845199584961
}