{
  "predicted_latency": 0.02913774736225605,
  "actual_latency": 2.3704,
  "q_error": 81.35151672363281,
  "inference_time": 0.725271463394165,
  "timestamp": 1745759143.339153
}