{
  "embedding": [
    1.267968950206004,
    2.0838286498787144,
    2.0431767034040162,
    0.2551680300189006,
    1.4246441231349274,
    3.0366210071306288,
    3.739030978869818,
    0.8524225698709228,
    1.032027420063279,
    0.9717035847756246,
    2.2930986328714287,
    2.0344520183482664,
    2.8372873107011056,
    1.8499997668188117,
    0.2995229122591898,
    4.225813459049808,
    0.3143458114293693,
    2.3415338376229284,
    1.7110713270291997,
    2.206058754520735,
    3.578025409447025,
    2.494847231699693,
    0.9470824288415669,
    0.18470889905414464,
    1.1003381572166133,
    3.3630953911826524,
    3.590497370544599,
    3.108022821528993,
    1.6771107419304039,
    4.133793796392109,
    1.3687458022225065,
    2.3738825889824833,
    0.9668038968512536,
    4.260688709218121,
    2.8755275095729416,
    3.082009843911407,
    1.7679965576926517,
    0.4098832830013482,
    2.55824774296385,
    4.501578039219088,
    1.6072232588086914,
    2.0309567152313037,
    2.5930582260523662,
    0.6301143137165233,
    2.0963695129623976,
    3.02141262902793,
    4.5175461085820015,
    2.4464796354598186,
    2.907509908978582,
    2.3915706789066347,
    1.3763479417622235,
    4.61338579864133,
    2.1412239188511526,
    0.7260674061486068,
    1.0805878106022977,
    2.279707347135961,
    3.311167562068275,
    1.2821921512671588,
    2.540014498957475,
    1.1900451798435476,
    0.4101871001986601,
    2.008353644947426,
    2.594535474022573,
    2.3490621078210143
  ],
  "timestamp": 1754306322.0641282
}