{
  "embedding": [
    0.1588790504084584,
    2.776440960203293,
    1.8219586651214572,
    0.17897461700106346,
    0.7250699387780466,
    2.5310923693237295,
    3.694871971725152,
    3.1871882561446885,
    1.2244981031097264,
    1.6801001870052916,
    2.0683925021300853,
    2.5119421441984624,
    1.7328903931205235,
    0.74594260667736,
    0.24241174882141014,
    4.235808286488729,
    0.23400345835792005,
    2.664863036177321,
    1.9002475441027091,
    2.9541319064729716,
    4.271506575551253,
    1.1798611020693839,
    0.2990484434881955,
    0.1588790504084584,
    1.6902756668972478,
    2.5972970463030216,
    3.3544697759166304,
    4.304998133997356,
    1.6494587048701732,
    3.3084288580061507,
    1.4006939241678062,
    3.2500626499343475,
    1.8704154579494612,
    4.109114439574227,
    3.0306999692881265,
    1.7181316847845947,
    1.3598036421246484,
    0.3517347375671279,
    1.5369014342311849,
    2.844360652629129,
    1.1205558290666497,
    2.762796097113253,
    2.561145961759626,
    0.46634983835666827,
    3.0652220990408297,
    2.4342335015938135,
    3.0000210579958124,
    2.041518083767212,
    2.5327352237092833,
    3.497492782172258,
    1.6069801874219012,
    2.5026595281552404,
    1.6339453514545852,
    0.5593691291004785,
    1.0777421032280916,
    1.8271055667651617,
    3.437663371539111,
    1.2304836618418902,
    2.3383489112551463,
    0.29954171289771525,
    0.1588790504084584,
    1.7404679627375748,
    2.013837533508898,
    1.4119687989922765
  ],
  "timestamp": 1754306057.6032813
}