{
  "predicted_latency": 0.02913774736225605,
  "actual_latency": 5.335496,
  "q_error": 183.11285400390625,
  "inference_time": 2.747441530227661,
  "timestamp": 1745452123.4112449
}