{
  "predicted_latency": 956.9478149414062,
  "inference_time": 0.004881858825683594
}