{
  "predicted_latency": 206.83168029785156,
  "inference_time": 0.017546892166137695
}