{
  "predicted_latency": 0.02913774736225605,
  "actual_latency": 12.725414,
  "q_error": 436.7329406738281,
  "inference_time": 0.6806397438049316,
  "timestamp": 1745479652.9063356
}