{
  "embedding": [
    0.18719675619867704,
    1.8710706195457065,
    2.0170599844956194,
    0.7705222938495296,
    0.05101091589422675,
    2.5582367863848,
    1.9834066530628958,
    1.279192011289398,
    0.7469719100788129,
    1.7665229470451218,
    4.450253419476172,
    4.499419535492299,
    1.3959075291439986,
    2.3775508621027943,
    0.3874328590079457,
    3.6939491305132175,
    2.1305330865664045,
    2.845620835762872,
    0.5407146456339212,
    0.4254243113195042,
    0.7264745361201933,
    3.06447310395002,
    2.5350787296173203,
    1.5022663009564405,
    0.8600432773175912,
    1.2873547228478244,
    3.7067584164018332,
    5.858454692337325,
    2.5824831588326838,
    1.8122831593289994,
    1.945692649595517,
    1.848451137293707,
    0.7135614767187216,
    3.2250378013168564,
    3.520597602279656,
    0.05101091589422675,
    1.0056273647803715,
    0.30406660265847696,
    1.6215694287399263,
    2.6513488053123258,
    1.0388835584300533,
    4.276385100843355,
    2.3155272704941554,
    0.39063379919862057,
    2.4839591978659494,
    2.1789697948716222,
    1.2039198543058396,
    1.928773154229445,
    5.013384627553541,
    1.6566416178657406,
    0.3916667306625132,
    3.357051329004917,
    2.37099811269633,
    2.096052778290534,
    1.0439447553952002,
    0.7511989836841723,
    4.049537154165542,
    2.819575406520726,
    0.6923076468118561,
    1.7397339976695876,
    0.44973710494037333,
    0.9706323571415976,
    0.8618111681090159,
    3.7518781513098842
  ],
  "timestamp": 1754305292.5764859
}