{
  "embedding": [
    0.5982072076732072,
    0.9980770605303153,
    2.8770406247311775,
    0.0996198195467037,
    0.0932553807403106,
    3.767312866550741,
    2.622761772420809,
    1.0494702525534427,
    0.9008659979535997,
    0.6544809295909378,
    4.624568469932839,
    3.7373195364919574,
    0.48978629458986184,
    1.8085999649072446,
    0.29355964954781066,
    3.289107162453988,
    0.892508660676289,
    2.8217934131915188,
    1.4525836542876287,
    2.2851279234517956,
    3.852167452832103,
    2.8442757951711606,
    1.301033196333924,
    0.24705621314750673,
    1.0256381570195798,
    2.6873501640304887,
    3.0211466610812296,
    3.328158697334108,
    2.7561776686485895,
    0.9330897920839832,
    2.4943985983940027,
    1.724890884545039,
    0.294983118303955,
    1.9796402719120973,
    3.7717697874601086,
    0.9324194212076528,
    1.1286619634209498,
    0.5625394167345664,
    1.325453015839073,
    2.871698789170535,
    0.9738337886363031,
    3.3503448753294007,
    2.227383212779497,
    0.42114641180709905,
    2.2809239674583326,
    3.2734845512133015,
    1.573667391526092,
    1.8784558630301031,
    4.985484177643128,
    2.320579402717245,
    0.35028680771111165,
    4.805797786036978,
    2.0154052944127088,
    1.5093022676595231,
    0.8436847844379827,
    1.441950060018547,
    3.8647973295223066,
    3.528912112646427,
    2.2754834485014515,
    1.872885131982992,
    0.0932553807403106,
    2.126288579543111,
    1.3863840414988793,
    3.2439851727899667
  ],
  "timestamp": 1754305293.8347106
}