{
  "query": "/*+  */ select count(*)\nfrom title AS t\ninner join cast_info AS ci\non t.id = ci.movie_id AND t.kind_id = 1 AND ci.person_id > 1867866;",
  "predicted_latency": 1125.5080699920654,
  "actual_latency": 3733.821,
  "q_error": 3.3174537789198815,
  "inference_time": 0.01589369773864746
}