{
  "predicted_latency": 389.0804946422577,
  "actual_latency": 117.924,
  "q_error": 3.2994173759561893,
  "inference_time": 0.07714104652404785
}