{
  "predicted_latency": 271.3858187198639,
  "actual_latency": 402.029,
  "q_error": 1.4813928078349283,
  "inference_time": 0.10481810569763184
}