{
  "predicted_latency": 616.2590384483337,
  "actual_latency": 23.521,
  "q_error": 26.200375768391382,
  "inference_time": 0.04941225051879883
}