{
  "predicted_latency": 0.02913774363696575,
  "actual_latency": 131.283212,
  "q_error": 4505.60693359375,
  "inference_time": 2.956704616546631,
  "timestamp": 1745757993.2905867
}