{
  "query": "/*+  */ select count(*)\nfrom title AS t\ninner join movie_companies AS mc\non t.id = mc.movie_id AND t.production_year < 1984;",
  "predicted_latency": 1246.9950914382935,
  "actual_latency": 688.192,
  "q_error": 1.8119871946176263,
  "inference_time": 0.028763532638549805
}