{
  "query": "/*+  */ select count(*)\nfrom title AS t\ninner join cast_info AS ci\non t.id = ci.movie_id AND ci.person_id > 3382859 AND ci.role_id > 1;",
  "predicted_latency": 890.3605937957764,
  "actual_latency": 1721.315,
  "q_error": 1.933278507600732,
  "inference_time": 0.014264106750488281
}