{
    "embedding": [
        0.6526046395301819,
        0.6526046395301819,
        0.6526046395301819,
        0.8536775708198547,
        0.6526046395301819,
        1.6962298154830933,
        0.6526046395301819,
        0.6526046395301819,
        0.8290104866027832,
        0.6526046395301819,
        0.6526046395301819,
        0.6526046395301819,
        0.6526046395301819,
        2.275418758392334,
        4.163990497589111,
        0.6526046395301819,
        0.6526046395301819,
        1.9797700643539429,
        0.6526046395301819,
        2.72225022315979,
        0.6526046395301819,
        1.1042187213897705,
        4.789609432220459,
        0.6526046395301819,
        1.3071244955062866,
        0.9900040030479431,
        0.6526046395301819,
        0.6526046395301819,
        0.6526046395301819,
        0.6526046395301819,
        3.8063695430755615,
        1.2625467777252197,
        0.6526046395301819,
        0.6526046395301819,
        1.512143850326538,
        1.9243810176849365,
        0.6526046395301819,
        2.8991827964782715,
        4.019478797912598,
        0.6526046395301819,
        0.6526046395301819,
        0.6526046395301819,
        0.9182766079902649,
        0.6526046395301819,
        1.1450163125991821,
        0.6526046395301819,
        0.6526046395301819,
        1.2580641508102417,
        0.6526046395301819,
        2.0212645530700684,
        2.119596242904663,
        2.0802268981933594,
        0.6526046395301819,
        0.6526046395301819,
        1.8654907941818237,
        0.6526046395301819,
        0.6526046395301819,
        0.6526046395301819,
        0.6526046395301819,
        0.655643105506897,
        0.6526046395301819,
        0.6526046395301819,
        0.6526046395301819,
        2.956249237060547
    ],
    "timestamp": 1754257766.9128485
}