{
    "embedding": [
        0.6526046395301819,
        0.6526046395301819,
        0.6526046395301819,
        0.85367751121521,
        0.6526046395301819,
        1.6962305307388306,
        0.6526046395301819,
        0.6526046395301819,
        0.8290103673934937,
        0.6526046395301819,
        0.6526046395301819,
        0.6526046395301819,
        0.6526046395301819,
        2.275418758392334,
        4.163990020751953,
        0.6526046395301819,
        0.6526046395301819,
        1.9797698259353638,
        0.6526046395301819,
        2.722250461578369,
        0.6526046395301819,
        1.1042187213897705,
        4.789608955383301,
        0.6526046395301819,
        1.3071244955062866,
        0.9900040030479431,
        0.6526046395301819,
        0.6526046395301819,
        0.6526046395301819,
        0.6526046395301819,
        3.806368827819824,
        1.2625467777252197,
        0.6526046395301819,
        0.6526046395301819,
        1.512143850326538,
        1.924380898475647,
        0.6526046395301819,
        2.899183511734009,
        4.019478797912598,
        0.6526046395301819,
        0.6526046395301819,
        0.6526046395301819,
        0.9182765483856201,
        0.6526046395301819,
        1.1450161933898926,
        0.6526046395301819,
        0.6526046395301819,
        1.2580639123916626,
        0.6526046395301819,
        2.021263837814331,
        2.119596004486084,
        2.0802273750305176,
        0.6526046395301819,
        0.6526046395301819,
        1.8654900789260864,
        0.6526046395301819,
        0.6526046395301819,
        0.6526046395301819,
        0.6526046395301819,
        0.6556428670883179,
        0.6526046395301819,
        0.6526046395301819,
        0.6526046395301819,
        2.9562487602233887
    ],
    "timestamp": 1754257763.7897508
}