{
  "predicted_latency": 0.02913774363696575,
  "actual_latency": 0.13556100000000001,
  "q_error": 4.652419567108154,
  "inference_time": 2.64674711227417,
  "timestamp": 1745481250.311208
}