{
  "predicted_latency": 0.0291377454996109,
  "actual_latency": 8.958845,
  "q_error": 307.46527099609375,
  "inference_time": 2.5861940383911133,
  "timestamp": 1745481225.4628577
}