{
    "embedding": [
        0.5421368479728699,
        0.5421368479728699,
        0.5751880407333374,
        0.9493378400802612,
        0.5820338726043701,
        1.34569251537323,
        0.5421368479728699,
        0.5421368479728699,
        1.247160792350769,
        0.5421368479728699,
        0.5421368479728699,
        0.5421368479728699,
        0.5708461403846741,
        2.6224262714385986,
        2.9717514514923096,
        2.3465442657470703,
        0.5421368479728699,
        1.8151522874832153,
        0.5421368479728699,
        2.196202516555786,
        0.5421368479728699,
        2.4593260288238525,
        2.1979169845581055,
        0.5421368479728699,
        1.406080722808838,
        2.2595624923706055,
        0.5421368479728699,
        0.5421368479728699,
        0.5421368479728699,
        0.5421368479728699,
        3.0802881717681885,
        1.4391305446624756,
        0.5421368479728699,
        0.5421368479728699,
        2.059894561767578,
        2.640738010406494,
        0.5421368479728699,
        2.2097787857055664,
        2.164240837097168,
        0.5421368479728699,
        0.5421368479728699,
        0.5421368479728699,
        0.8526456356048584,
        0.5421368479728699,
        1.9736181497573853,
        0.5421368479728699,
        0.5421368479728699,
        0.8707563877105713,
        0.5421368479728699,
        2.7735977172851562,
        1.5801795721054077,
        1.970992922782898,
        0.5421368479728699,
        0.5421368479728699,
        2.9699559211730957,
        0.5421368479728699,
        0.5421368479728699,
        0.5421368479728699,
        0.5421368479728699,
        0.6819631457328796,
        0.5421368479728699,
        0.5421368479728699,
        0.5421368479728699,
        3.4469854831695557
    ],
    "timestamp": 1754258666.6601744
}