{
    "embedding": [
        0.5421367883682251,
        0.5421367883682251,
        0.5751880407333374,
        0.9493381381034851,
        0.5820338726043701,
        1.3456921577453613,
        0.5421367883682251,
        0.5421367883682251,
        1.2471609115600586,
        0.5421367883682251,
        0.5421367883682251,
        0.5421367883682251,
        0.5708461403846741,
        2.6224262714385986,
        2.9717519283294678,
        2.346544027328491,
        0.5421367883682251,
        1.8151518106460571,
        0.5421367883682251,
        2.196202516555786,
        0.5421367883682251,
        2.4593257904052734,
        2.1979172229766846,
        0.5421367883682251,
        1.406080722808838,
        2.2595624923706055,
        0.5421367883682251,
        0.5421367883682251,
        0.5421367883682251,
        0.5421367883682251,
        3.0802876949310303,
        1.4391305446624756,
        0.5421367883682251,
        0.5421367883682251,
        2.059894561767578,
        2.6407382488250732,
        0.5421367883682251,
        2.2097792625427246,
        2.164241313934326,
        0.5421367883682251,
        0.5421367883682251,
        0.5421367883682251,
        0.8526455163955688,
        0.5421367883682251,
        1.9736173152923584,
        0.5421367883682251,
        0.5421367883682251,
        0.8707562685012817,
        0.5421367883682251,
        2.7735979557037354,
        1.5801795721054077,
        1.9709930419921875,
        0.5421367883682251,
        0.5421367883682251,
        2.9699552059173584,
        0.5421367883682251,
        0.5421367883682251,
        0.5421367883682251,
        0.5421367883682251,
        0.6819630861282349,
        0.5421367883682251,
        0.5421367883682251,
        0.5421367883682251,
        3.4469869136810303
    ],
    "timestamp": 1754258659.551636
}