{
  "predicted_latency": 872.0977172851562,
  "inference_time": 0.005585670471191406
}