{
  "predicted_latency": 0.0291377454996109,
  "actual_latency": 1.2815699999999999,
  "q_error": 43.983154296875,
  "inference_time": 1.191300392150879,
  "timestamp": 1745753555.1627133
}