{
  "predicted_latency": 469.04391050338745,
  "actual_latency": 597.447,
  "q_error": 1.2737549440921379,
  "inference_time": 0.11548113822937012
}