{
  "predicted_latency": 0.02913774363696575,
  "actual_latency": 0.568245,
  "q_error": 19.502023696899414,
  "inference_time": 1.8533620834350586,
  "timestamp": 1745481532.228576
}