{
  "predicted_latency": 0.02913774363696575,
  "actual_latency": 4.651796999999999,
  "q_error": 159.64849853515625,
  "inference_time": 4.187028408050537,
  "timestamp": 1745480063.9146736
}