{
  "query": "/*+  */ select count(*)\nfrom title AS t\ninner join cast_info AS ci\non t.id = ci.movie_id AND t.production_year = 2008 AND ci.person_id < 1492579 AND ci.role_id > 10;",
  "predicted_latency": 1224.4185209274292,
  "actual_latency": 244.142,
  "q_error": 5.015190016168579,
  "inference_time": 0.024186134338378906
}