{
  "query": "/*+  */ select count(*)\nfrom movie_companies AS mc\ninner join title AS t\non t.id = mc.movie_id AND mc.company_id > 56;",
  "predicted_latency": 1234.2933416366577,
  "actual_latency": 1041.032,
  "q_error": 1.1856439971457724,
  "inference_time": 0.013959169387817383
}