{
  "predicted_latency": 312.4179542064667,
  "actual_latency": 5521.947,
  "q_error": 17.674870876181235,
  "inference_time": 0.06656408309936523
}