{
  "query": "/*+ NoNestLoop(t ci) */ select count(*)\nfrom title AS t\ninner join cast_info AS ci\non t.id = ci.movie_id AND ci.person_id < 1841246;",
  "predicted_latency": 696.6089606285095,
  "actual_latency": 6416.903,
  "q_error": 9.211628564482439,
  "inference_time": 0.030757904052734375
}