{
  "predicted_latency": 773.8359375,
  "inference_time": 0.026516199111938477
}