{
    "embedding": [
        0.5207563042640686,
        0.5207563042640686,
        0.5207563042640686,
        0.611799955368042,
        0.5207563042640686,
        1.4488922357559204,
        0.5207563042640686,
        0.5207563042640686,
        0.5445112586021423,
        0.5207563042640686,
        0.5207563042640686,
        0.5207563042640686,
        0.5207563042640686,
        1.9595595598220825,
        3.4511752128601074,
        1.0588297843933105,
        0.5207563042640686,
        0.9705047607421875,
        0.5207563042640686,
        2.4487099647521973,
        0.5207563042640686,
        0.5575098991394043,
        2.171738862991333,
        0.5207563042640686,
        0.8396442532539368,
        1.2708168029785156,
        0.5207563042640686,
        0.5207563042640686,
        0.5207563042640686,
        0.5207563042640686,
        3.380394697189331,
        0.9778624176979065,
        0.5207563042640686,
        0.5207563042640686,
        1.3514015674591064,
        2.550340414047241,
        0.5207563042640686,
        1.302302598953247,
        2.256171226501465,
        0.5207563042640686,
        0.5207563042640686,
        0.5207563042640686,
        0.6375917792320251,
        0.5207563042640686,
        1.2802962064743042,
        0.5207563042640686,
        0.5207563042640686,
        0.9620265960693359,
        0.5207563042640686,
        3.08518385887146,
        1.0080722570419312,
        1.1680070161819458,
        0.5207563042640686,
        0.5207563042640686,
        3.0089077949523926,
        0.5207563042640686,
        0.5207563042640686,
        0.5207563042640686,
        0.5207563042640686,
        0.6485947966575623,
        0.5207563042640686,
        0.5207563042640686,
        0.5207563042640686,
        3.2555854320526123
    ],
    "timestamp": 1754257809.8141184
}