{
    "embedding": [
        0.5207563042640686,
        0.5207563042640686,
        0.5207563042640686,
        0.6117998957633972,
        0.5207563042640686,
        1.4488924741744995,
        0.5207563042640686,
        0.5207563042640686,
        0.5445113182067871,
        0.5207563042640686,
        0.5207563042640686,
        0.5207563042640686,
        0.5207563042640686,
        1.9595599174499512,
        3.45117449760437,
        1.058829665184021,
        0.5207563042640686,
        0.9705048203468323,
        0.5207563042640686,
        2.448709726333618,
        0.5207563042640686,
        0.5575099587440491,
        2.171738386154175,
        0.5207563042640686,
        0.8396441340446472,
        1.270816445350647,
        0.5207563042640686,
        0.5207563042640686,
        0.5207563042640686,
        0.5207563042640686,
        3.3803954124450684,
        0.9778627157211304,
        0.5207563042640686,
        0.5207563042640686,
        1.3514018058776855,
        2.5503392219543457,
        0.5207563042640686,
        1.3023027181625366,
        2.256171464920044,
        0.5207563042640686,
        0.5207563042640686,
        0.5207563042640686,
        0.6375917792320251,
        0.5207563042640686,
        1.2802958488464355,
        0.5207563042640686,
        0.5207563042640686,
        0.9620265364646912,
        0.5207563042640686,
        3.085184097290039,
        1.0080724954605103,
        1.1680071353912354,
        0.5207563042640686,
        0.5207563042640686,
        3.0089070796966553,
        0.5207563042640686,
        0.5207563042640686,
        0.5207563042640686,
        0.5207563042640686,
        0.6485946774482727,
        0.5207563042640686,
        0.5207563042640686,
        0.5207563042640686,
        3.255585193634033
    ],
    "timestamp": 1754257810.474958
}