{
  "predicted_latency": 0.02913774736225605,
  "actual_latency": 46.848241,
  "q_error": 1607.819580078125,
  "inference_time": 0.8312196731567383,
  "timestamp": 1745757185.4870734
}