{
  "predicted_latency": 425.69711804389954,
  "actual_latency": 1575.898,
  "q_error": 3.7019231120035143,
  "inference_time": 0.12069058418273926
}