{
  "predicted_latency": 0.0291377454996109,
  "actual_latency": 29.754166,
  "q_error": 1021.1553955078125,
  "inference_time": 1.1678261756896973,
  "timestamp": 1745755075.1736124
}