{
  "predicted_latency": 312.43603515625,
  "inference_time": 0.13319134712219238
}