optimizer,query_name,query_type,workload_order,mean,std,min,max,range
NEO,7c,leave_one_out,ascending_latency,39.12001033333333,60.22104877265143,4.278624,108.657237,104.378613
NEO,20c,leave_one_out,ascending_latency,19.187927333333334,25.59940789579668,4.320502,48.747404,44.426902000000005
NEO,14a,leave_one_out,random,15.229170000000002,20.243994767241546,3.536496,38.604921000000004,35.068425000000005
NEO,8c,random_split,random,217.32612866666668,5.590885261628026,213.918636,223.778532,9.85989600000002
NEO,8c,random_split,ascending_complexity,213.41300866666666,4.966063204470142,208.900657,218.733625,9.832967999999994
