{
  "predicted_latency": 0.02913774736225605,
  "actual_latency": 21.581495999999998,
  "q_error": 740.67138671875,
  "inference_time": 1.0953483581542969,
  "timestamp": 1745760912.2111125
}