{
  "query": "/*+  */ select count(*)\nfrom title AS t\ninner join cast_info AS ci\non t.id = ci.movie_id AND ci.person_id < 2761456 AND ci.role_id = 2;",
  "predicted_latency": 967.8789377212524,
  "actual_latency": 2914.714,
  "q_error": 3.011444806167931,
  "inference_time": 0.012231588363647461
}