{
  "query": "/*+  */ select count(*)\nfrom movie_keyword AS mk\ninner join title AS t\non t.id = mk.movie_id AND mk.keyword_id < 38808;",
  "predicted_latency": 1202.1033763885498,
  "actual_latency": 1226.488,
  "q_error": 1.0202849639144251,
  "inference_time": 0.01689934730529785
}