{
  "embedding": [
    1.5320424192479971,
    2.3200451255658923,
    3.4316183448004605,
    0.1861121018033486,
    1.4224949755091,
    2.027490693015518,
    2.0511627660861027,
    1.8544701421681455,
    1.1237470245976509,
    2.640642401474182,
    2.2203788217953586,
    2.203480579012595,
    2.4430823204275054,
    1.6062935789775448,
    0.31072538599116634,
    3.0862451798065944,
    0.42867198040459237,
    1.7144351835133242,
    1.1840822993283233,
    1.6797877638012129,
    1.8075618906383457,
    1.7235332103228396,
    3.226028409762493,
    0.1861121018033486,
    2.0082928265789928,
    1.720680959795672,
    3.5417173115775267,
    3.0137783801666473,
    2.4765506393005823,
    3.5085653669605423,
    3.8785855599054986,
    1.2404570611702965,
    1.9430352047750636,
    2.3141728710970297,
    2.0197327106256884,
    0.6304202126414388,
    1.3338825633580509,
    1.3703233214386341,
    1.3258343802764936,
    2.0827409946237956,
    1.9306439700255547,
    2.4261798993669004,
    1.8229906210096878,
    0.525646476486541,
    2.487429737461061,
    1.4009783479992215,
    1.8446819650853088,
    3.3551317369828113,
    3.589445005945482,
    1.889414546884866,
    1.5974298500775446,
    1.1545669912739052,
    1.5942930218322935,
    2.631419619654481,
    1.3589868183937681,
    2.1334501469201306,
    3.2301284141404523,
    1.4999282790342225,
    1.8877199784498717,
    3.2901400975806383,
    0.1861121018033486,
    1.455286812198979,
    0.7032906831899598,
    2.7861473974441044
  ],
  "timestamp": 1754306807.831388
}