{
  "embedding": [
    1.2774837490760171,
    2.816950932491935,
    2.6859411183586674,
    0.23797328772391002,
    2.185574902024178,
    2.0831846641393366,
    2.604616356663845,
    2.095528547469556,
    1.4050170189368638,
    2.2994762376417173,
    2.009313957545057,
    0.5671930541333521,
    1.6200587328770955,
    1.1355125444536034,
    0.35111492940614053,
    4.40896636431467,
    0.35080831250162764,
    1.949606983920916,
    1.0869343712286565,
    1.5876483323533568,
    1.5131408131319448,
    1.5344714246215811,
    2.433882366516859,
    0.23797328772391002,
    1.228320220748365,
    0.8869497573651571,
    4.15481939009969,
    4.8775530000779845,
    2.2282312825325814,
    3.186846926321389,
    3.7863784102911606,
    1.5606983253576805,
    2.078364892424317,
    1.6534463644051198,
    4.040051654792379,
    1.2690269808339787,
    1.7060274999221485,
    1.075404067773779,
    1.5885355327254964,
    2.341403101930826,
    1.6402552851036116,
    2.6545265594833696,
    2.5972794427106436,
    0.6699970913010775,
    2.2995646543426047,
    2.2137986071485245,
    2.5074380185755563,
    1.9164219740685344,
    1.2502707374885713,
    2.238198621951206,
    1.5993399885684132,
    1.3803649702759013,
    0.6940035737633546,
    2.0599021057120046,
    1.3279878891384347,
    2.2400491700179423,
    3.8249853545107073,
    1.0430757772545556,
    1.9645933157350823,
    2.5678816073588577,
    0.23797328772391002,
    0.9415667639806007,
    0.8326811482028094,
    2.8987278246328794
  ],
  "timestamp": 1754306799.5541253
}