{
  "predicted_latency": 248.5615313053131,
  "actual_latency": 1037.8,
  "q_error": 4.175223714426065,
  "inference_time": 0.1865215301513672
}