{
  "predicted_latency": 0.02913774736225605,
  "actual_latency": 6.492793,
  "q_error": 222.83099365234375,
  "inference_time": 0.5815389156341553,
  "timestamp": 1745481268.7617323
}