{
  "predicted_latency": 340.94610810279846,
  "actual_latency": 154.846,
  "q_error": 2.2018399448665025,
  "inference_time": 0.08254694938659668
}