{
  "predicted_latency": 135.8596954345703,
  "inference_time": 0.03184342384338379
}