{
  "predicted_latency": 828.528642654419,
  "actual_latency": 172.14,
  "q_error": 4.813109345035547,
  "inference_time": 0.04034733772277832
}