{
  "query": "/*+  */ select count(*)\nfrom movie_keyword AS mk\ninner join title AS t\non t.id = mk.movie_id AND mk.keyword_id < 32946;",
  "predicted_latency": 1199.6864080429077,
  "actual_latency": 1144.428,
  "q_error": 1.0482847396628776,
  "inference_time": 0.021889448165893555
}