{
  "predicted_latency": 0.010861066170036793,
  "actual_latency": 6.260223,
  "q_error": 576.3911743164062,
  "inference_time": 0.07107329368591309,
  "timestamp": 1744802571.4979715
}