{
  "predicted_latency": 2179.94775390625,
  "inference_time": 0.025604963302612305
}