{
  "predicted_latency": 0.0291377454996109,
  "actual_latency": 27.905174,
  "q_error": 957.698486328125,
  "inference_time": 1.09474778175354,
  "timestamp": 1745771696.9145794
}