{
  "predicted_latency": 0.02913774736225605,
  "actual_latency": 0.184557,
  "q_error": 6.333949089050293,
  "inference_time": 0.0878136157989502,
  "timestamp": 1745761081.9710426
}