{
  "query": "/*+ NoNestLoop(t ci) */ select count(*)\nfrom title AS t\ninner join cast_info AS ci\non t.id = ci.movie_id AND ci.person_id > 3959511;",
  "predicted_latency": 532.9627990722656,
  "actual_latency": 729.771,
  "q_error": 1.3692719290545619,
  "inference_time": 0.026836156845092773
}