{
  "query": "/*+  */ select count(*)\nfrom title AS t\ninner join cast_info AS ci\non t.id = ci.movie_id AND ci.person_id < 1117435 AND ci.role_id > 1;",
  "predicted_latency": 927.550733089447,
  "actual_latency": 3057.482,
  "q_error": 3.2962962465850976,
  "inference_time": 0.01671314239501953
}