{
    "embedding": [
        0.5458298921585083,
        0.5458298921585083,
        0.5458298921585083,
        0.657421350479126,
        0.5458298921585083,
        1.4450416564941406,
        0.5458298921585083,
        0.5458298921585083,
        0.5463213920593262,
        0.5458298921585083,
        0.5458298921585083,
        0.5458298921585083,
        0.5458298921585083,
        2.0173420906066895,
        3.519651174545288,
        0.8635790944099426,
        0.5458298921585083,
        1.0966325998306274,
        0.5458298921585083,
        2.598079204559326,
        0.5458298921585083,
        0.576784074306488,
        2.425049066543579,
        0.5458298921585083,
        0.8710037469863892,
        0.9824005365371704,
        0.5458298921585083,
        0.5458298921585083,
        0.5458298921585083,
        0.5458298921585083,
        3.5043506622314453,
        1.0273581743240356,
        0.5458298921585083,
        0.5458298921585083,
        1.2161576747894287,
        2.451960563659668,
        0.5458298921585083,
        1.3137574195861816,
        2.3542532920837402,
        0.5458298921585083,
        0.5458298921585083,
        0.5458298921585083,
        0.6759524345397949,
        0.5458298921585083,
        1.213449478149414,
        0.5458298921585083,
        0.5458298921585083,
        1.018135666847229,
        0.5458298921585083,
        2.9283361434936523,
        0.9087368249893188,
        1.0461440086364746,
        0.5458298921585083,
        0.5458298921585083,
        3.0924384593963623,
        0.5458298921585083,
        0.5458298921585083,
        0.5458298921585083,
        0.5458298921585083,
        0.6385043859481812,
        0.5458298921585083,
        0.5458298921585083,
        0.5458298921585083,
        3.4294140338897705
    ],
    "timestamp": 1754257542.8847718
}