{
    "embedding": [
        0.5458298921585083,
        0.5458298921585083,
        0.5458298921585083,
        0.6574214100837708,
        0.5458298921585083,
        1.4450424909591675,
        0.5458298921585083,
        0.5458298921585083,
        0.5463213920593262,
        0.5458298921585083,
        0.5458298921585083,
        0.5458298921585083,
        0.5458298921585083,
        2.0173428058624268,
        3.519650459289551,
        0.8635790944099426,
        0.5458298921585083,
        1.0966322422027588,
        0.5458298921585083,
        2.5980794429779053,
        0.5458298921585083,
        0.5767844319343567,
        2.4250481128692627,
        0.5458298921585083,
        0.871004045009613,
        0.9824004173278809,
        0.5458298921585083,
        0.5458298921585083,
        0.5458298921585083,
        0.5458298921585083,
        3.5043506622314453,
        1.0273579359054565,
        0.5458298921585083,
        0.5458298921585083,
        1.2161579132080078,
        2.451961040496826,
        0.5458298921585083,
        1.3137574195861816,
        2.354252576828003,
        0.5458298921585083,
        0.5458298921585083,
        0.5458298921585083,
        0.6759522557258606,
        0.5458298921585083,
        1.2134485244750977,
        0.5458298921585083,
        0.5458298921585083,
        1.01813542842865,
        0.5458298921585083,
        2.928335666656494,
        0.9087368249893188,
        1.0461441278457642,
        0.5458298921585083,
        0.5458298921585083,
        3.092438220977783,
        0.5458298921585083,
        0.5458298921585083,
        0.5458298921585083,
        0.5458298921585083,
        0.638504147529602,
        0.5458298921585083,
        0.5458298921585083,
        0.5458298921585083,
        3.4294145107269287
    ],
    "timestamp": 1754257543.4566343
}