{
  "predicted_latency": 277.345210313797,
  "actual_latency": 434.847,
  "q_error": 1.5678907867491223,
  "inference_time": 0.11300301551818848
}