{
  "query": "/*+  */ select count(*)\nfrom movie_keyword AS mk\ninner join title AS t\non t.id = mk.movie_id AND mk.keyword_id < 71762;",
  "predicted_latency": 1251.280665397644,
  "actual_latency": 1294.797,
  "q_error": 1.0347774370736615,
  "inference_time": 0.020545244216918945
}