{
  "query": "/*+ NoNestLoop(t ci) */ select count(*)\nfrom title AS t\ninner join cast_info AS ci\non t.id = ci.movie_id AND ci.person_id > 3310008;",
  "predicted_latency": 608.8542342185974,
  "actual_latency": 1893.522,
  "q_error": 3.1099759081582854,
  "inference_time": 0.028298616409301758
}