{
  "pg_runtime": 30926.632,
  "opt_runtime": 30960.606,
  "pg_slowdown": 0.9989026700575564,
  "pg_opt_diff": -33.97399999999834,
  "original_num_of_plans": 2,
  "pg_plan_card_error": 9.003398682413222,
  "opt_plan_card_error": 1.0,
  "num_tables": 3,
  "opt_hint": "/*+ Rows(movie_keyword title #1053171) Rows(cast_info title #4911717) Rows(cast_info movie_keyword title #84217062) */"
}