{
  "query": "/*+  */ select count(*)\nfrom title AS t\ninner join cast_info AS ci\non t.id = ci.movie_id AND t.production_year < 1998 AND ci.person_id < 878487;",
  "predicted_latency": 1245.1553344726562,
  "actual_latency": 2627.043,
  "q_error": 2.109811464697773,
  "inference_time": 0.01741194725036621
}