{
  "predicted_latency": 0.02913774736225605,
  "actual_latency": 3.777093,
  "q_error": 129.6288604736328,
  "inference_time": 0.8790521621704102,
  "timestamp": 1745754732.1460788
}