{
  "query": "/*+  */ select count(*)\nfrom title AS t\ninner join cast_info AS ci\non t.id = ci.movie_id AND ci.person_id > 767248 AND ci.role_id > 3;",
  "predicted_latency": 1093.6057567596436,
  "actual_latency": 4184.164,
  "q_error": 3.8260259459475483,
  "inference_time": 0.01761603355407715
}