{
  "query": "/*+  */ select count(*)\nfrom movie_companies AS mc\ninner join title AS t\non t.id = mc.movie_id AND mc.company_id < 94330;",
  "predicted_latency": 1290.1990413665771,
  "actual_latency": 1048.834,
  "q_error": 1.230127018543046,
  "inference_time": 0.2548553943634033
}