{
  "query": "/*+  */ select count(*)\nfrom title AS t\ninner join cast_info AS ci\non t.id = ci.movie_id AND ci.person_id < 800225 AND ci.role_id < 5;",
  "predicted_latency": 1093.2296514511108,
  "actual_latency": 3433.418,
  "q_error": 3.14061916948796,
  "inference_time": 0.028550386428833008
}