{
  "predicted_latency": 0.02913774736225605,
  "actual_latency": 4.58624,
  "q_error": 157.39857482910156,
  "inference_time": 1.2470428943634033,
  "timestamp": 1745452620.0108957
}