{
  "predicted_latency": 1665.9990234375,
  "inference_time": 0.015056371688842773
}