{
  "predicted_latency": 490.0314211845398,
  "actual_latency": 182.709,
  "q_error": 2.6820321997522827,
  "inference_time": 0.07140040397644043
}