{
  "predicted_latency": 0.0291377454996109,
  "actual_latency": 0.064218,
  "q_error": 2.2039453983306885,
  "inference_time": 0.46361565589904785,
  "timestamp": 1745481259.9759722
}