{
  "predicted_latency": 523.1845378875732,
  "actual_latency": 563.731,
  "q_error": 1.0774993509482111,
  "inference_time": 0.1058964729309082
}