{
  "pg_runtime": 9053.953,
  "opt_runtime": 9074.257,
  "pg_slowdown": 0.9977624614334816,
  "pg_opt_diff": -20.304000000000087,
  "original_num_of_plans": 2,
  "pg_plan_card_error": 1.699668078310051,
  "opt_plan_card_error": 1.0,
  "num_tables": 3,
  "opt_hint": "/*+ Rows(movie_companies title #829639) Rows(cast_info title #4864041) Rows(cast_info movie_companies title #8720023) */"
}