{
  "query": "/*+  */ select count(*)\nfrom title AS t\ninner join cast_info AS ci\non t.id = ci.movie_id AND ci.person_id < 1614047 AND ci.role_id > 1;",
  "predicted_latency": 939.1598105430603,
  "actual_latency": 3124.001,
  "q_error": 3.326378498025353,
  "inference_time": 0.02637934684753418
}