{
  "predicted_latency": 585.9153866767883,
  "actual_latency": 420.395,
  "q_error": 1.393725868948937,
  "inference_time": 0.10435724258422852
}