{
  "query": "/*+  */ select count(*)\nfrom title AS t\ninner join movie_keyword AS mk\non t.id = mk.movie_id AND mk.keyword_id > 113358;",
  "predicted_latency": 391.0216689109802,
  "actual_latency": 645.796,
  "q_error": 1.6515606457273384,
  "inference_time": 0.016095399856567383
}