{
    "embedding": [
        0.6540204882621765,
        0.6540204882621765,
        0.6540204882621765,
        0.8557787537574768,
        0.6540204882621765,
        1.6964596509933472,
        0.6540204882621765,
        0.6540204882621765,
        0.8287824988365173,
        0.6540204882621765,
        0.6540204882621765,
        0.6540204882621765,
        0.6540204882621765,
        2.275200366973877,
        4.16189432144165,
        0.6540204882621765,
        0.6540204882621765,
        1.9790399074554443,
        0.6540204882621765,
        2.7199347019195557,
        0.6540204882621765,
        1.1056673526763916,
        4.784907817840576,
        0.6540204882621765,
        1.3059649467468262,
        0.990075945854187,
        0.6540204882621765,
        0.6540204882621765,
        0.6540204882621765,
        0.6540204882621765,
        3.7594144344329834,
        1.2642749547958374,
        0.6540204882621765,
        0.6540204882621765,
        1.5116506814956665,
        1.923610806465149,
        0.6540204882621765,
        2.897414445877075,
        4.0155134201049805,
        0.6540204882621765,
        0.6540204882621765,
        0.6540204882621765,
        0.9208453297615051,
        0.6540204882621765,
        1.1442246437072754,
        0.6540204882621765,
        0.6540204882621765,
        1.2607845067977905,
        0.6540204882621765,
        2.023969888687134,
        2.119403839111328,
        2.0789525508880615,
        0.6540204882621765,
        0.6540204882621765,
        1.8666706085205078,
        0.6540204882621765,
        0.6540204882621765,
        0.6540204882621765,
        0.6540204882621765,
        0.6540204882621765,
        0.6540204882621765,
        0.6540204882621765,
        0.6540204882621765,
        2.9545223712921143
    ],
    "timestamp": 1754257560.5614026
}