{
    "embedding": [
        0.6540204882621765,
        0.6540204882621765,
        0.6540204882621765,
        0.8557787537574768,
        0.6540204882621765,
        1.6964600086212158,
        0.6540204882621765,
        0.6540204882621765,
        0.8287823796272278,
        0.6540204882621765,
        0.6540204882621765,
        0.6540204882621765,
        0.6540204882621765,
        2.275200366973877,
        4.161894798278809,
        0.6540204882621765,
        0.6540204882621765,
        1.9790399074554443,
        0.6540204882621765,
        2.7199347019195557,
        0.6540204882621765,
        1.1056673526763916,
        4.784907341003418,
        0.6540204882621765,
        1.3059650659561157,
        0.9900760650634766,
        0.6540204882621765,
        0.6540204882621765,
        0.6540204882621765,
        0.6540204882621765,
        3.7594141960144043,
        1.2642749547958374,
        0.6540204882621765,
        0.6540204882621765,
        1.5116504430770874,
        1.9236106872558594,
        0.6540204882621765,
        2.8974151611328125,
        4.015513896942139,
        0.6540204882621765,
        0.6540204882621765,
        0.6540204882621765,
        0.9208453297615051,
        0.6540204882621765,
        1.1442246437072754,
        0.6540204882621765,
        0.6540204882621765,
        1.2607847452163696,
        0.6540204882621765,
        2.023970127105713,
        2.119403839111328,
        2.078953266143799,
        0.6540204882621765,
        0.6540204882621765,
        1.8666702508926392,
        0.6540204882621765,
        0.6540204882621765,
        0.6540204882621765,
        0.6540204882621765,
        0.6540204882621765,
        0.6540204882621765,
        0.6540204882621765,
        0.6540204882621765,
        2.9545223712921143
    ],
    "timestamp": 1754257564.6803398
}