{
  "query": "/*+  */ select count(*)\nfrom title AS t\ninner join cast_info AS ci\non t.id = ci.movie_id AND t.production_year > 2005 AND ci.person_id < 2164443;",
  "predicted_latency": 1440.8698081970215,
  "actual_latency": 5353.487,
  "q_error": 3.715455046350708,
  "inference_time": 0.020224571228027344
}