{
  "query": "/*+  */ select count(*)\nfrom movie_companies AS mc\ninner join title AS t\non t.id = mc.movie_id AND mc.company_id < 103967;",
  "predicted_latency": 1261.1147165298462,
  "actual_latency": 1177.731,
  "q_error": 1.0708003071413135,
  "inference_time": 0.023151636123657227
}