{
  "query": "/*+  */ select count(*)\nfrom movie_companies AS mc\ninner join title AS t\non t.id = mc.movie_id AND t.production_year > 1934;",
  "predicted_latency": 1163.297176361084,
  "actual_latency": 1063.322,
  "q_error": 1.0940215441428693,
  "inference_time": 0.026622772216796875
}