{
  "predicted_latency": 323.48132133483887,
  "actual_latency": 391.066,
  "q_error": 1.2089291535791753,
  "inference_time": 0.10522294044494629
}