{
  "predicted_latency": 608.357421875,
  "inference_time": 0.008355855941772461
}