{
  "query": "/*+  */ select count(*)\nfrom movie_companies AS mc\ninner join title AS t\non t.id = mc.movie_id AND mc.company_id > 86362;",
  "predicted_latency": 915.859580039978,
  "actual_latency": 443.059,
  "q_error": 2.0671278092533454,
  "inference_time": 0.013365745544433594
}