{
  "query": "/*+  */ select count(*)\nfrom cast_info AS ci\ninner join title AS t\non t.id = ci.movie_id AND ci.person_id < 1283933 AND ci.role_id = 1 AND t.production_year > 2011;",
  "predicted_latency": 1331.5832614898682,
  "actual_latency": 1875.95,
  "q_error": 1.4088116411894938,
  "inference_time": 0.011784791946411133
}