{
  "predicted_latency": 0.02913774736225605,
  "actual_latency": 3.3313490000000003,
  "q_error": 114.33103942871094,
  "inference_time": 1.3791396617889404,
  "timestamp": 1745756814.5827632
}