{
  "predicted_latency": 1064.2319917678833,
  "actual_latency": 1848.395,
  "q_error": 1.7368346509951078,
  "inference_time": 0.05050301551818848
}