{
  "query": "/*+  */ select count(*)\nfrom cast_info AS ci\ninner join title AS t\non t.id = ci.movie_id AND ci.person_id > 1869646 AND t.production_year < 1978;",
  "predicted_latency": 1549.8970746994019,
  "actual_latency": 3337.677,
  "q_error": 2.153482998635463,
  "inference_time": 0.018027067184448242
}