{
  "predicted_latency": 157.67145156860352,
  "actual_latency": 843.919,
  "q_error": 5.352389361575753,
  "inference_time": 0.10514402389526367
}