{
  "query": "/*+  */ select count(*)\nfrom title AS t\ninner join movie_keyword AS mk\non t.id = mk.movie_id AND mk.keyword_id = 1617;",
  "predicted_latency": 423.6760437488556,
  "actual_latency": 40.869,
  "q_error": 10.366684865028642,
  "inference_time": 0.026475191116333008
}