{
  "predicted_latency": 490.6871020793915,
  "actual_latency": 31068.341,
  "q_error": 63.31599275452985,
  "inference_time": 0.06088852882385254
}