{
  "predicted_latency": 0.0291377454996109,
  "actual_latency": 3.1857379999999997,
  "q_error": 109.3337173461914,
  "inference_time": 3.818998336791992,
  "timestamp": 1745481447.5972939
}