{
  "predicted_latency": 0.010861067101359367,
  "actual_latency": 36.528971,
  "q_error": 3363.294921875,
  "inference_time": 0.1897416114807129,
  "timestamp": 1744737274.5224392
}