{
  "predicted_latency": 395.06253600120544,
  "actual_latency": 1665.013,
  "q_error": 4.214555540631976,
  "inference_time": 0.1358790397644043
}