{
  "query": "/*+  */ select count(*)\nfrom title AS t\ninner join cast_info AS ci\non t.id = ci.movie_id AND ci.person_id < 2819319;",
  "predicted_latency": 1094.482183456421,
  "actual_latency": 8905.108,
  "q_error": 8.136366342554151,
  "inference_time": 0.016254425048828125
}