{
  "predicted_latency": 858.1069707870483,
  "actual_latency": 403.546,
  "q_error": 2.1264167425449596,
  "inference_time": 0.014215469360351562
}