{
  "predicted_latency": 157.5569063425064,
  "actual_latency": 1187.632,
  "q_error": 7.537797152593592,
  "inference_time": 0.09408426284790039
}