{
  "query": "/*+  */ select count(*)\nfrom title AS t\ninner join cast_info AS ci\non t.id = ci.movie_id AND ci.person_id > 2600285 AND ci.role_id < 4;",
  "predicted_latency": 934.6485137939453,
  "actual_latency": 2876.839,
  "q_error": 3.077990236481812,
  "inference_time": 0.02149510383605957
}