{
  "predicted_latency": 749.3005394935608,
  "actual_latency": 1184.718,
  "q_error": 1.5810985546610314,
  "inference_time": 0.021939754486083984
}