{
  "query": "/*+ NoNestLoop(t ci) */ select count(*)\nfrom title AS t\ninner join cast_info AS ci\non t.id = ci.movie_id AND ci.person_id < 1691634;",
  "predicted_latency": 671.0200905799866,
  "actual_latency": 6200.319,
  "q_error": 9.240139135984503,
  "inference_time": 0.015405654907226562
}