{
  "query": "/*+  */ select count(*)\nfrom title AS t\ninner join cast_info AS ci\non t.id = ci.movie_id AND ci.person_id < 2579248 AND ci.role_id > 2;",
  "predicted_latency": 922.3101735115051,
  "actual_latency": 3107.013,
  "q_error": 3.3687289690958204,
  "inference_time": 0.017240047454833984
}