{
  "predicted_latency": 432.2970275878906,
  "inference_time": 0.0071790218353271484
}