{
  "query": "/*+  */ select count(*)\nfrom title AS t\ninner join cast_info AS ci\non t.id = ci.movie_id AND ci.person_id > 1118873 AND ci.role_id > 1;",
  "predicted_latency": 992.2416806221008,
  "actual_latency": 7519.491,
  "q_error": 7.578285761272941,
  "inference_time": 0.01912665367126465
}