{
  "query": "/*+  */ select count(*)\nfrom title AS t\ninner join cast_info AS ci\non t.id = ci.movie_id AND t.kind_id < 3 AND t.production_year < 1999 AND ci.person_id > 1143072;",
  "predicted_latency": 1539.6369695663452,
  "actual_latency": 3699.177,
  "q_error": 2.4026293685594675,
  "inference_time": 0.026256322860717773
}