{
  "predicted_latency": 302.5069832801819,
  "actual_latency": 48.953,
  "q_error": 6.179539216803502,
  "inference_time": 0.07812929153442383
}