{
  "predicted_latency": 166.03748500347137,
  "actual_latency": 160.442,
  "q_error": 1.0348754378745675,
  "inference_time": 0.06753659248352051
}