{
  "predicted_latency": 451.84171199798584,
  "actual_latency": 47.635,
  "q_error": 9.485498310023845,
  "inference_time": 0.1858837604522705
}