{
    "embedding": [
        0.6286605000495911,
        0.6286605000495911,
        0.6286605000495911,
        0.7855801582336426,
        0.6286605000495911,
        0.885182797908783,
        1.5874757766723633,
        0.6286605000495911,
        0.6286605000495911,
        0.6286605000495911,
        0.6286605000495911,
        0.6286605000495911,
        0.6286605000495911,
        1.7386364936828613,
        4.885800838470459,
        0.6286605000495911,
        0.6286605000495911,
        2.6831586360931396,
        0.6286605000495911,
        1.9837826490402222,
        0.6286605000495911,
        2.054979085922241,
        3.4081673622131348,
        0.6286605000495911,
        1.6547387838363647,
        2.1824676990509033,
        0.6286605000495911,
        0.6286605000495911,
        0.6286605000495911,
        0.6286605000495911,
        2.83594012260437,
        1.1640652418136597,
        0.6286605000495911,
        0.6286605000495911,
        1.0617432594299316,
        1.5699167251586914,
        0.6286605000495911,
        2.718474864959717,
        4.0037102699279785,
        0.6286605000495911,
        0.6286605000495911,
        0.6286605000495911,
        0.7900903224945068,
        0.6286605000495911,
        1.351373314857483,
        0.6286605000495911,
        0.6286605000495911,
        1.1080929040908813,
        0.6286605000495911,
        3.4066689014434814,
        2.2040843963623047,
        0.8887768387794495,
        0.6286605000495911,
        0.6286605000495911,
        2.7783069610595703,
        0.6286605000495911,
        0.6286605000495911,
        0.6286605000495911,
        0.6286605000495911,
        0.6286605000495911,
        0.6286605000495911,
        0.9186715483665466,
        0.6286605000495911,
        2.690838575363159
    ],
    "timestamp": 1754258007.1034446
}