{
    "embedding": [
        0.6286605000495911,
        0.6286605000495911,
        0.6286605000495911,
        0.7855800986289978,
        0.6286605000495911,
        0.8851826190948486,
        1.5874757766723633,
        0.6286605000495911,
        0.6286605000495911,
        0.6286605000495911,
        0.6286605000495911,
        0.6286605000495911,
        0.6286605000495911,
        1.7386362552642822,
        4.885800838470459,
        0.6286605000495911,
        0.6286605000495911,
        2.6831588745117188,
        0.6286605000495911,
        1.983782410621643,
        0.6286605000495911,
        2.054978847503662,
        3.408168315887451,
        0.6286605000495911,
        1.6547387838363647,
        2.182467222213745,
        0.6286605000495911,
        0.6286605000495911,
        0.6286605000495911,
        0.6286605000495911,
        2.8359405994415283,
        1.1640652418136597,
        0.6286605000495911,
        0.6286605000495911,
        1.0617430210113525,
        1.5699167251586914,
        0.6286605000495911,
        2.718475341796875,
        4.0037102699279785,
        0.6286605000495911,
        0.6286605000495911,
        0.6286605000495911,
        0.7900903224945068,
        0.6286605000495911,
        1.351373314857483,
        0.6286605000495911,
        0.6286605000495911,
        1.108093023300171,
        0.6286605000495911,
        3.4066684246063232,
        2.2040841579437256,
        0.8887762427330017,
        0.6286605000495911,
        0.6286605000495911,
        2.7783076763153076,
        0.6286605000495911,
        0.6286605000495911,
        0.6286605000495911,
        0.6286605000495911,
        0.6286605000495911,
        0.6286605000495911,
        0.9186716079711914,
        0.6286605000495911,
        2.690838575363159
    ],
    "timestamp": 1754257942.003827
}