{
  "query": "/*+  */ select count(*)\nfrom title AS t\ninner join cast_info AS ci\non t.id = ci.movie_id AND ci.person_id < 1399952 AND ci.role_id < 4;",
  "predicted_latency": 941.3896203041077,
  "actual_latency": 4855.694,
  "q_error": 5.15800673310102,
  "inference_time": 0.01707148551940918
}