{
  "query": "/*+  */ select count(*)\nfrom title AS t\ninner join cast_info AS ci\non t.id = ci.movie_id AND t.production_year < 1990 AND ci.person_id < 1983162;",
  "predicted_latency": 1549.8933792114258,
  "actual_latency": 4301.212,
  "q_error": 2.775166380921264,
  "inference_time": 0.019014835357666016
}