{
  "predicted_latency": 354.5167148113251,
  "actual_latency": 90.788,
  "q_error": 3.9048851699709775,
  "inference_time": 0.03798556327819824
}