{
  "predicted_latency": 0.02913774736225605,
  "actual_latency": 23.208986,
  "q_error": 796.5264282226562,
  "inference_time": 0.1374516487121582,
  "timestamp": 1745756239.1130524
}