{
  "query": "/*+  */ select count(*)\nfrom movie_keyword AS mk\ninner join title AS t\non t.id = mk.movie_id AND mk.keyword_id > 112;",
  "predicted_latency": 1276.978611946106,
  "actual_latency": 1464.747,
  "q_error": 1.1470411378055396,
  "inference_time": 0.02086329460144043
}