{
  "predicted_latency": 1363.20166015625,
  "inference_time": 0.02525949478149414
}