{
  "predicted_latency": 0.02913774736225605,
  "actual_latency": 4.717183,
  "q_error": 161.89251708984375,
  "inference_time": 0.26482105255126953,
  "timestamp": 1745453218.7618086
}