{
  "predicted_latency": 1161.931872367859,
  "actual_latency": 16058.039,
  "q_error": 13.820120939858466,
  "inference_time": 0.05538511276245117
}