{
  "predicted_latency": 0.0291377454996109,
  "actual_latency": 3.055766,
  "q_error": 104.87311553955078,
  "inference_time": 0.39028406143188477,
  "timestamp": 1745479915.5845218
}