{
  "predicted_latency": 315.5597746372223,
  "actual_latency": 2796.882,
  "q_error": 8.86323994626814,
  "inference_time": 0.10610747337341309
}