{
  "predicted_latency": 1650.546875,
  "inference_time": 0.037590742111206055
}