{
  "query": "/*+  */ select count(*)\nfrom title AS t\ninner join cast_info AS ci\non t.id = ci.movie_id AND ci.person_id > 2956345 AND ci.role_id > 1;",
  "predicted_latency": 912.9505753517151,
  "actual_latency": 2885.139,
  "q_error": 3.1602356993843808,
  "inference_time": 0.025571107864379883
}