{
  "query": "/*+  */ select count(*)\nfrom movie_companies AS mc\ninner join title AS t\non t.id = mc.movie_id AND mc.company_id < 141906;",
  "predicted_latency": 1193.7296390533447,
  "actual_latency": 1236.609,
  "q_error": 1.0359204961859367,
  "inference_time": 0.030526399612426758
}