{
  "predicted_latency": 230.73561096191406,
  "inference_time": 0.009754657745361328
}