{
  "predicted_latency": 989.4520263671875,
  "inference_time": 0.01878070831298828
}