{
  "predicted_latency": 1683.6629638671875,
  "inference_time": 0.017648935317993164
}