{
  "predicted_latency": 0.02913774363696575,
  "actual_latency": 12.127632,
  "q_error": 416.21728515625,
  "inference_time": 2.1019699573516846,
  "timestamp": 1745771174.2864077
}