{
  "predicted_latency": 1528.4442138671875,
  "inference_time": 0.01821732521057129
}