{
  "embedding": [
    0.7230827426382672,
    1.7618008057416823,
    3.5781005677690265,
    0.7828478614512712,
    0.17148803136236024,
    3.7214618617532502,
    0.5364082927527853,
    1.3146596886025104,
    1.085944276568394,
    2.420034152757862,
    4.5138630561597735,
    3.2329471651729476,
    1.8496406520019772,
    1.9891923298236656,
    0.8588988740415251,
    2.859063329161039,
    1.5669244984882873,
    3.3505734659102564,
    0.630023672594016,
    1.19745837329814,
    1.0361671705090336,
    2.3534520135323542,
    2.5604828694311528,
    0.4929179985669469,
    1.290370954118766,
    1.828101131944155,
    4.0057486470399,
    4.9901458133457846,
    1.840921451027806,
    1.5670807861248688,
    1.4637884542879578,
    2.3151387574914812,
    0.5146336873711517,
    2.0693204856360876,
    2.9777918478098293,
    0.1327102814290854,
    1.2435805258501658,
    0.3204563785196576,
    0.8605505045193458,
    3.5873570878457497,
    2.0106996178902543,
    5.086144504355226,
    2.1735236267072384,
    0.24377603658610655,
    1.0844148900410024,
    1.2862308921301604,
    0.34413991568348523,
    3.2189747922164353,
    4.7894950646683245,
    2.7426064589279004,
    0.7694020715909669,
    3.2927030497161085,
    1.7257040504037002,
    0.9265762315518488,
    1.3155111165038322,
    0.35773001849281244,
    2.5311883305980785,
    3.745918626885569,
    1.2968735894964434,
    1.47186101947907,
    0.37078987686905274,
    1.1605242406613918,
    0.5329616228500403,
    4.572049052285853
  ],
  "timestamp": 1754304204.3361976
}