{
  "embedding": [
    1.0243754685166253,
    0.8355958231233619,
    3.495858614146797,
    0.13886970671048698,
    0.13886970671048698,
    4.700437729451829,
    0.6188276993017209,
    1.9084357400255396,
    0.9301866154905548,
    2.282922445610114,
    4.038737425255436,
    1.735243811417264,
    2.2190406774851796,
    1.750871247059061,
    0.22942093821194,
    2.8954873426365193,
    0.42895680240161854,
    2.2059981801925077,
    0.6161198324664982,
    0.9370353089091629,
    1.0874367822685322,
    1.693343546335587,
    2.2195958937211824,
    0.13886970671048698,
    1.112224384665346,
    1.3630749640599935,
    3.1391597660634085,
    2.733332563370501,
    3.984125920129097,
    1.3848437462278438,
    3.9057402091695126,
    2.0441943035278274,
    0.9224216518638726,
    1.6018719145570615,
    2.3754859076387396,
    0.25725318279093834,
    1.2686447938962504,
    0.33962166522927606,
    1.121355732112079,
    4.011561867757011,
    2.1767154651289924,
    3.668552311247361,
    1.4111700427186857,
    0.38393878487921235,
    1.196214322998617,
    1.92638469458977,
    1.715380575728042,
    3.251865164167085,
    3.8949403400355145,
    1.6563600814541122,
    0.6850624995875485,
    3.759440508326247,
    1.8761062988249801,
    1.0416758038956895,
    1.7652358059693352,
    1.5388316995929308,
    2.612539808398905,
    2.868850370596811,
    2.195235544596433,
    1.65858668064097,
    0.13886970671048698,
    1.1926613104112238,
    1.1774874887331133,
    3.776080899812728
  ],
  "timestamp": 1754304207.638034
}