{
  "query": "/*+  */ select count(*)\nfrom title AS t\ninner join cast_info AS ci\non t.id = ci.movie_id AND t.production_year < 1995;",
  "predicted_latency": 1206.5314054489136,
  "actual_latency": 6198.041,
  "q_error": 5.137073906247719,
  "inference_time": 0.01698899269104004
}