{
  "query": "/*+  */ select count(*)\nfrom title AS t\ninner join cast_info AS ci\non t.id = ci.movie_id AND ci.person_id > 1138154;",
  "predicted_latency": 946.1396336555481,
  "actual_latency": 8035.743,
  "q_error": 8.49318928639818,
  "inference_time": 0.022990703582763672
}