{
  "predicted_latency": 1990.62744140625,
  "inference_time": 0.03046417236328125
}