{
  "query": "/*+  */ select count(*)\nfrom movie_companies AS mc\ninner join title AS t\non t.id = mc.movie_id AND t.production_year < 1968;",
  "predicted_latency": 1256.7425966262817,
  "actual_latency": 505.725,
  "q_error": 2.4850315816427537,
  "inference_time": 0.020279884338378906
}