{
  "predicted_latency": 737.3080444335938,
  "inference_time": 0.01200246810913086
}