{
  "query": "/*+  */ select count(*)\nfrom title AS t\ninner join cast_info AS ci\non t.id = ci.movie_id AND t.kind_id = 1 AND ci.person_id < 2788519;",
  "predicted_latency": 1442.491888999939,
  "actual_latency": 4871.146,
  "q_error": 3.3768966308553057,
  "inference_time": 0.01519465446472168
}