{
  "predicted_latency": 0.0291377454996109,
  "actual_latency": 17.880044,
  "q_error": 613.6386108398438,
  "inference_time": 1.95884108543396,
  "timestamp": 1745769731.0313172
}