{
  "query": "/*+  */ select count(*)\nfrom title AS t\ninner join cast_info AS ci\non t.id = ci.movie_id AND ci.person_id > 2411944 AND ci.role_id > 1;",
  "predicted_latency": 930.8655261993408,
  "actual_latency": 4989.893,
  "q_error": 5.360487481337273,
  "inference_time": 0.017848968505859375
}