{
  "query": "/*+  */ select count(*)\nfrom title AS t\ninner join cast_info AS ci\non t.id = ci.movie_id AND t.kind_id > 1 AND ci.person_id > 2591313 AND ci.role_id > 1;",
  "predicted_latency": 1233.7967157363892,
  "actual_latency": 4471.875,
  "q_error": 3.6244828203574606,
  "inference_time": 0.025394678115844727
}