{
  "predicted_latency": 280.50708770751953,
  "actual_latency": 24.241,
  "q_error": 11.571597199270638,
  "inference_time": 0.032353878021240234
}