{
  "predicted_latency": 0.02913774363696575,
  "actual_latency": 5.031404,
  "q_error": 172.676513671875,
  "inference_time": 0.1813802719116211,
  "timestamp": 1745481395.01074
}