{
  "predicted_latency": 403.05379033088684,
  "actual_latency": 400.295,
  "q_error": 1.0068918930560882,
  "inference_time": 0.12338685989379883
}