{
  "predicted_latency": 0.0291377454996109,
  "actual_latency": 31.358945,
  "q_error": 1076.2310791015625,
  "inference_time": 0.9166610240936279,
  "timestamp": 1745759926.1653779
}