{
  "predicted_latency": 991.7637329101562,
  "inference_time": 0.036936283111572266
}