{
  "predicted_latency": 499.28537011146545,
  "actual_latency": 4329.587,
  "q_error": 8.671567923236806,
  "inference_time": 0.04627847671508789
}