{
  "query": "/*+ NoNestLoop(t ci) */ select count(*)\nfrom title AS t\ninner join cast_info AS ci\non t.id = ci.movie_id AND ci.person_id > 2132507;",
  "predicted_latency": 647.7153897285461,
  "actual_latency": 5469.779,
  "q_error": 8.444726011979357,
  "inference_time": 0.015554189682006836
}