{
  "predicted_latency": 0.02913774736225605,
  "actual_latency": 4.255221,
  "q_error": 146.0380859375,
  "inference_time": 0.36302733421325684,
  "timestamp": 1745772113.2530746
}