{
  "query": "/*+  */ select count(*)\nfrom title AS t\ninner join cast_info AS ci\non t.id = ci.movie_id AND ci.person_id < 2837495;",
  "predicted_latency": 1105.4030656814575,
  "actual_latency": 8714.527,
  "q_error": 7.8835741192989,
  "inference_time": 0.01755833625793457
}