{
  "predicted_latency": 0.02913774736225605,
  "actual_latency": 19.372112,
  "q_error": 664.8458862304688,
  "inference_time": 0.05727434158325195,
  "timestamp": 1745758044.0067415
}