{
  "predicted_latency": 0.0291377454996109,
  "actual_latency": 2.718069,
  "q_error": 93.28343963623047,
  "inference_time": 0.21863627433776855,
  "timestamp": 1745756388.868567
}