{
  "query": "/*+  */ select count(*)\nfrom title AS t\ninner join cast_info AS ci\non t.id = ci.movie_id AND ci.person_id > 843224;",
  "predicted_latency": 1111.5868091583252,
  "actual_latency": 8552.102,
  "q_error": 7.693597953429753,
  "inference_time": 0.2217268943786621
}