{
  "predicted_latency": 636.8007659912109,
  "actual_latency": 3289.297,
  "q_error": 5.165347115875483,
  "inference_time": 0.12479615211486816
}