{
  "query": "/*+  */ select count(*)\nfrom title AS t\ninner join cast_info AS ci\non t.id = ci.movie_id AND t.kind_id = 1 AND t.production_year < 2000 AND ci.person_id > 2228068;",
  "predicted_latency": 1339.1594886779785,
  "actual_latency": 2771.027,
  "q_error": 2.069228514921374,
  "inference_time": 0.023090362548828125
}