{
  "predicted_latency": 0.02913774736225605,
  "actual_latency": 2.454936,
  "q_error": 84.25277709960938,
  "inference_time": 0.15173649787902832,
  "timestamp": 1745479898.1177144
}