{
  "query": "/*+ NoNestLoop(ci t) */ select count(*)\nfrom cast_info AS ci\ninner join title AS t\non t.id = ci.movie_id AND ci.person_id < 3753994;",
  "predicted_latency": 1150.8021354675293,
  "actual_latency": 10007.477,
  "q_error": 8.696088312292126,
  "inference_time": 0.03125762939453125
}