{
  "predicted_latency": 401.3118591308594,
  "inference_time": 0.10835433006286621
}