{
  "query": "/*+  */ select count(*)\nfrom title AS t\ninner join cast_info AS ci\non t.id = ci.movie_id AND t.production_year > 2009 AND ci.person_id > 2708488;",
  "predicted_latency": 1477.2218465805054,
  "actual_latency": 2790.87,
  "q_error": 1.889269378502861,
  "inference_time": 0.01538538932800293
}