{
  "query": "/*+  */ select count(*)\nfrom movie_companies AS mc\ninner join title AS t\non t.id = mc.movie_id AND mc.company_id > 152684;",
  "predicted_latency": 685.4713559150696,
  "actual_latency": 347.092,
  "q_error": 1.9748981708453943,
  "inference_time": 0.026520252227783203
}