{
  "predicted_latency": 1148.4781494140625,
  "inference_time": 0.018122434616088867
}