{
  "predicted_latency": 102.93149203062057,
  "actual_latency": 407.631,
  "q_error": 3.9602165669447,
  "inference_time": 0.15906310081481934
}