{
  "predicted_latency": 0.02913774363696575,
  "actual_latency": 7.135519,
  "q_error": 244.8892059326172,
  "inference_time": 1.533987283706665,
  "timestamp": 1745761936.7531345
}