{
  "predicted_latency": 0.02913774736225605,
  "actual_latency": 56.124025,
  "q_error": 1926.162109375,
  "inference_time": 2.394472122192383,
  "timestamp": 1745756209.2700663
}