{
  "query": "/*+  */ select count(*)\nfrom title AS t\ninner join cast_info AS ci\non t.id = ci.movie_id AND t.kind_id < 2 AND ci.person_id < 1423736;",
  "predicted_latency": 1063.2295608520508,
  "actual_latency": 3459.307,
  "q_error": 3.2535842939014796,
  "inference_time": 0.014717578887939453
}