{
  "predicted_latency": 407.4075927734375,
  "inference_time": 0.009464263916015625
}