{
  "query": "/*+ NoNestLoop(t ci) */ select count(*)\nfrom title AS t\ninner join cast_info AS ci\non t.id = ci.movie_id AND ci.person_id < 280528;",
  "predicted_latency": 594.4610834121704,
  "actual_latency": 1479.818,
  "q_error": 2.4893437792528568,
  "inference_time": 0.017016172409057617
}