{
  "query": "/*+  */ select count(*)\nfrom title AS t\ninner join cast_info AS ci\non t.id = ci.movie_id AND ci.person_id > 3681901 AND ci.role_id > 1;",
  "predicted_latency": 863.6952638626099,
  "actual_latency": 1502.855,
  "q_error": 1.7400292242879114,
  "inference_time": 0.033457040786743164
}