{
  "predicted_latency": 0.0291377454996109,
  "actual_latency": 0.190302,
  "q_error": 6.531116008758545,
  "inference_time": 1.129857063293457,
  "timestamp": 1745755544.0666118
}