{
  "query": "/*+  */ select count(*)\nfrom movie_keyword AS mk\ninner join title AS t\non t.id = mk.movie_id AND mk.keyword_id < 35861;",
  "predicted_latency": 1200.6564140319824,
  "actual_latency": 1399.763,
  "q_error": 1.1658314432347785,
  "inference_time": 0.015750408172607422
}