{
  "predicted_latency": 766.9147253036499,
  "actual_latency": 884.683,
  "q_error": 1.153561107657336,
  "inference_time": 0.1043097972869873
}