{
  "query": "/*+  */ select count(*)\nfrom title AS t\ninner join movie_info AS mi\non t.id = mi.movie_id AND t.kind_id = 7;",
  "predicted_latency": 894.2010402679443,
  "actual_latency": 2938.21,
  "q_error": 3.2858494540775474,
  "inference_time": 0.026334762573242188
}