{
  "query": "/*+ NoNestLoop(t ci) */ select count(*)\nfrom title AS t\ninner join cast_info AS ci\non t.id = ci.movie_id AND ci.person_id > 1701805;",
  "predicted_latency": 708.5106372833252,
  "actual_latency": 6743.874,
  "q_error": 9.518380734350503,
  "inference_time": 0.012921333312988281
}