{
  "query": "/*+  */ select count(*)\nfrom title AS t\ninner join cast_info AS ci\non t.id = ci.movie_id AND t.kind_id = 1 AND ci.person_id < 2660061;",
  "predicted_latency": 1390.465497970581,
  "actual_latency": 4809.697,
  "q_error": 3.459055263880961,
  "inference_time": 0.027081012725830078
}