{
  "predicted_latency": 232.0648431777954,
  "actual_latency": 291.71,
  "q_error": 1.257019357199693,
  "inference_time": 0.1504676342010498
}