{
  "predicted_latency": 1650.546875,
  "inference_time": 0.021643638610839844
}