{
    "embedding": [
        0.5793680548667908,
        0.5793680548667908,
        0.5793680548667908,
        0.7136715650558472,
        0.5793680548667908,
        1.5473906993865967,
        0.5793680548667908,
        0.5793680548667908,
        0.5793680548667908,
        0.5793680548667908,
        0.5793680548667908,
        0.5793680548667908,
        0.5793680548667908,
        2.0872859954833984,
        4.068719863891602,
        0.5793680548667908,
        0.5793680548667908,
        1.1839852333068848,
        0.5793680548667908,
        2.724240303039551,
        0.5793680548667908,
        0.6309581398963928,
        3.2418370246887207,
        0.5793680548667908,
        0.8433728218078613,
        0.7996615171432495,
        0.5793680548667908,
        0.5793680548667908,
        0.5793680548667908,
        0.5793680548667908,
        3.379457712173462,
        1.1051661968231201,
        0.5793680548667908,
        0.5793680548667908,
        1.4134423732757568,
        2.2266321182250977,
        0.5793680548667908,
        1.9514179229736328,
        3.1146860122680664,
        0.5793680548667908,
        0.5793680548667908,
        0.5793680548667908,
        0.7302396893501282,
        0.5793680548667908,
        0.9341882467269897,
        0.5793680548667908,
        0.5793680548667908,
        1.099074125289917,
        0.5793680548667908,
        2.09051251411438,
        0.9081792235374451,
        1.5861276388168335,
        0.5793680548667908,
        0.5793680548667908,
        2.886669397354126,
        0.5793680548667908,
        0.5793680548667908,
        0.5793680548667908,
        0.5793680548667908,
        0.6358656883239746,
        0.5793680548667908,
        0.5793680548667908,
        0.5793680548667908,
        3.0110816955566406
    ],
    "timestamp": 1754257760.0891032
}