{
    "embedding": [
        0.5793680548667908,
        0.5793680548667908,
        0.5793680548667908,
        0.7136716246604919,
        0.5793680548667908,
        1.5473902225494385,
        0.5793680548667908,
        0.5793680548667908,
        0.5793680548667908,
        0.5793680548667908,
        0.5793680548667908,
        0.5793680548667908,
        0.5793680548667908,
        2.087286949157715,
        4.068720817565918,
        0.5793680548667908,
        0.5793680548667908,
        1.1839853525161743,
        0.5793680548667908,
        2.724240779876709,
        0.5793680548667908,
        0.6309581398963928,
        3.2418370246887207,
        0.5793680548667908,
        0.8433730602264404,
        0.7996610403060913,
        0.5793680548667908,
        0.5793680548667908,
        0.5793680548667908,
        0.5793680548667908,
        3.379457473754883,
        1.1051661968231201,
        0.5793680548667908,
        0.5793680548667908,
        1.4134424924850464,
        2.2266316413879395,
        0.5793680548667908,
        1.951418161392212,
        3.1146860122680664,
        0.5793680548667908,
        0.5793680548667908,
        0.5793680548667908,
        0.7302398085594177,
        0.5793680548667908,
        0.934187650680542,
        0.5793680548667908,
        0.5793680548667908,
        1.0990740060806274,
        0.5793680548667908,
        2.090513229370117,
        0.9081793427467346,
        1.5861276388168335,
        0.5793680548667908,
        0.5793680548667908,
        2.8866701126098633,
        0.5793680548667908,
        0.5793680548667908,
        0.5793680548667908,
        0.5793680548667908,
        0.6358656883239746,
        0.5793680548667908,
        0.5793680548667908,
        0.5793680548667908,
        3.0110816955566406
    ],
    "timestamp": 1754257760.7319603
}