{
  "predicted_latency": 606.5479516983032,
  "actual_latency": 171.881,
  "q_error": 3.5288830743264423,
  "inference_time": 0.10106849670410156
}