{
  "query": "/*+ NoNestLoop(t ci) */ select count(*)\nfrom title AS t\ninner join cast_info AS ci\non t.id = ci.movie_id AND ci.person_id < 1230782;",
  "predicted_latency": 639.7731304168701,
  "actual_latency": 5084.225,
  "q_error": 7.946918615802398,
  "inference_time": 0.013596534729003906
}