{
  "predicted_latency": 0.0291377454996109,
  "actual_latency": 20.595826000000002,
  "q_error": 706.8434448242188,
  "inference_time": 6.010930061340332,
  "timestamp": 1745452602.3414328
}