{
  "predicted_latency": 0.0291377454996109,
  "actual_latency": 54.208003,
  "q_error": 1860.4049072265625,
  "inference_time": 0.10802006721496582,
  "timestamp": 1745760572.4385505
}