{
  "predicted_latency": 341.0258889198303,
  "actual_latency": 361.634,
  "q_error": 1.0604297554811575,
  "inference_time": 0.07021307945251465
}