{
  "predicted_latency": 0.02913774736225605,
  "actual_latency": 0.954005,
  "q_error": 32.741207122802734,
  "inference_time": 5.483374357223511,
  "timestamp": 1745754744.6899428
}