{
  "query": "/*+  */ select count(*)\nfrom cast_info AS ci\ninner join title AS t\non t.id = ci.movie_id AND ci.person_id > 814939 AND ci.role_id > 2 AND t.production_year > 2010;",
  "predicted_latency": 1579.0385007858276,
  "actual_latency": 2773.904,
  "q_error": 1.7567044746657747,
  "inference_time": 0.026662349700927734
}