{
  "predicted_latency": 0.0291377454996109,
  "actual_latency": 3.510129,
  "q_error": 120.46672821044922,
  "inference_time": 3.315239191055298,
  "timestamp": 1745481169.6871157
}