{
  "predicted_latency": 407.6303541660309,
  "actual_latency": 2188.332,
  "q_error": 5.368422585891815,
  "inference_time": 0.06117415428161621
}