{
  "query": "/*+ NoNestLoop(t ci) */ select count(*)\nfrom title AS t\ninner join cast_info AS ci\non t.id = ci.movie_id AND ci.person_id < 290732;",
  "predicted_latency": 595.8284735679626,
  "actual_latency": 1599.438,
  "q_error": 2.6843933631136907,
  "inference_time": 0.027185678482055664
}