{
  "predicted_latency": 399.59508180618286,
  "actual_latency": 3326.603,
  "q_error": 8.32493479390098,
  "inference_time": 0.1243431568145752
}