{
  "query": "/*+  */ select count(*)\nfrom title AS t\ninner join cast_info AS ci\non t.id = ci.movie_id AND t.kind_id < 4 AND ci.person_id < 2796277;",
  "predicted_latency": 1438.915729522705,
  "actual_latency": 6095.385,
  "q_error": 4.236095884518455,
  "inference_time": 0.01962137222290039
}