{
  "query": "/*+ NoNestLoop(t ci) */ select count(*)\nfrom title AS t\ninner join cast_info AS ci\non t.id = ci.movie_id AND ci.person_id > 2724870;",
  "predicted_latency": 627.5466084480286,
  "actual_latency": 4435.427,
  "q_error": 7.0678845846512575,
  "inference_time": 0.014976978302001953
}