{
  "predicted_latency": 0.02913774363696575,
  "actual_latency": 0.214007,
  "q_error": 7.344666481018066,
  "inference_time": 2.938483476638794,
  "timestamp": 1745481299.2985818
}