{
  "predicted_latency": 263.0429382324219,
  "inference_time": 0.017204999923706055
}