{
  "predicted_latency": 436.66644287109375,
  "inference_time": 0.03243374824523926
}