{
  "embedding": [
    0.5495857662074797,
    1.5708361396959414,
    0.7196272165947731,
    0.22814081198437422,
    1.533967657993495,
    2.478675882300908,
    0.4917066208178368,
    0.7683073395854162,
    1.0260096846629214,
    3.108069594859335,
    1.8456561623060774,
    0.4469186213724251,
    1.7418467990591555,
    0.45882695963942044,
    0.3252887860289016,
    1.6816225409490555,
    0.27992918617023704,
    0.9685519189707321,
    1.1531480113407622,
    1.6858571261397863,
    1.7232069202094,
    0.5791831404104483,
    1.3524591477246963,
    0.22814081198437422,
    1.060391039336338,
    0.9840387234089615,
    2.990048093330314,
    1.5727991545481224,
    1.657109204272369,
    2.932136249608125,
    3.973180988902432,
    2.0872329147505253,
    1.964340313227904,
    3.0298125735004042,
    0.7889219472201672,
    1.1002925213373316,
    1.1554063513028086,
    1.4396031718284796,
    1.161382054095256,
    2.4450900708559007,
    1.5560347964503356,
    1.1896664886908317,
    1.462043045454903,
    0.6270413386463709,
    0.45359347498921754,
    1.1600981321045487,
    3.3637896296404564,
    1.427577773581039,
    0.7765018750486407,
    1.0834178209880234,
    1.3045558448771941,
    0.8267755904075881,
    0.8589687189785631,
    0.5778078580929127,
    0.8323628620740688,
    1.1826712139597995,
    1.8670462284502105,
    2.0753411362912346,
    1.4548145959124918,
    0.6585288251773774,
    0.22814081198437422,
    0.9224722161790407,
    0.4043783713152699,
    0.7550480359396586
  ],
  "timestamp": 1754308447.998709
}