{
  "embedding": [
    0.637468528510651,
    1.6688102953416042,
    0.9236166009613782,
    0.2225503953187525,
    1.667338732954928,
    2.5048643915940865,
    0.530668705054919,
    0.8570285305843335,
    0.9954004064199892,
    3.250256484702328,
    1.8637153625945126,
    1.7748818352904265,
    1.8552378894637256,
    0.4536937922965065,
    0.3263471252860938,
    1.6711802202311106,
    0.2784066725435801,
    0.8849456453348902,
    1.281892706995654,
    1.8531269951633944,
    1.7886754767252409,
    1.107654831238474,
    1.4832313979998353,
    0.2225503953187525,
    1.1688223369570339,
    1.0222550333135954,
    3.1388851677539424,
    1.659308320780991,
    1.6952965427062785,
    3.0835021943985184,
    4.114581774896048,
    2.1482427640655475,
    1.9891326536710277,
    3.014395841263959,
    0.720144879937633,
    1.372417880608607,
    1.185050135558738,
    1.570714716233609,
    1.2783249287508582,
    2.4920655353793815,
    1.6409411371998193,
    1.1834903998682345,
    1.442758019257045,
    0.7517432399102693,
    0.6104348326172753,
    1.156722659989978,
    3.7051447429575886,
    1.4676251400196763,
    0.8751362590340236,
    1.0433016976764138,
    1.3641558833984055,
    0.6174719195303184,
    0.8978453873360497,
    0.697688540527026,
    0.8366043887931195,
    1.3025973458754645,
    1.8095879184483021,
    2.258607915500387,
    1.5131784717120544,
    0.7713745347392656,
    0.2225503953187525,
    1.5818621955014338,
    0.436780196984991,
    0.8840905339878958
  ],
  "timestamp": 1754308449.1742928
}