{
  "query": "/*+  */ select count(*)\nfrom title AS t\ninner join cast_info AS ci\non t.id = ci.movie_id AND t.kind_id = 1 AND ci.person_id < 2598401;",
  "predicted_latency": 1370.8008527755737,
  "actual_latency": 4836.642,
  "q_error": 3.5283330836910785,
  "inference_time": 0.029955148696899414
}