{
  "query": "/*+  */ select count(*)\nfrom title AS t\ninner join cast_info AS ci\non t.id = ci.movie_id AND t.production_year > 2004 AND ci.person_id > 1117663;",
  "predicted_latency": 1496.3099956512451,
  "actual_latency": 5415.335,
  "q_error": 3.619126394756898,
  "inference_time": 0.02701735496520996
}