{
  "predicted_latency": 0.0291377454996109,
  "actual_latency": 3.316893,
  "q_error": 113.83492279052734,
  "inference_time": 0.15141725540161133,
  "timestamp": 1745759317.5851886
}