{
  "predicted_latency": 0.02913774363696575,
  "actual_latency": 2.860148,
  "q_error": 98.15955352783203,
  "inference_time": 1.1038148403167725,
  "timestamp": 1745757350.9257848
}