{
  "query": "/*+  */ select count(*)\nfrom title AS t\ninner join movie_companies AS mc\non t.id = mc.movie_id AND mc.company_id < 73876;",
  "predicted_latency": 381.77618384361267,
  "actual_latency": 1025.433,
  "q_error": 2.6859532977574343,
  "inference_time": 0.018945932388305664
}