{
  "predicted_latency": 0.02913774736225605,
  "actual_latency": 4.890412,
  "q_error": 167.83767700195312,
  "inference_time": 4.04170298576355,
  "timestamp": 1745452575.3600318
}