{
  "predicted_latency": 0.02913774736225605,
  "actual_latency": 0.7287279999999999,
  "q_error": 25.00975799560547,
  "inference_time": 0.8980240821838379,
  "timestamp": 1745759199.2666278
}