{
    "embedding": [
        0.6590778231620789,
        0.6590778231620789,
        0.6590778231620789,
        0.8446155786514282,
        0.6590778231620789,
        1.6753532886505127,
        0.6590778231620789,
        0.6590778231620789,
        0.818581759929657,
        0.6590778231620789,
        0.6590778231620789,
        0.6590778231620789,
        0.6590778231620789,
        2.236297130584717,
        4.755771160125732,
        0.6590778231620789,
        0.6590778231620789,
        2.0350005626678467,
        0.6590778231620789,
        2.988097906112671,
        0.6590778231620789,
        0.7191477417945862,
        4.950645923614502,
        0.6590778231620789,
        1.0806975364685059,
        0.9081537127494812,
        0.6590778231620789,
        0.6590778231620789,
        0.6590778231620789,
        0.6590778231620789,
        4.2188897132873535,
        1.2669050693511963,
        0.6590778231620789,
        0.6590778231620789,
        1.5278921127319336,
        2.010695457458496,
        0.6590778231620789,
        3.075385808944702,
        4.337065696716309,
        0.6590778231620789,
        0.6590778231620789,
        0.6590778231620789,
        0.8874487280845642,
        0.6590778231620789,
        1.5410046577453613,
        0.6590778231620789,
        0.6590778231620789,
        1.2652031183242798,
        0.6590778231620789,
        2.2655842304229736,
        2.0852818489074707,
        2.122870922088623,
        0.6590778231620789,
        0.6590778231620789,
        2.3689146041870117,
        0.6590778231620789,
        0.6590778231620789,
        0.6590778231620789,
        0.6590778231620789,
        0.6590778231620789,
        0.6590778231620789,
        0.6590778231620789,
        0.6590778231620789,
        2.809396505355835
    ],
    "timestamp": 1754257720.984022
}