{
    "embedding": [
        0.6590778827667236,
        0.6590778827667236,
        0.6590778827667236,
        0.844615638256073,
        0.6590778827667236,
        1.67535400390625,
        0.6590778827667236,
        0.6590778827667236,
        0.8185818195343018,
        0.6590778827667236,
        0.6590778827667236,
        0.6590778827667236,
        0.6590778827667236,
        2.236297607421875,
        4.755771636962891,
        0.6590778827667236,
        0.6590778827667236,
        2.0350005626678467,
        0.6590778827667236,
        2.988097906112671,
        0.6590778827667236,
        0.7191476821899414,
        4.950645446777344,
        0.6590778827667236,
        1.0806974172592163,
        0.9081535935401917,
        0.6590778827667236,
        0.6590778827667236,
        0.6590778827667236,
        0.6590778827667236,
        4.218891143798828,
        1.2669050693511963,
        0.6590778827667236,
        0.6590778827667236,
        1.5278918743133545,
        2.010695457458496,
        0.6590778827667236,
        3.0753860473632812,
        4.337065696716309,
        0.6590778827667236,
        0.6590778827667236,
        0.6590778827667236,
        0.887448787689209,
        0.6590778827667236,
        1.5410047769546509,
        0.6590778827667236,
        0.6590778827667236,
        1.2652033567428589,
        0.6590778827667236,
        2.2655844688415527,
        2.08528208732605,
        2.122870683670044,
        0.6590778827667236,
        0.6590778827667236,
        2.368914842605591,
        0.6590778827667236,
        0.6590778827667236,
        0.6590778827667236,
        0.6590778827667236,
        0.6590778827667236,
        0.6590778827667236,
        0.6590778827667236,
        0.6590778827667236,
        2.809396743774414
    ],
    "timestamp": 1754257726.0942805
}