{
  "query": "/*+  */ select count(*)\nfrom title AS t\ninner join movie_keyword AS mk\non t.id = mk.movie_id AND mk.keyword_id < 10218;",
  "predicted_latency": 494.7813153266907,
  "actual_latency": 1035.048,
  "q_error": 2.0919302486525506,
  "inference_time": 0.02484607696533203
}