{
  "predicted_latency": 862.6253604888916,
  "actual_latency": 5433.413,
  "q_error": 6.298693788599747,
  "inference_time": 0.06773018836975098
}