{
  "query": "/*+  */ select count(*)\nfrom title AS t\ninner join cast_info AS ci\non t.id = ci.movie_id AND ci.person_id > 3449193 AND ci.role_id > 1;",
  "predicted_latency": 885.4618668556213,
  "actual_latency": 1709.056,
  "q_error": 1.9301294205577229,
  "inference_time": 0.01943182945251465
}