{
  "predicted_latency": 0.0291377454996109,
  "actual_latency": 0.378289,
  "q_error": 12.982782363891602,
  "inference_time": 0.9486987590789795,
  "timestamp": 1745481420.7522378
}