{
  "query": "/*+  */ select count(*)\nfrom movie_companies AS mc\ninner join title AS t\non t.id = mc.movie_id AND mc.company_id > 95052;",
  "predicted_latency": 867.2885894775391,
  "actual_latency": 455.545,
  "q_error": 1.903848334363321,
  "inference_time": 0.014496803283691406
}