{
  "query": "/*+  */ select count(*)\nfrom title AS t\ninner join movie_keyword AS mk\non t.id = mk.movie_id AND mk.keyword_id > 121331;",
  "predicted_latency": 391.91463589668274,
  "actual_latency": 51.923,
  "q_error": 7.547996762449834,
  "inference_time": 0.026541948318481445
}