{
    "embedding": [
        0.6420910954475403,
        0.6420910954475403,
        0.6420910954475403,
        0.8080958724021912,
        0.6420910954475403,
        1.2818858623504639,
        1.4469763040542603,
        0.6420910954475403,
        0.8377660512924194,
        0.6420910954475403,
        0.6420910954475403,
        0.6420910954475403,
        0.6420910954475403,
        1.7781485319137573,
        4.791512966156006,
        0.6420910954475403,
        0.6420910954475403,
        2.572178840637207,
        0.6420910954475403,
        1.6600630283355713,
        0.6420910954475403,
        1.485253930091858,
        2.7631964683532715,
        0.6420910954475403,
        1.8899332284927368,
        2.449502944946289,
        0.6420910954475403,
        0.6420910954475403,
        0.6420910954475403,
        0.6420910954475403,
        3.3983476161956787,
        1.1775524616241455,
        0.6420910954475403,
        0.6420910954475403,
        1.101383924484253,
        1.303733468055725,
        0.6420910954475403,
        2.294649600982666,
        3.630767583847046,
        0.6420910954475403,
        0.6420910954475403,
        0.6420910954475403,
        0.8440831899642944,
        0.6420910954475403,
        1.2314414978027344,
        0.6420910954475403,
        0.6420910954475403,
        1.112725853919983,
        0.6420910954475403,
        4.409605503082275,
        2.243117332458496,
        0.6936671733856201,
        0.6420910954475403,
        0.6420910954475403,
        3.1999945640563965,
        0.6420910954475403,
        0.6420910954475403,
        0.6420910954475403,
        0.6420910954475403,
        0.6420910954475403,
        0.6420910954475403,
        0.734684944152832,
        0.6420910954475403,
        2.9701766967773438
    ],
    "timestamp": 1754257538.9769244
}