{
    "embedding": [
        0.6420910358428955,
        0.6420910358428955,
        0.6420910358428955,
        0.8080958724021912,
        0.6420910358428955,
        1.281886100769043,
        1.4469763040542603,
        0.6420910358428955,
        0.8377661108970642,
        0.6420910358428955,
        0.6420910358428955,
        0.6420910358428955,
        0.6420910358428955,
        1.7781480550765991,
        4.791512489318848,
        0.6420910358428955,
        0.6420910358428955,
        2.572178840637207,
        0.6420910358428955,
        1.6600629091262817,
        0.6420910358428955,
        1.4852542877197266,
        2.7631962299346924,
        0.6420910358428955,
        1.8899329900741577,
        2.44950270652771,
        0.6420910358428955,
        0.6420910358428955,
        0.6420910358428955,
        0.6420910358428955,
        3.3983473777770996,
        1.177552342414856,
        0.6420910358428955,
        0.6420910358428955,
        1.1013840436935425,
        1.3037340641021729,
        0.6420910358428955,
        2.294649362564087,
        3.630767822265625,
        0.6420910358428955,
        0.6420910358428955,
        0.6420910358428955,
        0.8440831303596497,
        0.6420910358428955,
        1.2314412593841553,
        0.6420910358428955,
        0.6420910358428955,
        1.1127257347106934,
        0.6420910358428955,
        4.409605026245117,
        2.243117094039917,
        0.6936671137809753,
        0.6420910358428955,
        0.6420910358428955,
        3.1999950408935547,
        0.6420910358428955,
        0.6420910358428955,
        0.6420910358428955,
        0.6420910358428955,
        0.6420910358428955,
        0.6420910358428955,
        0.7346845865249634,
        0.6420910358428955,
        2.9701764583587646
    ],
    "timestamp": 1754257540.8859613
}