{
  "predicted_latency": 395.2943682670593,
  "actual_latency": 688.307,
  "q_error": 1.7412517234118108,
  "inference_time": 0.08134984970092773
}