{
  "predicted_latency": 0.02913774736225605,
  "actual_latency": 0.22431399999999999,
  "q_error": 7.698399066925049,
  "inference_time": 0.20712924003601074,
  "timestamp": 1745753699.122636
}