{
  "query": "/*+  */ select count(*)\nfrom title AS t\ninner join movie_keyword AS mk\non t.id = mk.movie_id AND mk.keyword_id = 3448;",
  "predicted_latency": 494.7813153266907,
  "actual_latency": 16.695,
  "q_error": 29.636496874914087,
  "inference_time": 0.025880098342895508
}