{
  "predicted_latency": 0.0291377454996109,
  "actual_latency": 7.108775,
  "q_error": 243.97134399414062,
  "inference_time": 0.050176382064819336,
  "timestamp": 1745772249.182138
}