{
  "query": "/*+ NoNestLoop(t ci) */ select count(*)\nfrom title AS t\ninner join cast_info AS ci\non t.id = ci.movie_id AND ci.person_id > 1653870;",
  "predicted_latency": 717.8805470466614,
  "actual_latency": 6770.511,
  "q_error": 9.431250126297023,
  "inference_time": 0.017606496810913086
}