{
  "query": "/*+  */ select count(*)\nfrom cast_info AS ci\ninner join title AS t\non t.id = ci.movie_id AND ci.person_id > 2219720 AND t.production_year > 2010;",
  "predicted_latency": 1459.2742919921875,
  "actual_latency": 3024.697,
  "q_error": 2.0727405509698333,
  "inference_time": 0.025334835052490234
}