{
  "predicted_latency": 0.02913774736225605,
  "actual_latency": 42.803839999999994,
  "q_error": 1469.016845703125,
  "inference_time": 0.7439625263214111,
  "timestamp": 1745757394.787235
}