{
  "predicted_latency": 146.43137156963348,
  "actual_latency": 251.01,
  "q_error": 1.71418185399319,
  "inference_time": 0.14873504638671875
}