{
  "predicted_latency": 0.0291377454996109,
  "actual_latency": 0.29075599999999996,
  "q_error": 9.978671073913574,
  "inference_time": 1.3084747791290283,
  "timestamp": 1745772131.0298312
}