{
  "pg_runtime": 892.55,
  "opt_runtime": 875.604,
  "pg_slowdown": 1.0193534976998733,
  "pg_opt_diff": 16.945999999999913,
  "original_num_of_plans": 2,
  "pg_plan_card_error": 1.1178236132467612,
  "opt_plan_card_error": 1.0,
  "num_tables": 2,
  "opt_hint": "/*+ Rows(cast_info title #695701) */"
}