{
  "query": "/*+  */ select count(*)\nfrom title AS t\ninner join movie_info AS mi\non t.id = mi.movie_id AND mi.info_type_id = 16;",
  "predicted_latency": 748.2675313949585,
  "actual_latency": 1518.774,
  "q_error": 2.0297205695516736,
  "inference_time": 0.028580427169799805
}