{
  "predicted_latency": 0.0291377454996109,
  "actual_latency": 0.547668,
  "q_error": 18.795825958251953,
  "inference_time": 0.0945274829864502,
  "timestamp": 1745452707.496401
}