{
  "predicted_latency": 418.3653564453125,
  "inference_time": 0.01531076431274414
}