{
  "query": "/*+  */ select count(*)\nfrom title AS t\ninner join cast_info AS ci\non t.id = ci.movie_id AND t.production_year > 2007 AND ci.person_id < 1425243 AND ci.role_id = 1;",
  "predicted_latency": 1393.2491540908813,
  "actual_latency": 2805.448,
  "q_error": 2.0136010790048546,
  "inference_time": 0.018565654754638672
}