{
  "predicted_latency": 0.010861067101359367,
  "actual_latency": 8.047414999999999,
  "q_error": 740.9414672851562,
  "inference_time": 0.3575408458709717,
  "timestamp": 1744800591.955643
}