{
  "predicted_latency": 375.5093994140625,
  "inference_time": 0.010587692260742188
}