{
  "predicted_latency": 0.02913774736225605,
  "actual_latency": 0.188732,
  "q_error": 6.47723388671875,
  "inference_time": 0.06373834609985352,
  "timestamp": 1745760924.655904
}