{
  "predicted_latency": 614.3915057182312,
  "actual_latency": 3283.128,
  "q_error": 5.343706690999875,
  "inference_time": 0.07748866081237793
}