{
  "embedding": [
    0.4253161536426081,
    1.1579148461243958,
    1.1426558468481884,
    0.2287105639191844,
    0.8091902204376517,
    2.0051379688061592,
    1.3056976443939607,
    0.32837888610527066,
    1.1445329144449428,
    1.8277675246607188,
    1.5059339786100772,
    0.7291669840738848,
    1.24585245134864,
    0.6810490545499469,
    0.32911876117081507,
    2.49532102819456,
    0.28236791795770166,
    1.708367386292609,
    1.8711707447341124,
    1.7983435008032276,
    1.9760196736015392,
    1.325425081057237,
    0.7416605831789371,
    0.2287105639191844,
    1.9449687939920746,
    0.5569001092003107,
    3.066238380252327,
    1.6307797755869757,
    1.3892927829516728,
    1.9004138174804799,
    2.905687491729849,
    1.2863443007156956,
    1.346097871133222,
    2.848373830058123,
    1.6463727509940793,
    0.8668338387260024,
    0.9275921016465156,
    1.4928292757570993,
    1.4318945435543866,
    1.7785447955585714,
    1.582457272479545,
    0.765008287911866,
    1.3393103821163217,
    0.7894101529174001,
    1.1358815180017383,
    0.9133668166338477,
    2.9743669117969476,
    1.8013860024141697,
    2.138617364467788,
    2.323401948285356,
    1.0467340635218625,
    0.8250079320402196,
    1.398676844377861,
    1.2547818345669925,
    0.4847129681121584,
    1.2458302740401266,
    1.7283471024162893,
    1.745096945380067,
    1.263564487573752,
    1.4694413703835858,
    0.2287105639191844,
    1.027607186543091,
    0.4067517459080376,
    0.4571552183424653
  ],
  "timestamp": 1754304807.2565134
}