{
  "embedding": [
    0.5554115413004389,
    1.1208760951294892,
    1.071699244657367,
    0.22213757658129496,
    0.9473070191218612,
    1.9853978829257815,
    1.3020324771874288,
    0.3390488468163143,
    1.1254101124984444,
    1.843826614239915,
    1.5214422002651051,
    1.7723456931756851,
    1.2892677248791324,
    0.6564261524262421,
    0.329381789476941,
    2.5053315175135515,
    0.280017447182371,
    1.618780799729037,
    2.030031418914899,
    1.8569585545534821,
    2.167807420482103,
    1.352483116831536,
    0.8435539879995069,
    0.22213757658129496,
    2.0720511470737897,
    0.5917986715416046,
    3.204589011982884,
    1.7242862230827123,
    1.4641688112429063,
    2.0406305699349447,
    3.0817119746856707,
    1.2815518014079017,
    1.3740905144882463,
    2.841023163281956,
    1.5207644553672535,
    1.1160988853493425,
    1.0024109105738024,
    1.603056541368471,
    1.4975393751091013,
    1.8587417750807502,
    1.6458838979896093,
    0.7578601433555188,
    1.305896670456098,
    0.9180404337154892,
    1.126192502241185,
    1.1558544236656483,
    3.268296796941571,
    1.8858288820301163,
    2.1317764482536545,
    2.364089131920924,
    1.1460724883328155,
    0.3787374157173498,
    1.4703700919676563,
    1.4492347244226587,
    0.49385450037709555,
    1.3777443130431422,
    1.6689240775380747,
    1.8923875682471853,
    1.2943290168833146,
    1.6650568397832783,
    0.22213757658129496,
    1.5736300334543099,
    0.43723901510234,
    0.8871516656179836
  ],
  "timestamp": 1754304807.9723048
}