{
  "predicted_latency": 376.7810363769531,
  "inference_time": 0.0376133918762207
}