{
  "query": "/*+  */ select count(*)\nfrom title AS t\ninner join cast_info AS ci\non t.id = ci.movie_id AND ci.person_id > 900662;",
  "predicted_latency": 1082.6046466827393,
  "actual_latency": 8087.675,
  "q_error": 7.470571112715831,
  "inference_time": 0.01727437973022461
}