{
  "predicted_latency": 0.02913774363696575,
  "actual_latency": 101.264626,
  "q_error": 3475.37646484375,
  "inference_time": 4.043665170669556,
  "timestamp": 1745480318.1865911
}