{
  "predicted_latency": 522.7797031402588,
  "actual_latency": 311.633,
  "q_error": 1.6775492426676855,
  "inference_time": 0.04358696937561035
}