{
  "predicted_latency": 0.0291377454996109,
  "actual_latency": 1.8385070000000001,
  "q_error": 63.09709548950195,
  "inference_time": 0.5672359466552734,
  "timestamp": 1745452709.99084
}