{
  "query": "/*+  */ select count(*)\nfrom cast_info AS ci\ninner join title AS t\non t.id = ci.movie_id AND ci.person_id < 3332550 AND t.production_year > 2006;",
  "predicted_latency": 1462.1139764785767,
  "actual_latency": 6970.644,
  "q_error": 4.7675106812045005,
  "inference_time": 0.016733646392822266
}