{
  "predicted_latency": 786.4102172851562,
  "inference_time": 0.005466938018798828
}