{
  "predicted_latency": 183.6003065109253,
  "actual_latency": 2867.373,
  "q_error": 15.617473927416208,
  "inference_time": 0.15490508079528809
}