{
    "embedding": [
        0.6557405591011047,
        0.6557405591011047,
        0.6557405591011047,
        0.6666219234466553,
        0.6557405591011047,
        1.2647157907485962,
        0.6557405591011047,
        0.6557405591011047,
        1.0878331661224365,
        0.6557405591011047,
        0.6557405591011047,
        0.6557405591011047,
        0.6557405591011047,
        1.7746866941452026,
        2.3938140869140625,
        0.6557405591011047,
        0.6557405591011047,
        1.7975150346755981,
        0.6557405591011047,
        1.1561323404312134,
        0.6557405591011047,
        3.7492287158966064,
        3.304405689239502,
        0.6557405591011047,
        0.6557405591011047,
        0.9318368434906006,
        0.6557405591011047,
        0.6557405591011047,
        0.6557405591011047,
        0.6557405591011047,
        0.6557405591011047,
        2.0502519607543945,
        0.6557405591011047,
        0.6557405591011047,
        0.9443199634552002,
        1.4918431043624878,
        0.6557405591011047,
        3.631115674972534,
        1.9908521175384521,
        0.6557405591011047,
        0.6557405591011047,
        0.6557405591011047,
        0.7767162919044495,
        0.6557405591011047,
        0.6557405591011047,
        0.6557405591011047,
        0.6557405591011047,
        0.9730629920959473,
        0.6557405591011047,
        0.7653791904449463,
        1.2602438926696777,
        0.6613302826881409,
        0.6557405591011047,
        0.6557405591011047,
        2.071969509124756,
        0.6557405591011047,
        0.6557405591011047,
        0.6557405591011047,
        0.6557405591011047,
        0.6557405591011047,
        0.6557405591011047,
        1.9125401973724365,
        0.6557405591011047,
        2.4009344577789307
    ],
    "timestamp": 1754257757.3153844
}