{
  "query": "/*+  */ select count(*)\nfrom title AS t\ninner join cast_info AS ci\non t.id = ci.movie_id AND ci.person_id > 3247934 AND ci.role_id > 1;",
  "predicted_latency": 897.480845451355,
  "actual_latency": 2236.023,
  "q_error": 2.491443701927114,
  "inference_time": 0.027407169342041016
}