{
  "query": "/*+  */ select count(*)\nfrom title AS t\ninner join cast_info AS ci\non t.id = ci.movie_id AND t.kind_id = 4 AND t.production_year < 1995 AND ci.person_id < 1646544;",
  "predicted_latency": 1565.7154321670532,
  "actual_latency": 2457.119,
  "q_error": 1.5693266793693064,
  "inference_time": 0.031180381774902344
}