{
  "query": "/*+ NoNestLoop(t ci) */ select count(*)\nfrom title AS t\ninner join cast_info AS ci\non t.id = ci.movie_id AND ci.person_id > 3488687;",
  "predicted_latency": 599.3397831916809,
  "actual_latency": 1657.674,
  "q_error": 2.7658334161839586,
  "inference_time": 0.012905120849609375
}