{
  "query": "/*+  */ select count(*)\nfrom title AS t\ninner join cast_info AS ci\non t.id = ci.movie_id AND t.kind_id > 3 AND ci.person_id > 1103481;",
  "predicted_latency": 1290.787696838379,
  "actual_latency": 6840.163,
  "q_error": 5.299216142789486,
  "inference_time": 0.028873443603515625
}