{
  "predicted_latency": 2164.613525390625,
  "inference_time": 0.024078369140625
}