{
  "predicted_latency": 0.02913774736225605,
  "actual_latency": 2.405295,
  "q_error": 82.54910278320312,
  "inference_time": 1.5156686305999756,
  "timestamp": 1745762061.0002425
}