{
  "query": "/*+ NoNestLoop(t ci) */ select count(*)\nfrom title AS t\ninner join cast_info AS ci\non t.id = ci.movie_id AND ci.person_id > 1678975;",
  "predicted_latency": 712.9808664321899,
  "actual_latency": 6705.727,
  "q_error": 9.405199095392229,
  "inference_time": 0.026290416717529297
}