{
  "query": "/*+  */ select count(*)\nfrom movie_companies AS mc\ninner join title AS t\non t.id = mc.movie_id AND mc.company_id < 462;",
  "predicted_latency": 1001.9924640655518,
  "actual_latency": 561.473,
  "q_error": 1.7845781792990079,
  "inference_time": 0.026493310928344727
}