{
  "predicted_latency": 1201.7664794921875,
  "inference_time": 0.01514124870300293
}