{
  "query": "/*+  */ select count(*)\nfrom movie_companies AS mc\ninner join title AS t\non t.id = mc.movie_id AND mc.company_id < 91850;",
  "predicted_latency": 1296.8318462371826,
  "actual_latency": 1279.001,
  "q_error": 1.0139412293166172,
  "inference_time": 0.015623807907104492
}