{
  "query": "/*+  */ select count(*)\nfrom movie_keyword AS mk\ninner join title AS t\non t.id = mk.movie_id AND mk.keyword_id > 394;",
  "predicted_latency": 1200.4131078720093,
  "actual_latency": 1216.109,
  "q_error": 1.0130754088114007,
  "inference_time": 0.01648879051208496
}