{
  "query": "/*+  */ select count(*)\nfrom title AS t\ninner join cast_info AS ci\non t.id = ci.movie_id AND ci.person_id > 1062396;",
  "predicted_latency": 989.0735745429993,
  "actual_latency": 8024.151,
  "q_error": 8.11279484815632,
  "inference_time": 0.016793251037597656
}