{
  "query": "/*+  */ select count(*)\nfrom title AS t\ninner join cast_info AS ci\non t.id = ci.movie_id AND ci.person_id < 1568807 AND ci.role_id > 1;",
  "predicted_latency": 938.1352663040161,
  "actual_latency": 3283.592,
  "q_error": 3.5001263868230974,
  "inference_time": 0.0218966007232666
}