{
  "predicted_latency": 270.3826904296875,
  "inference_time": 0.017675161361694336
}