{
  "query": "/*+  */ select count(*)\nfrom movie_keyword AS mk\ninner join title AS t\non t.id = mk.movie_id AND mk.keyword_id < 72945;",
  "predicted_latency": 1255.121111869812,
  "actual_latency": 1193.099,
  "q_error": 1.051984044802495,
  "inference_time": 0.012492656707763672
}