{
  "predicted_latency": 0.02913774363696575,
  "actual_latency": 3.444854,
  "q_error": 118.22651672363281,
  "inference_time": 0.3159146308898926,
  "timestamp": 1745480140.2267675
}