{
  "query": "/*+ NoNestLoop(ci t) */ select count(*)\nfrom cast_info AS ci\ninner join title AS t\non t.id = ci.movie_id AND ci.person_id < 3875533;",
  "predicted_latency": 1170.0949668884277,
  "actual_latency": 10687.581,
  "q_error": 9.133943228916644,
  "inference_time": 0.019095659255981445
}