{
  "predicted_latency": 193.45998764038086,
  "actual_latency": 49.257,
  "q_error": 3.9275633441009576,
  "inference_time": 0.09424662590026855
}