{
  "pg_runtime": 181.614,
  "opt_runtime": 129.623,
  "pg_slowdown": 1.401093941661588,
  "pg_opt_diff": 51.991000000000014,
  "original_num_of_plans": 2,
  "pg_plan_card_error": 438.8,
  "opt_plan_card_error": 1.0,
  "num_tables": 6,
  "opt_hint": "/*+ Rows(lt ml #29997) Rows(ml t2 #29997) Rows(ml t1 #29997) Rows(k mk #41840) Rows(mk t1 #4523930) Rows(ml t1 t2 #29997) Rows(lt ml t2 #29997) Rows(mk ml t1 #288192) Rows(k mk t1 #41840) Rows(lt ml t1 #29997) Rows(mk ml t1 t2 #288192) Rows(lt mk ml t1 #288192) Rows(lt ml t1 t2 #29997) Rows(k mk ml t1 #4388) Rows(lt mk ml t1 t2 #288192) Rows(k lt mk ml t1 #4388) Rows(k mk ml t1 t2 #4388) Rows(k lt mk ml t1 t2 #4388) */"
}