{
  "predicted_latency": -12.346217408776283,
  "actual_latency": 0.585,
  "q_error": -0.047382933625010844,
  "inference_time": 0.037146568298339844
}