{
  "predicted_latency": 121.9780044555664,
  "inference_time": 0.0075550079345703125
}