{
  "predicted_latency": 0.02913774736225605,
  "actual_latency": 8.953989,
  "q_error": 307.2986145019531,
  "inference_time": 1.4030547142028809,
  "timestamp": 1745757573.7679136
}