{
  "predicted_latency": 0.0291377454996109,
  "actual_latency": 2.187287,
  "q_error": 75.067138671875,
  "inference_time": 0.21051645278930664,
  "timestamp": 1745756150.6596293
}