{
  "query": "/*+  */ select count(*)\nfrom title AS t\ninner join cast_info AS ci\non t.id = ci.movie_id AND t.production_year > 2008 AND ci.person_id > 2834220;",
  "predicted_latency": 1413.6735200881958,
  "actual_latency": 2077.5,
  "q_error": 1.4695755211361599,
  "inference_time": 0.01251983642578125
}