{
  "query": "/*+  */ select count(*)\nfrom title AS t\ninner join movie_info AS mi\non t.id = mi.movie_id AND t.production_year > 2008;",
  "predicted_latency": 1152.5005102157593,
  "actual_latency": 2324.882,
  "q_error": 2.017250300014843,
  "inference_time": 0.028058767318725586
}