{
  "query": "/*+  */ select count(*)\nfrom title AS t\ninner join movie_info AS mi\non t.id = mi.movie_id AND t.production_year > 2009;",
  "predicted_latency": 1187.8770589828491,
  "actual_latency": 2053.437,
  "q_error": 1.7286612149562928,
  "inference_time": 0.026745319366455078
}