{
  "predicted_latency": 0.02913774363696575,
  "actual_latency": 81.942726,
  "q_error": 2812.253662109375,
  "inference_time": 3.215311288833618,
  "timestamp": 1745770564.0456884
}