{
  "predicted_latency": 533.2528948783875,
  "actual_latency": 5441.134,
  "q_error": 10.203665188242239,
  "inference_time": 0.06986260414123535
}