{
  "query": "/*+  */ select count(*)\nfrom movie_keyword AS mk\ninner join title AS t\non t.id = mk.movie_id AND mk.keyword_id < 6302;",
  "predicted_latency": 1208.8264226913452,
  "actual_latency": 1013.98,
  "q_error": 1.1921600255343747,
  "inference_time": 0.02619457244873047
}