{
  "predicted_latency": 646.1533308029175,
  "actual_latency": 25131.58,
  "q_error": 38.89414292544343,
  "inference_time": 0.059665679931640625
}