{
  "predicted_latency": 0.02913774736225605,
  "actual_latency": 4.693943,
  "q_error": 161.0949249267578,
  "inference_time": 3.893040180206299,
  "timestamp": 1745755836.9410985
}