{
  "query": "/*+ NoNestLoop(t ci) */ select count(*)\nfrom title AS t\ninner join cast_info AS ci\non t.id = ci.movie_id AND ci.person_id > 1866120;",
  "predicted_latency": 679.6551942825317,
  "actual_latency": 6202.174,
  "q_error": 9.125471345138818,
  "inference_time": 0.025665998458862305
}