{
  "embedding": [
    0.7051599986079509,
    1.1612493082146906,
    2.985423488880141,
    0.013699178745780078,
    0.013436861494468742,
    3.512180744686569,
    0.8960936009770527,
    0.8217597485939898,
    0.9971156377460152,
    1.820559009235217,
    4.246479186691643,
    4.347775599691652,
    0.29451161621315325,
    1.883328285057414,
    0.07232378443478857,
    2.8270330460838795,
    1.2299638868241172,
    2.733814805189283,
    1.3360288125427633,
    2.6017137686240925,
    3.7011774833629247,
    2.687262418796328,
    1.1639490815047986,
    0.34527313904210083,
    0.6376443887349084,
    1.6473349969341724,
    1.3921759569697711,
    2.2703585908440576,
    2.577423817046708,
    1.192204657064401,
    2.832385400105369,
    1.726481872180088,
    0.11407412670755931,
    1.053056855642222,
    3.167769922730343,
    0.2948681879139377,
    0.7222681618117983,
    0.1832133924130182,
    2.075653502159958,
    3.170984086451582,
    0.6926563286739494,
    2.658849096907444,
    2.16394807924986,
    0.3850251257505983,
    2.232194378608434,
    2.352739197270452,
    1.2476673229295812,
    3.005113763950981,
    4.814688990193841,
    1.5969627133685322,
    0.8851870983879686,
    4.750894016438485,
    2.3838797869625985,
    1.570862308949311,
    0.7608182866598358,
    1.8388221857455271,
    3.4959191127602467,
    3.705535877416696,
    2.2714612982634144,
    1.896522117874233,
    0.013436861494468742,
    2.3378122187252766,
    1.8983327355181776,
    2.8834902281763046
  ],
  "timestamp": 1754304931.4462662
}