{
  "embedding": [
    1.5381989687965933,
    3.9256004504153728,
    3.5908937727248196,
    0.02091567519849633,
    2.2092661633792487,
    3.255350768447676,
    2.91979750982618,
    2.201770653059634,
    1.6395548349716125,
    2.9086643134917147,
    4.887491699623176,
    3.947061294142209,
    1.2331689614635752,
    3.9848294255949805,
    0.09294751436551811,
    3.4626339105973303,
    1.137261106303019,
    1.8235504588655067,
    0.5016547492296313,
    2.588002893943324,
    2.1044017885109714,
    3.255112905497275,
    3.368900200076982,
    0.3738880718843163,
    1.5907131725301225,
    1.2366289553129952,
    5.868772103881367,
    7.905521188790638,
    3.6388615403614173,
    4.7415577985298345,
    3.619353332541991,
    0.7995124810598048,
    1.4334965726155318,
    2.3410292586252646,
    2.754716333067085,
    0.2990742413433863,
    1.2536153087957966,
    0.5495447632629457,
    2.390050273903719,
    3.7235840700837834,
    1.3320430465076771,
    3.2341506793611905,
    2.316213472979197,
    0.8818596454835668,
    4.363267947639574,
    2.5924360385375538,
    1.2024911141308858,
    1.9210394009989527,
    3.6575909600800465,
    1.3774863732707374,
    1.383703516852236,
    2.3233629179778146,
    2.9176271193011725,
    2.099906586507984,
    1.0248571622281026,
    2.940662635618325,
    3.079711933041962,
    3.722714952773753,
    1.3245510705601138,
    2.0067879892922433,
    0.02091567519849633,
    1.588524918994843,
    0.6769481662143241,
    3.5773257371232496
  ],
  "timestamp": 1754304921.2183795
}