{
  "predicted_latency": 0.02913774736225605,
  "actual_latency": 0.8193579999999999,
  "q_error": 28.120155334472656,
  "inference_time": 1.8663287162780762,
  "timestamp": 1745761677.9612856
}