{
  "predicted_latency": 441.8823547363281,
  "inference_time": 0.005773305892944336
}