{
  "predicted_latency": 1901.8460693359375,
  "inference_time": 0.038089752197265625
}