{
  "predicted_latency": 0.02913774363696575,
  "actual_latency": 0.066717,
  "q_error": 2.289710521697998,
  "inference_time": 2.6967577934265137,
  "timestamp": 1745481385.9639385
}