{
  "predicted_latency": 379.61632013320923,
  "actual_latency": 447.893,
  "q_error": 1.1798570721164783,
  "inference_time": 0.034186601638793945
}