{
  "query": "/*+ NoNestLoop(ci t) */ select count(*)\nfrom cast_info AS ci\ninner join title AS t\non t.id = ci.movie_id AND ci.person_id > 2969873 AND ci.role_id < 10;",
  "predicted_latency": 1174.1515398025513,
  "actual_latency": 2537.605,
  "q_error": 2.1612244365209716,
  "inference_time": 0.018149137496948242
}