{
  "predicted_latency": 275.6460266113281,
  "inference_time": 0.03354597091674805
}