{
  "embedding": [
    0.8892683785452957,
    1.976626244571508,
    2.122603971248561,
    0.625839669190321,
    0.2927809481433259,
    7.516443446405304,
    1.7611415812023836,
    0.6755477202402529,
    0.9391595555709911,
    1.4928508168226922,
    4.654328210711228,
    6.031706184397621,
    1.4686854023533182,
    1.1318052462544186,
    0.47066854692819643,
    2.443087721863413,
    2.6755537122562996,
    2.1532132524516725,
    0.7339007091980899,
    1.9814691186272597,
    2.7174477132646397,
    2.935585972227175,
    0.7484388114478715,
    2.021290360148137,
    2.7154983029770565,
    3.5018376250891787,
    2.930516708974776,
    5.1216435849488535,
    1.9721274195257128,
    2.103823857533992,
    3.1232288699163524,
    1.3101037126872541,
    0.13222157075076849,
    2.33098154801178,
    2.7717661038062604,
    0.4522991089498127,
    0.5398899294346022,
    0.16962291641422628,
    0.8879648917042194,
    2.959912295269489,
    0.9327638749518407,
    3.1545209706998554,
    2.0917742681505342,
    1.5456835094027546,
    2.11709815671846,
    4.119455931678973,
    0.31945428242674884,
    2.86454962717939,
    4.763467909202418,
    3.4035134944800403,
    0.5109575933228788,
    6.874513424665316,
    2.2473221307524334,
    2.7514084414005486,
    1.2280260143848971,
    1.6012191264529902,
    2.507454128187012,
    7.968060786904144,
    2.344930789887532,
    1.6162894454912535,
    0.18040047658725863,
    2.4726492518580963,
    2.0375510391474347,
    2.467615685043431
  ],
  "timestamp": 1754305741.5189538
}