{
  "embedding": [
    1.1843625079772548,
    2.9236156726049978,
    3.232737029497141,
    0.4881284578351509,
    0.26421950647872344,
    5.334246362791363,
    2.7453160335084257,
    1.3657497014139819,
    0.6159093909082056,
    0.29743781045624085,
    5.10698041611404,
    7.292317827281596,
    0.17939443341803887,
    1.379676147204473,
    0.312934881888398,
    3.057547372325685,
    3.1773129739911337,
    2.6304479780444048,
    0.6189123042137592,
    0.7149647548472456,
    0.8568022894895294,
    3.3703551518154757,
    0.04172791440656071,
    2.1306752675754637,
    0.16680936088607706,
    2.202323847389442,
    2.4133607871945233,
    5.641372048974534,
    2.2458966202998925,
    2.5071653586101106,
    0.6407901173763271,
    1.0833449913989976,
    1.3265011862006115,
    2.581198422339094,
    2.7469170588422385,
    0.18069310231720842,
    1.016460434562233,
    0.2545985075213788,
    0.922960915851362,
    1.9243605257792007,
    0.3330132681692489,
    3.8087082952136146,
    2.4394426913917786,
    0.28549733737476524,
    2.2604079236391104,
    4.3896481091970205,
    0.8931222619352593,
    2.16096253954128,
    4.748012468862322,
    2.1394965642147037,
    1.0503975369887868,
    4.722828272290491,
    2.7939576879835406,
    1.025484118869643,
    1.3748629343460945,
    0.8876965307996617,
    4.668914881509883,
    4.732190833712922,
    0.6155008676686898,
    2.074922639769897,
    0.29670021004972247,
    2.3857486749187298,
    2.001436055149164,
    3.0140039620296935
  ],
  "timestamp": 1754305751.072619
}