{
  "predicted_latency": 0.02913774736225605,
  "actual_latency": 1.59009,
  "q_error": 54.57147979736328,
  "inference_time": 0.582390546798706,
  "timestamp": 1745479895.3973532
}