{
  "predicted_latency": 0.0291377454996109,
  "actual_latency": 2.27941,
  "q_error": 78.22876739501953,
  "inference_time": 0.13412857055664062,
  "timestamp": 1745762688.592643
}