{
  "predicted_latency": 412.41657733917236,
  "actual_latency": 432.989,
  "q_error": 1.049882627884545,
  "inference_time": 0.10673975944519043
}