{
  "predicted_latency": 714.9328589439392,
  "actual_latency": 3650.318,
  "q_error": 5.105819314826368,
  "inference_time": 0.11880993843078613
}