{
  "predicted_latency": 0.02913774736225605,
  "actual_latency": 4.079768,
  "q_error": 140.0166015625,
  "inference_time": 0.168440580368042,
  "timestamp": 1745756023.9622626
}