{
  "predicted_latency": 0.02913774736225605,
  "actual_latency": 0.489761,
  "q_error": 16.8084716796875,
  "inference_time": 0.13685035705566406,
  "timestamp": 1745481345.0479512
}