{
  "embedding": [
    0.35846217946256026,
    2.087518983781657,
    2.5009553925881853,
    0.08435200817932187,
    0.33812018088718976,
    5.480785764521443,
    2.0110186331858015,
    2.1331201302154867,
    1.0150224025312367,
    2.884306647660036,
    4.491496797490415,
    4.1844332553646355,
    1.951296368566256,
    1.6838029705275774,
    0.39416593293486263,
    3.2930267754736433,
    1.5459806719088176,
    2.848003048674052,
    1.1006853366874727,
    1.5582695144438168,
    3.224287534081891,
    3.275382606296447,
    2.4471807468721627,
    0.680648111704331,
    0.6764118768923455,
    1.9094768751701665,
    3.7904089545186506,
    5.832744458835329,
    1.718675206553886,
    2.482305055743242,
    2.8333215608537006,
    1.836657704769771,
    0.5754161628417671,
    2.3627067315569943,
    4.3118500122053245,
    0.4469949845300125,
    0.8309484328458222,
    0.27262605727971695,
    1.0122055780036852,
    2.6591439613525423,
    1.7093505589973834,
    3.7653177819333763,
    2.4574918520368887,
    0.3939930103129423,
    2.1074035767828696,
    2.564867773405267,
    0.688759064049189,
    1.6529551640449496,
    4.552210335444014,
    2.7631743840286704,
    1.4814851024474323,
    3.7391712329248525,
    2.105401305727188,
    2.090530909807823,
    0.893272346944677,
    1.4602773955800794,
    3.712138982870064,
    2.6819359751613034,
    1.5608782926561713,
    2.1635781312491593,
    0.06428806601649396,
    1.4111285581192408,
    1.7447114946907831,
    3.8178796722433908
  ],
  "timestamp": 1754306548.853508
}