{
  "embedding": [
    0.5871213926426219,
    1.8560844988171241,
    2.0122629622446193,
    0.7549786135217464,
    0.04109840173009959,
    2.956537665805013,
    1.9664062556861797,
    1.2762732584058967,
    0.7351930680901687,
    1.749073288200402,
    4.974569451719571,
    4.47315576670508,
    1.3455167872046585,
    1.778859387433496,
    0.37632894630847313,
    2.947061600153951,
    2.114031063437383,
    2.8322938341602333,
    0.4942087033920879,
    0.41674842480320523,
    0.7206392505375191,
    3.045113098587564,
    2.825419031679437,
    1.4914502403533625,
    0.8325148342071239,
    1.2811906784177258,
    3.686273139930563,
    5.8292877531439835,
    2.5679011161765093,
    1.796366629778208,
    1.9281855751201673,
    1.8382557774423371,
    0.7064125735240919,
    3.205009629317522,
    3.2998033778445772,
    0.04109840173009959,
    0.9881194702433209,
    0.2581872304880002,
    1.6057092786261113,
    3.2360335311963593,
    1.0109613888861804,
    4.260827858467899,
    2.3137596472801283,
    0.3753466523360164,
    2.4401317572526415,
    2.8207875054677176,
    1.1900301039609384,
    2.0408749840703777,
    5.3283362446203455,
    1.6359176602717143,
    0.3775536879171892,
    3.337771100924589,
    2.386592789515492,
    2.5339099977307287,
    1.0313155068507234,
    0.7401911532888992,
    4.030520164658623,
    2.952131962007278,
    0.6814537664251801,
    2.629619038390319,
    0.43560699464156527,
    1.0069615656407014,
    0.843033556525059,
    3.7338736290425896
  ],
  "timestamp": 1754306533.251213
}