{
  "predicted_latency": 312.4179542064667,
  "actual_latency": 4514.678,
  "q_error": 14.450763597972985,
  "inference_time": 0.0763695240020752
}