{
  "query": "/*+  */ select count(*)\nfrom title AS t\ninner join cast_info AS ci\non t.id = ci.movie_id AND ci.person_id > 1103956;",
  "predicted_latency": 965.2644991874695,
  "actual_latency": 7666.809,
  "q_error": 7.942702758107947,
  "inference_time": 0.025737524032592773
}