{
  "predicted_latency": 1751.16162109375,
  "inference_time": 0.025572538375854492
}