{
  "predicted_latency": 517.429443359375,
  "inference_time": 0.012641668319702148
}