{
  "query": "/*+  */ select count(*)\nfrom cast_info AS ci\ninner join title AS t\non t.id = ci.movie_id AND ci.person_id > 834017 AND ci.role_id = 1 AND t.production_year < 2003;",
  "predicted_latency": 1487.3640537261963,
  "actual_latency": 2332.592,
  "q_error": 1.5682724038921805,
  "inference_time": 0.017922401428222656
}