{
  "predicted_latency": 258.3759460449219,
  "inference_time": 0.033507585525512695
}