{
  "query": "/*+  */ select count(*)\nfrom title AS t\ninner join cast_info AS ci\non t.id = ci.movie_id AND ci.person_id < 1260508 AND ci.role_id > 1;",
  "predicted_latency": 930.9553503990173,
  "actual_latency": 2967.401,
  "q_error": 3.1874793981560345,
  "inference_time": 0.02950143814086914
}