{
  "predicted_latency": 367.66451597213745,
  "actual_latency": 112.636,
  "q_error": 3.2641829963079076,
  "inference_time": 0.04324841499328613
}