{
  "query": "/*+  */ select count(*)\nfrom title AS t\ninner join cast_info AS ci\non t.id = ci.movie_id AND t.kind_id = 1 AND ci.person_id < 2602398;",
  "predicted_latency": 1372.038722038269,
  "actual_latency": 4994.233,
  "q_error": 3.6400087838488138,
  "inference_time": 0.020058393478393555
}