{
  "predicted_latency": 532.8643188476562,
  "inference_time": 0.03346753120422363
}