{
  "predicted_latency": 321.0484619140625,
  "inference_time": 0.004810333251953125
}