{
  "query": "/*+  */ select count(*)\nfrom title AS t\ninner join cast_info AS ci\non t.id = ci.movie_id AND ci.person_id > 1081560;",
  "predicted_latency": 978.3198833465576,
  "actual_latency": 7749.621,
  "q_error": 7.92135694256844,
  "inference_time": 0.0170748233795166
}