{
  "predicted_latency": 0.0291377454996109,
  "actual_latency": 4.394219,
  "q_error": 150.8084716796875,
  "inference_time": 3.982548952102661,
  "timestamp": 1745452689.1542313
}