{
  "predicted_latency": 190.26727974414825,
  "actual_latency": 42.757,
  "q_error": 4.449967952479086,
  "inference_time": 0.11725878715515137
}