{
  "predicted_latency": 388.4320068359375,
  "inference_time": 0.0785520076751709
}