{
  "predicted_latency": 0.02913774736225605,
  "actual_latency": 0.17035499999999998,
  "q_error": 5.8465399742126465,
  "inference_time": 0.06594038009643555,
  "timestamp": 1745760508.161221
}