{
  "query": "/*+  */ select count(*)\nfrom movie_keyword AS mk\ninner join title AS t\non t.id = mk.movie_id AND mk.keyword_id < 33284;",
  "predicted_latency": 1199.8441219329834,
  "actual_latency": 1214.719,
  "q_error": 1.012397342117285,
  "inference_time": 0.02672290802001953
}