{
  "predicted_latency": 0.02913774736225605,
  "actual_latency": 48.456219,
  "q_error": 1663.0050048828125,
  "inference_time": 1.930873155593872,
  "timestamp": 1745753762.3472703
}