{
  "predicted_latency": 0.0291377454996109,
  "actual_latency": 1.9984000000000002,
  "q_error": 68.58457946777344,
  "inference_time": 0.21088123321533203,
  "timestamp": 1745452604.6249065
}