{
  "predicted_latency": 213.91858160495758,
  "actual_latency": 312.792,
  "q_error": 1.462201168562493,
  "inference_time": 0.08396196365356445
}