{
  "query": "/*+  */ select count(*)\nfrom title AS t\ninner join cast_info AS ci\non t.id = ci.movie_id AND ci.person_id < 2431946;",
  "predicted_latency": 893.7320113182068,
  "actual_latency": 7887.182,
  "q_error": 8.824996643419798,
  "inference_time": 0.017770051956176758
}