{
  "query": "/*+ NoNestLoop(t ci) */ select count(*)\nfrom title AS t\ninner join cast_info AS ci\non t.id = ci.movie_id AND ci.person_id < 2011690;",
  "predicted_latency": 730.7624220848083,
  "actual_latency": 6782.614,
  "q_error": 9.281558267117417,
  "inference_time": 0.014588117599487305
}