{
  "predicted_latency": 1493.66455078125,
  "inference_time": 0.03157973289489746
}