{
  "predicted_latency": 0.02913774363696575,
  "actual_latency": 11.130565,
  "q_error": 381.9981689453125,
  "inference_time": 2.756417751312256,
  "timestamp": 1745769668.8656766
}