{
  "predicted_latency": 314.2097473144531,
  "inference_time": 0.005553007125854492
}