{
  "predicted_latency": 486.9921803474426,
  "actual_latency": 159.197,
  "q_error": 3.0590537531953657,
  "inference_time": 0.06254124641418457
}