{
  "predicted_latency": 324.3727684020996,
  "actual_latency": 348.566,
  "q_error": 1.074584656773376,
  "inference_time": 0.1252291202545166
}