{
  "predicted_latency": 0.02913774736225605,
  "actual_latency": 1.485454,
  "q_error": 50.98040008544922,
  "inference_time": 0.673126220703125,
  "timestamp": 1745769788.2461667
}