{
  "predicted_latency": 0.02913774363696575,
  "actual_latency": 0.116938,
  "q_error": 4.013282775878906,
  "inference_time": 1.535679578781128,
  "timestamp": 1745481422.49946
}