{
  "query": "/*+  */ select count(*)\nfrom title AS t\ninner join cast_info AS ci\non t.id = ci.movie_id AND t.production_year = 2006 AND ci.person_id < 1021859 AND ci.role_id = 11;",
  "predicted_latency": 1182.7057600021362,
  "actual_latency": 185.855,
  "q_error": 6.3635939845693485,
  "inference_time": 0.01355743408203125
}