{
  "predicted_latency": 0.02913774736225605,
  "actual_latency": 5.34838,
  "q_error": 183.55502319335938,
  "inference_time": 0.3077883720397949,
  "timestamp": 1745452715.7424781
}