{
  "predicted_latency": 353.82798314094543,
  "actual_latency": 30.306,
  "q_error": 11.675179276082144,
  "inference_time": 0.07245492935180664
}