{
  "predicted_latency": 0.02913774363696575,
  "actual_latency": 6.351958,
  "q_error": 217.99758911132812,
  "inference_time": 2.803525447845459,
  "timestamp": 1745760517.9056947
}