{
  "query": "/*+  */ select count(*)\nfrom cast_info AS ci\ninner join title AS t\non t.id = ci.movie_id AND ci.person_id < 3424609 AND ci.role_id < 2 AND t.production_year > 2007;",
  "predicted_latency": 1476.6545295715332,
  "actual_latency": 2869.047,
  "q_error": 1.9429371884515765,
  "inference_time": 0.34201908111572266
}