{
  "predicted_latency": 357.0076525211334,
  "actual_latency": 107.999,
  "q_error": 3.305657020168089,
  "inference_time": 0.11135697364807129
}