{
  "predicted_latency": 0.0291377454996109,
  "actual_latency": 0.233458,
  "q_error": 8.012219429016113,
  "inference_time": 0.5958056449890137,
  "timestamp": 1745481213.756531
}