{
  "query": "/*+ NoNestLoop(t ci) */ select count(*)\nfrom title AS t\ninner join cast_info AS ci\non t.id = ci.movie_id AND ci.person_id > 2454120;",
  "predicted_latency": 639.4487023353577,
  "actual_latency": 4866.467,
  "q_error": 7.610410314739822,
  "inference_time": 0.018790721893310547
}