{
  "predicted_latency": 1023.0048828125,
  "inference_time": 0.008143186569213867
}