{
  "embedding": [
    0.09899675541946791,
    0.7251550179070523,
    2.400590453473175,
    0.3205958987795889,
    0.09899675541946791,
    3.7717636442083613,
    1.320133810978919,
    2.463296766495734,
    0.7166579045925342,
    2.741414873008098,
    1.1474902807818697,
    2.07325035186119,
    0.09899675541946791,
    0.09899675541946791,
    0.23280305004831606,
    0.3606044531537939,
    0.5280338767023219,
    1.4555360917428972,
    0.6040383584740071,
    0.09899675541946791,
    0.5029740736030316,
    1.481878076868679,
    0.10948508095831562,
    0.6722590921239637,
    1.4929691830159924,
    2.2932639011458673,
    3.3992801473012535,
    4.108990415935206,
    2.050720764409514,
    0.673378487287218,
    3.3484885114292826,
    0.6902863205403363,
    0.48648346956855193,
    2.5766937442562994,
    0.9316101438461758,
    0.09928123469009195,
    1.170893955615314,
    0.7015228071003002,
    0.9457092412256425,
    2.2499251715773565,
    0.09899675541946791,
    3.53434171081613,
    1.5196013711333245,
    0.49994731016478944,
    2.0731556899396932,
    4.957163247834994,
    0.789253621431594,
    1.6477885187896895,
    1.5269920783928639,
    0.09899675541946791,
    0.3542381054893217,
    1.1402459298145704,
    0.8556917358417184,
    0.09899675541946791,
    0.19822390169409534,
    1.2456707926544521,
    2.1435768740461563,
    3.1546441895209725,
    1.9774750497986688,
    1.544163502853215,
    0.3234244003084603,
    1.1849324308965479,
    3.05249414021454,
    2.445463173325097
  ],
  "timestamp": 1754307444.3416934
}