{
  "embedding": [
    0.26190641878082094,
    1.3388087090433445,
    1.1000212114916865,
    0.23836243924572587,
    0.09922296764330872,
    3.624623049854146,
    0.5863139239908537,
    0.24907939225574854,
    1.2519761382155965,
    2.022097275506491,
    2.492160458412458,
    3.7479040494792595,
    0.09922296764330872,
    0.6992052862374719,
    0.18835564061019675,
    2.128768508559071,
    0.9457027160042196,
    1.7559619916112952,
    0.5160523985934525,
    0.24880808261343515,
    1.12471179572643,
    1.3130641637856155,
    0.09922296764330872,
    0.09922296764330872,
    2.152391218515937,
    1.8970841726029704,
    3.6261472286157206,
    3.9619293283906374,
    4.050213100574149,
    1.8501893782672905,
    4.115519185364542,
    0.8178029895127489,
    0.09922296764330872,
    2.2336694000429214,
    2.0851593140387297,
    1.3233115546107506,
    1.419113746141146,
    0.640384059479892,
    1.6454272786530348,
    3.0624564056163868,
    0.09922296764330872,
    2.088974306141412,
    1.8594686465344743,
    1.1269102528696484,
    1.9835426154586497,
    3.8428224951460033,
    2.1044449842636848,
    2.721973643027313,
    3.3516203479161253,
    2.3428738174988326,
    0.2814133692954054,
    1.4359467305478295,
    2.12165244857404,
    1.3429001740503075,
    0.3655122979365041,
    2.0715223623669963,
    2.366801704352674,
    2.5306323855260104,
    2.378262874209742,
    1.2633651267275112,
    0.2978297114615711,
    2.1370459282161325,
    2.736828718960715,
    2.001387697984986
  ],
  "timestamp": 1754307453.3333745
}