{
  "predicted_latency": 644.7002563476562,
  "inference_time": 0.030509471893310547
}