{
  "predicted_latency": 392.832763671875,
  "inference_time": 0.016065597534179688
}