{
  "query": "/*+  */ select count(*)\nfrom movie_keyword AS mk\ninner join title AS t\non t.id = mk.movie_id AND mk.keyword_id < 30664;",
  "predicted_latency": 1197.934865951538,
  "actual_latency": 1169.841,
  "q_error": 1.0240151148331595,
  "inference_time": 0.028270483016967773
}