{
  "predicted_latency": 770.5516357421875,
  "inference_time": 0.006007194519042969
}