{
  "predicted_latency": 531.4044952392578,
  "actual_latency": 3862.082,
  "q_error": 7.267687862258577,
  "inference_time": 0.10037755966186523
}