{
  "query": "/*+  */ select count(*)\nfrom movie_companies AS mc\ninner join title AS t\non t.id = mc.movie_id AND mc.company_id > 71105;",
  "predicted_latency": 1028.7586450576782,
  "actual_latency": 640.935,
  "q_error": 1.6050904460790538,
  "inference_time": 0.0179750919342041
}