{
  "predicted_latency": 0.0291377454996109,
  "actual_latency": 4.214269,
  "q_error": 144.6326446533203,
  "inference_time": 1.1144540309906006,
  "timestamp": 1745453424.8763852
}