{
  "predicted_latency": 306.6491186618805,
  "actual_latency": 492.978,
  "q_error": 1.6076289478711032,
  "inference_time": 0.08507537841796875
}