{
  "predicted_latency": 0.02913774363696575,
  "actual_latency": 1.1099780000000001,
  "q_error": 38.09416198730469,
  "inference_time": 0.022239208221435547,
  "timestamp": 1745492757.6908867
}