{
  "query": "/*+  */ select count(*)\nfrom movie_keyword AS mk\ninner join title AS t\non t.id = mk.movie_id AND mk.keyword_id < 50765;",
  "predicted_latency": 1217.562198638916,
  "actual_latency": 1147.084,
  "q_error": 1.061441183591538,
  "inference_time": 0.026554584503173828
}