{
  "predicted_latency": 600.672607421875,
  "inference_time": 0.0062673091888427734
}