{
  "predicted_latency": 396.90685272216797,
  "actual_latency": 1951.835,
  "q_error": 4.917614766823568,
  "inference_time": 0.10347795486450195
}