{
  "predicted_latency": 0.02913774736225605,
  "actual_latency": 3.4741950000000004,
  "q_error": 119.23348236083984,
  "inference_time": 2.1290736198425293,
  "timestamp": 1745771461.9944491
}