{
  "predicted_latency": 0.0291377454996109,
  "actual_latency": 0.9788519999999999,
  "q_error": 33.59395217895508,
  "inference_time": 0.44175028800964355,
  "timestamp": 1745757858.6609864
}