{
  "predicted_latency": 314.4746720790863,
  "actual_latency": 68.116,
  "q_error": 4.616751894989228,
  "inference_time": 0.09633278846740723
}