{
  "predicted_latency": 0.02913774736225605,
  "actual_latency": 2.177645,
  "q_error": 74.73621368408203,
  "inference_time": 0.08312082290649414,
  "timestamp": 1745453136.7173786
}