{
  "predicted_latency": 168.79874467849731,
  "actual_latency": 103.913,
  "q_error": 1.6244237456189055,
  "inference_time": 0.1435387134552002
}