{
  "predicted_latency": 767.316162109375,
  "inference_time": 0.005833625793457031
}