{
  "predicted_latency": 808.1746826171875,
  "inference_time": 0.024780750274658203
}