{
  "query": "/*+ NoNestLoop(t ci) */ select count(*)\nfrom title AS t\ninner join cast_info AS ci\non t.id = ci.movie_id AND ci.person_id < 1127843;",
  "predicted_latency": 635.6518268585205,
  "actual_latency": 4815.688,
  "q_error": 7.575983890111349,
  "inference_time": 0.017088890075683594
}