{
  "predicted_latency": 375.5093994140625,
  "inference_time": 0.008212804794311523
}