{
  "query": "/*+  */ select count(*)\nfrom title AS t\ninner join cast_info AS ci\non t.id = ci.movie_id AND ci.person_id < 2626329;",
  "predicted_latency": 982.8910231590271,
  "actual_latency": 8437.321,
  "q_error": 8.584187668010557,
  "inference_time": 0.01635885238647461
}