{
  "predicted_latency": 1420.21630859375,
  "inference_time": 0.02648186683654785
}