{
  "predicted_latency": 577.301025390625,
  "inference_time": 0.03502845764160156
}