{
  "query": "/*+  */ select count(*)\nfrom title AS t\ninner join movie_info AS mi\non t.id = mi.movie_id AND t.production_year < 1978;",
  "predicted_latency": 1204.2620182037354,
  "actual_latency": 2192.077,
  "q_error": 1.8202658282536215,
  "inference_time": 0.016503572463989258
}