{
  "predicted_latency": 274.54425048828125,
  "inference_time": 0.018213272094726562
}