{
  "predicted_latency": 0.02913774736225605,
  "actual_latency": 1.182352,
  "q_error": 40.5780143737793,
  "inference_time": 0.21390581130981445,
  "timestamp": 1745771149.837445
}