{
  "predicted_latency": 0.02913774736225605,
  "actual_latency": 5.528336,
  "q_error": 189.7310791015625,
  "inference_time": 0.9224905967712402,
  "timestamp": 1745756878.7176156
}