{
  "query": "/*+  */ select count(*)\nfrom cast_info AS ci\ninner join title AS t\non t.id = ci.movie_id AND ci.person_id < 3067636 AND ci.role_id = 1 AND t.production_year < 1996;",
  "predicted_latency": 1507.7673196792603,
  "actual_latency": 3953.559,
  "q_error": 2.6221280620679726,
  "inference_time": 0.016993045806884766
}