{
    "embedding": [
        0.5977461338043213,
        0.5977461338043213,
        0.5977461338043213,
        0.7264938950538635,
        0.5977461338043213,
        1.2288095951080322,
        1.3571408987045288,
        0.5977461338043213,
        0.9878425002098083,
        0.5977461338043213,
        0.5977461338043213,
        0.5977461338043213,
        0.5977461338043213,
        1.6337554454803467,
        3.8182106018066406,
        0.7305952906608582,
        0.5977461338043213,
        2.140040874481201,
        0.5977461338043213,
        1.7054821252822876,
        0.5977461338043213,
        0.7218185067176819,
        2.6014270782470703,
        0.5977461338043213,
        2.012678861618042,
        2.237671136856079,
        0.5977461338043213,
        0.5977461338043213,
        0.5977461338043213,
        0.5977461338043213,
        3.886671543121338,
        1.0994904041290283,
        0.5977461338043213,
        0.5977461338043213,
        1.2628929615020752,
        1.7316594123840332,
        0.5977461338043213,
        1.706799030303955,
        2.65092396736145,
        0.5977461338043213,
        0.5977461338043213,
        0.5977461338043213,
        0.7520948052406311,
        0.5977461338043213,
        1.4683443307876587,
        0.5977461338043213,
        0.5977461338043213,
        0.9895256757736206,
        0.5977461338043213,
        4.186254501342773,
        1.8236548900604248,
        0.7457231879234314,
        0.5977461338043213,
        0.5977461338043213,
        2.3910017013549805,
        0.5977461338043213,
        0.5977461338043213,
        0.5977461338043213,
        0.5977461338043213,
        0.5977461338043213,
        0.5977461338043213,
        0.8890078663825989,
        0.5977461338043213,
        3.4025373458862305
    ],
    "timestamp": 1754258072.2479463
}