{
    "embedding": [
        0.5977462530136108,
        0.5977462530136108,
        0.5977462530136108,
        0.7264939546585083,
        0.5977462530136108,
        1.2288097143173218,
        1.3571414947509766,
        0.5977462530136108,
        0.9878426194190979,
        0.5977462530136108,
        0.5977462530136108,
        0.5977462530136108,
        0.5977462530136108,
        1.633755087852478,
        3.818211317062378,
        0.7305953502655029,
        0.5977462530136108,
        2.140040874481201,
        0.5977462530136108,
        1.7054821252822876,
        0.5977462530136108,
        0.7218185663223267,
        2.6014280319213867,
        0.5977462530136108,
        2.012678861618042,
        2.2376708984375,
        0.5977462530136108,
        0.5977462530136108,
        0.5977462530136108,
        0.5977462530136108,
        3.8866708278656006,
        1.0994906425476074,
        0.5977462530136108,
        0.5977462530136108,
        1.2628933191299438,
        1.731659173965454,
        0.5977462530136108,
        1.706799030303955,
        2.6509242057800293,
        0.5977462530136108,
        0.5977462530136108,
        0.5977462530136108,
        0.7520949244499207,
        0.5977462530136108,
        1.4683444499969482,
        0.5977462530136108,
        0.5977462530136108,
        0.9895258545875549,
        0.5977462530136108,
        4.186254024505615,
        1.8236552476882935,
        0.7457228302955627,
        0.5977462530136108,
        0.5977462530136108,
        2.3910021781921387,
        0.5977462530136108,
        0.5977462530136108,
        0.5977462530136108,
        0.5977462530136108,
        0.5977462530136108,
        0.5977462530136108,
        0.8890077471733093,
        0.5977462530136108,
        3.402536630630493
    ],
    "timestamp": 1754258099.1523788
}