{
  "query": "/*+  */ select count(*)\nfrom movie_keyword AS mk\ninner join title AS t\non t.id = mk.movie_id AND mk.keyword_id < 36496;",
  "predicted_latency": 1200.754165649414,
  "actual_latency": 1234.94,
  "q_error": 1.0284703025219963,
  "inference_time": 0.019324302673339844
}