{
    "embedding": [
        0.6412826776504517,
        0.6412826776504517,
        0.6412826776504517,
        0.8105921745300293,
        0.6412826776504517,
        1.0319331884384155,
        1.3734060525894165,
        0.6412826776504517,
        0.6571102142333984,
        0.6412826776504517,
        0.6412826776504517,
        0.6412826776504517,
        0.6412826776504517,
        2.073091983795166,
        3.821549892425537,
        0.6412826776504517,
        0.6412826776504517,
        2.5156302452087402,
        0.6412826776504517,
        1.9313284158706665,
        0.6412826776504517,
        0.8079335689544678,
        3.1229662895202637,
        0.6412826776504517,
        1.6005570888519287,
        2.2240138053894043,
        0.6412826776504517,
        0.6412826776504517,
        0.6412826776504517,
        0.6412826776504517,
        2.9493210315704346,
        1.1944307088851929,
        0.6412826776504517,
        0.6412826776504517,
        1.092527151107788,
        1.7898657321929932,
        0.6412826776504517,
        1.9180099964141846,
        2.660975217819214,
        0.6412826776504517,
        0.6412826776504517,
        0.6412826776504517,
        0.853838324546814,
        0.6412826776504517,
        1.064985752105713,
        0.6412826776504517,
        0.6412826776504517,
        1.10097336769104,
        0.6412826776504517,
        4.0815606117248535,
        1.3605868816375732,
        0.7369377613067627,
        0.6412826776504517,
        0.6412826776504517,
        3.5069663524627686,
        0.6412826776504517,
        0.6412826776504517,
        0.6412826776504517,
        0.6412826776504517,
        0.6412826776504517,
        0.6412826776504517,
        0.8144896626472473,
        0.6412826776504517,
        3.3589158058166504
    ],
    "timestamp": 1754257558.6761749
}