{
    "embedding": [
        0.6412826776504517,
        0.6412826776504517,
        0.6412826776504517,
        0.8105921745300293,
        0.6412826776504517,
        1.0319336652755737,
        1.3734065294265747,
        0.6412826776504517,
        0.6571102142333984,
        0.6412826776504517,
        0.6412826776504517,
        0.6412826776504517,
        0.6412826776504517,
        2.073091983795166,
        3.8215491771698,
        0.6412826776504517,
        0.6412826776504517,
        2.515630006790161,
        0.6412826776504517,
        1.9313278198242188,
        0.6412826776504517,
        0.8079336881637573,
        3.1229662895202637,
        0.6412826776504517,
        1.60055673122406,
        2.224013566970825,
        0.6412826776504517,
        0.6412826776504517,
        0.6412826776504517,
        0.6412826776504517,
        2.9493207931518555,
        1.1944307088851929,
        0.6412826776504517,
        0.6412826776504517,
        1.0925272703170776,
        1.7898658514022827,
        0.6412826776504517,
        1.9180101156234741,
        2.660975456237793,
        0.6412826776504517,
        0.6412826776504517,
        0.6412826776504517,
        0.853838324546814,
        0.6412826776504517,
        1.064985990524292,
        0.6412826776504517,
        0.6412826776504517,
        1.1009732484817505,
        0.6412826776504517,
        4.0815606117248535,
        1.3605865240097046,
        0.7369378209114075,
        0.6412826776504517,
        0.6412826776504517,
        3.506967306137085,
        0.6412826776504517,
        0.6412826776504517,
        0.6412826776504517,
        0.6412826776504517,
        0.6412826776504517,
        0.6412826776504517,
        0.8144898414611816,
        0.6412826776504517,
        3.3589162826538086
    ],
    "timestamp": 1754257559.583777
}