{
  "query": "/*+ NoNestLoop(ci t) */ select count(*)\nfrom cast_info AS ci\ninner join title AS t\non t.id = ci.movie_id AND ci.person_id < 3516017 AND ci.role_id = 10;",
  "predicted_latency": 1107.0610284805298,
  "actual_latency": 1531.391,
  "q_error": 1.3832941099027525,
  "inference_time": 0.026406526565551758
}