{
  "predicted_latency": 313.4865417480469,
  "inference_time": 0.05576062202453613
}