{
  "query": "/*+  */ select count(*)\nfrom title AS t\ninner join cast_info AS ci\non t.id = ci.movie_id AND ci.person_id > 881259 AND ci.role_id > 3;",
  "predicted_latency": 1034.9267721176147,
  "actual_latency": 4276.269,
  "q_error": 4.1319532117718,
  "inference_time": 0.027486562728881836
}