{
  "predicted_latency": 527.062177658081,
  "actual_latency": 49.206,
  "q_error": 10.711339626429318,
  "inference_time": 0.12354159355163574
}