{
    "embedding": [
        0.5701971650123596,
        0.5701971650123596,
        0.5701971650123596,
        0.6995596289634705,
        0.5701971650123596,
        1.4719388484954834,
        0.5701971650123596,
        0.5701971650123596,
        0.5701971650123596,
        0.5701971650123596,
        0.5701971650123596,
        0.5701971650123596,
        0.5701971650123596,
        1.5009883642196655,
        3.517700672149658,
        2.7405645847320557,
        0.5701971650123596,
        1.6131926774978638,
        0.5701971650123596,
        2.181041955947876,
        0.5701971650123596,
        0.8161654472351074,
        3.8904824256896973,
        0.5701971650123596,
        0.8953295946121216,
        1.004213809967041,
        0.5701971650123596,
        0.5701971650123596,
        0.5701971650123596,
        0.5701971650123596,
        3.598714828491211,
        1.0506848096847534,
        0.5701971650123596,
        0.5701971650123596,
        1.8971670866012573,
        2.9833059310913086,
        0.5701971650123596,
        1.819812297821045,
        2.8139421939849854,
        0.5701971650123596,
        0.5701971650123596,
        0.5701971650123596,
        0.9844348430633545,
        0.5701971650123596,
        1.1636791229248047,
        0.5701971650123596,
        0.5701971650123596,
        1.0546306371688843,
        0.5701971650123596,
        3.308323860168457,
        1.3345052003860474,
        1.5829095840454102,
        0.5701971650123596,
        0.5701971650123596,
        3.107471466064453,
        0.5701971650123596,
        0.5701971650123596,
        0.5701971650123596,
        0.5701971650123596,
        0.5814293622970581,
        0.5701971650123596,
        0.5701971650123596,
        0.5701971650123596,
        3.0593695640563965
    ],
    "timestamp": 1754258419.5716007
}