{
    "embedding": [
        0.5701971650123596,
        0.5701971650123596,
        0.5701971650123596,
        0.6995595097541809,
        0.5701971650123596,
        1.4719388484954834,
        0.5701971650123596,
        0.5701971650123596,
        0.5701971650123596,
        0.5701971650123596,
        0.5701971650123596,
        0.5701971650123596,
        0.5701971650123596,
        1.5009883642196655,
        3.517700672149658,
        2.7405643463134766,
        0.5701971650123596,
        1.6131924390792847,
        0.5701971650123596,
        2.181041955947876,
        0.5701971650123596,
        0.8161654472351074,
        3.8904831409454346,
        0.5701971650123596,
        0.8953296542167664,
        1.0042134523391724,
        0.5701971650123596,
        0.5701971650123596,
        0.5701971650123596,
        0.5701971650123596,
        3.598714828491211,
        1.0506848096847534,
        0.5701971650123596,
        0.5701971650123596,
        1.8971672058105469,
        2.9833052158355713,
        0.5701971650123596,
        1.8198126554489136,
        2.8139421939849854,
        0.5701971650123596,
        0.5701971650123596,
        0.5701971650123596,
        0.9844348430633545,
        0.5701971650123596,
        1.1636791229248047,
        0.5701971650123596,
        0.5701971650123596,
        1.0546307563781738,
        0.5701971650123596,
        3.308324098587036,
        1.3345062732696533,
        1.5829095840454102,
        0.5701971650123596,
        0.5701971650123596,
        3.107471466064453,
        0.5701971650123596,
        0.5701971650123596,
        0.5701971650123596,
        0.5701971650123596,
        0.5814293622970581,
        0.5701971650123596,
        0.5701971650123596,
        0.5701971650123596,
        3.0593700408935547
    ],
    "timestamp": 1754258426.9712598
}