{
  "predicted_latency": 2164.613525390625,
  "inference_time": 0.035516977310180664
}