{
  "predicted_latency": 634.4306468963623,
  "actual_latency": 328.219,
  "q_error": 1.9329491799571699,
  "inference_time": 0.11413240432739258
}