{
  "predicted_latency": 453.7082016468048,
  "actual_latency": 5259.519,
  "q_error": 11.592294300411044,
  "inference_time": 0.08307766914367676
}