{
  "predicted_latency": 0.02913774736225605,
  "actual_latency": 5.253047,
  "q_error": 180.28321838378906,
  "inference_time": 0.4148414134979248,
  "timestamp": 1745771702.7261431
}