{
  "query": "/*+ NoNestLoop(t ci) */ select count(*)\nfrom title AS t\ninner join cast_info AS ci\non t.id = ci.movie_id AND ci.person_id < 1077259;",
  "predicted_latency": 632.0692300796509,
  "actual_latency": 4343.385,
  "q_error": 6.871691886429377,
  "inference_time": 0.026468753814697266
}