{
  "query": "/*+  */ select count(*)\nfrom title AS t\ninner join cast_info AS ci\non t.id = ci.movie_id AND ci.person_id < 2807407 AND ci.role_id = 1;",
  "predicted_latency": 1029.921054840088,
  "actual_latency": 4808.125,
  "q_error": 4.668440340552646,
  "inference_time": 0.03005385398864746
}