{
  "predicted_latency": 0.02913774736225605,
  "actual_latency": 2.454926,
  "q_error": 84.25242614746094,
  "inference_time": 1.3847415447235107,
  "timestamp": 1745761573.556313
}