{
  "predicted_latency": 0.02913774363696575,
  "actual_latency": 0.35379,
  "q_error": 12.141983032226562,
  "inference_time": 4.463491201400757,
  "timestamp": 1745481230.499882
}