{
  "query": "/*+  */ select count(*)\nfrom movie_keyword AS mk\ninner join title AS t\non t.id = mk.movie_id AND mk.keyword_id < 74869;",
  "predicted_latency": 1260.7178688049316,
  "actual_latency": 1211.049,
  "q_error": 1.041013095923395,
  "inference_time": 0.013455390930175781
}