{
    "embedding": [
        0.5372916460037231,
        0.5372916460037231,
        0.5689932107925415,
        0.6158342957496643,
        0.6252654790878296,
        1.3368173837661743,
        0.540992259979248,
        0.5372916460037231,
        1.6783255338668823,
        0.5372916460037231,
        0.5372916460037231,
        0.5372916460037231,
        0.5372916460037231,
        1.7738678455352783,
        3.0307023525238037,
        1.0778627395629883,
        0.5372916460037231,
        0.9552842378616333,
        0.5372916460037231,
        2.261059522628784,
        0.5372916460037231,
        0.5535154342651367,
        2.040337324142456,
        0.5372916460037231,
        0.8500807285308838,
        2.544110059738159,
        0.5372916460037231,
        0.5372916460037231,
        0.5372916460037231,
        0.5372916460037231,
        1.326209545135498,
        0.8809696435928345,
        0.5372916460037231,
        0.5372916460037231,
        1.8323074579238892,
        2.2404472827911377,
        0.5372916460037231,
        1.1630033254623413,
        2.0536937713623047,
        0.5372916460037231,
        0.5372916460037231,
        0.5372916460037231,
        0.6218765377998352,
        0.5372916460037231,
        0.7703379392623901,
        0.5372916460037231,
        0.5372916460037231,
        0.8390454649925232,
        0.5372916460037231,
        3.4666483402252197,
        3.8003194332122803,
        1.0374654531478882,
        0.5372916460037231,
        0.5372916460037231,
        3.7193007469177246,
        0.5372916460037231,
        0.5372916460037231,
        0.5372916460037231,
        0.5372916460037231,
        0.6601281762123108,
        0.5372916460037231,
        0.5372916460037231,
        0.5372916460037231,
        2.994368553161621
    ],
    "timestamp": 1754257598.6744792
}