{
    "embedding": [
        0.5372916460037231,
        0.5372916460037231,
        0.5689931511878967,
        0.6158342957496643,
        0.6252654790878296,
        1.3368180990219116,
        0.5409923791885376,
        0.5372916460037231,
        1.6783260107040405,
        0.5372916460037231,
        0.5372916460037231,
        0.5372916460037231,
        0.5372916460037231,
        1.7738679647445679,
        3.030703067779541,
        1.0778627395629883,
        0.5372916460037231,
        0.9552839994430542,
        0.5372916460037231,
        2.261059522628784,
        0.5372916460037231,
        0.5535155534744263,
        2.040337324142456,
        0.5372916460037231,
        0.8500806093215942,
        2.544110059738159,
        0.5372916460037231,
        0.5372916460037231,
        0.5372916460037231,
        0.5372916460037231,
        1.3262090682983398,
        0.8809696435928345,
        0.5372916460037231,
        0.5372916460037231,
        1.8323075771331787,
        2.2404472827911377,
        0.5372916460037231,
        1.1630030870437622,
        2.0536937713623047,
        0.5372916460037231,
        0.5372916460037231,
        0.5372916460037231,
        0.62187659740448,
        0.5372916460037231,
        0.770337700843811,
        0.5372916460037231,
        0.5372916460037231,
        0.8390453457832336,
        0.5372916460037231,
        3.466648817062378,
        3.8003182411193848,
        1.0374650955200195,
        0.5372916460037231,
        0.5372916460037231,
        3.7193000316619873,
        0.5372916460037231,
        0.5372916460037231,
        0.5372916460037231,
        0.5372916460037231,
        0.6601280570030212,
        0.5372916460037231,
        0.5372916460037231,
        0.5372916460037231,
        2.9943690299987793
    ],
    "timestamp": 1754257599.3610637
}