{
  "predicted_latency": 0.02913774363696575,
  "actual_latency": 5.710992,
  "q_error": 195.9998016357422,
  "inference_time": 1.1575326919555664,
  "timestamp": 1745481505.277864
}