{
  "query": "/*+  */ select count(*)\nfrom movie_keyword AS mk\ninner join title AS t\non t.id = mk.movie_id AND mk.keyword_id > 132;",
  "predicted_latency": 1255.002737045288,
  "actual_latency": 1167.093,
  "q_error": 1.0753236777577178,
  "inference_time": 0.01873040199279785
}