{
  "query": "/*+  */ select count(*)\nfrom cast_info AS ci\ninner join title AS t\non t.id = ci.movie_id AND ci.person_id > 2890341 AND ci.role_id > 2 AND t.production_year < 1965;",
  "predicted_latency": 1428.6943674087524,
  "actual_latency": 2026.683,
  "q_error": 1.4185560230602923,
  "inference_time": 0.02008652687072754
}