{
  "query": "/*+  */ select count(*)\nfrom title AS t\ninner join cast_info AS ci\non t.id = ci.movie_id AND ci.person_id < 2203350 AND ci.role_id > 1;",
  "predicted_latency": 952.1178603172302,
  "actual_latency": 4630.819,
  "q_error": 4.863703531889515,
  "inference_time": 0.01849842071533203
}