{
  "embedding": [
    1.1678835008609816,
    1.307115751942073,
    2.8276238341829383,
    0.0754842110738791,
    0.06689763281927234,
    5.710682814090489,
    1.224475809491293,
    1.4926914977729786,
    0.6762904789945892,
    1.21751596052596,
    4.631711644818218,
    4.4822392723222135,
    0.10126621824848966,
    1.2081130594456735,
    0.20004797754833253,
    1.9455400276659294,
    1.695068484903025,
    2.6118538911648264,
    0.4388972806137209,
    0.44219926874178056,
    0.7303504993529881,
    2.1647275317162773,
    2.4558500351010184,
    1.174807000019824,
    0.6893354313155966,
    2.192535378558146,
    1.7400750749532905,
    2.361044528066031,
    2.9615459848241694,
    0.911725834647275,
    4.401561198109267,
    1.4027567515847477,
    1.2592277995918086,
    2.1750816132371216,
    2.3393566425336565,
    0.07759334597388938,
    1.2053375887586708,
    0.24048724928783427,
    1.4832337266080848,
    4.029766458414173,
    1.0455061565757038,
    2.9499215230093094,
    1.4691893465578196,
    0.3846393366147568,
    2.268475363587329,
    2.455550825272965,
    1.5168908673738524,
    2.6292578854901225,
    5.174555255788456,
    1.9265650056603534,
    0.4818783120332693,
    5.010321272964449,
    1.7942576960401875,
    2.1490069443464965,
    1.6451432571415359,
    0.5689148224520579,
    3.004313874344818,
    4.194371139713454,
    1.569505141293158,
    2.506427535295279,
    0.06689763281927234,
    1.9167056759553927,
    1.4326823192137816,
    3.0131844215763275
  ],
  "timestamp": 1754307042.1578696
}