{
  "embedding": [
    0.6930025527944488,
    1.7553442584889405,
    1.7298893601099763,
    0.13345551669288366,
    0.10557104203455812,
    4.609122494131406,
    2.4505778060976873,
    2.4534200838307227,
    0.7183344545158808,
    1.6356476516181135,
    4.378030628171816,
    4.127830336333074,
    1.250786090694589,
    2.9296089824713483,
    0.22058501547471893,
    3.1503903932206474,
    1.6118611984602451,
    2.9039755354014325,
    1.8889810376019764,
    3.234512396054785,
    4.733750387632078,
    2.9208423606970095,
    2.509686191150059,
    0.6507385732141237,
    1.088968071569322,
    2.7407053751567343,
    2.6306392459175005,
    3.9758661156768667,
    2.382748411691245,
    1.9347410725822978,
    4.1891255093295365,
    2.488658229236964,
    2.3737085183392574,
    1.7536339096334148,
    4.111155733972634,
    0.4098898923791375,
    1.1526935120191342,
    0.4680645935155908,
    2.1510802277361143,
    4.138737475236512,
    1.4892848946332724,
    2.6937927528376178,
    2.860409962785751,
    0.41092690282884065,
    2.4567869421959863,
    3.6821692562737267,
    1.0005461600394074,
    2.1947063526760835,
    4.433907386394468,
    2.550625928518691,
    0.9261117894667577,
    3.8496606251157353,
    1.9359623100127172,
    2.0277256399320107,
    1.0117744971716884,
    1.974858212279076,
    3.7569342262588172,
    2.4707570840477993,
    2.68430370536184,
    1.5285066603567223,
    0.10557104203455812,
    2.3947079021288786,
    1.5292563347368422,
    2.990915641533818
  ],
  "timestamp": 1754307018.9593544
}