{
  "predicted_latency": 0.0291377454996109,
  "actual_latency": 2.1323220000000003,
  "q_error": 73.18074798583984,
  "inference_time": 0.22841453552246094,
  "timestamp": 1745480144.6807168
}