{
  "query": "/*+  */ select count(*)\nfrom cast_info AS ci\ninner join title AS t\non t.id = ci.movie_id AND ci.person_id < 98750 AND t.production_year > 2010;",
  "predicted_latency": 1227.5173664093018,
  "actual_latency": 491.761,
  "q_error": 2.4961665654846596,
  "inference_time": 0.02897810935974121
}