{
  "query": "/*+  */ select count(*)\nfrom movie_companies AS mc\ninner join title AS t\non t.id = mc.movie_id AND mc.company_id > 101903;",
  "predicted_latency": 830.3655982017517,
  "actual_latency": 439.326,
  "q_error": 1.8900898153119816,
  "inference_time": 0.015289783477783203
}