{
  "predicted_latency": 134.16944444179535,
  "actual_latency": 48.438,
  "q_error": 2.7699212279985828,
  "inference_time": 0.08255171775817871
}