{
  "query": "/*+  */ select count(*)\nfrom title AS t\ninner join movie_keyword AS mk\non t.id = mk.movie_id AND t.production_year > 1999 AND mk.keyword_id < 26443;",
  "predicted_latency": 1416.7323112487793,
  "actual_latency": 1028.785,
  "q_error": 1.3770926979386162,
  "inference_time": 0.028980493545532227
}