{
  "predicted_latency": 0.02913774736225605,
  "actual_latency": 0.957573,
  "q_error": 32.8636589050293,
  "inference_time": 1.7754020690917969,
  "timestamp": 1745481319.7701542
}