{
  "predicted_latency": 1962.2545166015625,
  "inference_time": 0.05868864059448242
}