{
  "query": "/*+  */ select count(*)\nfrom title AS t\ninner join cast_info AS ci\non t.id = ci.movie_id AND t.kind_id > 1 AND ci.person_id > 948803;",
  "predicted_latency": 1339.737057685852,
  "actual_latency": 6941.097,
  "q_error": 5.180939767382013,
  "inference_time": 0.36106371879577637
}