{
  "predicted_latency": 0.02913774363696575,
  "actual_latency": 2.063425,
  "q_error": 70.81622314453125,
  "inference_time": 2.1842992305755615,
  "timestamp": 1745769745.924095
}