{
  "pg_runtime": 8613.831,
  "opt_runtime": 8592.032,
  "pg_slowdown": 1.002537118111292,
  "pg_opt_diff": 21.799000000000888,
  "original_num_of_plans": 2,
  "pg_plan_card_error": 2.3631587861747683,
  "opt_plan_card_error": 1.0,
  "num_tables": 3,
  "opt_hint": "/*+ Rows(movie_info title #9092685) Rows(movie_companies title #794787) Rows(movie_companies movie_info title #12738520) */"
}