{
  "predicted_latency": 389.6489143371582,
  "actual_latency": 23.734,
  "q_error": 16.417330173470894,
  "inference_time": 0.16637015342712402
}