{
  "predicted_latency": 759.5665454864502,
  "actual_latency": 31.269,
  "q_error": 24.29136030849884,
  "inference_time": 0.12024426460266113
}