{
  "query": "/*+  */ select count(*)\nfrom title AS t\ninner join cast_info AS ci\non t.id = ci.movie_id AND t.kind_id > 1 AND ci.person_id > 3664792 AND ci.role_id > 1;",
  "predicted_latency": 1181.0895204544067,
  "actual_latency": 1059.615,
  "q_error": 1.1146402424035209,
  "inference_time": 0.017406225204467773
}