{
  "predicted_latency": 474.99948740005493,
  "actual_latency": 520.828,
  "q_error": 1.0964811832761985,
  "inference_time": 0.03578782081604004
}