{
  "query": "/*+ NoNestLoop(t ci) */ select count(*)\nfrom title AS t\ninner join cast_info AS ci\non t.id = ci.movie_id AND ci.person_id > 1500161;",
  "predicted_latency": 765.7667398452759,
  "actual_latency": 6729.016,
  "q_error": 8.787292069331198,
  "inference_time": 0.013877391815185547
}