{
  "predicted_latency": 0.02913774736225605,
  "actual_latency": 6.872515999999999,
  "q_error": 235.8629913330078,
  "inference_time": 1.7367868423461914,
  "timestamp": 1745480371.3295696
}