{
  "predicted_latency": 0.02913774363696575,
  "actual_latency": 4.789508,
  "q_error": 164.37469482421875,
  "inference_time": 1.916377067565918,
  "timestamp": 1745757130.1266916
}