{
  "query": "/*+  */ select count(*)\nfrom movie_keyword AS mk\ninner join title AS t\non t.id = mk.movie_id AND mk.keyword_id < 42252;",
  "predicted_latency": 1205.1301002502441,
  "actual_latency": 1172.981,
  "q_error": 1.027408031545476,
  "inference_time": 0.019830703735351562
}