{
  "predicted_latency": 0.0291377454996109,
  "actual_latency": 2.712951,
  "q_error": 93.1077880859375,
  "inference_time": 0.11146068572998047,
  "timestamp": 1745756393.3986583
}