{
  "predicted_latency": 1678.018798828125,
  "inference_time": 0.023626089096069336
}