{
  "predicted_latency": 454.24211025238037,
  "actual_latency": 418.985,
  "q_error": 1.0841488603467435,
  "inference_time": 0.10600733757019043
}