{
  "predicted_latency": 0.010861066170036793,
  "actual_latency": 10.560267,
  "q_error": 972.3048706054688,
  "inference_time": 0.2954089641571045,
  "timestamp": 1744732418.5385342
}