{
  "predicted_latency": 0.02913774736225605,
  "actual_latency": 4.974332,
  "q_error": 170.71778869628906,
  "inference_time": 1.165672779083252,
  "timestamp": 1745762045.4570658
}