{
  "query": "/*+  */ select count(*)\nfrom title AS t\ninner join movie_info AS mi\non t.id = mi.movie_id AND t.production_year < 1982;",
  "predicted_latency": 1190.1432275772095,
  "actual_latency": 2180.643,
  "q_error": 1.832252580589955,
  "inference_time": 0.025331974029541016
}