{
  "query": "/*+  */ select count(*)\nfrom title AS t\ninner join cast_info AS ci\non t.id = ci.movie_id AND t.kind_id = 4 AND ci.person_id > 1425236;",
  "predicted_latency": 1452.6727199554443,
  "actual_latency": 3417.821,
  "q_error": 2.352781155073133,
  "inference_time": 0.012394428253173828
}