{
  "predicted_latency": 649.9063968658447,
  "actual_latency": 4655.554,
  "q_error": 7.163422336587666,
  "inference_time": 0.08895349502563477
}