{
  "query": "/*+ NoNestLoop(t ci) */ select count(*)\nfrom title AS t\ninner join cast_info AS ci\non t.id = ci.movie_id AND ci.person_id < 2296356;",
  "predicted_latency": 573.0536580085754,
  "actual_latency": 7033.727,
  "q_error": 12.274115873272628,
  "inference_time": 0.026245832443237305
}