{
  "pg_runtime": 11288.912,
  "opt_runtime": 1830.444,
  "pg_slowdown": 6.167308041109152,
  "pg_opt_diff": 9458.468,
  "original_num_of_plans": 155,
  "pg_plan_card_error": 88.1304347826087,
  "opt_plan_card_error": 88.1304347826087,
  "num_tables": 9,
  "opt_hint": "/*+Leading(mi mk mc cn t at k)*/"
}