{
  "predicted_latency": 0.0291377454996109,
  "actual_latency": 0.93884,
  "q_error": 32.22074890136719,
  "inference_time": 0.1517651081085205,
  "timestamp": 1745754737.8702078
}