{
  "predicted_latency": 788.557231426239,
  "actual_latency": 104.249,
  "q_error": 7.56417070116969,
  "inference_time": 0.09470009803771973
}