{
  "predicted_latency": 341.73333740234375,
  "inference_time": 0.015153884887695312
}