{
  "predicted_latency": 0.02913774363696575,
  "actual_latency": 106.663716,
  "q_error": 3660.671875,
  "inference_time": 2.425177812576294,
  "timestamp": 1745452831.8026712
}