{
  "query": "/*+  */ select count(*)\nfrom cast_info AS ci\ninner join title AS t\non t.id = ci.movie_id AND ci.person_id > 2773054 AND t.production_year < 1955;",
  "predicted_latency": 1266.7900323867798,
  "actual_latency": 2113.638,
  "q_error": 1.668499077165661,
  "inference_time": 0.01680755615234375
}