{
  "query": "/*+  */ select count(*)\nfrom cast_info AS ci\ninner join title AS t\non t.id = ci.movie_id AND ci.person_id > 1446679 AND ci.role_id < 2 AND t.production_year > 2011;",
  "predicted_latency": 1445.1546669006348,
  "actual_latency": 1430.867,
  "q_error": 1.0099853214174586,
  "inference_time": 0.018594741821289062
}