{
  "predicted_latency": 0.0291377454996109,
  "actual_latency": 31.005974,
  "q_error": 1064.1170654296875,
  "inference_time": 1.312528371810913,
  "timestamp": 1745760802.7912364
}