{
  "query": "/*+  */ select count(*)\nfrom title AS t\ninner join cast_info AS ci\non t.id = ci.movie_id AND ci.person_id < 530256 AND ci.role_id > 1;",
  "predicted_latency": 902.5295376777649,
  "actual_latency": 1493.159,
  "q_error": 1.6544156591727095,
  "inference_time": 0.01335906982421875
}