{
  "query": "/*+ NoNestLoop(t ci) */ select count(*)\nfrom title AS t\ninner join cast_info AS ci\non t.id = ci.movie_id AND ci.person_id > 2556836;",
  "predicted_latency": 635.7394456863403,
  "actual_latency": 4422.107,
  "q_error": 6.955848075819679,
  "inference_time": 0.026232481002807617
}