{
  "embedding": [
    0.3319061522427962,
    1.0577188905667139,
    1.5804340774673187,
    0.13673179286723172,
    0.13673179286723172,
    2.9326285893424684,
    0.27087440866977436,
    0.8395415477835603,
    0.6846456441936727,
    2.0227694819323956,
    2.6454143809259993,
    0.46134408406341454,
    0.40797249362829446,
    0.13673179286723172,
    0.22464021986708732,
    0.8300778454505783,
    0.2952357541536399,
    1.5678580631151902,
    0.5205134820927282,
    0.41942658905888447,
    1.907690058838935,
    1.6550606047290406,
    1.9859292441393708,
    0.475372487368783,
    0.6380599428645819,
    2.5392040318024973,
    2.656346918364397,
    3.008928956285664,
    2.3659769856218977,
    1.8306137211314246,
    2.8905646460145182,
    0.23546082360551643,
    0.2343146472772122,
    1.4620427645856389,
    1.8896434109868827,
    0.29504440637696877,
    0.677674152705804,
    0.6642776352120145,
    0.8346048057097794,
    3.3853882666761597,
    0.8360603241245032,
    2.784008480903445,
    1.9437100646060048,
    0.2625212493782235,
    1.7572644583559196,
    2.461621441599545,
    0.9764603589891383,
    2.1531184230765823,
    2.4041639175422946,
    0.6410384797816862,
    0.2755090648129153,
    1.6039610042709442,
    1.3010326831538976,
    0.6413946553202954,
    0.6395800199857266,
    1.0478918017595589,
    2.5582706566291153,
    3.0671126405813025,
    1.9148568280103375,
    1.1011667101318745,
    0.20449980991941122,
    1.2822799920420866,
    1.200354617989459,
    2.4652961089859855
  ],
  "timestamp": 1754304935.8091674
}