{
  "embedding": [
    0.5224835667056124,
    1.1517599541557269,
    1.6513830068944235,
    0.14236025179469727,
    0.14236025179469727,
    3.13791798200884,
    0.2934351962228817,
    0.9641067692169151,
    0.7214777883075829,
    2.122553005326299,
    2.8345548959252196,
    1.4980488054033654,
    0.49480449797357207,
    0.22757612857174198,
    0.22516509045365599,
    0.9189739585123611,
    0.26374087755698794,
    1.5851404592060123,
    0.5600671060985161,
    0.5793872287323267,
    2.2588747106207854,
    1.7252098182023343,
    2.2853167797311915,
    0.14236025179469727,
    0.8251030054902978,
    2.82358757991348,
    2.828921557240902,
    3.2012636308671913,
    2.540740299708342,
    1.9769118300997026,
    3.163952890280578,
    0.25243158468512683,
    0.18005581149430558,
    1.516980036070811,
    1.8753375401785193,
    0.39913958475277206,
    0.7474801902824112,
    0.7858313700770637,
    0.9257503458790896,
    3.6675701438726467,
    0.9115899691884244,
    3.0736143320847176,
    2.084035586772649,
    0.24534831495453469,
    1.9374667112050394,
    2.653509105822844,
    1.1657274039189847,
    2.4265302909400757,
    2.5818775852879527,
    0.5758658852115563,
    0.30327389552836054,
    1.6397003968808805,
    1.4775516592592208,
    0.8599080933477294,
    0.6578190922337849,
    1.1945904634197089,
    2.687757647486368,
    3.433249267093448,
    2.1038495848112926,
    1.3462003785254515,
    0.30701693831488136,
    1.4643050438483378,
    1.3356535861337067,
    2.6635667185722576
  ],
  "timestamp": 1754304938.9209385
}