{
  "query": "/*+ NoNestLoop(ci t) */ select count(*)\nfrom cast_info AS ci\ninner join title AS t\non t.id = ci.movie_id AND ci.person_id < 3796057;",
  "predicted_latency": 1157.6273441314697,
  "actual_latency": 10408.953,
  "q_error": 8.9916267551623,
  "inference_time": 0.011574268341064453
}