{
  "query": "/*+  */ select count(*)\nfrom title AS t\ninner join cast_info AS ci\non t.id = ci.movie_id AND t.kind_id = 3 AND ci.person_id < 1447606;",
  "predicted_latency": 1430.1878213882446,
  "actual_latency": 2396.722,
  "q_error": 1.6758092637605926,
  "inference_time": 0.029318809509277344
}