{
  "query": "/*+  */ select count(*)\nfrom title AS t\ninner join cast_info AS ci\non t.id = ci.movie_id AND t.kind_id < 7 AND t.production_year < 1998 AND ci.person_id > 1281036;",
  "predicted_latency": 1576.6957998275757,
  "actual_latency": 4206.753,
  "q_error": 2.6680815668184326,
  "inference_time": 0.011907815933227539
}