{
  "predicted_latency": 206.8788856267929,
  "actual_latency": 717.241,
  "q_error": 3.466960863729198,
  "inference_time": 0.13053417205810547
}