{
  "predicted_latency": 0.02913774736225605,
  "actual_latency": 3.262304,
  "q_error": 111.96143341064453,
  "inference_time": 1.4695796966552734,
  "timestamp": 1745756087.6700244
}