{
  "predicted_latency": 282.5276851654053,
  "actual_latency": 40.558,
  "q_error": 6.966016203101861,
  "inference_time": 0.05096769332885742
}