{
  "pg_runtime": 13196.714,
  "opt_runtime": 3177.959,
  "pg_slowdown": 4.152575284954904,
  "pg_opt_diff": 10018.755000000001,
  "original_num_of_plans": 4,
  "pg_plan_card_error": 107652.0,
  "opt_plan_card_error": 1.0,
  "num_tables": 9,
  "opt_hint": "/*+ Rows(kt t #662825) Rows(mc t #2609129) Rows(it miidx #459925) Rows(mc miidx #4073078) Rows(it2 mi #3036719) Rows(ct mc #1334883) Rows(mc mi #67371414) Rows(mi t #14835720) Rows(miidx t #1380035) Rows(mc mi t #67371414) Rows(it mc miidx #1354883) Rows(ct mc t #1334883) Rows(kt mc t #1307690) Rows(mc miidx t #4073078) Rows(kt miidx t #629900) Rows(it miidx t #459925) Rows(it2 mc mi #10905021) Rows(ct mc mi #19468013) Rows(ct mc miidx #1753403) Rows(it2 mi t #3036719) Rows(kt mi t #8301049) Rows(it mc miidx t #1354883) Rows(ct mc mi t #19468013) Rows(it kt miidx t #209880) Rows(kt mc mi t #53714510) Rows(ct kt mc t #640620) Rows(kt mc miidx t #2327681) Rows(ct mc miidx t #1753403) Rows(ct it2 mc mi #3243070) Rows(it2 kt mi t #1083597) Rows(ct it mc miidx #584222) Rows(it2 mc mi t #10905021) Rows(ct it2 mc mi t #3243070) Rows(it kt mc miidx t #773084) Rows(ct kt mc mi t #13398803) Rows(ct kt mc miidx t #908567) Rows(ct it mc miidx t #584222) Rows(it2 kt mc mi t #8699319) Rows(ct it2 kt mc mi t #2250196) Rows(ct it kt mc miidx t #302610) Rows(cn mc #131317) Rows(mi miidx #20885030) Rows(cn ct mc #67624) Rows(cn mc t #131317) Rows(mi miidx t #20885030) Rows(it2 mi miidx #3367474) Rows(cn mc mi #3825530) Rows(mc mi miidx #177388547) Rows(cn mc miidx #218159) Rows(it mi miidx #6930334) Rows(cn it mc miidx #72539) Rows(it mi miidx t #6930334) Rows(it2 mi miidx t #3367474) Rows(it it2 mi miidx #1118984) Rows(cn mc mi t #3825530) Rows(cn ct mc t #67624) Rows(cn kt mc t #69305) Rows(cn mc miidx t #218159) Rows(it mc mi miidx #57984052) Rows(it2 mc mi miidx #29157386) Rows(kt mi miidx t #13638164) Rows(cn ct mc mi #900543) Rows(cn it2 mc mi #663089) Rows(cn mc mi miidx #10408582) Rows(ct mc mi miidx #42553106) Rows(mc mi miidx t #177388547) Rows(cn ct mc miidx #89714) Rows(it kt mi miidx t #4514712) Rows(it it2 mc mi miidx #9595757) Rows(cn it mc mi miidx #3399978) Rows(cn ct it2 mc mi #168471) Rows(cn ct mc mi miidx #1925521) Rows(cn kt mc mi t #3250999) Rows(cn it2 mc mi miidx #1813533) Rows(it mc mi miidx t #57984052) Rows(kt mc mi miidx t #148621556) Rows(cn mc mi miidx t #10408582) Rows(cn ct mc mi t #900543) Rows(it2 kt mi miidx t #2184715) Rows(cn ct it mc miidx #29892) Rows(it it2 mi miidx t #1118984) Rows(ct it2 mc mi miidx #7548645) Rows(ct it mc mi miidx #14091607) Rows(cn ct mc miidx t #89714) Rows(cn kt mc miidx t #140366) Rows(cn ct kt mc t #31722) Rows(cn it mc miidx t #72539) Rows(cn it2 mc mi t #663089) Rows(ct mc mi miidx t #42553106) Rows(it2 mc mi miidx t #29157386) Rows(ct it it2 mc mi miidx #2504990) Rows(cn ct it mc mi miidx #637282) Rows(ct kt mc mi miidx t #31047995) Rows(cn ct kt mc mi t #640494) Rows(cn it2 kt mc mi t #568880) Rows(cn ct it2 mc mi miidx #389187) Rows(cn it it2 mc mi miidx #596717) Rows(it2 kt mc mi miidx t #24740873) Rows(cn it mc mi miidx t #3399978) Rows(cn ct kt mc miidx t #47726) Rows(it it2 mc mi miidx t #9595757) Rows(it kt mc mi miidx t #48395055) Rows(cn it kt mc miidx t #46608) Rows(cn ct it mc miidx t #29892) Rows(ct it mc mi miidx t #14091607) Rows(cn ct mc mi miidx t #1925521) Rows(cn ct it2 mc mi t #168471) Rows(it it2 kt mi miidx t #724731) Rows(cn kt mc mi miidx t #9307588) Rows(ct it2 mc mi miidx t #7548645) Rows(cn it2 mc mi miidx t #1813533) Rows(cn ct it2 kt mc mi t #124927) Rows(ct it it2 mc mi miidx t #2504990) Rows(cn it it2 mc mi miidx t #596717) Rows(cn it kt mc mi miidx t #3032980) Rows(cn ct it2 mc mi miidx t #389187) Rows(cn ct it it2 mc mi miidx #129145) Rows(cn ct it mc mi miidx t #637282) Rows(cn ct kt mc mi miidx t #1514746) Rows(cn it2 kt mc mi miidx t #1644009) Rows(ct it2 kt mc mi miidx t #5792160) Rows(cn ct it kt mc miidx t #15896) Rows(ct it kt mc mi miidx t #10256570) Rows(it it2 kt mc mi miidx t #8123586) Rows(cn it it2 kt mc mi miidx t #540209) Rows(ct it it2 kt mc mi miidx t #1919495) Rows(cn ct it it2 mc mi miidx t #129145) Rows(cn ct it kt mc mi miidx t #500357) Rows(cn ct it2 kt mc mi miidx t #324708) Rows(cn ct it it2 kt mc mi miidx t #107652) */"
}