{
  "query": "/*+ NoNestLoop(ci t) */ select count(*)\nfrom cast_info AS ci\ninner join title AS t\non t.id = ci.movie_id AND ci.person_id < 3692315;",
  "predicted_latency": 1142.7052021026611,
  "actual_latency": 9810.433,
  "q_error": 8.58527027088709,
  "inference_time": 0.018402814865112305
}