{
    "embedding": [
        0.527145504951477,
        0.527145504951477,
        0.5588086843490601,
        0.6001695990562439,
        0.6031430959701538,
        1.3870165348052979,
        0.527145504951477,
        0.527145504951477,
        1.688266634941101,
        0.527145504951477,
        0.527145504951477,
        0.527145504951477,
        0.527145504951477,
        2.4383554458618164,
        3.2139368057250977,
        2.170003890991211,
        0.527145504951477,
        1.570244550704956,
        0.527145504951477,
        2.2641496658325195,
        0.527145504951477,
        2.93917179107666,
        2.9464340209960938,
        0.527145504951477,
        1.1032440662384033,
        2.6103203296661377,
        0.527145504951477,
        0.527145504951477,
        0.527145504951477,
        0.527145504951477,
        1.10271418094635,
        2.570142984390259,
        0.527145504951477,
        0.527145504951477,
        2.011014938354492,
        2.3820607662200928,
        0.527145504951477,
        2.9570670127868652,
        2.7012393474578857,
        0.527145504951477,
        0.527145504951477,
        0.527145504951477,
        0.6435758471488953,
        0.527145504951477,
        1.422007441520691,
        0.527145504951477,
        0.527145504951477,
        0.7993302941322327,
        0.527145504951477,
        3.0918736457824707,
        3.0606491565704346,
        1.728793978691101,
        0.527145504951477,
        0.527145504951477,
        2.3046276569366455,
        0.527145504951477,
        0.527145504951477,
        0.527145504951477,
        0.527145504951477,
        0.6404847502708435,
        0.527145504951477,
        2.4265010356903076,
        0.527145504951477,
        3.696208953857422
    ],
    "timestamp": 1754257677.395787
}