{
    "embedding": [
        0.527145504951477,
        0.527145504951477,
        0.5588086843490601,
        0.6001695990562439,
        0.6031431555747986,
        1.3870165348052979,
        0.527145504951477,
        0.527145504951477,
        1.6882669925689697,
        0.527145504951477,
        0.527145504951477,
        0.527145504951477,
        0.527145504951477,
        2.4383554458618164,
        3.213937520980835,
        2.17000412940979,
        0.527145504951477,
        1.5702452659606934,
        0.527145504951477,
        2.264150381088257,
        0.527145504951477,
        2.939171552658081,
        2.946434736251831,
        0.527145504951477,
        1.1032440662384033,
        2.610320568084717,
        0.527145504951477,
        0.527145504951477,
        0.527145504951477,
        0.527145504951477,
        1.1027143001556396,
        2.570143938064575,
        0.527145504951477,
        0.527145504951477,
        2.0110154151916504,
        2.3820607662200928,
        0.527145504951477,
        2.957066774368286,
        2.7012388706207275,
        0.527145504951477,
        0.527145504951477,
        0.527145504951477,
        0.64357590675354,
        0.527145504951477,
        1.4220072031021118,
        0.527145504951477,
        0.527145504951477,
        0.7993302941322327,
        0.527145504951477,
        3.0918736457824707,
        3.060650110244751,
        1.7287949323654175,
        0.527145504951477,
        0.527145504951477,
        2.3046278953552246,
        0.527145504951477,
        0.527145504951477,
        0.527145504951477,
        0.527145504951477,
        0.6404848098754883,
        0.527145504951477,
        2.4265010356903076,
        0.527145504951477,
        3.696208953857422
    ],
    "timestamp": 1754257678.139048
}