{
  "query": "/*+ NoNestLoop(t ci) */ select count(*)\nfrom title AS t\ninner join cast_info AS ci\non t.id = ci.movie_id AND ci.person_id < 532776;",
  "predicted_latency": 616.0997748374939,
  "actual_latency": 2293.305,
  "q_error": 3.7222948192196554,
  "inference_time": 0.026145458221435547
}