{
  "predicted_latency": 936.5274047851562,
  "inference_time": 0.008257150650024414
}