{
  "query": "/*+  */ select count(*)\nfrom title AS t\ninner join movie_keyword AS mk\non t.id = mk.movie_id AND mk.keyword_id > 3612;",
  "predicted_latency": 390.2713656425476,
  "actual_latency": 1077.509,
  "q_error": 2.7609225140716536,
  "inference_time": 0.01951885223388672
}