{
  "predicted_latency": 0.02913774736225605,
  "actual_latency": 8.111485,
  "q_error": 278.3840637207031,
  "inference_time": 5.897794008255005,
  "timestamp": 1745452680.4935834
}