{
  "predicted_latency": 477.35920548439026,
  "actual_latency": 436.786,
  "q_error": 1.0928903524480873,
  "inference_time": 0.12616300582885742
}