{
  "query": "/*+ NoNestLoop(ci t) */ select count(*)\nfrom cast_info AS ci\ninner join title AS t\non t.id = ci.movie_id AND ci.person_id > 2988792 AND ci.role_id < 10;",
  "predicted_latency": 1174.5977401733398,
  "actual_latency": 2648.397,
  "q_error": 2.2547267966045688,
  "inference_time": 0.025552988052368164
}