{
  "predicted_latency": 529.0073156356812,
  "actual_latency": 2762.935,
  "q_error": 5.222867280540197,
  "inference_time": 0.06611227989196777
}