{
  "predicted_latency": 450.6103992462158,
  "actual_latency": 236.905,
  "q_error": 1.9020721354391668,
  "inference_time": 0.04832625389099121
}