{
  "predicted_latency": 164.0220284461975,
  "actual_latency": 7548.968,
  "q_error": 46.02411073385921,
  "inference_time": 0.18991947174072266
}