{
  "predicted_latency": 454.5680284500122,
  "actual_latency": 211.282,
  "q_error": 2.1514754141385075,
  "inference_time": 0.046219587326049805
}