{
  "query": "/*+  */ select count(*)\nfrom movie_companies AS mc\ninner join title AS t\non t.id = mc.movie_id AND mc.company_id < 174266;",
  "predicted_latency": 1180.8077096939087,
  "actual_latency": 1298.896,
  "q_error": 1.1000063679603704,
  "inference_time": 0.016935348510742188
}