{
  "query": "/*+  */ select count(*)\nfrom title AS t\ninner join cast_info AS ci\non t.id = ci.movie_id AND t.production_year > 2003 AND ci.person_id < 1984052;",
  "predicted_latency": 1308.862328529358,
  "actual_latency": 5491.923,
  "q_error": 4.195951614079032,
  "inference_time": 0.01935887336730957
}