{
  "query": "/*+  */ select count(*)\nfrom title AS t\ninner join cast_info AS ci\non t.id = ci.movie_id AND ci.person_id < 3060940 AND ci.role_id > 10;",
  "predicted_latency": 997.113287448883,
  "actual_latency": 704.645,
  "q_error": 1.4150576353325193,
  "inference_time": 0.03520512580871582
}