{
  "predicted_latency": 199.78725910186768,
  "actual_latency": 4243.127,
  "q_error": 21.23822619657899,
  "inference_time": 0.21984171867370605
}