{
  "predicted_latency": 0.0291377454996109,
  "actual_latency": 113.955961,
  "q_error": 3910.939697265625,
  "inference_time": 0.10198092460632324,
  "timestamp": 1745761081.6161172
}