{
  "predicted_latency": 270.8506164550781,
  "inference_time": 0.013593912124633789
}