{
  "predicted_latency": 41.50828719139099,
  "actual_latency": 1919.288,
  "q_error": 46.238670151585275,
  "inference_time": 0.0553593635559082
}