{
  "predicted_latency": 0.02913774736225605,
  "actual_latency": 11.560398,
  "q_error": 396.7498779296875,
  "inference_time": 7.388595342636108,
  "timestamp": 1745453056.862195
}