{
  "query": "/*+  */ select count(*)\nfrom movie_companies AS mc\ninner join title AS t\non t.id = mc.movie_id AND mc.company_id = 136433;",
  "predicted_latency": 383.5645318031311,
  "actual_latency": 0.193,
  "q_error": 1987.3809937986066,
  "inference_time": 0.017906904220581055
}