{
  "predicted_latency": 0.0291377454996109,
  "actual_latency": 0.800742,
  "q_error": 27.481260299682617,
  "inference_time": 0.06198430061340332,
  "timestamp": 1745757116.7994366
}