{
  "query": "/*+  */ select count(*)\nfrom title AS t\ninner join movie_keyword AS mk\non t.id = mk.movie_id AND mk.keyword_id > 217;",
  "predicted_latency": 1234.5631122589111,
  "actual_latency": 1156.03,
  "q_error": 1.067933455238109,
  "inference_time": 0.012554645538330078
}