{
  "predicted_latency": 67.12343543767929,
  "actual_latency": 2304.435,
  "q_error": 34.33130299386347,
  "inference_time": 0.06751465797424316
}