{
  "predicted_latency": 0.0291377454996109,
  "actual_latency": 4.908822,
  "q_error": 168.4695281982422,
  "inference_time": 0.2841503620147705,
  "timestamp": 1745479263.074166
}