{
  "predicted_latency": 0.02913774736225605,
  "actual_latency": 6.945863,
  "q_error": 238.38021850585938,
  "inference_time": 0.5186269283294678,
  "timestamp": 1745453278.0489028
}