{
  "query": "/*+  */ select count(*)\nfrom title AS t\ninner join cast_info AS ci\non t.id = ci.movie_id AND t.kind_id < 7 AND ci.person_id > 1273322 AND ci.role_id = 1;",
  "predicted_latency": 1225.7213592529297,
  "actual_latency": 1715.363,
  "q_error": 1.3994722267428743,
  "inference_time": 0.026303529739379883
}