{
  "query": "/*+  */ select count(*)\nfrom title AS t\ninner join movie_info AS mi\non t.id = mi.movie_id AND t.production_year = 1971;",
  "predicted_latency": 1181.1822652816772,
  "actual_latency": 1360.636,
  "q_error": 1.1519272173253705,
  "inference_time": 0.01600193977355957
}