{
  "query": "/*+  */ select count(*)\nfrom title AS t\ninner join cast_info AS ci\non t.id = ci.movie_id AND ci.person_id < 2700933;",
  "predicted_latency": 1017.5451040267944,
  "actual_latency": 8610.931,
  "q_error": 8.4624563234823,
  "inference_time": 0.014583110809326172
}