{
  "query": "/*+ NoNestLoop(t ci) */ select count(*)\nfrom title AS t\ninner join cast_info AS ci\non t.id = ci.movie_id AND ci.person_id > 3481605;",
  "predicted_latency": 599.8854637145996,
  "actual_latency": 1741.88,
  "q_error": 2.9036876293250433,
  "inference_time": 0.020348072052001953
}