{
  "predicted_latency": 0.02913774736225605,
  "actual_latency": 0.755754,
  "q_error": 25.93728256225586,
  "inference_time": 0.4527559280395508,
  "timestamp": 1745769904.4939532
}