{
  "predicted_latency": 0.02913774736225605,
  "actual_latency": 3.1411819999999997,
  "q_error": 107.80455780029297,
  "inference_time": 0.7222402095794678,
  "timestamp": 1745757189.4550176
}