{
  "predicted_latency": 0.0291377454996109,
  "actual_latency": 3.082326,
  "q_error": 105.78463745117188,
  "inference_time": 0.26782870292663574,
  "timestamp": 1745479730.3457456
}