{
  "query": "/*+  */ select count(*)\nfrom title AS t\ninner join cast_info AS ci\non t.id = ci.movie_id AND ci.person_id > 2962084 AND ci.role_id > 1;",
  "predicted_latency": 912.6725792884827,
  "actual_latency": 3124.453,
  "q_error": 3.4234106194313583,
  "inference_time": 0.027033567428588867
}