{
  "predicted_latency": 359.67153310775757,
  "actual_latency": 289.131,
  "q_error": 1.24397429921993,
  "inference_time": 0.13260245323181152
}