{
  "query": "/*+ NoNestLoop(ci t) */ select count(*)\nfrom cast_info AS ci\ninner join title AS t\non t.id = ci.movie_id AND ci.person_id > 212833;",
  "predicted_latency": 1139.3206119537354,
  "actual_latency": 9570.306,
  "q_error": 8.400011287067475,
  "inference_time": 0.026612520217895508
}