{
  "predicted_latency": 0.02913774736225605,
  "actual_latency": 131.943668,
  "q_error": 4528.2724609375,
  "inference_time": 1.6430835723876953,
  "timestamp": 1745772095.1179955
}