{
  "predicted_latency": 374.1074800491333,
  "actual_latency": 444.166,
  "q_error": 1.187268428692379,
  "inference_time": 0.11247515678405762
}