{
  "query": "/*+ NoNestLoop(t ci) */ select count(*)\nfrom title AS t\ninner join cast_info AS ci\non t.id = ci.movie_id AND ci.person_id > 3388248;",
  "predicted_latency": 605.4286360740662,
  "actual_latency": 1983.534,
  "q_error": 3.2762474085506272,
  "inference_time": 0.011111974716186523
}