{
  "predicted_latency": 1031.9280624389648,
  "actual_latency": 3685.614,
  "q_error": 3.571580359283031,
  "inference_time": 0.03568243980407715
}