{
  "query": "/*+  */ select count(*)\nfrom movie_companies AS mc\ninner join title AS t\non t.id = mc.movie_id AND mc.company_id > 136190;",
  "predicted_latency": 720.9964394569397,
  "actual_latency": 403.574,
  "q_error": 1.7865284667915666,
  "inference_time": 0.3084144592285156
}