{
  "query": "/*+  */ select count(*)\nfrom cast_info AS ci\ninner join title AS t\non t.id = ci.movie_id AND ci.person_id > 1627268 AND t.production_year > 2011;",
  "predicted_latency": 1430.300235748291,
  "actual_latency": 3373.3,
  "q_error": 2.3584558791848265,
  "inference_time": 0.026009082794189453
}