{
  "predicted_latency": 757.3381066322327,
  "actual_latency": 825.83,
  "q_error": 1.0904376694741276,
  "inference_time": 0.051084041595458984
}