{
  "predicted_latency": 290.8335030078888,
  "actual_latency": 30281.321,
  "q_error": 104.11909455692464,
  "inference_time": 0.0908498764038086
}