{
  "query": "/*+  */ select count(*)\nfrom title AS t\ninner join cast_info AS ci\non t.id = ci.movie_id AND t.kind_id = 1 AND ci.person_id > 1068353 AND ci.role_id > 2;",
  "predicted_latency": 1358.0296039581299,
  "actual_latency": 3025.063,
  "q_error": 2.2275383328781007,
  "inference_time": 0.032335519790649414
}