{
  "predicted_latency": 336.611270904541,
  "actual_latency": 3893.679,
  "q_error": 11.56728647123703,
  "inference_time": 0.09199190139770508
}