{
  "predicted_latency": 0.02913774736225605,
  "actual_latency": 3.686334,
  "q_error": 126.51403045654297,
  "inference_time": 0.1685175895690918,
  "timestamp": 1745756751.9862986
}