{
  "query": "/*+  */ select count(*)\nfrom cast_info AS ci\ninner join title AS t\non t.id = ci.movie_id AND ci.person_id < 1429675 AND t.kind_id < 4 AND t.production_year < 1968;",
  "predicted_latency": 1525.7691144943237,
  "actual_latency": 2659.33,
  "q_error": 1.7429439190616762,
  "inference_time": 0.017927885055541992
}