{
    "embedding": [
        0.5270368456840515,
        0.5270368456840515,
        0.5346904993057251,
        0.60063236951828,
        0.5670027136802673,
        1.527631163597107,
        0.5270368456840515,
        0.5270368456840515,
        0.941301167011261,
        0.5270368456840515,
        0.5270368456840515,
        0.5270368456840515,
        0.5270368456840515,
        1.756333351135254,
        3.3888983726501465,
        1.189488410949707,
        0.5270368456840515,
        2.3881163597106934,
        0.5270368456840515,
        2.379185199737549,
        0.5270368456840515,
        2.559506893157959,
        3.2802324295043945,
        0.5270368456840515,
        1.2233494520187378,
        2.602531671524048,
        0.5270368456840515,
        0.5270368456840515,
        0.5270368456840515,
        0.5270368456840515,
        2.4532253742218018,
        1.8358134031295776,
        0.5270368456840515,
        0.5270368456840515,
        1.732382893562317,
        2.1538188457489014,
        0.5270368456840515,
        3.295950412750244,
        2.9480507373809814,
        0.5270368456840515,
        0.5270368456840515,
        0.5270368456840515,
        0.6260583400726318,
        0.5270368456840515,
        1.5853585004806519,
        0.5270368456840515,
        0.5270368456840515,
        0.8387693166732788,
        0.5270368456840515,
        2.835566282272339,
        2.768085479736328,
        2.0685064792633057,
        0.5270368456840515,
        0.5270368456840515,
        2.2732529640197754,
        0.5270368456840515,
        0.5270368456840515,
        0.5270368456840515,
        0.5270368456840515,
        0.6428260803222656,
        0.5270368456840515,
        1.5561667680740356,
        0.5270368456840515,
        3.903207778930664
    ],
    "timestamp": 1754257655.953852
}