{
    "embedding": [
        0.5270368456840515,
        0.5270368456840515,
        0.5346904993057251,
        0.60063236951828,
        0.5670027136802673,
        1.527631163597107,
        0.5270368456840515,
        0.5270368456840515,
        0.9413013458251953,
        0.5270368456840515,
        0.5270368456840515,
        0.5270368456840515,
        0.5270368456840515,
        1.7563331127166748,
        3.38889741897583,
        1.1894887685775757,
        0.5270368456840515,
        2.3881161212921143,
        0.5270368456840515,
        2.379185914993286,
        0.5270368456840515,
        2.559506893157959,
        3.28023362159729,
        0.5270368456840515,
        1.2233493328094482,
        2.602531671524048,
        0.5270368456840515,
        0.5270368456840515,
        0.5270368456840515,
        0.5270368456840515,
        2.4532253742218018,
        1.8358131647109985,
        0.5270368456840515,
        0.5270368456840515,
        1.732383370399475,
        2.1538188457489014,
        0.5270368456840515,
        3.2959506511688232,
        2.9480507373809814,
        0.5270368456840515,
        0.5270368456840515,
        0.5270368456840515,
        0.6260582804679871,
        0.5270368456840515,
        1.5853585004806519,
        0.5270368456840515,
        0.5270368456840515,
        0.8387693166732788,
        0.5270368456840515,
        2.835566282272339,
        2.768085479736328,
        2.0685064792633057,
        0.5270368456840515,
        0.5270368456840515,
        2.2732534408569336,
        0.5270368456840515,
        0.5270368456840515,
        0.5270368456840515,
        0.5270368456840515,
        0.6428261995315552,
        0.5270368456840515,
        1.5561673641204834,
        0.5270368456840515,
        3.903207302093506
    ],
    "timestamp": 1754257660.8646429
}