{
  "query": "/*+  */ select count(*)\nfrom movie_keyword AS mk\ninner join title AS t\non t.id = mk.movie_id AND mk.keyword_id < 59320;",
  "predicted_latency": 1229.070782661438,
  "actual_latency": 1171.95,
  "q_error": 1.048739948514389,
  "inference_time": 0.23245930671691895
}