{
  "predicted_latency": 506.4161682128906,
  "inference_time": 0.01679849624633789
}