{
  "predicted_latency": 1555.515380859375,
  "inference_time": 0.01257777214050293
}