{
    "embedding": [
        0.5205436944961548,
        0.5205436944961548,
        0.5931487083435059,
        0.6179309487342834,
        0.5916730165481567,
        1.2897741794586182,
        0.5205436944961548,
        0.5205436944961548,
        0.7158066630363464,
        0.5205436944961548,
        0.5205436944961548,
        0.5205436944961548,
        0.5738241076469421,
        2.395416498184204,
        3.0640971660614014,
        2.56907057762146,
        0.5205436944961548,
        1.081795334815979,
        0.5205436944961548,
        2.279477834701538,
        0.5205436944961548,
        1.7528209686279297,
        2.395005464553833,
        0.5205436944961548,
        1.29259192943573,
        2.396746873855591,
        0.5205436944961548,
        0.5205436944961548,
        0.5205436944961548,
        0.5205436944961548,
        3.0752243995666504,
        1.2863675355911255,
        0.5205436944961548,
        0.5205436944961548,
        2.398552179336548,
        2.8526675701141357,
        0.5205436944961548,
        2.279953718185425,
        2.2531511783599854,
        0.5205436944961548,
        0.5205436944961548,
        0.5205436944961548,
        0.8158734440803528,
        0.5205436944961548,
        1.4151984453201294,
        0.5205436944961548,
        0.5205436944961548,
        0.8764649033546448,
        0.5205436944961548,
        3.0392189025878906,
        1.7548584938049316,
        1.460803747177124,
        0.5205436944961548,
        0.5205436944961548,
        3.0843772888183594,
        0.5205436944961548,
        0.5205436944961548,
        0.5205436944961548,
        0.5205436944961548,
        0.678455114364624,
        0.5205436944961548,
        0.6657858490943909,
        0.5205436944961548,
        3.4101102352142334
    ],
    "timestamp": 1754258585.0354125
}