{
    "embedding": [
        0.5205437541007996,
        0.5205437541007996,
        0.593148946762085,
        0.6179310083389282,
        0.5916731357574463,
        1.2897744178771973,
        0.5205437541007996,
        0.5205437541007996,
        0.7158067226409912,
        0.5205437541007996,
        0.5205437541007996,
        0.5205437541007996,
        0.5738242268562317,
        2.395416736602783,
        3.064099073410034,
        2.5690712928771973,
        0.5205437541007996,
        1.081795334815979,
        0.5205437541007996,
        2.279477834701538,
        0.5205437541007996,
        1.7528209686279297,
        2.395005941390991,
        0.5205437541007996,
        1.29259192943573,
        2.3967478275299072,
        0.5205437541007996,
        0.5205437541007996,
        0.5205437541007996,
        0.5205437541007996,
        3.075223922729492,
        1.2863675355911255,
        0.5205437541007996,
        0.5205437541007996,
        2.398552894592285,
        2.8526673316955566,
        0.5205437541007996,
        2.279953718185425,
        2.253152370452881,
        0.5205437541007996,
        0.5205437541007996,
        0.5205437541007996,
        0.8158735632896423,
        0.5205437541007996,
        1.4151984453201294,
        0.5205437541007996,
        0.5205437541007996,
        0.8764650225639343,
        0.5205437541007996,
        3.039219379425049,
        1.7548584938049316,
        1.460803747177124,
        0.5205437541007996,
        0.5205437541007996,
        3.0843777656555176,
        0.5205437541007996,
        0.5205437541007996,
        0.5205437541007996,
        0.5205437541007996,
        0.6784551739692688,
        0.5205437541007996,
        0.66578608751297,
        0.5205437541007996,
        3.4101102352142334
    ],
    "timestamp": 1754258583.9076343
}