{
  "predicted_latency": 0.02913774363696575,
  "actual_latency": 2.531193,
  "q_error": 86.86990356445312,
  "inference_time": 0.8835346698760986,
  "timestamp": 1745759929.6296308
}