{
  "predicted_latency": 991.7637329101562,
  "inference_time": 0.009947061538696289
}