{
  "query": "/*+  */ select count(*)\nfrom title AS t\ninner join cast_info AS ci\non t.id = ci.movie_id AND ci.person_id < 621864 AND ci.role_id < 4;",
  "predicted_latency": 915.7669544219971,
  "actual_latency": 2692.212,
  "q_error": 2.9398440148992258,
  "inference_time": 0.016330957412719727
}