{
  "query": "/*+  */ select count(*)\nfrom title AS t\ninner join cast_info AS ci\non t.id = ci.movie_id AND ci.person_id > 598206 AND ci.role_id = 5;",
  "predicted_latency": 1062.2318983078003,
  "actual_latency": 915.514,
  "q_error": 1.1602574054660009,
  "inference_time": 0.01770305633544922
}