{
    "embedding": [
        0.553342878818512,
        0.553342878818512,
        0.553342878818512,
        0.6883496642112732,
        0.553342878818512,
        1.5301891565322876,
        0.553342878818512,
        0.553342878818512,
        0.5559328198432922,
        0.553342878818512,
        0.553342878818512,
        0.553342878818512,
        0.553342878818512,
        2.078606128692627,
        4.164254188537598,
        0.553342878818512,
        0.553342878818512,
        1.3066400289535522,
        0.553342878818512,
        2.7708542346954346,
        0.553342878818512,
        0.603266179561615,
        3.4559874534606934,
        0.553342878818512,
        0.8640151619911194,
        0.6058948636054993,
        0.553342878818512,
        0.553342878818512,
        0.553342878818512,
        0.553342878818512,
        3.140453815460205,
        1.0658173561096191,
        0.553342878818512,
        0.553342878818512,
        1.4110811948776245,
        2.1157145500183105,
        0.553342878818512,
        2.0398528575897217,
        3.2812063694000244,
        0.553342878818512,
        0.553342878818512,
        0.553342878818512,
        0.7351696491241455,
        0.553342878818512,
        0.706243097782135,
        0.553342878818512,
        0.553342878818512,
        0.926893949508667,
        0.553342878818512,
        2.430298328399658,
        0.8883412480354309,
        1.6471189260482788,
        0.553342878818512,
        0.553342878818512,
        2.806765079498291,
        0.553342878818512,
        0.553342878818512,
        0.553342878818512,
        0.553342878818512,
        0.6459881067276001,
        0.553342878818512,
        0.553342878818512,
        0.553342878818512,
        2.964460611343384
    ],
    "timestamp": 1754257732.3571174
}