{
    "embedding": [
        0.5533429384231567,
        0.5533429384231567,
        0.5533429384231567,
        0.688349723815918,
        0.5533429384231567,
        1.5301886796951294,
        0.5533429384231567,
        0.5533429384231567,
        0.5559328198432922,
        0.5533429384231567,
        0.5533429384231567,
        0.5533429384231567,
        0.5533429384231567,
        2.0786054134368896,
        4.164252758026123,
        0.5533429384231567,
        0.5533429384231567,
        1.3066405057907104,
        0.5533429384231567,
        2.77085542678833,
        0.5533429384231567,
        0.6032660603523254,
        3.4559879302978516,
        0.5533429384231567,
        0.8640153408050537,
        0.605894923210144,
        0.5533429384231567,
        0.5533429384231567,
        0.5533429384231567,
        0.5533429384231567,
        3.1404552459716797,
        1.0658175945281982,
        0.5533429384231567,
        0.5533429384231567,
        1.4110814332962036,
        2.1157140731811523,
        0.5533429384231567,
        2.0398526191711426,
        3.281205654144287,
        0.5533429384231567,
        0.5533429384231567,
        0.5533429384231567,
        0.7351697683334351,
        0.5533429384231567,
        0.7062433958053589,
        0.5533429384231567,
        0.5533429384231567,
        0.9268940687179565,
        0.5533429384231567,
        2.4302985668182373,
        0.8883414268493652,
        1.6471195220947266,
        0.5533429384231567,
        0.5533429384231567,
        2.806765079498291,
        0.5533429384231567,
        0.5533429384231567,
        0.5533429384231567,
        0.5533429384231567,
        0.6459881663322449,
        0.5533429384231567,
        0.5533429384231567,
        0.5533429384231567,
        2.9644598960876465
    ],
    "timestamp": 1754257733.4145725
}