{
  "predicted_latency": 434.66660380363464,
  "actual_latency": 173.171,
  "q_error": 2.5100426965463885,
  "inference_time": 0.1053469181060791
}