{
  "query": "/*+  */ select count(*)\nfrom title AS t\ninner join cast_info AS ci\non t.id = ci.movie_id AND t.kind_id < 7 AND ci.person_id < 2414356;",
  "predicted_latency": 1284.8689556121826,
  "actual_latency": 5345.492,
  "q_error": 4.160340225087867,
  "inference_time": 0.015610218048095703
}