{
  "predicted_latency": 0.02913774363696575,
  "actual_latency": 2.231393,
  "q_error": 76.58084869384766,
  "inference_time": 0.3934817314147949,
  "timestamp": 1745452666.1344678
}