{
  "query": "/*+  */ select count(*)\nfrom cast_info AS ci\ninner join title AS t\non t.id = ci.movie_id AND t.production_year < 1949;",
  "predicted_latency": 1146.4992761611938,
  "actual_latency": 3733.042,
  "q_error": 3.2560352000389288,
  "inference_time": 0.018245935440063477
}