{
  "predicted_latency": 431.3204345703125,
  "inference_time": 0.005673408508300781
}