{
  "query": "/*+  */ select count(*)\nfrom title AS t\ninner join cast_info AS ci\non t.id = ci.movie_id AND ci.person_id > 908801 AND ci.role_id > 1;",
  "predicted_latency": 1082.2323560714722,
  "actual_latency": 7095.179,
  "q_error": 6.556058835420204,
  "inference_time": 0.015886545181274414
}