{
  "predicted_latency": 0.02913774736225605,
  "actual_latency": 0.469594,
  "q_error": 16.11634635925293,
  "inference_time": 0.13564729690551758,
  "timestamp": 1745756760.0295994
}