{
  "predicted_latency": 0.02913774363696575,
  "actual_latency": 17.373374,
  "q_error": 596.2498168945312,
  "inference_time": 0.4959392547607422,
  "timestamp": 1745453207.4345784
}