{
  "query": "/*+  */ select count(*)\nfrom movie_keyword AS mk\ninner join title AS t\non t.id = mk.movie_id AND mk.keyword_id > 310;",
  "predicted_latency": 1216.8830633163452,
  "actual_latency": 1267.963,
  "q_error": 1.0419760437329513,
  "inference_time": 0.029506921768188477
}