{
  "query": "/*+ NoNestLoop(ci t) */ select count(*)\nfrom cast_info AS ci\ninner join title AS t\non t.id = ci.movie_id AND ci.person_id < 3961688;",
  "predicted_latency": 1195.0715780258179,
  "actual_latency": 10077.626,
  "q_error": 8.432654734076763,
  "inference_time": 0.026494979858398438
}