{
  "predicted_latency": 0.0291377454996109,
  "actual_latency": 100.86256,
  "q_error": 3461.5771484375,
  "inference_time": 0.2802612781524658,
  "timestamp": 1745754240.3047945
}