{
  "predicted_latency": 433.924072265625,
  "inference_time": 0.008278131484985352
}