{
  "predicted_latency": 452.39076018333435,
  "actual_latency": 1350.943,
  "q_error": 2.9862303099482435,
  "inference_time": 0.09439945220947266
}