{
  "predicted_latency": 0.0291377454996109,
  "actual_latency": 16.865135,
  "q_error": 578.80712890625,
  "inference_time": 0.19059324264526367,
  "timestamp": 1745770454.803918
}