{
  "query": "/*+  */ select count(*)\nfrom movie_companies AS mc\ninner join title AS t\non t.id = mc.movie_id AND mc.company_id > 49;",
  "predicted_latency": 1228.9010286331177,
  "actual_latency": 1059.473,
  "q_error": 1.1599172688998376,
  "inference_time": 0.017958641052246094
}