{
  "predicted_latency": 0.02913774736225605,
  "actual_latency": 0.15717599999999998,
  "q_error": 5.394239902496338,
  "inference_time": 0.0526273250579834,
  "timestamp": 1745760508.3968396
}