{
  "predicted_latency": 135.8596954345703,
  "inference_time": 0.038152456283569336
}