{
  "predicted_latency": 0.02913774736225605,
  "actual_latency": 0.15005600000000002,
  "q_error": 5.149883270263672,
  "inference_time": 0.09433412551879883,
  "timestamp": 1745481278.73646
}