{
  "predicted_latency": 0.02913774736225605,
  "actual_latency": 0.81174,
  "q_error": 27.858707427978516,
  "inference_time": 0.0785672664642334,
  "timestamp": 1745756865.0356593
}