{
  "predicted_latency": 295.0412929058075,
  "actual_latency": 31.256,
  "q_error": 9.439508987260286,
  "inference_time": 0.13016152381896973
}