{
  "predicted_latency": 523.6643552780151,
  "actual_latency": 687.304,
  "q_error": 1.3124895614388494,
  "inference_time": 0.10747671127319336
}