{
  "predicted_latency": 839.123010635376,
  "actual_latency": 3696.465,
  "q_error": 4.405152704847257,
  "inference_time": 0.13233208656311035
}