{
  "embedding": [
    1.4981567553450754,
    1.1047212993204818,
    2.9416291003011312,
    0.11002717336237335,
    -0.0023837299572694124,
    2.514064617281129,
    0.6981027480100561,
    0.45478853990772433,
    0.6955541939515041,
    1.6733686911392331,
    3.1260139725039537,
    4.26486134700625,
    1.0872341475929663,
    2.4685934793190323,
    0.10155719221520225,
    1.6677742821329047,
    1.2053427834236627,
    3.357150766365601,
    0.45345541021452473,
    -0.0023837299572694124,
    0.8789428395038891,
    2.5711775072091236,
    2.69241332595725,
    -0.0023837299572694124,
    1.1315756014805898,
    1.2112414243067804,
    1.5435345005475853,
    3.27610021783495,
    2.7784366413919046,
    1.8459243539017245,
    1.4798410801105595,
    0.7541558823192827,
    0.2680402636709383,
    1.320828497987284,
    2.6180440064780064,
    0.40968321151180076,
    2.610591812800918,
    0.17886111485916015,
    1.7877166562056022,
    3.1014657981635523,
    0.7016750066111067,
    3.1173639692104245,
    2.1061276305424452,
    0.925162618783463,
    1.9219714270896013,
    2.4197103670109765,
    0.13906907482079323,
    3.2431020919431757,
    3.9150288119013097,
    0.5018494489925677,
    0.06564904055497786,
    2.446104810615777,
    2.3096577838404118,
    2.8598677581999534,
    1.3361609884529866,
    0.5503530825301547,
    3.1187049942286795,
    1.8091124184420502,
    1.354433194783908,
    2.795648705250393,
    -0.0023837299572694124,
    1.2228725165276708,
    0.7934342952796567,
    2.574003380454261
  ],
  "timestamp": 1754307523.9873252
}