{
  "embedding": [
    1.8199236982507132,
    1.292956302613217,
    3.1472660802465096,
    0.1246560773763949,
    0.03198782073428501,
    2.651067177305617,
    0.5599138858397739,
    0.6812997268867572,
    0.7221755587300461,
    1.7841930786659157,
    3.404866651565455,
    4.601570569705048,
    1.2806723338892276,
    2.671191965258087,
    0.12761760338169834,
    1.7291814487733388,
    1.3409641603290643,
    3.4701746088968104,
    0.5178470725098939,
    0.37858519112956723,
    1.148998512810883,
    2.8072454461881637,
    3.1178626852048876,
    0.03198782073428501,
    1.4192798962962956,
    1.3329377490198822,
    1.6276882179602175,
    3.587891764467363,
    3.0393757416788993,
    2.1183899671802804,
    1.6135317655934858,
    0.46803961561410573,
    0.3215316172652691,
    1.435609615729143,
    2.6433117564707995,
    0.6603869399739684,
    2.886173940433562,
    0.22514618833791022,
    2.030985610953801,
    3.3403348965767794,
    0.7833312506775084,
    3.52063218876696,
    2.231883449417549,
    1.2573770096105479,
    2.1578514649611775,
    2.6041863664161005,
    0.1683516308023592,
    3.5481254112531366,
    4.1539791681431115,
    0.7305440148525462,
    0.37190898132633177,
    2.5285568615006175,
    2.5976150780806813,
    3.3408226043242086,
    1.477555036466936,
    0.8881575529448461,
    3.1873809760163665,
    2.1107272011382476,
    1.5206646052265238,
    3.256961566248412,
    0.03198782073428501,
    1.4458342537690803,
    0.9065644325833557,
    2.803167862745132
  ],
  "timestamp": 1754307797.7827744
}