{
  "predicted_latency": 397.51983642578125,
  "inference_time": 0.009524822235107422
}