{
  "predicted_latency": 0.02913774736225605,
  "actual_latency": 3.833911,
  "q_error": 131.57884216308594,
  "inference_time": 0.1474442481994629,
  "timestamp": 1745756764.1206834
}