{
  "predicted_latency": 35.78376770019531,
  "actual_latency": 2386.131,
  "q_error": 66.6819385815255,
  "inference_time": 0.10462713241577148
}