{
  "predicted_latency": 56.135691702365875,
  "actual_latency": 250.037,
  "q_error": 4.454153719628292,
  "inference_time": 0.10647010803222656
}