{
  "predicted_latency": 175.96465349197388,
  "actual_latency": 1046.412,
  "q_error": 5.946717020914255,
  "inference_time": 0.10592865943908691
}