{
  "predicted_latency": 0.0291377454996109,
  "actual_latency": 1.4418499999999999,
  "q_error": 49.48392105102539,
  "inference_time": 1.3037288188934326,
  "timestamp": 1745480191.557421
}