{
  "predicted_latency": 377.2873878479004,
  "actual_latency": 419.523,
  "q_error": 1.1119454652142426,
  "inference_time": 0.12474441528320312
}