{
  "predicted_latency": 411.58367919921875,
  "inference_time": 0.08894610404968262
}