{
  "predicted_latency": 310.5265808105469,
  "inference_time": 0.00839996337890625
}