{
  "predicted_latency": 0.0291377454996109,
  "actual_latency": 49.267341,
  "q_error": 1690.8426513671875,
  "inference_time": 0.24360346794128418,
  "timestamp": 1745754509.8608067
}