{
    "embedding": [
        0.5813634395599365,
        0.5813634395599365,
        0.5813634395599365,
        0.7223173379898071,
        0.5813634395599365,
        1.0103031396865845,
        1.418155312538147,
        0.5813634395599365,
        0.6299415826797485,
        0.5813634395599365,
        0.5813634395599365,
        0.5813634395599365,
        0.5813634395599365,
        1.6016327142715454,
        4.474860191345215,
        2.3158140182495117,
        0.5813634395599365,
        2.324340343475342,
        0.5813634395599365,
        1.4243241548538208,
        0.5813634395599365,
        0.863027036190033,
        2.2819695472717285,
        0.5813634395599365,
        1.6871387958526611,
        2.4924283027648926,
        0.5813634395599365,
        0.5813634395599365,
        0.5813634395599365,
        0.5813634395599365,
        3.213205337524414,
        1.102935552597046,
        0.5813634395599365,
        0.5813634395599365,
        1.2502028942108154,
        2.595590114593506,
        0.5813634395599365,
        2.0436151027679443,
        3.226259231567383,
        0.5813634395599365,
        0.5813634395599365,
        0.5813634395599365,
        0.9477652311325073,
        0.5813634395599365,
        1.3331992626190186,
        0.5813634395599365,
        0.5813634395599365,
        0.9689317941665649,
        0.5813634395599365,
        4.519673824310303,
        2.3083274364471436,
        0.6198988556861877,
        0.5813634395599365,
        0.5813634395599365,
        3.1464574337005615,
        0.5813634395599365,
        0.5813634395599365,
        0.5813634395599365,
        0.5813634395599365,
        0.5813634395599365,
        0.5813634395599365,
        0.5813634395599365,
        0.5813634395599365,
        2.8089518547058105
    ],
    "timestamp": 1754257781.448462
}