{
    "embedding": [
        0.5813633799552917,
        0.5813633799552917,
        0.5813633799552917,
        0.7223173379898071,
        0.5813633799552917,
        1.0103029012680054,
        1.4181556701660156,
        0.5813633799552917,
        0.6299415230751038,
        0.5813633799552917,
        0.5813633799552917,
        0.5813633799552917,
        0.5813633799552917,
        1.6016333103179932,
        4.474860191345215,
        2.315814256668091,
        0.5813633799552917,
        2.324340581893921,
        0.5813633799552917,
        1.4243240356445312,
        0.5813633799552917,
        0.8630266785621643,
        2.2819697856903076,
        0.5813633799552917,
        1.6871386766433716,
        2.492428779602051,
        0.5813633799552917,
        0.5813633799552917,
        0.5813633799552917,
        0.5813633799552917,
        3.213205099105835,
        1.1029354333877563,
        0.5813633799552917,
        0.5813633799552917,
        1.2502031326293945,
        2.595590114593506,
        0.5813633799552917,
        2.0436151027679443,
        3.2262589931488037,
        0.5813633799552917,
        0.5813633799552917,
        0.5813633799552917,
        0.9477652311325073,
        0.5813633799552917,
        1.3331992626190186,
        0.5813633799552917,
        0.5813633799552917,
        0.9689317941665649,
        0.5813633799552917,
        4.519674777984619,
        2.3083274364471436,
        0.619898796081543,
        0.5813633799552917,
        0.5813633799552917,
        3.1464574337005615,
        0.5813633799552917,
        0.5813633799552917,
        0.5813633799552917,
        0.5813633799552917,
        0.5813633799552917,
        0.5813633799552917,
        0.5813633799552917,
        0.5813633799552917,
        2.8089518547058105
    ],
    "timestamp": 1754257782.1303983
}