{
  "query": "/*+  */ select count(*)\nfrom title AS t\ninner join cast_info AS ci\non t.id = ci.movie_id AND t.kind_id < 7 AND ci.person_id > 1491245 AND ci.role_id < 2;",
  "predicted_latency": 1135.6173753738403,
  "actual_latency": 1417.257,
  "q_error": 1.2480057374372642,
  "inference_time": 0.026597023010253906
}