{
  "predicted_latency": 483.7590754032135,
  "actual_latency": 159.734,
  "q_error": 3.0285291509835943,
  "inference_time": 0.10731959342956543
}