{
  "predicted_latency": 472.6592004299164,
  "actual_latency": 472.442,
  "q_error": 1.0004597398832373,
  "inference_time": 0.09395909309387207
}