{
  "predicted_latency": 1832.9063720703125,
  "inference_time": 0.023615121841430664
}