{
  "predicted_latency": 533.9162945747375,
  "actual_latency": 184.555,
  "q_error": 2.8929928453563303,
  "inference_time": 0.12755393981933594
}