{
  "query": "/*+  */ select count(*)\nfrom title AS t\ninner join cast_info AS ci\non t.id = ci.movie_id AND ci.person_id < 2335898;",
  "predicted_latency": 850.9365916252136,
  "actual_latency": 8168.513,
  "q_error": 9.599437937436516,
  "inference_time": 0.02938532829284668
}