{
  "predicted_latency": 505.28520345687866,
  "actual_latency": 6265.819,
  "q_error": 12.400559044936944,
  "inference_time": 0.09545445442199707
}