{
    "embedding": [
        0.5811614990234375,
        0.5811614990234375,
        0.5811614990234375,
        0.7304542064666748,
        0.5811614990234375,
        1.0581291913986206,
        1.1941945552825928,
        0.5811614990234375,
        1.0559380054473877,
        0.5811614990234375,
        0.5811614990234375,
        0.5811614990234375,
        0.5811614990234375,
        1.9964327812194824,
        3.9880120754241943,
        2.506662368774414,
        0.5811614990234375,
        2.173208475112915,
        0.5811614990234375,
        2.327340602874756,
        0.5811614990234375,
        0.6550958156585693,
        1.7221786975860596,
        0.5811614990234375,
        1.6987395286560059,
        2.4835758209228516,
        0.5811614990234375,
        0.5811614990234375,
        0.5811614990234375,
        0.5811614990234375,
        4.748663902282715,
        1.0549718141555786,
        0.5811614990234375,
        0.5811614990234375,
        1.92354154586792,
        2.901538372039795,
        0.5811614990234375,
        1.5484435558319092,
        2.6930291652679443,
        0.5811614990234375,
        0.5811614990234375,
        0.5811614990234375,
        0.9498031735420227,
        0.5811614990234375,
        1.6720268726348877,
        0.5811614990234375,
        0.5811614990234375,
        1.0066200494766235,
        0.5811614990234375,
        4.769859313964844,
        1.7643945217132568,
        1.3391380310058594,
        0.5811614990234375,
        0.5811614990234375,
        2.4897327423095703,
        0.5811614990234375,
        0.5811614990234375,
        0.5811614990234375,
        0.5811614990234375,
        0.650465726852417,
        0.5811614990234375,
        0.8429971933364868,
        0.5811614990234375,
        3.007546901702881
    ],
    "timestamp": 1754257623.608031
}