{
    "embedding": [
        0.5811614990234375,
        0.5811614990234375,
        0.5811614990234375,
        0.7304540872573853,
        0.5811614990234375,
        1.0581293106079102,
        1.1941946744918823,
        0.5811614990234375,
        1.0559378862380981,
        0.5811614990234375,
        0.5811614990234375,
        0.5811614990234375,
        0.5811614990234375,
        1.9964332580566406,
        3.9880120754241943,
        2.506662368774414,
        0.5811614990234375,
        2.173208475112915,
        0.5811614990234375,
        2.3273403644561768,
        0.5811614990234375,
        0.6550957560539246,
        1.7221790552139282,
        0.5811614990234375,
        1.6987395286560059,
        2.4835758209228516,
        0.5811614990234375,
        0.5811614990234375,
        0.5811614990234375,
        0.5811614990234375,
        4.748662948608398,
        1.0549719333648682,
        0.5811614990234375,
        0.5811614990234375,
        1.9235414266586304,
        2.901538848876953,
        0.5811614990234375,
        1.5484435558319092,
        2.6930296421051025,
        0.5811614990234375,
        0.5811614990234375,
        0.5811614990234375,
        0.9498031139373779,
        0.5811614990234375,
        1.6720267534255981,
        0.5811614990234375,
        0.5811614990234375,
        1.0066200494766235,
        0.5811614990234375,
        4.7698588371276855,
        1.7643945217132568,
        1.3391379117965698,
        0.5811614990234375,
        0.5811614990234375,
        2.489732027053833,
        0.5811614990234375,
        0.5811614990234375,
        0.5811614990234375,
        0.5811614990234375,
        0.6504656672477722,
        0.5811614990234375,
        0.8429972529411316,
        0.5811614990234375,
        3.0075466632843018
    ],
    "timestamp": 1754257622.8576448
}