{
  "query": "/*+  */ select count(*)\nfrom movie_info AS mi\ninner join title AS t\non t.id = mi.movie_id AND t.production_year < 1965;",
  "predicted_latency": 1228.9131879806519,
  "actual_latency": 1984.911,
  "q_error": 1.6151759289536167,
  "inference_time": 0.012790918350219727
}