{
  "predicted_latency": 659.8299741744995,
  "actual_latency": 38.629,
  "q_error": 17.081207749993517,
  "inference_time": 0.12260055541992188
}