{
  "query": "/*+  */ select count(*)\nfrom title AS t\ninner join cast_info AS ci\non t.id = ci.movie_id AND ci.person_id < 2656632 AND ci.role_id = 1;",
  "predicted_latency": 941.2974715232849,
  "actual_latency": 4509.873,
  "q_error": 4.7911240988481065,
  "inference_time": 0.019344568252563477
}