{
  "query": "/*+  */ select count(*)\nfrom title AS t\ninner join cast_info AS ci\non t.id = ci.movie_id AND t.kind_id = 7 AND ci.person_id > 1075387;",
  "predicted_latency": 1320.6044435501099,
  "actual_latency": 6329.962,
  "q_error": 4.793230880689379,
  "inference_time": 0.021592378616333008
}