{
  "predicted_latency": 500.2317810058594,
  "inference_time": 0.035350799560546875
}