{
  "query": "/*+  */ select count(*)\nfrom cast_info AS ci\ninner join title AS t\non t.id = ci.movie_id AND t.production_year < 1922;",
  "predicted_latency": 1130.6262016296387,
  "actual_latency": 3510.16,
  "q_error": 3.1046158269997615,
  "inference_time": 0.026456594467163086
}