{
  "predicted_latency": 1477.80517578125,
  "inference_time": 0.028581619262695312
}