{
  "predicted_latency": 0.010861067101359367,
  "actual_latency": 33.578622,
  "q_error": 3091.650146484375,
  "inference_time": 0.15889906883239746,
  "timestamp": 1744802186.7822988
}