{
  "predicted_latency": 0.0291377454996109,
  "actual_latency": 4.150523,
  "q_error": 142.4449005126953,
  "inference_time": 0.379941463470459,
  "timestamp": 1745761543.7110307
}