{
  "query": "/*+ NoNestLoop(t ci) */ select count(*)\nfrom title AS t\ninner join cast_info AS ci\non t.id = ci.movie_id AND ci.person_id > 2785854;",
  "predicted_latency": 626.4324188232422,
  "actual_latency": 3843.466,
  "q_error": 6.1354838678687456,
  "inference_time": 0.026515722274780273
}