{
  "pg_runtime": 0.263,
  "opt_runtime": 0.246,
  "pg_slowdown": 1.0691056910569106,
  "pg_opt_diff": 0.017000000000000015,
  "original_num_of_plans": 5,
  "pg_plan_card_error": null,
  "opt_plan_card_error": null,
  "num_tables": 6,
  "opt_hint": "/*+ Rows(lt ml #29997) Rows(ml t2 #29997) Rows(ml t1 #29997) Rows(k mk #1) Rows(mk t1 #4523930) Rows(ml t1 t2 #29997) Rows(lt ml t2 #29997) Rows(mk ml t1 #288192) Rows(k mk t1 #1) Rows(lt ml t1 #29997) Rows(mk ml t1 t2 #288192) Rows(lt mk ml t1 #288192) Rows(lt ml t1 t2 #29997) Rows(k mk ml t1 #0) Rows(lt mk ml t1 t2 #288192) Rows(k lt mk ml t1 #0) Rows(k mk ml t1 t2 #0) Rows(k lt mk ml t1 t2 #0) */"
}