{
  "predicted_latency": 0.02913774363696575,
  "actual_latency": 3.1969090000000002,
  "q_error": 109.71710968017578,
  "inference_time": 0.8675167560577393,
  "timestamp": 1745479902.2896123
}