{
  "query": "/*+ NoNestLoop(t ci) */ select count(*)\nfrom title AS t\ninner join cast_info AS ci\non t.id = ci.movie_id AND ci.person_id > 1604505;",
  "predicted_latency": 731.8113446235657,
  "actual_latency": 6654.138,
  "q_error": 9.092695882465177,
  "inference_time": 0.017743349075317383
}