{
  "predicted_latency": 596.0403084754944,
  "actual_latency": 4840.204,
  "q_error": 8.120598441370346,
  "inference_time": 0.09900236129760742
}