{
  "query": "/*+ NoNestLoop(t ci) */ select count(*)\nfrom title AS t\ninner join cast_info AS ci\non t.id = ci.movie_id AND ci.person_id < 2016801;",
  "predicted_latency": 732.3532700538635,
  "actual_latency": 6926.216,
  "q_error": 9.457479447713242,
  "inference_time": 0.026975631713867188
}