{
  "query": "/*+ NoNestLoop(t ci) */ select count(*)\nfrom title AS t\ninner join cast_info AS ci\non t.id = ci.movie_id AND ci.person_id < 2048857;",
  "predicted_latency": 743.2835102081299,
  "actual_latency": 7080.882,
  "q_error": 9.526488752612382,
  "inference_time": 0.028425216674804688
}