{
  "predicted_latency": 0.0291377454996109,
  "actual_latency": 49.670016000000004,
  "q_error": 1704.662353515625,
  "inference_time": 0.08864378929138184,
  "timestamp": 1745761927.917272
}