{
  "query": "/*+ NoNestLoop(ci t) */ select count(*)\nfrom cast_info AS ci\ninner join title AS t\non t.id = ci.movie_id AND ci.person_id > 542647;",
  "predicted_latency": 1145.7198858261108,
  "actual_latency": 9790.063,
  "q_error": 8.544901001644886,
  "inference_time": 0.013940095901489258
}