{
  "predicted_latency": 926.1035919189453,
  "actual_latency": 4872.329,
  "q_error": 5.261105822842373,
  "inference_time": 0.03739571571350098
}