{
  "query": "/*+  */ select count(*)\nfrom title AS t\ninner join cast_info AS ci\non t.id = ci.movie_id AND ci.person_id < 2582647;",
  "predicted_latency": 963.0497097969055,
  "actual_latency": 8289.832,
  "q_error": 8.60789626503103,
  "inference_time": 0.028151273727416992
}