{
  "predicted_latency": 0.02913774736225605,
  "actual_latency": 0.22438,
  "q_error": 7.700664043426514,
  "inference_time": 0.0832834243774414,
  "timestamp": 1745762486.192303
}