{
  "query": "/*+  */ select count(*)\nfrom movie_companies AS mc\ninner join title AS t\non t.id = mc.movie_id AND mc.company_id < 99132;",
  "predicted_latency": 1274.8414278030396,
  "actual_latency": 1205.616,
  "q_error": 1.0574191349509625,
  "inference_time": 0.03271913528442383
}