{
  "query": "/*+  */ select count(*)\nfrom title AS t\ninner join cast_info AS ci\non t.id = ci.movie_id AND ci.person_id < 2361468;",
  "predicted_latency": 861.1941337585449,
  "actual_latency": 7821.447,
  "q_error": 9.082095074039273,
  "inference_time": 0.0180971622467041
}