{
  "query": "/*+  */ select count(*)\nfrom movie_companies AS mc\ninner join title AS t\non t.id = mc.movie_id AND mc.company_id > 133559;",
  "predicted_latency": 727.0434498786926,
  "actual_latency": 398.638,
  "q_error": 1.8238187274637456,
  "inference_time": 0.015566349029541016
}