{
  "query": "/*+  */ select count(*)\nfrom cast_info AS ci\ninner join title AS t\non t.id = ci.movie_id AND ci.person_id < 2523944 AND ci.role_id = 1 AND t.production_year > 2010;",
  "predicted_latency": 1557.7620267868042,
  "actual_latency": 2290.797,
  "q_error": 1.4705692914631043,
  "inference_time": 0.020542383193969727
}