{
  "predicted_latency": 2382.620361328125,
  "inference_time": 0.03793787956237793
}