{
  "predicted_latency": 0.0291377454996109,
  "actual_latency": 3.1926370000000004,
  "q_error": 109.57048797607422,
  "inference_time": 0.17944622039794922,
  "timestamp": 1745769734.9126852
}