{
  "predicted_latency": 727.3576259613037,
  "actual_latency": 6571.57,
  "q_error": 9.034854060015885,
  "inference_time": 0.11398768424987793
}