{
  "predicted_latency": 0.02913774736225605,
  "actual_latency": 10.732073,
  "q_error": 368.3219909667969,
  "inference_time": 0.7166404724121094,
  "timestamp": 1745452096.2411897
}