{
  "predicted_latency": 0.02913774736225605,
  "actual_latency": 11.643098,
  "q_error": 399.588134765625,
  "inference_time": 0.24142718315124512,
  "timestamp": 1745772143.0958889
}