{
  "predicted_latency": 270.3826904296875,
  "inference_time": 0.02268242835998535
}