{
  "predicted_latency": 0.02913774736225605,
  "actual_latency": 0.444837,
  "q_error": 15.266691207885742,
  "inference_time": 0.0760047435760498,
  "timestamp": 1745762679.672076
}