{
  "predicted_latency": 0.0291377454996109,
  "actual_latency": 101.992748,
  "q_error": 3500.364990234375,
  "inference_time": 0.1419370174407959,
  "timestamp": 1745771947.104391
}