{
  "predicted_latency": 235.8433837890625,
  "inference_time": 0.009490489959716797
}