{
  "query": "/*+  */ select count(*)\nfrom title AS t\ninner join cast_info AS ci\non t.id = ci.movie_id AND t.production_year > 2009 AND ci.person_id > 2899951 AND ci.role_id > 4;",
  "predicted_latency": 1443.3578252792358,
  "actual_latency": 1971.256,
  "q_error": 1.3657431064390673,
  "inference_time": 0.026413679122924805
}