{
    "embedding": [
        0.5440812110900879,
        0.5440812110900879,
        0.5440812110900879,
        0.6300666332244873,
        0.5440812110900879,
        1.5123299360275269,
        0.5440812110900879,
        0.5440812110900879,
        1.1928842067718506,
        0.5440812110900879,
        0.5440812110900879,
        0.5440812110900879,
        0.5440812110900879,
        2.3123645782470703,
        3.2557976245880127,
        1.3273308277130127,
        0.5440812110900879,
        1.9215694665908813,
        0.5440812110900879,
        2.282508373260498,
        0.5440812110900879,
        3.1662979125976562,
        3.0789594650268555,
        0.5440812110900879,
        1.0669608116149902,
        2.2737057209014893,
        0.5440812110900879,
        0.5440812110900879,
        0.5440812110900879,
        0.5440812110900879,
        2.5733742713928223,
        2.6923162937164307,
        0.5440812110900879,
        0.5440812110900879,
        1.7302831411361694,
        2.2017014026641846,
        0.5440812110900879,
        3.235027313232422,
        2.7812936305999756,
        0.5440812110900879,
        0.5440812110900879,
        0.5440812110900879,
        0.6837698221206665,
        0.5440812110900879,
        1.4507091045379639,
        0.5440812110900879,
        0.5440812110900879,
        0.8981496095657349,
        0.5440812110900879,
        2.579009532928467,
        1.0559502840042114,
        1.7682676315307617,
        0.5440812110900879,
        0.5440812110900879,
        2.4071555137634277,
        0.5440812110900879,
        0.5440812110900879,
        0.5440812110900879,
        0.5440812110900879,
        0.633243203163147,
        0.5440812110900879,
        2.6722848415374756,
        0.5440812110900879,
        3.437666893005371
    ],
    "timestamp": 1754257683.3782477
}