{
    "embedding": [
        0.5440811514854431,
        0.5440811514854431,
        0.5440811514854431,
        0.6300666332244873,
        0.5440811514854431,
        1.5123299360275269,
        0.5440811514854431,
        0.5440811514854431,
        1.1928843259811401,
        0.5440811514854431,
        0.5440811514854431,
        0.5440811514854431,
        0.5440811514854431,
        2.3123652935028076,
        3.255797863006592,
        1.3273305892944336,
        0.5440811514854431,
        1.9215692281723022,
        0.5440811514854431,
        2.282508611679077,
        0.5440811514854431,
        3.1662979125976562,
        3.078958511352539,
        0.5440811514854431,
        1.0669604539871216,
        2.27370548248291,
        0.5440811514854431,
        0.5440811514854431,
        0.5440811514854431,
        0.5440811514854431,
        2.5733747482299805,
        2.692316770553589,
        0.5440811514854431,
        0.5440811514854431,
        1.7302829027175903,
        2.2017014026641846,
        0.5440811514854431,
        3.2350268363952637,
        2.781294345855713,
        0.5440811514854431,
        0.5440811514854431,
        0.5440811514854431,
        0.6837698221206665,
        0.5440811514854431,
        1.4507092237472534,
        0.5440811514854431,
        0.5440811514854431,
        0.8981496095657349,
        0.5440811514854431,
        2.579010009765625,
        1.0559502840042114,
        1.7682679891586304,
        0.5440811514854431,
        0.5440811514854431,
        2.407155990600586,
        0.5440811514854431,
        0.5440811514854431,
        0.5440811514854431,
        0.5440811514854431,
        0.6332431435585022,
        0.5440811514854431,
        2.672285318374634,
        0.5440811514854431,
        3.4376676082611084
    ],
    "timestamp": 1754257680.79083
}