{
  "predicted_latency": 0.02913774736225605,
  "actual_latency": 3.3477159999999997,
  "q_error": 114.89275360107422,
  "inference_time": 0.19928598403930664,
  "timestamp": 1745452835.4995422
}