{
  "query": "/*+  */ select count(*)\nfrom movie_keyword AS mk\ninner join title AS t\non t.id = mk.movie_id AND mk.keyword_id < 54761;",
  "predicted_latency": 1223.166584968567,
  "actual_latency": 1149.758,
  "q_error": 1.0638469877735721,
  "inference_time": 0.026237964630126953
}