{
  "query": "/*+ NoNestLoop(t ci) */ select count(*)\nfrom title AS t\ninner join cast_info AS ci\non t.id = ci.movie_id AND ci.person_id < 181131;",
  "predicted_latency": 570.8312392234802,
  "actual_latency": 1263.595,
  "q_error": 2.2136052009327805,
  "inference_time": 0.016172409057617188
}