{
  "query": "/*+  */ select count(*)\nfrom title AS t\ninner join cast_info AS ci\non t.id = ci.movie_id AND ci.person_id < 2348228 AND ci.role_id > 1;",
  "predicted_latency": 963.2672667503357,
  "actual_latency": 4819.413,
  "q_error": 5.003193990239802,
  "inference_time": 0.029030561447143555
}