{
  "predicted_latency": 353.7964782714844,
  "inference_time": 0.009983062744140625
}