{
  "predicted_latency": 0.02913774736225605,
  "actual_latency": 2.969784,
  "q_error": 101.92222595214844,
  "inference_time": 1.4719178676605225,
  "timestamp": 1745757617.7924526
}