{
  "predicted_latency": 2306.2236328125,
  "inference_time": 0.04144406318664551
}