{
  "predicted_latency": 1386.3018798828125,
  "inference_time": 0.03442716598510742
}