{
  "predicted_latency": 0.0291377454996109,
  "actual_latency": 1.715452,
  "q_error": 58.87387466430664,
  "inference_time": 0.08167529106140137,
  "timestamp": 1745770118.867327
}