{
  "predicted_latency": 308.4619343280792,
  "actual_latency": 87.066,
  "q_error": 3.542851794363807,
  "inference_time": 0.0606539249420166
}