{
  "predicted_latency": 378.2574534416199,
  "actual_latency": 342.178,
  "q_error": 1.1054405994588192,
  "inference_time": 0.0588374137878418
}