{
  "query": "/*+  */ select count(*)\nfrom movie_companies AS mc\ninner join title AS t\non t.id = mc.movie_id AND mc.company_id < 204953;",
  "predicted_latency": 1204.2546272277832,
  "actual_latency": 1147.967,
  "q_error": 1.0490324436397416,
  "inference_time": 0.022365570068359375
}