{
  "predicted_latency": 849.9072265625,
  "inference_time": 0.008937358856201172
}