{
  "predicted_latency": 427.5635778903961,
  "actual_latency": 6707.845,
  "q_error": 15.68853229523569,
  "inference_time": 0.07273650169372559
}