{
  "predicted_latency": 415.4907763004303,
  "actual_latency": 50.219,
  "q_error": 8.273577257620229,
  "inference_time": 0.10705709457397461
}