{
  "pg_runtime": 1217.013,
  "opt_runtime": 972.6,
  "pg_slowdown": 1.2512985811227637,
  "pg_opt_diff": 244.4129999999999,
  "original_num_of_plans": 61,
  "pg_plan_card_error": 46281.0,
  "opt_plan_card_error": 1.0,
  "num_tables": 11,
  "opt_hint": "/*+ Rows(mi mk #4094443) Rows(mi_idx mk #10130503) Rows(kt t #893209) Rows(mc t #829639) Rows(k mk #37091) Rows(ct mc #2609129) Rows(mi mi_idx #760767) Rows(mi t #266130) Rows(mi_idx t #417391) Rows(mc mi #1697118) Rows(it2 mi_idx #454230) Rows(mk t #1253091) Rows(mc mk #34863638) Rows(mc mi_idx #3956983) Rows(cn mc #1343936) Rows(it1 mi #614251) Rows(it2 mi mi_idx #256352) Rows(kt mc t #615153) Rows(kt mi t #182758) Rows(kt mi_idx t #318957) Rows(ct mc mi_idx #3956983) Rows(cn mc mk #21669716) Rows(it1 mi mi_idx #632417) Rows(mc mk t #10326085) Rows(mi mi_idx mk #10249732) Rows(mi_idx mk t #2472463) Rows(it2 mi_idx mk #3403472) Rows(cn ct mc #1343936) Rows(mc mi mi_idx #3311013) Rows(cn mc mi #692447) Rows(it1 mi mk #2892323) Rows(ct mc mk #34863638) Rows(k mk t #9739) Rows(kt mk t #962609) Rows(it1 mc mi #1290105) Rows(cn mc t #480827) Rows(mc mi mk #51969023) Rows(mc mi_idx mk #97832786) Rows(k mc mk #331213) Rows(ct mc mi #1697118) Rows(mi mi_idx t #220783) Rows(k mi_idx mk #94604) Rows(it2 mi_idx t #140455) Rows(it1 mi t #239502) Rows(ct mc t #829639) Rows(k mi mk #34571) Rows(mc mi t #479847) Rows(mc mi_idx t #1241186) Rows(it2 mc mi_idx #1330927) Rows(cn mc mi_idx #2084532) Rows(mi mk t #891611) Rows(cn mc mi mi_idx #1538794) Rows(cn it2 mc mi_idx #701774) Rows(mc mi mk t #10023683) Rows(it2 mi_idx mk t #821632) Rows(it2 mc mi mi_idx #1093208) Rows(cn mc mi_idx mk #61745843) Rows(k mi_idx mk t #21914) Rows(k mi mk t #7395) Rows(ct it1 mc mi #1290105) Rows(it1 it2 mi mi_idx #213239) Rows(it2 mi mi_idx mk #3371857) Rows(k mc mi mk #487359) Rows(k mc mi_idx mk #947924) Rows(cn it1 mc mi #396423) Rows(it1 kt mi t #165761) Rows(ct k mc mk #331213) Rows(kt mc mk t #9405620) Rows(kt mi mk t #665722) Rows(ct mc mi_idx mk #97832786) Rows(it2 kt mi_idx t #106971) Rows(it1 mi mi_idx t #192051) Rows(cn kt mc t #369870) Rows(cn k mc mk #204919) Rows(mc mi mi_idx mk #151250471) Rows(cn mc mi mk #31687070) Rows(ct mc mi mk #51969023) Rows(it2 mc mi_idx mk #32446947) Rows(cn ct mc mi_idx #2084532) Rows(it1 mc mi t #415055) Rows(it2 k mi_idx mk #31800) Rows(k mi mi_idx mk #93577) Rows(it1 k mi mk #23916) Rows(cn mc mi_idx t #768781) Rows(mc mi_idx mk t #28892360) Rows(kt mi_idx mk t #2062926) Rows(it2 mi mi_idx t #74007) Rows(ct mc mi_idx t #1241186) Rows(ct mc mi t #479847) Rows(k kt mk t #8073) Rows(cn ct mc mk #21669716) Rows(cn mc mi t #213086) Rows(mc mi mi_idx t #851443) Rows(it1 mi mk t #790670) Rows(it2 mc mi_idx t #414212) Rows(ct it2 mc mi_idx #1330927) Rows(ct kt mc t #615153) Rows(cn ct mc mi #692447) Rows(it1 mc mi mi_idx #2366796) Rows(mi mi_idx mk t #1908608) Rows(ct mc mk t #10326085) Rows(k mc mk t #89196) Rows(kt mc mi t #329525) Rows(it1 mi mi_idx mk #6867550) Rows(kt mc mi_idx t #969966) Rows(kt mi mi_idx t #152788) Rows(cn mc mk t #7443197) Rows(cn ct mc t #480827) Rows(ct mc mi mi_idx #3311013) Rows(it1 mc mi mk #27460951) Rows(kt mc mi_idx mk t #26857976) Rows(it1 kt mi mi_idx t #133720) Rows(it2 mc mi mi_idx t #282872) Rows(cn it1 mc mi mi_idx #906605) Rows(cn mc mi mk t #7043166) Rows(kt mc mi mi_idx t #659205) Rows(it2 kt mc mi_idx t #322457) Rows(it2 k mi_idx mk t #7271) Rows(ct kt mc mi_idx t #969966) Rows(cn it1 mc mi mk #15987438) Rows(ct it2 mc mi_idx mk #32446947) Rows(cn ct it2 mc mi_idx #701774) Rows(kt mi mi_idx mk t #1588788) Rows(it2 mi mi_idx mk t #632890) Rows(ct mc mi_idx mk t #28892360) Rows(it2 k mc mi_idx mk #314519) Rows(cn ct mc mk t #7443197) Rows(it2 k mi mi_idx mk #30819) Rows(ct it2 mc mi_idx t #414212) Rows(it1 k mc mi mk #258264) Rows(cn ct mc mi mk #31687070) Rows(k mc mi mk t #87156) Rows(it1 k mi mi_idx mk #62495) Rows(k kt mi mk t #6017) Rows(it2 kt mi mi_idx t #50884) Rows(it1 kt mi mk t #584037) Rows(it1 it2 mi mi_idx mk #2302523) Rows(cn k mc mk t #63793) Rows(cn mc mi_idx mk t #21278797) Rows(ct k mc mk t #89196) Rows(cn ct mc mi t #213086) Rows(it1 it2 mi mi_idx t #64250) Rows(ct k mc mi mk #487359) Rows(it1 mc mi mi_idx mk #77933712) Rows(cn mc mi mi_idx mk #93387831) Rows(ct mc mi mi_idx mk #151250471) Rows(cn it2 mc mi mi_idx #503334) Rows(cn ct mc mi mi_idx #1538794) Rows(it1 mc mi mi_idx t #737584) Rows(cn mc mi mi_idx t #460137) Rows(ct mc mi mi_idx t #851443) Rows(cn kt mc mk t #6972444) Rows(ct it2 mc mi mi_idx #1093208) Rows(k kt mi_idx mk t #17891) Rows(cn ct mc mi_idx t #768781) Rows(it1 mi mi_idx mk t #1680466) Rows(cn k mc mi mk #300098) Rows(kt mc mi mk t #9250240) Rows(ct k mc mi_idx mk #947924) Rows(ct kt mc mk t #9405620) Rows(it1 k mi mk t #6566) Rows(it1 kt mc mi t #286048) Rows(it2 mc mi_idx mk t #9605121) Rows(cn kt mc mi t #160624) Rows(mc mi mi_idx mk t #28519929) Rows(k mi mi_idx mk t #17606) Rows(cn ct it1 mc mi #396423) Rows(cn it2 mc mi_idx mk #20427376) Rows(cn ct k mc mk #204919) Rows(cn ct mc mi_idx mk #61745843) Rows(ct it1 mc mi mi_idx #2366796) Rows(it1 mc mi mk t #8698069) Rows(k kt mc mk t #79885) Rows(ct mc mi mk t #10023683) Rows(ct kt mc mi t #329525) Rows(cn it2 mc mi_idx t #257841) Rows(k mc mi_idx mk t #252293) Rows(ct it1 mc mi mk #27460951) Rows(k mc mi mi_idx mk #1434722) Rows(cn k mc mi_idx mk #593140) Rows(cn ct kt mc t #369870) Rows(cn it1 mc mi t #154766) Rows(it2 mc mi mi_idx mk #47453693) Rows(it2 kt mi_idx mk t #684995) Rows(ct it1 mc mi t #415055) Rows(it1 it2 mc mi mi_idx #792615) Rows(cn kt mc mi_idx t #613872) Rows(k kt mi mi_idx mk t #14185) Rows(cn kt mc mi mi_idx t #376362) Rows(it1 mc mi mi_idx mk t #24683880) Rows(cn ct kt mc mi_idx t #613872) Rows(kt mc mi mi_idx mk t #26798986) Rows(cn it2 mc mi mi_idx t #153356) Rows(cn ct mc mi_idx mk t #21278797) Rows(ct k mc mi mk t #87156) Rows(cn it2 kt mc mi_idx t #205474) Rows(cn k kt mc mk t #58583) Rows(cn it1 it2 mc mi mi_idx #302495) Rows(k kt mc mi mk t #78567) Rows(it2 k mi mi_idx mk t #5831) Rows(it2 kt mc mi mi_idx t #217996) Rows(cn it1 mc mi mi_idx t #359197) Rows(ct it1 mc mi mi_idx mk #77933712) Rows(cn ct k mc mk t #63793) Rows(ct it2 mc mi_idx mk t #9605121) Rows(cn ct kt mc mk t #6972444) Rows(it1 it2 mc mi mi_idx mk #25744813) Rows(ct it1 mc mi mi_idx t #737584) Rows(it1 kt mc mi mi_idx t #574030) Rows(cn ct k mc mi mk #300098) Rows(it2 kt mi mi_idx mk t #526600) Rows(cn ct mc mi mi_idx mk #93387831) Rows(cn it1 k mc mi mk #150528) Rows(cn kt mc mi mk t #6703338) Rows(cn it1 mc mi mi_idx mk #46468473) Rows(it1 it2 mc mi mi_idx t #244400) Rows(it2 mc mi mi_idx mk t #9455566) Rows(cn it2 k mc mi_idx mk #196248) Rows(cn ct mc mi mi_idx t #460137) Rows(cn mc mi mi_idx mk t #20542736) Rows(it1 k mc mi mk t #75854) Rows(ct kt mc mi mk t #9250240) Rows(it1 k kt mi mk t #5316) Rows(it2 kt mc mi_idx mk t #8937326) Rows(cn ct it2 mc mi mi_idx #503334) Rows(ct mc mi mi_idx mk t #28519929) Rows(it2 k mc mi_idx mk t #83779) Rows(cn k mc mi mi_idx mk #891836) Rows(cn k mc mi_idx mk t #183530) Rows(it2 k mc mi mi_idx mk #451059) Rows(it1 it2 k mi mi_idx mk #20967) Rows(cn ct k mc mi_idx mk #593140) Rows(it2 k kt mi_idx mk t #5949) Rows(ct it1 it2 mc mi mi_idx #792615) Rows(k kt mc mi_idx mk t #227045) Rows(ct it1 mc mi mk t #8698069) Rows(ct k kt mc mk t #79885) Rows(ct k mc mi_idx mk t #252293) Rows(cn kt mc mi_idx mk t #20120211) Rows(cn it2 mc mi_idx mk t #7088424) Rows(ct it2 k mc mi_idx mk #314519) Rows(ct k mc mi mi_idx mk #1434722) Rows(cn ct it1 mc mi mi_idx #906605) Rows(ct it2 kt mc mi_idx t #322457) Rows(cn ct kt mc mi t #160624) Rows(ct it1 kt mc mi t #286048) Rows(it1 k mi mi_idx mk t #15497) Rows(cn it1 mc mi mk t #5964266) Rows(cn ct it1 mc mi mk #15987438) Rows(cn it1 kt mc mi t #122228) Rows(ct kt mc mi_idx mk t #26857976) Rows(ct it1 k mc mi mk #258264) Rows(cn ct mc mi mk t #7043166) Rows(it1 it2 kt mi mi_idx t #44414) Rows(it1 k mc mi mi_idx mk #743255) Rows(cn ct it2 mc mi_idx mk #20427376) Rows(it1 kt mi mi_idx mk t 