{
  "predicted_latency": 0.0291377454996109,
  "actual_latency": 1.5357059999999998,
  "q_error": 52.705039978027344,
  "inference_time": 4.049162864685059,
  "timestamp": 1745479793.1372502
}