{
  "predicted_latency": 980.5199503898621,
  "actual_latency": 155.086,
  "q_error": 6.322427236435668,
  "inference_time": 0.08320188522338867
}