{
  "predicted_latency": 642.4008011817932,
  "actual_latency": 1366.363,
  "q_error": 2.126963412072913,
  "inference_time": 0.03016066551208496
}