{
  "query": "/*+  */ select count(*)\nfrom title AS t\ninner join movie_keyword AS mk\non t.id = mk.movie_id AND mk.keyword_id = 562;",
  "predicted_latency": 417.22381114959717,
  "actual_latency": 35.603,
  "q_error": 11.718782438266357,
  "inference_time": 0.023334026336669922
}