{
  "predicted_latency": 0.02913774736225605,
  "actual_latency": 128.841642,
  "q_error": 4421.81201171875,
  "inference_time": 1.3162686824798584,
  "timestamp": 1745758950.190403
}