{
  "query": "/*+  */ select count(*)\nfrom cast_info AS ci\ninner join title AS t\non t.id = ci.movie_id AND ci.person_id < 1575453 AND t.production_year = 2012;",
  "predicted_latency": 1329.012155532837,
  "actual_latency": 2963.057,
  "q_error": 2.2295183589288015,
  "inference_time": 0.025762557983398438
}