{
  "predicted_latency": 553.0206909179688,
  "inference_time": 0.0077555179595947266
}