{
  "predicted_latency": 526.8166661262512,
  "actual_latency": 2055.094,
  "q_error": 3.900966184519869,
  "inference_time": 0.062415361404418945
}