{
  "query": "/*+  */ select count(*)\nfrom movie_keyword AS mk\ninner join title AS t\non t.id = mk.movie_id AND mk.keyword_id < 9078;",
  "predicted_latency": 1276.978611946106,
  "actual_latency": 1417.232,
  "q_error": 1.1098322139007082,
  "inference_time": 0.017410993576049805
}