{
  "query": "/*+ NoNestLoop(t ci) */ select count(*)\nfrom title AS t\ninner join cast_info AS ci\non t.id = ci.movie_id AND ci.person_id > 1686404;",
  "predicted_latency": 711.5429043769836,
  "actual_latency": 6473.593,
  "q_error": 9.097965786993802,
  "inference_time": 0.019149065017700195
}