{
  "query": "/*+  */ select count(*)\nfrom cast_info AS ci\ninner join title AS t\non t.id = ci.movie_id AND ci.person_id > 3946662 AND t.production_year < 1966;",
  "predicted_latency": 1190.3141736984253,
  "actual_latency": 334.517,
  "q_error": 3.558306973034032,
  "inference_time": 0.02957630157470703
}