{
  "query": "/*+  */ select count(*)\nfrom movie_companies AS mc\ninner join title AS t\non t.id = mc.movie_id AND mc.company_id > 73303;",
  "predicted_latency": 1001.7575025558472,
  "actual_latency": 567.207,
  "q_error": 1.7661233069335307,
  "inference_time": 0.014878988265991211
}