{
  "predicted_latency": 0.02913774363696575,
  "actual_latency": 18.404518,
  "q_error": 631.638427734375,
  "inference_time": 1.0919487476348877,
  "timestamp": 1745771421.3059916
}