{
  "query": "/*+  */ select count(*)\nfrom cast_info AS ci\ninner join title AS t\non t.id = ci.movie_id AND t.production_year < 1962;",
  "predicted_latency": 1177.787184715271,
  "actual_latency": 4146.773,
  "q_error": 3.5208168791567203,
  "inference_time": 0.0167386531829834
}