{
  "query": "/*+  */ select count(*)\nfrom title AS t\ninner join cast_info AS ci\non t.id = ci.movie_id AND ci.person_id < 2904902 AND ci.role_id > 1;",
  "predicted_latency": 1142.4758434295654,
  "actual_latency": 6680.225,
  "q_error": 5.847147699812037,
  "inference_time": 0.017618894577026367
}