{
  "query": "/*+  */ select count(*)\nfrom title AS t\ninner join cast_info AS ci\non t.id = ci.movie_id AND ci.person_id > 798810 AND ci.role_id > 2;",
  "predicted_latency": 1095.4194068908691,
  "actual_latency": 5346.522,
  "q_error": 4.88079904953943,
  "inference_time": 0.017406463623046875
}