{
    "embedding": [
        0.6310105919837952,
        0.6310105919837952,
        0.6310105919837952,
        0.8229185342788696,
        0.6310105919837952,
        1.6382555961608887,
        0.6310105919837952,
        0.6310105919837952,
        0.8142624497413635,
        0.6310105919837952,
        0.6310105919837952,
        0.6310105919837952,
        0.6310105919837952,
        2.1952028274536133,
        4.13563346862793,
        0.9500210285186768,
        0.6310105919837952,
        2.5477614402770996,
        0.6310105919837952,
        2.7719383239746094,
        0.6310105919837952,
        0.6884530782699585,
        3.0910964012145996,
        0.6310105919837952,
        1.0035194158554077,
        1.448777675628662,
        0.6310105919837952,
        0.6310105919837952,
        0.6310105919837952,
        0.6310105919837952,
        4.249277591705322,
        1.208140254020691,
        0.6310105919837952,
        0.6310105919837952,
        1.4684853553771973,
        2.4747231006622314,
        0.6310105919837952,
        1.9154973030090332,
        3.0347096920013428,
        0.6310105919837952,
        0.6310105919837952,
        0.6310105919837952,
        0.8767399191856384,
        0.6310105919837952,
        0.9573941826820374,
        0.6310105919837952,
        0.6310105919837952,
        1.206744909286499,
        0.6310105919837952,
        2.9677491188049316,
        2.072767496109009,
        1.5562654733657837,
        0.6310105919837952,
        0.6310105919837952,
        3.0884897708892822,
        0.6310105919837952,
        0.6310105919837952,
        0.6310105919837952,
        0.6310105919837952,
        0.6521149277687073,
        0.6310105919837952,
        0.6310105919837952,
        0.6310105919837952,
        3.2592709064483643
    ],
    "timestamp": 1754257644.7459445
}