{
    "embedding": [
        0.6310106515884399,
        0.6310106515884399,
        0.6310106515884399,
        0.8229185938835144,
        0.6310106515884399,
        1.6382557153701782,
        0.6310106515884399,
        0.6310106515884399,
        0.8142623901367188,
        0.6310106515884399,
        0.6310106515884399,
        0.6310106515884399,
        0.6310106515884399,
        2.1952033042907715,
        4.1356329917907715,
        0.9500205516815186,
        0.6310106515884399,
        2.5477612018585205,
        0.6310106515884399,
        2.7719385623931885,
        0.6310106515884399,
        0.6884531378746033,
        3.091097593307495,
        0.6310106515884399,
        1.0035196542739868,
        1.4487782716751099,
        0.6310106515884399,
        0.6310106515884399,
        0.6310106515884399,
        0.6310106515884399,
        4.249276638031006,
        1.20814049243927,
        0.6310106515884399,
        0.6310106515884399,
        1.4684852361679077,
        2.4747231006622314,
        0.6310106515884399,
        1.9154974222183228,
        3.034710168838501,
        0.6310106515884399,
        0.6310106515884399,
        0.6310106515884399,
        0.8767398595809937,
        0.6310106515884399,
        0.9573942422866821,
        0.6310106515884399,
        0.6310106515884399,
        1.2067452669143677,
        0.6310106515884399,
        2.9677491188049316,
        2.0727672576904297,
        1.5562654733657837,
        0.6310106515884399,
        0.6310106515884399,
        3.088489532470703,
        0.6310106515884399,
        0.6310106515884399,
        0.6310106515884399,
        0.6310106515884399,
        0.6521148681640625,
        0.6310106515884399,
        0.6310106515884399,
        0.6310106515884399,
        3.2592716217041016
    ],
    "timestamp": 1754257642.5277615
}