{
  "query": "/*+  */ select count(*)\nfrom movie_companies AS mc\ninner join title AS t\non t.id = mc.movie_id AND mc.company_id < 161873;",
  "predicted_latency": 1179.9707412719727,
  "actual_latency": 1085.169,
  "q_error": 1.087361269324845,
  "inference_time": 0.02493739128112793
}