{
  "query": "/*+  */ select count(*)\nfrom cast_info AS ci\ninner join title AS t\non t.id = ci.movie_id AND ci.person_id < 2475147 AND ci.role_id < 5 AND t.production_year < 1985;",
  "predicted_latency": 1577.6479244232178,
  "actual_latency": 4561.676,
  "q_error": 2.8914410683028233,
  "inference_time": 0.016810894012451172
}