{
  "query": "/*+  */ select count(*)\nfrom movie_keyword AS mk\ninner join title AS t\non t.id = mk.movie_id AND mk.keyword_id < 30518;",
  "predicted_latency": 1197.878122329712,
  "actual_latency": 1167.917,
  "q_error": 1.0256534688078964,
  "inference_time": 0.01965188980102539
}