{
  "predicted_latency": 0.02913774736225605,
  "actual_latency": 4.657078,
  "q_error": 159.8297119140625,
  "inference_time": 0.2720644474029541,
  "timestamp": 1745480212.4802012
}