{
  "query": "/*+ NoNestLoop(t ci) */ select count(*)\nfrom title AS t\ninner join cast_info AS ci\non t.id = ci.movie_id AND ci.person_id > 3818321;",
  "predicted_latency": 554.7513365745544,
  "actual_latency": 1017.386,
  "q_error": 1.8339496147627052,
  "inference_time": 0.022905588150024414
}