{
  "predicted_latency": 0.02913774736225605,
  "actual_latency": 1.173139,
  "q_error": 40.2618293762207,
  "inference_time": 0.14067840576171875,
  "timestamp": 1745479664.0686264
}