{
  "predicted_latency": 235.48193359375,
  "inference_time": 0.034533023834228516
}