{
  "query": "/*+  */ select count(*)\nfrom movie_companies AS mc\ninner join title AS t\non t.id = mc.movie_id AND mc.company_id > 96161;",
  "predicted_latency": 858.3342432975769,
  "actual_latency": 427.48,
  "q_error": 2.0078933360568376,
  "inference_time": 0.015025615692138672
}