{
  "query": "/*+  */ select count(*)\nfrom title AS t\ninner join cast_info AS ci\non t.id = ci.movie_id AND t.kind_id = 7 AND ci.person_id > 923095;",
  "predicted_latency": 1399.1934061050415,
  "actual_latency": 6365.491,
  "q_error": 4.549400370403206,
  "inference_time": 0.02646183967590332
}