{
  "predicted_latency": 0.02913774736225605,
  "actual_latency": 129.031781,
  "q_error": 4428.337890625,
  "inference_time": 3.518170118331909,
  "timestamp": 1745755713.6655862
}