{
  "query": "/*+  */ select count(*)\nfrom movie_info AS mi\ninner join title AS t\non t.id = mi.movie_id AND mi.info_type_id < 9;",
  "predicted_latency": 1041.7124032974243,
  "actual_latency": 2950.665,
  "q_error": 2.8325140323375235,
  "inference_time": 0.026270627975463867
}