{
  "predicted_latency": 0.02913774736225605,
  "actual_latency": 4.444923,
  "q_error": 152.54861450195312,
  "inference_time": 1.644714593887329,
  "timestamp": 1745761739.1538615
}