{
  "predicted_latency": 371.9371557235718,
  "actual_latency": 945.515,
  "q_error": 2.54213644818728,
  "inference_time": 0.09942245483398438
}