{
  "query": "/*+  */ select count(*)\nfrom title AS t\ninner join movie_keyword AS mk\non t.id = mk.movie_id AND mk.keyword_id > 29517;",
  "predicted_latency": 390.2640640735626,
  "actual_latency": 849.017,
  "q_error": 2.1754936673850787,
  "inference_time": 0.026620864868164062
}