{
  "predicted_latency": 0.0291377454996109,
  "actual_latency": 2.988686,
  "q_error": 102.5709457397461,
  "inference_time": 0.15023279190063477,
  "timestamp": 1745770871.562323
}