{
  "predicted_latency": 367.2788143157959,
  "actual_latency": 91.952,
  "q_error": 3.99424497907382,
  "inference_time": 0.04641270637512207
}