{
  "predicted_latency": 598.9315509796143,
  "actual_latency": 876.5,
  "q_error": 1.463439350567513,
  "inference_time": 0.10641980171203613
}