{
  "predicted_latency": 486.9182434082031,
  "inference_time": 0.028166532516479492
}