{
  "query": "/*+  */ select count(*)\nfrom title AS t\ninner join cast_info AS ci\non t.id = ci.movie_id AND ci.person_id > 1129506;",
  "predicted_latency": 950.9556293487549,
  "actual_latency": 8031.255,
  "q_error": 8.445457129792757,
  "inference_time": 0.026560544967651367
}