{
  "predicted_latency": 0.010861067101359367,
  "actual_latency": 9.175831,
  "q_error": 844.8369750976562,
  "inference_time": 0.3641073703765869,
  "timestamp": 1744802199.6584525
}