{
  "predicted_latency": 189.14450705051422,
  "actual_latency": 4682.386,
  "q_error": 24.755601275534215,
  "inference_time": 0.13421177864074707
}