{
  "predicted_latency": 0.0291377454996109,
  "actual_latency": 28.859552,
  "q_error": 990.4524536132812,
  "inference_time": 0.8456025123596191,
  "timestamp": 1745757340.242778
}