{
  "predicted_latency": 232.49918222427368,
  "actual_latency": 0.538,
  "q_error": 432.1546137997652,
  "inference_time": 0.04492545127868652
}