{
  "query": "/*+  */ select count(*)\nfrom title AS t\ninner join cast_info AS ci\non t.id = ci.movie_id AND t.production_year < 1994 AND ci.person_id < 1989118 AND ci.role_id < 3;",
  "predicted_latency": 1519.0695524215698,
  "actual_latency": 3647.383,
  "q_error": 2.4010638579291226,
  "inference_time": 0.017191171646118164
}