{
  "query": "/*+  */ select count(*)\nfrom title AS t\ninner join movie_keyword AS mk\non t.id = mk.movie_id AND mk.keyword_id = 1382;",
  "predicted_latency": 396.24902606010437,
  "actual_latency": 78.295,
  "q_error": 5.060974852290751,
  "inference_time": 0.029370546340942383
}