{
  "query": "/*+  */ select count(*)\nfrom title AS t\ninner join cast_info AS ci\non t.id = ci.movie_id AND ci.person_id > 892832 AND ci.role_id = 10;",
  "predicted_latency": 966.8191075325012,
  "actual_latency": 1793.379,
  "q_error": 1.8549271378976264,
  "inference_time": 0.017215967178344727
}