{
  "predicted_latency": 780.9142456054688,
  "inference_time": 0.019778013229370117
}