{
  "predicted_latency": 1879.1419677734375,
  "inference_time": 0.014568328857421875
}