{
  "predicted_latency": 0.02913774736225605,
  "actual_latency": 0.135148,
  "q_error": 4.63824462890625,
  "inference_time": 0.36991453170776367,
  "timestamp": 1745481260.5777578
}