{
  "predicted_latency": 405.097633600235,
  "actual_latency": 321.632,
  "q_error": 1.2595066212324488,
  "inference_time": 0.13118481636047363
}