{
  "query": "/*+  */ select count(*)\nfrom title AS t\ninner join cast_info AS ci\non t.id = ci.movie_id AND t.production_year < 2001 AND ci.person_id > 2398565 AND ci.role_id > 5;",
  "predicted_latency": 1143.0426836013794,
  "actual_latency": 2174.388,
  "q_error": 1.9022806682504327,
  "inference_time": 0.01836109161376953
}