{
  "predicted_latency": 326.1733651161194,
  "actual_latency": 2780.703,
  "q_error": 8.525230130332854,
  "inference_time": 0.0815427303314209
}