{
  "predicted_latency": 705.1249742507935,
  "actual_latency": 81.779,
  "q_error": 8.622323264539716,
  "inference_time": 0.07260632514953613
}