{
  "predicted_latency": 1326.3807373046875,
  "inference_time": 0.03941750526428223
}