{
  "predicted_latency": 1459.3226318359375,
  "inference_time": 0.033324480056762695
}