{
  "query": "/*+  */ select count(*)\nfrom title AS t\ninner join movie_info AS mi\non t.id = mi.movie_id AND t.kind_id > 6;",
  "predicted_latency": 830.0837874412537,
  "actual_latency": 3107.808,
  "q_error": 3.7439690390531144,
  "inference_time": 0.02499985694885254
}