{
  "query": "/*+  */ select count(*)\nfrom title AS t\ninner join cast_info AS ci\non t.id = ci.movie_id AND t.kind_id = 7 AND ci.person_id > 1307892;",
  "predicted_latency": 1200.9906768798828,
  "actual_latency": 6032.567,
  "q_error": 5.02299236466375,
  "inference_time": 0.018006563186645508
}