{
  "query": "/*+  */ select count(*)\nfrom title AS t\ninner join cast_info AS ci\non t.id = ci.movie_id AND ci.person_id < 2939409 AND ci.role_id < 2;",
  "predicted_latency": 1110.3737354278564,
  "actual_latency": 4821.44,
  "q_error": 4.3421776345801,
  "inference_time": 0.021759986877441406
}