{
  "predicted_latency": 353.49711775779724,
  "actual_latency": 53.161,
  "q_error": 6.649557340113941,
  "inference_time": 0.09991884231567383
}