{
  "predicted_latency": 941.6870727539062,
  "inference_time": 0.010304927825927734
}