{
  "predicted_latency": 114.97049033641815,
  "actual_latency": 1775.357,
  "q_error": 15.441849424187733,
  "inference_time": 0.1739809513092041
}