{
  "predicted_latency": 0.02913774363696575,
  "actual_latency": 0.6713089999999999,
  "q_error": 23.039155960083008,
  "inference_time": 0.2336263656616211,
  "timestamp": 1745493198.2958515
}