{
  "pg_runtime": 10429.408,
  "opt_runtime": 1347.574,
  "pg_slowdown": 7.739395387563131,
  "pg_opt_diff": 9081.833999999999,
  "original_num_of_plans": 9,
  "pg_plan_card_error": 409.0,
  "opt_plan_card_error": 1.0,
  "num_tables": 7,
  "opt_hint": "/*+ Rows(mi mi_idx #20885030) Rows(ci mi #23499130) Rows(it1 mi #121863) Rows(mi_idx t #1379855) Rows(it2 mi_idx #459925) Rows(ci n #6653) Rows(mi t #14779375) Rows(ci mi_idx #2577225) Rows(ci t #2334539) Rows(ci mi_idx t #2576973) Rows(ci mi n #95783) Rows(it1 mi t #121114) Rows(ci mi mi_idx #50136494) Rows(it2 mi_idx t #459865) Rows(ci it1 mi #212985) Rows(it2 mi mi_idx #6930334) Rows(ci mi t #23416584) Rows(ci mi_idx n #10304) Rows(ci it2 mi_idx #858842) Rows(mi mi_idx t #20883545) Rows(it1 mi mi_idx #136507) Rows(ci n t #6492) Rows(it1 it2 mi mi_idx #45431) Rows(ci mi_idx n t #10304) Rows(ci it1 mi mi_idx #322625) Rows(ci mi n t #95317) Rows(ci it2 mi_idx n #3433) Rows(ci it1 mi n #698) Rows(it1 mi mi_idx t #136507) Rows(ci mi mi_idx n #250108) Rows(ci it1 mi t #211049) Rows(it2 mi mi_idx t #6929839) Rows(ci it2 mi_idx t #858758) Rows(ci mi mi_idx t #50133836) Rows(ci it2 mi mi_idx #16617820) Rows(ci it1 mi mi_idx n #1232) Rows(ci mi mi_idx n t #250108) Rows(ci it1 mi n t #689) Rows(ci it2 mi mi_idx t #16616934) Rows(ci it1 mi mi_idx t #322625) Rows(it1 it2 mi mi_idx t #45431) Rows(ci it2 mi_idx n t #3433) Rows(ci it2 mi mi_idx n #82372) Rows(ci it1 it2 mi mi_idx #107339) Rows(ci it1 it2 mi mi_idx n #409) Rows(ci it1 mi mi_idx n t #1232) Rows(ci it1 it2 mi mi_idx t #107339) Rows(ci it2 mi mi_idx n t #82372) Rows(ci it1 it2 mi mi_idx n t #409) */"
}