{
  "query": "/*+  */ select count(*)\nfrom cast_info AS ci\ninner join title AS t\non t.id = ci.movie_id AND ci.person_id > 1040063 AND ci.role_id < 2 AND t.production_year > 2011;",
  "predicted_latency": 1503.0421018600464,
  "actual_latency": 1732.763,
  "q_error": 1.1528373010015283,
  "inference_time": 0.32285284996032715
}