{
  "predicted_latency": 0.02913774363696575,
  "actual_latency": 2.280299,
  "q_error": 78.25928497314453,
  "inference_time": 2.030273914337158,
  "timestamp": 1745753904.1588569
}