{
  "query": "/*+  */ select count(*)\nfrom movie_keyword AS mk\ninner join title AS t\non t.id = mk.movie_id AND mk.keyword_id < 53924;",
  "predicted_latency": 1221.9635248184204,
  "actual_latency": 1170.7,
  "q_error": 1.0437887800618608,
  "inference_time": 0.019673585891723633
}