{
  "predicted_latency": 452.81198620796204,
  "actual_latency": 38.143,
  "q_error": 11.871430831553942,
  "inference_time": 0.1317586898803711
}