{
  "predicted_latency": 0.02913774736225605,
  "actual_latency": 14.250437,
  "q_error": 489.0713195800781,
  "inference_time": 1.333841323852539,
  "timestamp": 1745760492.437525
}