{
  "query": "/*+  */ select count(*)\nfrom title AS t\ninner join cast_info AS ci\non t.id = ci.movie_id AND ci.person_id < 2888600 AND ci.role_id = 2;",
  "predicted_latency": 1049.50749874115,
  "actual_latency": 3303.028,
  "q_error": 3.1472171508654054,
  "inference_time": 0.043741464614868164
}