{
  "query": "/*+ NoHashJoin(t ci) */ select count(*)\nfrom title AS t\ninner join cast_info AS ci\non t.id = ci.movie_id AND ci.person_id = 1286444;",
  "predicted_latency": 437.53018975257874,
  "actual_latency": 17.357,
  "q_error": 25.207708115030176,
  "inference_time": 0.019876480102539062
}