{
  "predicted_latency": 523.2822265625,
  "inference_time": 0.0077130794525146484
}