{
    "embedding": [
        0.5169205069541931,
        0.5169205069541931,
        0.5169205069541931,
        0.5896093845367432,
        0.5418328046798706,
        1.4940590858459473,
        0.5169205069541931,
        0.5169205069541931,
        0.9064188003540039,
        0.5169205069541931,
        0.5169205069541931,
        0.5169205069541931,
        0.5169205069541931,
        2.121838331222534,
        3.188490390777588,
        1.3755894899368286,
        0.5169205069541931,
        2.3811333179473877,
        0.5169205069541931,
        2.256960153579712,
        0.5169205069541931,
        3.447333574295044,
        3.117307424545288,
        0.5169205069541931,
        1.0876312255859375,
        2.598074197769165,
        0.5169205069541931,
        0.5169205069541931,
        0.5169205069541931,
        0.5169205069541931,
        2.5271475315093994,
        2.990443229675293,
        0.5169205069541931,
        0.5169205069541931,
        1.9905788898468018,
        2.1381163597106934,
        0.5169205069541931,
        3.2080562114715576,
        2.7954325675964355,
        0.5169205069541931,
        0.5169205069541931,
        0.5169205069541931,
        0.6122622489929199,
        0.5169205069541931,
        1.5089319944381714,
        0.5169205069541931,
        0.5169205069541931,
        0.813395082950592,
        0.5169205069541931,
        2.4427058696746826,
        1.3105899095535278,
        1.9934146404266357,
        0.5169205069541931,
        0.5169205069541931,
        2.1471219062805176,
        0.5169205069541931,
        0.5169205069541931,
        0.5169205069541931,
        0.5169205069541931,
        0.6193910837173462,
        0.5169205069541931,
        2.718982219696045,
        0.5169205069541931,
        3.7929201126098633
    ],
    "timestamp": 1754257745.3364391
}