{
    "embedding": [
        0.5169205069541931,
        0.5169205069541931,
        0.5169205069541931,
        0.5896093845367432,
        0.5418328046798706,
        1.4940590858459473,
        0.5169205069541931,
        0.5169205069541931,
        0.9064188599586487,
        0.5169205069541931,
        0.5169205069541931,
        0.5169205069541931,
        0.5169205069541931,
        2.121838331222534,
        3.188490629196167,
        1.3755890130996704,
        0.5169205069541931,
        2.381133794784546,
        0.5169205069541931,
        2.256959915161133,
        0.5169205069541931,
        3.4473330974578857,
        3.1173079013824463,
        0.5169205069541931,
        1.0876312255859375,
        2.598073959350586,
        0.5169205069541931,
        0.5169205069541931,
        0.5169205069541931,
        0.5169205069541931,
        2.5271482467651367,
        2.9904422760009766,
        0.5169205069541931,
        0.5169205069541931,
        1.99057936668396,
        2.1381165981292725,
        0.5169205069541931,
        3.2080578804016113,
        2.795433521270752,
        0.5169205069541931,
        0.5169205069541931,
        0.5169205069541931,
        0.6122623085975647,
        0.5169205069541931,
        1.5089318752288818,
        0.5169205069541931,
        0.5169205069541931,
        0.8133950233459473,
        0.5169205069541931,
        2.4427058696746826,
        1.3105895519256592,
        1.9934141635894775,
        0.5169205069541931,
        0.5169205069541931,
        2.1471219062805176,
        0.5169205069541931,
        0.5169205069541931,
        0.5169205069541931,
        0.5169205069541931,
        0.6193910837173462,
        0.5169205069541931,
        2.718981981277466,
        0.5169205069541931,
        3.7929203510284424
    ],
    "timestamp": 1754257738.5759227
}