{
  "query": "/*+  */ select count(*)\nfrom title AS t\ninner join cast_info AS ci\non t.id = ci.movie_id AND ci.person_id < 2952241 AND ci.role_id = 1;",
  "predicted_latency": 1118.1546449661255,
  "actual_latency": 4874.434,
  "q_error": 4.359355856494851,
  "inference_time": 0.018488168716430664
}