{
  "predicted_latency": 0.0291377454996109,
  "actual_latency": 3.325449,
  "q_error": 114.1285629272461,
  "inference_time": 0.0663442611694336,
  "timestamp": 1745759314.0462594
}