{
  "query": "/*+  */ select count(*)\nfrom cast_info AS ci\ninner join title AS t\non t.id = ci.movie_id AND t.production_year < 1958;",
  "predicted_latency": 1164.4304990768433,
  "actual_latency": 4632.07,
  "q_error": 3.9779703500314443,
  "inference_time": 0.018210172653198242
}