{
  "predicted_latency": 0.02913774363696575,
  "actual_latency": 20.168579,
  "q_error": 692.1805419921875,
  "inference_time": 1.6848087310791016,
  "timestamp": 1745452947.373673
}