{
  "predicted_latency": 235.48193359375,
  "inference_time": 0.020674943923950195
}