{
  "predicted_latency": 0.0291377454996109,
  "actual_latency": 112.514519,
  "q_error": 3861.4697265625,
  "inference_time": 0.08164358139038086,
  "timestamp": 1745759470.5495088
}