{
  "query": "/*+  */ select count(*)\nfrom title AS t\ninner join cast_info AS ci\non t.id = ci.movie_id AND t.kind_id = 7 AND ci.person_id > 796362;",
  "predicted_latency": 1451.834797859192,
  "actual_latency": 6969.872,
  "q_error": 4.800733534061485,
  "inference_time": 0.01807713508605957
}