{
  "predicted_latency": 2804.278564453125,
  "inference_time": 0.017195701599121094
}