{
  "predicted_latency": 0.0291377454996109,
  "actual_latency": 4.0053090000000005,
  "q_error": 137.461181640625,
  "inference_time": 2.3102505207061768,
  "timestamp": 1745481176.089938
}