{
  "predicted_latency": 741.8329467773438,
  "inference_time": 0.04124855995178223
}