{
  "predicted_latency": 0.02913774736225605,
  "actual_latency": 3.229555,
  "q_error": 110.83749389648438,
  "inference_time": 0.6366384029388428,
  "timestamp": 1745762493.1342263
}