{
  "predicted_latency": 487.1491491794586,
  "actual_latency": 141.622,
  "q_error": 3.439784420354596,
  "inference_time": 0.0624697208404541
}