{
  "predicted_latency": 0.02913774736225605,
  "actual_latency": 9.432147,
  "q_error": 323.7088623046875,
  "inference_time": 2.990429162979126,
  "timestamp": 1745452176.668316
}