{
  "predicted_latency": 0.02913774736225605,
  "actual_latency": 3.713827,
  "q_error": 127.45758819580078,
  "inference_time": 0.04273247718811035,
  "timestamp": 1745493180.800452
}