{
  "predicted_latency": 0.0291377454996109,
  "actual_latency": 4.138952000000001,
  "q_error": 142.0477752685547,
  "inference_time": 0.18940472602844238,
  "timestamp": 1745453683.4119616
}