{
  "predicted_latency": 154.8048095703125,
  "inference_time": 0.007883071899414062
}