{
  "predicted_latency": 0.02913774363696575,
  "actual_latency": 8.174676999999999,
  "q_error": 280.5528564453125,
  "inference_time": 1.4998342990875244,
  "timestamp": 1745479662.702366
}