{
  "predicted_latency": 793.1182384490967,
  "actual_latency": 1522.078,
  "q_error": 1.9191060376777465,
  "inference_time": 0.08582234382629395
}