{
  "predicted_latency": 0.02913774736225605,
  "actual_latency": 125.9832,
  "q_error": 4323.7109375,
  "inference_time": 1.2939655780792236,
  "timestamp": 1745754052.3282359
}