{
  "query": "/*+  */ select count(*)\nfrom cast_info AS ci\ninner join title AS t\non t.id = ci.movie_id AND ci.person_id > 2425519 AND t.production_year > 2011;",
  "predicted_latency": 1329.567551612854,
  "actual_latency": 2574.399,
  "q_error": 1.9362679217592835,
  "inference_time": 0.029695987701416016
}