{
  "query": "/*+  */ select count(*)\nfrom title AS t\ninner join cast_info AS ci\non t.id = ci.movie_id AND ci.person_id > 670109 AND ci.role_id = 2;",
  "predicted_latency": 1127.9186010360718,
  "actual_latency": 3028.241,
  "q_error": 2.6848045570117822,
  "inference_time": 0.01778388023376465
}