{
  "predicted_latency": 0.010861067101359367,
  "actual_latency": 27.800098000000002,
  "q_error": 2559.610107421875,
  "inference_time": 0.2389838695526123,
  "timestamp": 1744807070.0297656
}