{
  "pg_runtime": 358.222,
  "opt_runtime": 352.805,
  "pg_slowdown": 1.0153540907866951,
  "pg_opt_diff": 5.416999999999973,
  "original_num_of_plans": 14,
  "pg_plan_card_error": 761.0,
  "opt_plan_card_error": 1.0,
  "num_tables": 8,
  "opt_hint": "/*+ Rows(mi mk #4060930) Rows(mi_idx mk #10130503) Rows(kt t #98992) Rows(k mk #37091) Rows(mi mi_idx #751498) Rows(mi t #99589) Rows(mi_idx t #127199) Rows(it2 mi_idx #454230) Rows(mk t #299534) Rows(it1 mi #614251) Rows(mi mi_idx mk #10189235) Rows(mi_idx mk t #519388) Rows(it2 mi_idx mk #3403472) Rows(it2 mi mi_idx #253194) Rows(mi mi_idx t #59833) Rows(it1 mi mk #2892323) Rows(k mi_idx mk #94604) Rows(kt mi t #60163) Rows(it2 mi_idx t #42711) Rows(kt mi_idx t #51071) Rows(k mk t #2582) Rows(kt mk t #164339) Rows(it1 mi mi_idx #632417) Rows(it1 mi t #90826) Rows(k mi mk #34372) Rows(mi mk t #199113) Rows(it2 mi_idx mk t #171521) Rows(k mi_idx mk t #4554) Rows(k mi mk t #1802) Rows(it1 it2 mi mi_idx #213239) Rows(it2 mi mi_idx mk #3351293) Rows(it1 kt mi t #55882) Rows(it1 mi mi_idx t #52511) Rows(kt mi mk t #128014) Rows(it2 kt mi_idx t #17272) Rows(it2 k mi_idx mk #31800) Rows(k mi mi_idx mk #93054) Rows(it1 k mi mk #23916) Rows(kt mi_idx mk t #325087) Rows(it2 mi mi_idx t #20004) Rows(k kt mk t #1966) Rows(it1 mi mk t #175423) Rows(mi mi_idx mk t #369597) Rows(it1 mi mi_idx mk #6867550) Rows(kt mi mi_idx t #29868) Rows(k mi mi_idx mk t #3429) Rows(k kt mi mk t #1445) Rows(it2 kt mi mi_idx t #10078) Rows(k kt mi_idx mk t #3403) Rows(it1 kt mi mi_idx t #25943) Rows(it1 k mi mk t #1614) Rows(it1 kt mi mk t #111264) Rows(it1 it2 mi mi_idx mk #2302523) Rows(it2 kt mi_idx mk t #109948) Rows(it1 mi mi_idx mk t #326286) Rows(it2 k mi mi_idx mk #30642) Rows(kt mi mi_idx mk t #261381) Rows(it2 mi mi_idx mk t #122068) Rows(it1 it2 mi mi_idx t #17514) Rows(it1 k mi mi_idx mk #62495) Rows(it2 k mi_idx mk t #1488) Rows(it1 it2 kt mi mi_idx t #8746) Rows(it2 k mi mi_idx mk t #1124) Rows(k kt mi mi_idx mk t #2620) Rows(it1 it2 mi mi_idx mk t #107531) Rows(it1 k kt mi mk t #1281) Rows(it1 it2 k mi mi_idx mk #20967) Rows(it1 k mi mi_idx mk t #3005) Rows(it2 kt mi mi_idx mk t #87997) Rows(it2 k kt mi_idx mk t #1147) Rows(it1 kt mi mi_idx mk t #224711) Rows(it2 k kt mi mi_idx mk t #878) Rows(it1 it2 k mi mi_idx mk t #985) Rows(it1 k kt mi mi_idx mk t #2262) Rows(it1 it2 kt mi mi_idx mk t #75669) Rows(it1 it2 k kt mi mi_idx mk t #761) */"
}