{
  "query": "/*+  */ select count(*)\nfrom title AS t\ninner join cast_info AS ci\non t.id = ci.movie_id AND ci.person_id > 1277141;",
  "predicted_latency": 872.64084815979,
  "actual_latency": 7702.364,
  "q_error": 8.82649948858412,
  "inference_time": 0.021085500717163086
}