{
  "query": "/*+  */ select count(*)\nfrom movie_companies AS mc\ninner join title AS t\non t.id = mc.movie_id AND mc.company_id < 115135;",
  "predicted_latency": 1234.668254852295,
  "actual_latency": 1296.652,
  "q_error": 1.0502027527670745,
  "inference_time": 0.2884202003479004
}