{
    "embedding": [
        0.5122231245040894,
        0.5122231245040894,
        0.5406396985054016,
        0.5872792601585388,
        0.5920098423957825,
        1.272245168685913,
        0.5122231245040894,
        0.5122231245040894,
        0.5401671528816223,
        0.5122231245040894,
        0.5122231245040894,
        0.5122231245040894,
        0.5122231245040894,
        2.5010457038879395,
        3.083362579345703,
        0.5644510984420776,
        0.5122231245040894,
        1.0246617794036865,
        0.5122231245040894,
        2.3370144367218018,
        0.5122231245040894,
        1.752577304840088,
        2.2743654251098633,
        0.5122231245040894,
        1.0844215154647827,
        2.809356689453125,
        0.5122231245040894,
        0.5122231245040894,
        0.5122231245040894,
        0.5122231245040894,
        0.5122231245040894,
        1.2713744640350342,
        0.5122231245040894,
        0.5122231245040894,
        2.2822670936584473,
        2.139704942703247,
        0.5122231245040894,
        2.255326509475708,
        2.115584135055542,
        0.5122231245040894,
        0.5122231245040894,
        0.5122231245040894,
        0.6050599217414856,
        0.5122231245040894,
        0.5633313655853271,
        0.5122231245040894,
        0.5122231245040894,
        0.7793716788291931,
        0.5122231245040894,
        1.1590155363082886,
        0.7715851068496704,
        1.8440014123916626,
        0.5122231245040894,
        0.5122231245040894,
        2.8257150650024414,
        0.5122231245040894,
        0.5122231245040894,
        0.5122231245040894,
        0.5122231245040894,
        0.6419941782951355,
        0.5122231245040894,
        0.6336080431938171,
        0.5122231245040894,
        4.051722049713135
    ],
    "timestamp": 1754257802.8457496
}