{
    "embedding": [
        0.5122231245040894,
        0.5122231245040894,
        0.5406396985054016,
        0.587279200553894,
        0.5920098423957825,
        1.272245168685913,
        0.5122231245040894,
        0.5122231245040894,
        0.5401671528816223,
        0.5122231245040894,
        0.5122231245040894,
        0.5122231245040894,
        0.5122231245040894,
        2.5010454654693604,
        3.083361864089966,
        0.5644510984420776,
        0.5122231245040894,
        1.0246621370315552,
        0.5122231245040894,
        2.3370144367218018,
        0.5122231245040894,
        1.7525776624679565,
        2.274364948272705,
        0.5122231245040894,
        1.0844212770462036,
        2.8093552589416504,
        0.5122231245040894,
        0.5122231245040894,
        0.5122231245040894,
        0.5122231245040894,
        0.5122231245040894,
        1.2713743448257446,
        0.5122231245040894,
        0.5122231245040894,
        2.282266855239868,
        2.1397042274475098,
        0.5122231245040894,
        2.2553272247314453,
        2.115584373474121,
        0.5122231245040894,
        0.5122231245040894,
        0.5122231245040894,
        0.6050599813461304,
        0.5122231245040894,
        0.5633313655853271,
        0.5122231245040894,
        0.5122231245040894,
        0.7793716192245483,
        0.5122231245040894,
        1.1590157747268677,
        0.7715849280357361,
        1.8440022468566895,
        0.5122231245040894,
        0.5122231245040894,
        2.8257150650024414,
        0.5122231245040894,
        0.5122231245040894,
        0.5122231245040894,
        0.5122231245040894,
        0.6419941186904907,
        0.5122231245040894,
        0.6336077451705933,
        0.5122231245040894,
        4.051723003387451
    ],
    "timestamp": 1754257803.5669625
}