{
  "query": "/*+ NoNestLoop(t ci) */ select count(*)\nfrom title AS t\ninner join cast_info AS ci\non t.id = ci.movie_id AND ci.person_id > 4053656;",
  "predicted_latency": 493.5701787471771,
  "actual_latency": 638.068,
  "q_error": 1.2927604370661125,
  "inference_time": 0.018746137619018555
}