{
  "predicted_latency": 0.0291377454996109,
  "actual_latency": 5.055224,
  "q_error": 173.49400329589844,
  "inference_time": 1.350182294845581,
  "timestamp": 1745479194.012703
}