{
  "predicted_latency": 805.4406642913818,
  "actual_latency": 591.03,
  "q_error": 1.3627745872314128,
  "inference_time": 0.0871272087097168
}