{
  "predicted_latency": 0.02913774363696575,
  "actual_latency": 91.324136,
  "q_error": 3134.22119140625,
  "inference_time": 2.7707598209381104,
  "timestamp": 1745758808.6720743
}