{
  "query": "/*+  */ select count(*)\nfrom title AS t\ninner join movie_info AS mi\non t.id = mi.movie_id AND t.kind_id > 1;",
  "predicted_latency": 867.3127293586731,
  "actual_latency": 3119.718,
  "q_error": 3.596993211787458,
  "inference_time": 0.025883197784423828
}