{
  "predicted_latency": 992.290198802948,
  "actual_latency": 2146.499,
  "q_error": 2.1631766620182633,
  "inference_time": 0.15513372421264648
}