{
  "predicted_latency": 797.3095178604126,
  "actual_latency": 195.535,
  "q_error": 4.077579552818741,
  "inference_time": 0.07956767082214355
}