{
  "query": "/*+ NoNestLoop(t ci) */ select count(*)\nfrom title AS t\ninner join cast_info AS ci\non t.id = ci.movie_id AND ci.person_id > 1516594;",
  "predicted_latency": 759.8561644554138,
  "actual_latency": 7203.943,
  "q_error": 9.480666653751555,
  "inference_time": 0.018300533294677734
}