{
  "predicted_latency": 368.12493205070496,
  "actual_latency": 175.206,
  "q_error": 2.1010977480834274,
  "inference_time": 0.03765988349914551
}