{
  "query": "/*+  */ select count(*)\nfrom cast_info AS ci\ninner join title AS t\non t.id = ci.movie_id AND ci.person_id > 647266 AND t.production_year < 1993;",
  "predicted_latency": 1534.7589254379272,
  "actual_latency": 5750.924,
  "q_error": 3.747118785029404,
  "inference_time": 0.030841350555419922
}