{
  "predicted_latency": 449.7202932834625,
  "actual_latency": 112.641,
  "q_error": 3.9925097724936967,
  "inference_time": 0.10745596885681152
}