{
  "predicted_latency": 496.4202642440796,
  "actual_latency": 1066.629,
  "q_error": 2.148641134995167,
  "inference_time": 0.06906390190124512
}