{
  "predicted_latency": 0.02913774736225605,
  "actual_latency": 4.330166,
  "q_error": 148.6101837158203,
  "inference_time": 3.038419008255005,
  "timestamp": 1745755144.3874433
}