{
  "predicted_latency": 0.0291377454996109,
  "actual_latency": 17.720643,
  "q_error": 608.1679077148438,
  "inference_time": 0.8484611511230469,
  "timestamp": 1745481526.2160602
}