{
  "predicted_latency": 2661.828125,
  "inference_time": 0.04233670234680176
}