{
  "query": "/*+  */ select count(*)\nfrom title AS t\ninner join cast_info AS ci\non t.id = ci.movie_id AND t.production_year < 1990 AND ci.person_id > 1731928 AND ci.role_id > 3;",
  "predicted_latency": 1505.9762001037598,
  "actual_latency": 2431.174,
  "q_error": 1.6143508774126014,
  "inference_time": 0.028903484344482422
}