{
  "query": "/*+ NoNestLoop(t ci) */ select count(*)\nfrom title AS t\ninner join cast_info AS ci\non t.id = ci.movie_id AND ci.person_id > 3556199;",
  "predicted_latency": 592.9304361343384,
  "actual_latency": 1477.719,
  "q_error": 2.4922299648405937,
  "inference_time": 0.011493682861328125
}