{
  "predicted_latency": 473.51080322265625,
  "inference_time": 0.0064961910247802734
}