{
  "predicted_latency": 1313.5869140625,
  "inference_time": 0.036284446716308594
}