{
  "predicted_latency": 310.5265808105469,
  "inference_time": 0.007911920547485352
}