{
  "query": "/*+  */ select count(*)\nfrom title AS t\ninner join cast_info AS ci\non t.id = ci.movie_id AND ci.person_id < 2672926;",
  "predicted_latency": 1004.4745206832886,
  "actual_latency": 8650.409,
  "q_error": 8.611874987247665,
  "inference_time": 0.01573491096496582
}