{
  "predicted_latency": 0.02913774363696575,
  "actual_latency": 3.92835,
  "q_error": 134.81997680664062,
  "inference_time": 1.7257025241851807,
  "timestamp": 1745762725.4768496
}