{
  "predicted_latency": 371.537446975708,
  "actual_latency": 401.791,
  "q_error": 1.0814280048230778,
  "inference_time": 0.12592530250549316
}