{
  "predicted_latency": 0.02913774736225605,
  "actual_latency": 3.574233,
  "q_error": 122.66676330566406,
  "inference_time": 1.8890955448150635,
  "timestamp": 1745757597.949909
}