{
  "predicted_latency": 1077.860595703125,
  "inference_time": 0.027530908584594727
}