{
  "predicted_latency": 2895.787841796875,
  "inference_time": 0.031737327575683594
}