{
  "predicted_latency": 322.808176279068,
  "actual_latency": 420.966,
  "q_error": 1.3040747754668842,
  "inference_time": 0.07898211479187012
}