{
  "query": "/*+  */ select count(*)\nfrom movie_keyword AS mk\ninner join title AS t\non t.id = mk.movie_id AND mk.keyword_id < 30912;",
  "predicted_latency": 1198.0209350585938,
  "actual_latency": 1148.052,
  "q_error": 1.0435249754005862,
  "inference_time": 0.021899700164794922
}