{
  "predicted_latency": 433.65177512168884,
  "actual_latency": 400.607,
  "q_error": 1.08248676413964,
  "inference_time": 0.05688023567199707
}