{
  "predicted_latency": 145.70435881614685,
  "actual_latency": 39.766,
  "q_error": 3.6640436256135103,
  "inference_time": 0.10491275787353516
}