{
  "predicted_latency": 690.8631591796875,
  "inference_time": 0.03298449516296387
}