{
  "predicted_latency": 0.02913774736225605,
  "actual_latency": 0.199571,
  "q_error": 6.8492255210876465,
  "inference_time": 0.07927274703979492,
  "timestamp": 1745759008.3412254
}