{
  "predicted_latency": 0.02913774736225605,
  "actual_latency": 3.8071819999999996,
  "q_error": 130.66151428222656,
  "inference_time": 1.1981220245361328,
  "timestamp": 1745762686.1220329
}