{
  "predicted_latency": 174.69826340675354,
  "actual_latency": 675.57,
  "q_error": 3.8670676332200085,
  "inference_time": 0.10847043991088867
}