{
  "query": "/*+ NoNestLoop(ci t) */ select count(*)\nfrom cast_info AS ci\ninner join title AS t\non t.id = ci.movie_id AND ci.person_id < 4004997;",
  "predicted_latency": 1221.3177680969238,
  "actual_latency": 10444.04,
  "q_error": 8.551451778413135,
  "inference_time": 0.019922971725463867
}