{
  "predicted_latency": 290.8335030078888,
  "actual_latency": 30922.652,
  "q_error": 106.32424284062358,
  "inference_time": 0.08646154403686523
}