{
  "predicted_latency": 0.0291377454996109,
  "actual_latency": 3.146832,
  "q_error": 107.99847412109375,
  "inference_time": 0.06291413307189941,
  "timestamp": 1745754341.7652965
}