{
  "query": "/*+  */ select count(*)\nfrom title AS t\ninner join movie_info AS mi\non t.id = mi.movie_id AND t.production_year < 1999;",
  "predicted_latency": 1071.5996026992798,
  "actual_latency": 2937.94,
  "q_error": 2.741639687621708,
  "inference_time": 0.017682552337646484
}