{
  "predicted_latency": 0.02913774363696575,
  "actual_latency": 1.7523309999999999,
  "q_error": 60.139556884765625,
  "inference_time": 1.352240800857544,
  "timestamp": 1745481314.948505
}