{
  "query": "/*+ NoNestLoop(t ci) */ select count(*)\nfrom title AS t\ninner join cast_info AS ci\non t.id = ci.movie_id AND ci.person_id < 2027191;",
  "predicted_latency": 735.5977892875671,
  "actual_latency": 7009.728,
  "q_error": 9.529294543950414,
  "inference_time": 0.019541501998901367
}