{
    "embedding": [
        0.5290191769599915,
        0.5290191769599915,
        0.557597279548645,
        0.6049893498420715,
        0.6027910113334656,
        1.3371844291687012,
        0.5290191769599915,
        0.5290191769599915,
        1.7410192489624023,
        0.5290191769599915,
        0.5290191769599915,
        0.5290191769599915,
        0.5290191769599915,
        1.707361102104187,
        3.291015148162842,
        2.369204044342041,
        0.5290191769599915,
        1.1976187229156494,
        0.5290191769599915,
        2.3389668464660645,
        0.5290191769599915,
        3.067924737930298,
        2.895314931869507,
        0.5290191769599915,
        1.062527060508728,
        2.6732802391052246,
        0.5290191769599915,
        0.5290191769599915,
        0.5290191769599915,
        0.5290191769599915,
        1.1775604486465454,
        2.245774269104004,
        0.5290191769599915,
        0.5290191769599915,
        2.1957759857177734,
        2.5116684436798096,
        0.5290191769599915,
        2.624011278152466,
        2.674710512161255,
        0.5290191769599915,
        0.5290191769599915,
        0.5290191769599915,
        0.6276137232780457,
        0.5290191769599915,
        1.4997130632400513,
        0.5290191769599915,
        0.5290191769599915,
        0.8201384544372559,
        0.5290191769599915,
        3.6365818977355957,
        3.1860549449920654,
        1.7745081186294556,
        0.5290191769599915,
        0.5290191769599915,
        3.0588226318359375,
        0.5290191769599915,
        0.5290191769599915,
        0.5290191769599915,
        0.5290191769599915,
        0.6500434279441833,
        0.5290191769599915,
        2.0774011611938477,
        0.5290191769599915,
        3.8698325157165527
    ],
    "timestamp": 1754257710.969981
}