{
    "embedding": [
        0.5290191769599915,
        0.5290191769599915,
        0.557597279548645,
        0.6049893498420715,
        0.6027909517288208,
        1.3371847867965698,
        0.5290191769599915,
        0.5290191769599915,
        1.7410186529159546,
        0.5290191769599915,
        0.5290191769599915,
        0.5290191769599915,
        0.5290191769599915,
        1.7073606252670288,
        3.2910146713256836,
        2.369203567504883,
        0.5290191769599915,
        1.197618842124939,
        0.5290191769599915,
        2.3389668464660645,
        0.5290191769599915,
        3.0679244995117188,
        2.8953146934509277,
        0.5290191769599915,
        1.0625269412994385,
        2.6732800006866455,
        0.5290191769599915,
        0.5290191769599915,
        0.5290191769599915,
        0.5290191769599915,
        1.177560806274414,
        2.245774030685425,
        0.5290191769599915,
        0.5290191769599915,
        2.1957764625549316,
        2.5116686820983887,
        0.5290191769599915,
        2.624011278152466,
        2.674711227416992,
        0.5290191769599915,
        0.5290191769599915,
        0.5290191769599915,
        0.6276137232780457,
        0.5290191769599915,
        1.4997130632400513,
        0.5290191769599915,
        0.5290191769599915,
        0.8201383948326111,
        0.5290191769599915,
        3.6365818977355957,
        3.1860551834106445,
        1.774507761001587,
        0.5290191769599915,
        0.5290191769599915,
        3.0588221549987793,
        0.5290191769599915,
        0.5290191769599915,
        0.5290191769599915,
        0.5290191769599915,
        0.6500433683395386,
        0.5290191769599915,
        2.0774006843566895,
        0.5290191769599915,
        3.869832754135132
    ],
    "timestamp": 1754257712.87034
}