{
  "predicted_latency": 303.17312479019165,
  "actual_latency": 4678.827,
  "q_error": 15.43285541301836,
  "inference_time": 0.08682036399841309
}