{
  "predicted_latency": 516.4440870285034,
  "actual_latency": 3459.496,
  "q_error": 6.698684498267989,
  "inference_time": 0.11345338821411133
}