{
  "predicted_latency": 168.00019145011902,
  "actual_latency": 41.121,
  "q_error": 4.085508412979232,
  "inference_time": 0.12419867515563965
}