{
  "predicted_latency": 409.98581051826477,
  "actual_latency": 549.93,
  "q_error": 1.3413391046505516,
  "inference_time": 0.07454395294189453
}