{
  "query": "/*+  */ select count(*)\nfrom title AS t\ninner join cast_info AS ci\non t.id = ci.movie_id AND t.kind_id = 1 AND ci.person_id > 1001861 AND ci.role_id = 1;",
  "predicted_latency": 1379.8255920410156,
  "actual_latency": 1697.911,
  "q_error": 1.2305258068800402,
  "inference_time": 0.016963958740234375
}