{
  "query": "/*+  */ select count(*)\nfrom title AS t\ninner join cast_info AS ci\non t.id = ci.movie_id AND ci.person_id > 2369275 AND ci.role_id < 5;",
  "predicted_latency": 1103.1584739685059,
  "actual_latency": 3525.644,
  "q_error": 3.1959542379408434,
  "inference_time": 0.02645707130432129
}