{
  "predicted_latency": 0.02913774363696575,
  "actual_latency": 10.399901,
  "q_error": 356.9219970703125,
  "inference_time": 0.8607709407806396,
  "timestamp": 1745453436.2701824
}