{
  "predicted_latency": 0.0291377454996109,
  "actual_latency": 0.5360159999999999,
  "q_error": 18.395931243896484,
  "inference_time": 0.06311416625976562,
  "timestamp": 1745481329.4165676
}