{
  "query": "/*+ NoNestLoop(t ci) */ select count(*)\nfrom title AS t\ninner join cast_info AS ci\non t.id = ci.movie_id AND ci.person_id > 3796193;",
  "predicted_latency": 557.8859448432922,
  "actual_latency": 1097.125,
  "q_error": 1.9665758030670188,
  "inference_time": 0.25080418586730957
}