{
  "query": "/*+ NoNestLoop(ci t) */ select count(*)\nfrom cast_info AS ci\ninner join title AS t\non t.id = ci.movie_id AND ci.person_id < 3574026;",
  "predicted_latency": 1136.6636753082275,
  "actual_latency": 10003.852,
  "q_error": 8.801065976958638,
  "inference_time": 0.017268896102905273
}