{
  "predicted_latency": 0.02913774736225605,
  "actual_latency": 15.344858,
  "q_error": 526.631591796875,
  "inference_time": 0.06903982162475586,
  "timestamp": 1745761559.2165709
}