{
  "predicted_latency": 0.0291377454996109,
  "actual_latency": 50.954132,
  "q_error": 1748.7327880859375,
  "inference_time": 0.11863541603088379,
  "timestamp": 1745769955.6212413
}