{
  "predicted_latency": 1952.1700439453125,
  "inference_time": 0.0184781551361084
}