{
  "predicted_latency": 184.9246770143509,
  "actual_latency": 647.841,
  "q_error": 3.5032696039248723,
  "inference_time": 0.18280434608459473
}