{
  "query": "/*+  */ select count(*)\nfrom title AS t\ninner join cast_info AS ci\non t.id = ci.movie_id AND t.kind_id < 7 AND ci.person_id < 1600965 AND ci.role_id > 1;",
  "predicted_latency": 1336.1448049545288,
  "actual_latency": 2835.816,
  "q_error": 2.1223867274599084,
  "inference_time": 0.015970706939697266
}