{
  "query": "/*+  */ select count(*)\nfrom title AS t\ninner join cast_info AS ci\non t.id = ci.movie_id AND ci.person_id < 2387867;",
  "predicted_latency": 872.1794486045837,
  "actual_latency": 7593.506,
  "q_error": 8.706357404028486,
  "inference_time": 0.02231454849243164
}