{
  "predicted_latency": 158.82857143878937,
  "actual_latency": 178.454,
  "q_error": 1.123563590501562,
  "inference_time": 0.1358656883239746
}