{
  "predicted_latency": 2241.3251953125,
  "inference_time": 0.040860652923583984
}