{
  "predicted_latency": 383.3043575286865,
  "actual_latency": 3572.299,
  "q_error": 9.319745340313927,
  "inference_time": 0.09086322784423828
}