{
  "predicted_latency": 401.5884094238281,
  "inference_time": 0.007736921310424805
}