{
  "query": "/*+ NoNestLoop(t ci) */ select count(*)\nfrom title AS t\ninner join cast_info AS ci\non t.id = ci.movie_id AND ci.person_id < 1991725;",
  "predicted_latency": 724.4424223899841,
  "actual_latency": 7468.083,
  "q_error": 10.30873230112932,
  "inference_time": 0.031006574630737305
}