{
  "query": "/*+  */ select count(*)\nfrom title AS t\ninner join cast_info AS ci\non t.id = ci.movie_id AND t.kind_id > 3 AND ci.person_id < 2811795;",
  "predicted_latency": 1399.4916677474976,
  "actual_latency": 6839.447,
  "q_error": 4.887093762414599,
  "inference_time": 0.3130531311035156
}