{
    "embedding": [
        0.6610890626907349,
        0.6610890626907349,
        0.6610890626907349,
        0.8473361730575562,
        0.6610890626907349,
        1.822394609451294,
        1.58318293094635,
        0.6610890626907349,
        0.7245839834213257,
        0.6610890626907349,
        0.6610890626907349,
        0.6610890626907349,
        0.6610890626907349,
        1.7686045169830322,
        3.3073208332061768,
        1.0105822086334229,
        0.6610890626907349,
        2.806352376937866,
        0.6610890626907349,
        2.4551658630371094,
        0.6610890626907349,
        1.4244132041931152,
        4.294483184814453,
        0.6610890626907349,
        1.2740880250930786,
        2.6002843379974365,
        0.6610890626907349,
        0.6610890626907349,
        0.6610890626907349,
        0.6610890626907349,
        3.421445369720459,
        1.207253336906433,
        0.6610890626907349,
        0.6610890626907349,
        0.9120198488235474,
        2.1740827560424805,
        0.6610890626907349,
        2.6625237464904785,
        2.3971989154815674,
        0.6610890626907349,
        0.6610890626907349,
        0.6610890626907349,
        0.900907576084137,
        0.6610890626907349,
        0.8457506895065308,
        0.6610890626907349,
        0.6610890626907349,
        1.115463376045227,
        0.6610890626907349,
        4.529011249542236,
        1.6935290098190308,
        2.017279624938965,
        0.6610890626907349,
        0.6610890626907349,
        2.636000871658325,
        0.6610890626907349,
        0.6610890626907349,
        0.6610890626907349,
        0.6610890626907349,
        0.6610890626907349,
        0.6610890626907349,
        0.8538809418678284,
        0.6610890626907349,
        3.243399143218994
    ],
    "timestamp": 1754257697.1429164
}