{
    "embedding": [
        0.6610890626907349,
        0.6610890626907349,
        0.6610890626907349,
        0.8473361730575562,
        0.6610890626907349,
        1.822394609451294,
        1.5831825733184814,
        0.6610890626907349,
        0.7245839834213257,
        0.6610890626907349,
        0.6610890626907349,
        0.6610890626907349,
        0.6610890626907349,
        1.7686045169830322,
        3.3073205947875977,
        1.0105823278427124,
        0.6610890626907349,
        2.8063526153564453,
        0.6610890626907349,
        2.4551661014556885,
        0.6610890626907349,
        1.4244134426116943,
        4.294483184814453,
        0.6610890626907349,
        1.2740880250930786,
        2.6002840995788574,
        0.6610890626907349,
        0.6610890626907349,
        0.6610890626907349,
        0.6610890626907349,
        3.4214446544647217,
        1.207253336906433,
        0.6610890626907349,
        0.6610890626907349,
        0.9120197296142578,
        2.1740827560424805,
        0.6610890626907349,
        2.662524461746216,
        2.3971989154815674,
        0.6610890626907349,
        0.6610890626907349,
        0.6610890626907349,
        0.9009077548980713,
        0.6610890626907349,
        0.8457505106925964,
        0.6610890626907349,
        0.6610890626907349,
        1.115463137626648,
        0.6610890626907349,
        4.5290117263793945,
        1.6935292482376099,
        2.017280340194702,
        0.6610890626907349,
        0.6610890626907349,
        2.636000871658325,
        0.6610890626907349,
        0.6610890626907349,
        0.6610890626907349,
        0.6610890626907349,
        0.6610890626907349,
        0.6610890626907349,
        0.8538811802864075,
        0.6610890626907349,
        3.2433996200561523
    ],
    "timestamp": 1754257698.8503816
}