{
  "predicted_latency": 217.96999871730804,
  "actual_latency": 43.226,
  "q_error": 5.042566943906631,
  "inference_time": 0.09419131278991699
}