{
  "predicted_latency": 521.9981074333191,
  "actual_latency": 5583.624,
  "q_error": 10.696636482945987,
  "inference_time": 0.11505270004272461
}