{
  "predicted_latency": 118.67719888687134,
  "actual_latency": 33.259,
  "q_error": 3.568273215877547,
  "inference_time": 0.08730864524841309
}