{
  "predicted_latency": 320.60498046875,
  "inference_time": 0.010053634643554688
}