{
  "predicted_latency": 0.02913774736225605,
  "actual_latency": 114.871986,
  "q_error": 3942.376953125,
  "inference_time": 1.247312307357788,
  "timestamp": 1745480054.823268
}