{
  "query": "/*+ NoNestLoop(ci t) */ select count(*)\nfrom cast_info AS ci\ninner join title AS t\non t.id = ci.movie_id AND ci.person_id < 3822695;",
  "predicted_latency": 1161.7507934570312,
  "actual_latency": 9979.971,
  "q_error": 8.590457657706882,
  "inference_time": 0.026534080505371094
}