{
    "embedding": [
        0.5077735781669617,
        0.5077735781669617,
        0.5283232927322388,
        0.8671132922172546,
        0.578415036201477,
        1.113397479057312,
        0.5169534683227539,
        0.5077735781669617,
        0.6185209155082703,
        0.5077735781669617,
        0.5077735781669617,
        0.5077735781669617,
        0.560059666633606,
        1.5179290771484375,
        4.072692394256592,
        2.5204334259033203,
        0.5077735781669617,
        2.6737756729125977,
        0.5077735781669617,
        1.149618148803711,
        1.779441475868225,
        0.5077735781669617,
        1.6639729738235474,
        0.5077735781669617,
        0.8986679911613464,
        1.619338870048523,
        0.5077735781669617,
        0.5077735781669617,
        0.5077735781669617,
        0.5077735781669617,
        2.923532247543335,
        0.9414687156677246,
        0.5077735781669617,
        0.5077735781669617,
        1.810696005821228,
        2.6239068508148193,
        0.5077735781669617,
        1.375257134437561,
        2.596137523651123,
        0.5077735781669617,
        0.5077735781669617,
        0.5077735781669617,
        0.7905530333518982,
        0.5077735781669617,
        1.0070853233337402,
        0.5077735781669617,
        0.5077735781669617,
        0.8354731202125549,
        0.5077735781669617,
        2.9456186294555664,
        1.9547933340072632,
        0.7077434062957764,
        0.5077735781669617,
        0.5077735781669617,
        3.122842311859131,
        0.5077735781669617,
        0.5077735781669617,
        0.5077735781669617,
        0.5077735781669617,
        0.5077735781669617,
        0.5077735781669617,
        0.5077735781669617,
        0.5077735781669617,
        2.5841476917266846
    ],
    "timestamp": 1754257789.392035
}