{
    "embedding": [
        0.5077735781669617,
        0.5077735781669617,
        0.5283231735229492,
        0.8671132922172546,
        0.578415036201477,
        1.1133973598480225,
        0.5169534683227539,
        0.5077735781669617,
        0.618520975112915,
        0.5077735781669617,
        0.5077735781669617,
        0.5077735781669617,
        0.5600597262382507,
        1.5179288387298584,
        4.072692394256592,
        2.5204336643218994,
        0.5077735781669617,
        2.6737754344940186,
        0.5077735781669617,
        1.1496182680130005,
        1.7794413566589355,
        0.5077735781669617,
        1.6639726161956787,
        0.5077735781669617,
        0.8986679911613464,
        1.6193395853042603,
        0.5077735781669617,
        0.5077735781669617,
        0.5077735781669617,
        0.5077735781669617,
        2.923532009124756,
        0.9414688944816589,
        0.5077735781669617,
        0.5077735781669617,
        1.810695767402649,
        2.6239070892333984,
        0.5077735781669617,
        1.3752572536468506,
        2.596137523651123,
        0.5077735781669617,
        0.5077735781669617,
        0.5077735781669617,
        0.790553092956543,
        0.5077735781669617,
        1.0070850849151611,
        0.5077735781669617,
        0.5077735781669617,
        0.8354731202125549,
        0.5077735781669617,
        2.9456191062927246,
        1.9547934532165527,
        0.7077434062957764,
        0.5077735781669617,
        0.5077735781669617,
        3.122842788696289,
        0.5077735781669617,
        0.5077735781669617,
        0.5077735781669617,
        0.5077735781669617,
        0.5077735781669617,
        0.5077735781669617,
        0.5077735781669617,
        0.5077735781669617,
        2.5841479301452637
    ],
    "timestamp": 1754257788.1586225
}