{
  "query": "/*+  */ select count(*)\nfrom title AS t\ninner join cast_info AS ci\non t.id = ci.movie_id AND t.kind_id > 1 AND ci.person_id < 2251560;",
  "predicted_latency": 1135.9691619873047,
  "actual_latency": 7076.071,
  "q_error": 6.229104835575704,
  "inference_time": 0.016109228134155273
}