{
  "predicted_latency": -30.581479892134666,
  "actual_latency": 0.606,
  "q_error": -0.019815914799985162,
  "inference_time": 0.042105674743652344
}