{
    "embedding": [
        0.5603652596473694,
        0.5603652596473694,
        0.5603652596473694,
        0.6910448670387268,
        0.5603652596473694,
        1.4518725872039795,
        0.5603652596473694,
        0.5603652596473694,
        0.5603652596473694,
        0.5603652596473694,
        0.5603652596473694,
        0.5603652596473694,
        0.5603652596473694,
        2.0559728145599365,
        4.11597204208374,
        0.5603652596473694,
        0.5603652596473694,
        1.1532697677612305,
        0.5603652596473694,
        2.8130388259887695,
        0.5603652596473694,
        0.5924100875854492,
        3.8611652851104736,
        0.5603652596473694,
        0.9799842834472656,
        0.5603652596473694,
        0.5603652596473694,
        0.5603652596473694,
        0.5603652596473694,
        0.5603652596473694,
        0.5603652596473694,
        1.0703309774398804,
        0.5603652596473694,
        0.5603652596473694,
        1.1720879077911377,
        1.8134175539016724,
        0.5603652596473694,
        2.143921136856079,
        3.4464728832244873,
        0.5603652596473694,
        0.5603652596473694,
        0.5603652596473694,
        0.7048377990722656,
        0.5603652596473694,
        0.5603652596473694,
        0.5603652596473694,
        0.5603652596473694,
        0.9966744184494019,
        0.5603652596473694,
        2.199824333190918,
        0.8425028920173645,
        1.5129289627075195,
        0.5603652596473694,
        0.5603652596473694,
        2.6721487045288086,
        0.5603652596473694,
        0.5603652596473694,
        0.5603652596473694,
        0.5603652596473694,
        0.613370418548584,
        0.5603652596473694,
        0.5603652596473694,
        0.5603652596473694,
        2.957284450531006
    ],
    "timestamp": 1754257808.1880093
}