{
    "embedding": [
        0.5603653788566589,
        0.5603653788566589,
        0.5603653788566589,
        0.6910449862480164,
        0.5603653788566589,
        1.45187246799469,
        0.5603653788566589,
        0.5603653788566589,
        0.5603653788566589,
        0.5603653788566589,
        0.5603653788566589,
        0.5603653788566589,
        0.5603653788566589,
        2.0559730529785156,
        4.115972995758057,
        0.5603653788566589,
        0.5603653788566589,
        1.1532695293426514,
        0.5603653788566589,
        2.8130390644073486,
        0.5603653788566589,
        0.5924100875854492,
        3.86116623878479,
        0.5603653788566589,
        0.9799844026565552,
        0.5603653788566589,
        0.5603653788566589,
        0.5603653788566589,
        0.5603653788566589,
        0.5603653788566589,
        0.5603653788566589,
        1.0703312158584595,
        0.5603653788566589,
        0.5603653788566589,
        1.1720877885818481,
        1.8134174346923828,
        0.5603653788566589,
        2.143921375274658,
        3.44647216796875,
        0.5603653788566589,
        0.5603653788566589,
        0.5603653788566589,
        0.7048378586769104,
        0.5603653788566589,
        0.5603653788566589,
        0.5603653788566589,
        0.5603653788566589,
        0.9966744780540466,
        0.5603653788566589,
        2.199824094772339,
        0.8425029516220093,
        1.5129293203353882,
        0.5603653788566589,
        0.5603653788566589,
        2.672149181365967,
        0.5603653788566589,
        0.5603653788566589,
        0.5603653788566589,
        0.5603653788566589,
        0.6133704781532288,
        0.5603653788566589,
        0.5603653788566589,
        0.5603653788566589,
        2.9572834968566895
    ],
    "timestamp": 1754257808.9947002
}