{
  "pg_runtime": 2390.079,
  "opt_runtime": 2400.52,
  "pg_slowdown": 0.9956505257194276,
  "pg_opt_diff": -10.440999999999804,
  "original_num_of_plans": 2,
  "pg_plan_card_error": 3.1241291185027915,
  "opt_plan_card_error": 1.0,
  "num_tables": 3,
  "opt_hint": "/*+ Rows(movie_companies title #2609129) Rows(cast_info title #276403) Rows(cast_info movie_companies title #794591) */"
}