{
  "predicted_latency": 0.0291377454996109,
  "actual_latency": 1.180297,
  "q_error": 40.50749206542969,
  "inference_time": 0.13483595848083496,
  "timestamp": 1745769710.9836512
}