{
  "query": "/*+ NoNestLoop(t ci) */ select count(*)\nfrom title AS t\ninner join cast_info AS ci\non t.id = ci.movie_id AND ci.person_id < 1660998;",
  "predicted_latency": 665.9248471260071,
  "actual_latency": 5640.146,
  "q_error": 8.469643420487605,
  "inference_time": 0.024436473846435547
}