{
    "embedding": [
        0.5727998614311218,
        0.5727998614311218,
        0.5727998614311218,
        0.6814023852348328,
        0.5727998614311218,
        0.7850870490074158,
        1.3107750415802002,
        0.5727998614311218,
        0.6369969844818115,
        0.5727998614311218,
        0.5727998614311218,
        0.5727998614311218,
        0.5727998614311218,
        1.660296082496643,
        4.367860317230225,
        0.5727998614311218,
        0.5727998614311218,
        2.2424821853637695,
        0.5727998614311218,
        1.257127285003662,
        0.5727998614311218,
        0.7401240468025208,
        2.048516035079956,
        0.5727998614311218,
        0.9403114914894104,
        2.3737897872924805,
        0.5727998614311218,
        0.5727998614311218,
        0.5727998614311218,
        0.5727998614311218,
        0.5727998614311218,
        1.0543409585952759,
        0.5727998614311218,
        0.5727998614311218,
        1.039272665977478,
        1.3984003067016602,
        0.5727998614311218,
        1.7188729047775269,
        2.963444232940674,
        0.5727998614311218,
        0.5727998614311218,
        0.5727998614311218,
        0.6946738362312317,
        0.5727998614311218,
        0.6337160468101501,
        0.5727998614311218,
        0.5727998614311218,
        0.8910437822341919,
        0.5727998614311218,
        4.3212761878967285,
        2.092888355255127,
        0.6468653082847595,
        0.5727998614311218,
        0.5727998614311218,
        3.298428773880005,
        0.5727998614311218,
        0.5727998614311218,
        0.5727998614311218,
        0.5727998614311218,
        0.5727998614311218,
        0.5727998614311218,
        0.5727998614311218,
        0.5727998614311218,
        3.0023703575134277
    ],
    "timestamp": 1754257840.5970411
}