{
    "embedding": [
        0.5727998614311218,
        0.5727998614311218,
        0.5727998614311218,
        0.6814022660255432,
        0.5727998614311218,
        0.7850872278213501,
        1.3107749223709106,
        0.5727998614311218,
        0.6369969248771667,
        0.5727998614311218,
        0.5727998614311218,
        0.5727998614311218,
        0.5727998614311218,
        1.6602962017059326,
        4.367859840393066,
        0.5727998614311218,
        0.5727998614311218,
        2.2424821853637695,
        0.5727998614311218,
        1.2571275234222412,
        0.5727998614311218,
        0.740123987197876,
        2.048516273498535,
        0.5727998614311218,
        0.9403116703033447,
        2.3737902641296387,
        0.5727998614311218,
        0.5727998614311218,
        0.5727998614311218,
        0.5727998614311218,
        0.5727998614311218,
        1.0543406009674072,
        0.5727998614311218,
        0.5727998614311218,
        1.039272427558899,
        1.3984007835388184,
        0.5727998614311218,
        1.7188730239868164,
        2.963444471359253,
        0.5727998614311218,
        0.5727998614311218,
        0.5727998614311218,
        0.6946738362312317,
        0.5727998614311218,
        0.6337161660194397,
        0.5727998614311218,
        0.5727998614311218,
        0.8910436034202576,
        0.5727998614311218,
        4.3212761878967285,
        2.092888593673706,
        0.6468654870986938,
        0.5727998614311218,
        0.5727998614311218,
        3.298429012298584,
        0.5727998614311218,
        0.5727998614311218,
        0.5727998614311218,
        0.5727998614311218,
        0.5727998614311218,
        0.5727998614311218,
        0.5727998614311218,
        0.5727998614311218,
        3.002371072769165
    ],
    "timestamp": 1754257841.2319326
}