{
  "predicted_latency": 808.1746826171875,
  "inference_time": 0.005530118942260742
}