{
  "predicted_latency": 0.02913774363696575,
  "actual_latency": 25.513971,
  "q_error": 875.633056640625,
  "inference_time": 2.0888798236846924,
  "timestamp": 1745762719.6692457
}