{
  "embedding": [
    0.7817468382203371,
    0.6342317372318039,
    3.6155657205573393,
    0.05938067094798713,
    0.12412864433887305,
    2.7681917704143206,
    0.21518689823158177,
    1.1634074244571946,
    0.6943533488356556,
    2.085662120511848,
    3.051156976421854,
    3.1820411335114267,
    2.6798609348540534,
    2.0796758318429105,
    0.0981070412277518,
    3.325238972658514,
    1.1050768511437479,
    2.846206896859497,
    0.5539348115646395,
    0.776873530686762,
    0.753193617842388,
    1.9546013085293157,
    1.5097878736193358,
    0.04903327995013647,
    0.5015050743047386,
    1.3884767019716753,
    1.654803922155135,
    1.7083035279726426,
    3.8781915182290243,
    1.3412918768344793,
    1.680991897551824,
    1.0402440234282502,
    0.46632644751681646,
    2.1056817989985634,
    3.3343621575191897,
    0.12399867319463914,
    0.87149313618989,
    0.2669741982006654,
    1.5416735293875503,
    2.4008780930340086,
    2.2163245818372266,
    3.6001649622122622,
    1.876374611836085,
    0.3503652106765559,
    1.4531953942622986,
    1.5934765701088145,
    1.7020691434040847,
    2.3165555778427764,
    3.949300859556565,
    1.622978031881228,
    0.289462377927102,
    4.274783024815467,
    2.7697806738814466,
    0.8792332222560196,
    1.2962193807696365,
    0.3271348111688577,
    3.4928891899732872,
    2.4713908590614997,
    1.2364131443130653,
    1.4759699173430554,
    0.04903327995013647,
    0.6242840590786184,
    0.5746605450020423,
    3.6355382573460298
  ],
  "timestamp": 1754304965.0773244
}