{
  "predicted_latency": 1025.0557861328125,
  "inference_time": 0.010708093643188477
}