{
  "query": "/*+ NoNestLoop(t ci) */ select count(*)\nfrom title AS t\ninner join cast_info AS ci\non t.id = ci.movie_id AND ci.person_id > 2729893;",
  "predicted_latency": 627.4664998054504,
  "actual_latency": 4674.462,
  "q_error": 7.449739550158206,
  "inference_time": 0.019299030303955078
}