{
  "predicted_latency": 165.30871391296387,
  "actual_latency": 3072.381,
  "q_error": 18.585717154738912,
  "inference_time": 0.12110662460327148
}