{
  "predicted_latency": 383.3118975162506,
  "actual_latency": 11360.191,
  "q_error": 29.636938153004714,
  "inference_time": 0.03441596031188965
}