{
  "query": "/*+  */ select count(*)\nfrom title AS t\ninner join cast_info AS ci\non t.id = ci.movie_id AND t.production_year > 2008 AND ci.person_id < 1394493;",
  "predicted_latency": 1476.6058921813965,
  "actual_latency": 3880.878,
  "q_error": 2.6282422551265605,
  "inference_time": 0.022197246551513672
}