{
  "query": "/*+  */ select count(*)\nfrom movie_companies AS mc\ninner join title AS t\non t.id = mc.movie_id AND mc.company_id > 91833;",
  "predicted_latency": 886.6142630577087,
  "actual_latency": 485.507,
  "q_error": 1.8261616476337288,
  "inference_time": 0.01897454261779785
}