{
  "predicted_latency": 0.0291377454996109,
  "actual_latency": 1.005425,
  "q_error": 34.50592803955078,
  "inference_time": 0.08919787406921387,
  "timestamp": 1745761940.1848834
}