{
  "query": "/*+  */ select count(*)\nfrom title AS t\ninner join cast_info AS ci\non t.id = ci.movie_id AND ci.person_id > 2812630 AND ci.role_id > 1;",
  "predicted_latency": 919.5467233657837,
  "actual_latency": 3703.682,
  "q_error": 4.027725732569136,
  "inference_time": 0.013776540756225586
}