{
  "num_queries": 35,
  "successful_queries": 35,
  "failed_queries": 0,
  "latency_stats": {
    "avg": 12344.056285714285,
    "total": 432041.97,
    "min": 31.546,
    "max": 91450.311,
    "std": 24743.765121831708,
    "unit": "ms"
  },
  "q_error_stats": {
    "avg": 12344.056285714285,
    "min": 31.546,
    "max": 91450.311,
    "std": 24743.765121831708,
    "median": 2758.026
  },
  "inference_stats": {
    "avg": 0.07791975566319057,
    "total": 2.72719144821167,
    "max": 0.1939387321472168,
    "unit": "seconds"
  },
  "timestamp": 1744709222.8062441
}