{
  "query": "/*+  */ select count(*)\nfrom title AS t\ninner join cast_info AS ci\non t.id = ci.movie_id AND t.kind_id < 7 AND ci.person_id < 2341342;",
  "predicted_latency": 1252.0697116851807,
  "actual_latency": 4910.794,
  "q_error": 3.9221410390883777,
  "inference_time": 0.0264434814453125
}