{
  "query": "/*+ NoNestLoop(t ci) */ select count(*)\nfrom title AS t\ninner join cast_info AS ci\non t.id = ci.movie_id AND ci.person_id > 2025152 AND ci.role_id = 10;",
  "predicted_latency": 508.03661346435547,
  "actual_latency": 1652.098,
  "q_error": 3.2519270387505514,
  "inference_time": 0.024842023849487305
}