{
    "embedding": [
        0.49525365233421326,
        0.49525365233421326,
        0.5247676968574524,
        0.8245176076889038,
        0.529175877571106,
        1.0375574827194214,
        0.49525365233421326,
        0.49525365233421326,
        0.5538564920425415,
        0.49525365233421326,
        0.49525365233421326,
        0.49525365233421326,
        0.5486770868301392,
        1.6609351634979248,
        3.3815765380859375,
        3.008683919906616,
        0.49525365233421326,
        1.1663020849227905,
        0.49525365233421326,
        1.2121734619140625,
        0.49525365233421326,
        0.49525365233421326,
        0.49525365233421326,
        0.49525365233421326,
        1.206606388092041,
        1.7266013622283936,
        0.49525365233421326,
        0.49525365233421326,
        0.49525365233421326,
        0.49525365233421326,
        3.2270920276641846,
        0.8694592714309692,
        0.49525365233421326,
        0.49525365233421326,
        2.065439462661743,
        2.6627860069274902,
        0.49525365233421326,
        0.793161153793335,
        2.294121503829956,
        0.49525365233421326,
        0.49525365233421326,
        0.49525365233421326,
        0.7970443964004517,
        0.49525365233421326,
        1.139870285987854,
        0.49525365233421326,
        0.49525365233421326,
        0.8101054430007935,
        0.49525365233421326,
        3.0214877128601074,
        1.788957118988037,
        0.6864764094352722,
        0.49525365233421326,
        0.49525365233421326,
        2.6978180408477783,
        0.49525365233421326,
        0.49525365233421326,
        0.49525365233421326,
        0.49525365233421326,
        0.49525365233421326,
        0.49525365233421326,
        0.49525365233421326,
        0.49525365233421326,
        2.594311475753784
    ],
    "timestamp": 1754258472.570705
}