{
    "embedding": [
        0.49525365233421326,
        0.49525365233421326,
        0.5247676968574524,
        0.8245177865028381,
        0.5291759371757507,
        1.03755784034729,
        0.49525365233421326,
        0.49525365233421326,
        0.5538566708564758,
        0.49525365233421326,
        0.49525365233421326,
        0.49525365233421326,
        0.5486772060394287,
        1.6609349250793457,
        3.3815760612487793,
        3.008683681488037,
        0.49525365233421326,
        1.166301965713501,
        0.49525365233421326,
        1.2121734619140625,
        0.49525365233421326,
        0.49525365233421326,
        0.49525365233421326,
        0.49525365233421326,
        1.206606388092041,
        1.726601243019104,
        0.49525365233421326,
        0.49525365233421326,
        0.49525365233421326,
        0.49525365233421326,
        3.227092981338501,
        0.8694592714309692,
        0.49525365233421326,
        0.49525365233421326,
        2.0654397010803223,
        2.6627862453460693,
        0.49525365233421326,
        0.7931612133979797,
        2.294121742248535,
        0.49525365233421326,
        0.49525365233421326,
        0.49525365233421326,
        0.7970443964004517,
        0.49525365233421326,
        1.1398699283599854,
        0.49525365233421326,
        0.49525365233421326,
        0.8101053833961487,
        0.49525365233421326,
        3.021488666534424,
        1.788957118988037,
        0.6864764094352722,
        0.49525365233421326,
        0.49525365233421326,
        2.6978187561035156,
        0.49525365233421326,
        0.49525365233421326,
        0.49525365233421326,
        0.49525365233421326,
        0.49525365233421326,
        0.49525365233421326,
        0.49525365233421326,
        0.49525365233421326,
        2.5943119525909424
    ],
    "timestamp": 1754258468.2435858
}