{
  "pg_runtime": 774.987,
  "opt_runtime": 383.196,
  "pg_slowdown": 2.0224297748410733,
  "pg_opt_diff": 391.79099999999994,
  "original_num_of_plans": 17,
  "pg_plan_card_error": 2614.0,
  "opt_plan_card_error": 1.0,
  "num_tables": 5,
  "opt_hint": "/*+ Rows(mc t #2609129) Rows(k mk #41840) Rows(mk t #4523930) Rows(mc mk #34863638) Rows(cn mc #56410) Rows(cn mc t #56410) Rows(k mc mk #148552) Rows(k mk t #41840) Rows(cn mc mk #2199054) Rows(mc mk t #34863638) Rows(cn k mc mk #5228) Rows(cn mc mk t #2199054) Rows(k mc mk t #148552) Rows(cn k mc mk t #5228) */"
}