{
  "predicted_latency": 902.0673217773438,
  "inference_time": 0.005430936813354492
}