{
  "predicted_latency": 644.6818237304688,
  "inference_time": 0.013770580291748047
}