{
  "query": "/*+  */ select count(*)\nfrom cast_info AS ci\ninner join title AS t\non t.id = ci.movie_id AND t.production_year < 1927;",
  "predicted_latency": 1136.5199089050293,
  "actual_latency": 3593.452,
  "q_error": 3.1618029493755917,
  "inference_time": 0.027139902114868164
}