{
  "predicted_latency": 0.02913774736225605,
  "actual_latency": 6.874199,
  "q_error": 235.92074584960938,
  "inference_time": 3.795175552368164,
  "timestamp": 1745452958.1664295
}