{
  "query": "/*+  */ select count(*)\nfrom movie_companies AS mc\ninner join title AS t\non t.id = mc.movie_id AND mc.company_id > 75710;",
  "predicted_latency": 977.7374267578125,
  "actual_latency": 531.816,
  "q_error": 1.8384881740260024,
  "inference_time": 0.02642965316772461
}