{
  "predicted_latency": 0.02913774736225605,
  "actual_latency": 3.424078,
  "q_error": 117.51347351074219,
  "inference_time": 0.6494929790496826,
  "timestamp": 1745757563.2931633
}