{
  "predicted_latency": 0.0291377454996109,
  "actual_latency": 2.829219,
  "q_error": 97.09807586669922,
  "inference_time": 0.8632400035858154,
  "timestamp": 1745480379.741611
}