{
  "predicted_latency": 122.52460420131683,
  "actual_latency": 1737.866,
  "q_error": 14.183812396933433,
  "inference_time": 0.09324431419372559
}