{
  "predicted_latency": 323.49252700805664,
  "actual_latency": 373.329,
  "q_error": 1.1540575711373455,
  "inference_time": 0.0841515064239502
}