{
  "predicted_latency": 304.1486442089081,
  "actual_latency": 428.787,
  "q_error": 1.4097942179399707,
  "inference_time": 0.10450482368469238
}