{
    "embedding": [
        0.5277214050292969,
        0.5277214050292969,
        0.529083788394928,
        0.8600637912750244,
        0.5277214050292969,
        1.311629056930542,
        0.5277214050292969,
        0.5277214050292969,
        0.7046471238136292,
        0.5277214050292969,
        0.5277214050292969,
        0.5277214050292969,
        0.5277214050292969,
        1.5125575065612793,
        3.6836910247802734,
        2.5394294261932373,
        0.5277214050292969,
        1.3246501684188843,
        0.5277214050292969,
        1.3520784378051758,
        0.5277214050292969,
        0.535147488117218,
        0.6690444350242615,
        0.5277214050292969,
        1.3186932802200317,
        1.5902000665664673,
        0.5277214050292969,
        0.5277214050292969,
        0.5277214050292969,
        0.5277214050292969,
        3.260645627975464,
        0.8993259072303772,
        0.5277214050292969,
        0.5277214050292969,
        2.166576862335205,
        2.835315227508545,
        0.5277214050292969,
        0.8616408705711365,
        2.7146451473236084,
        0.5277214050292969,
        0.5277214050292969,
        0.5277214050292969,
        0.8668383955955505,
        0.5277214050292969,
        1.4948875904083252,
        0.5277214050292969,
        0.5277214050292969,
        0.8850376605987549,
        0.5277214050292969,
        2.972475290298462,
        1.6306772232055664,
        0.6874451637268066,
        0.5277214050292969,
        0.5277214050292969,
        2.835537910461426,
        0.5277214050292969,
        0.5277214050292969,
        0.5277214050292969,
        0.5277214050292969,
        0.660496175289154,
        0.5277214050292969,
        0.5277214050292969,
        0.5277214050292969,
        2.6612720489501953
    ],
    "timestamp": 1754257627.6902783
}