{
    "embedding": [
        0.5277213454246521,
        0.5277213454246521,
        0.5290836691856384,
        0.8600640892982483,
        0.5277213454246521,
        1.3116291761398315,
        0.5277213454246521,
        0.5277213454246521,
        0.7046470046043396,
        0.5277213454246521,
        0.5277213454246521,
        0.5277213454246521,
        0.5277213454246521,
        1.5125573873519897,
        3.683692455291748,
        2.539428949356079,
        0.5277213454246521,
        1.3246498107910156,
        0.5277213454246521,
        1.3520781993865967,
        0.5277213454246521,
        0.5351474285125732,
        0.669044554233551,
        0.5277213454246521,
        1.3186936378479004,
        1.5902005434036255,
        0.5277213454246521,
        0.5277213454246521,
        0.5277213454246521,
        0.5277213454246521,
        3.260646104812622,
        0.8993259072303772,
        0.5277213454246521,
        0.5277213454246521,
        2.1665773391723633,
        2.8353142738342285,
        0.5277213454246521,
        0.8616408109664917,
        2.7146449089050293,
        0.5277213454246521,
        0.5277213454246521,
        0.5277213454246521,
        0.8668383955955505,
        0.5277213454246521,
        1.4948875904083252,
        0.5277213454246521,
        0.5277213454246521,
        0.8850377798080444,
        0.5277213454246521,
        2.972475528717041,
        1.6306768655776978,
        0.6874451637268066,
        0.5277213454246521,
        0.5277213454246521,
        2.835537910461426,
        0.5277213454246521,
        0.5277213454246521,
        0.5277213454246521,
        0.5277213454246521,
        0.660496175289154,
        0.5277213454246521,
        0.5277213454246521,
        0.5277213454246521,
        2.661271810531616
    ],
    "timestamp": 1754257626.7555385
}