{
  "predicted_latency": 0.0291377454996109,
  "actual_latency": 1.414336,
  "q_error": 48.539649963378906,
  "inference_time": 2.235605239868164,
  "timestamp": 1745452614.0261667
}