{
  "predicted_latency": 144.05329525470734,
  "actual_latency": 40.26,
  "q_error": 3.5780748945530885,
  "inference_time": 0.10525012016296387
}