{
  "predicted_latency": 37.97940444946289,
  "inference_time": 0.025691986083984375
}