{
  "query": "/*+  */ select count(*)\nfrom movie_companies AS mc\ninner join title AS t\non t.id = mc.movie_id AND mc.company_id > 67681;",
  "predicted_latency": 1040.3798818588257,
  "actual_latency": 656.309,
  "q_error": 1.5851982554845747,
  "inference_time": 0.02934575080871582
}