{
  "predicted_latency": 536.9933247566223,
  "actual_latency": 765.122,
  "q_error": 1.424825905139083,
  "inference_time": 0.07683420181274414
}