{
  "predicted_latency": 408.24100375175476,
  "actual_latency": 176.828,
  "q_error": 2.3086898214748497,
  "inference_time": 0.12358522415161133
}