{
  "predicted_latency": 537.2986793518066,
  "actual_latency": 23.656,
  "q_error": 22.71299794351567,
  "inference_time": 0.034117937088012695
}