{
  "pg_runtime": 7899.142,
  "opt_runtime": 6149.793,
  "pg_slowdown": 1.2844565662616612,
  "pg_opt_diff": 1749.3490000000002,
  "original_num_of_plans": 2,
  "pg_plan_card_error": 2804.979079497908,
  "opt_plan_card_error": 1.0,
  "num_tables": 9,
  "opt_hint": "/*+ Rows(kt t #662825) Rows(miidx t #1380035) Rows(mc t #2609129) Rows(it2 mi #3036719) Rows(ct mc #1334883) Rows(it miidx #459925) Rows(mi t #14835720) Rows(mc mi #67371414) Rows(mc miidx #4073078) Rows(cn mc #1153798) Rows(mi miidx #20885030) Rows(mc mi miidx #177388547) Rows(kt mc t #1307690) Rows(mi miidx t #20885030) Rows(kt mi t #8301049) Rows(mc miidx t #4073078) Rows(cn ct mc #552328) Rows(cn mc mi #24420867) Rows(it2 mc mi #10905021) Rows(cn mc t #1153798) Rows(kt miidx t #629900) Rows(ct mc mi #19468013) Rows(it2 mi t #3036719) Rows(cn mc miidx #1742698) Rows(ct mc t #1334883) Rows(it2 mi miidx #3367474) Rows(it mc miidx #1354883) Rows(it mi miidx #6930334) Rows(mc mi t #67371414) Rows(ct mc miidx #1753403) Rows(it miidx t #459925) Rows(cn mc miidx t #1742698) Rows(ct it2 mc mi #3243070) Rows(cn ct mc miidx #746064) Rows(kt mi miidx t #13638164) Rows(mc mi miidx t #177388547) Rows(it mc mi miidx #57984052) Rows(cn kt mc t #486331) Rows(it mi miidx t #6930334) Rows(kt mc miidx t #2327681) Rows(it kt miidx t #209880) Rows(cn it mc miidx #580109) Rows(it it2 mi miidx #1118984) Rows(ct it mc miidx #584222) Rows(it mc miidx t #1354883) Rows(it2 kt mi t #1083597) Rows(ct mc mi t #19468013) Rows(cn mc mi t #24420867) Rows(cn it2 mc mi #3437396) Rows(it2 mc mi t #10905021) Rows(ct mc mi miidx #42553106) Rows(cn mc mi miidx #60276938) Rows(ct kt mc t #640620) Rows(cn ct mc mi #9128700) Rows(it2 mc mi miidx #29157386) Rows(kt mc mi t #53714510) Rows(it2 mi miidx t #3367474) Rows(cn ct mc t #552328) Rows(ct mc miidx t #1753403) Rows(kt mc mi miidx t #148621556) Rows(cn ct it2 mc mi #1355560) Rows(ct it2 mc mi t #3243070) Rows(it it2 mi miidx t #1118984) Rows(ct it mc miidx t #584222) Rows(cn kt mc miidx t #798088) Rows(ct it2 mc mi miidx #7548645) Rows(cn it mc mi miidx #19786302) Rows(cn ct it mc miidx #248554) Rows(it kt mi miidx t #4514712) Rows(ct kt mc mi t #13398803) Rows(cn it mc miidx t #580109) Rows(cn it2 mc mi t #3437396) Rows(cn ct mc mi t #9128700) Rows(cn mc mi miidx t #60276938) Rows(it kt mc miidx t #773084) Rows(it2 kt mi miidx t #2184715) Rows(it2 kt mc mi t #8699319) Rows(ct it mc mi miidx #14091607) Rows(cn it2 mc mi miidx #8622189) Rows(cn ct mc mi miidx #20338636) Rows(it2 mc mi miidx t #29157386) Rows(cn ct kt mc t #210302) Rows(ct mc mi miidx t #42553106) Rows(cn ct mc miidx t #746064) Rows(it mc mi miidx t #57984052) Rows(cn kt mc mi t #17253245) Rows(ct kt mc miidx t #908567) Rows(it it2 mc mi miidx #9595757) Rows(ct kt mc mi miidx t #31047995) Rows(cn ct kt mc mi t #5621288) Rows(ct it2 kt mc mi t #2250196) Rows(cn ct mc mi miidx t #20338636) Rows(ct it2 mc mi miidx t #7548645) Rows(ct it it2 mc mi miidx #2504990) Rows(it2 kt mc mi miidx t #24740873) Rows(it it2 mc mi miidx t #9595757) Rows(cn ct kt mc miidx t #262281) Rows(cn kt mc mi miidx t #45333881) Rows(it it2 kt mi miidx t #724731) Rows(cn it2 kt mc mi t #2372747) Rows(ct it mc mi miidx t #14091607) Rows(cn it2 mc mi miidx t #8622189) Rows(cn it mc mi miidx t #19786302) Rows(it kt mc mi miidx t #48395055) Rows(cn ct it2 mc mi t #1355560) Rows(cn ct it mc mi miidx #6722560) Rows(ct it kt mc miidx t #302610) Rows(cn it it2 mc mi miidx #2843104) Rows(cn it kt mc miidx t #265239) Rows(cn ct it2 mc mi miidx #3173906) Rows(cn ct it mc miidx t #248554) Rows(ct it2 kt mc mi miidx t #5792160) Rows(ct it it2 mc mi miidx t #2504990) Rows(cn ct it it2 mc mi miidx #1051802) Rows(cn ct kt mc mi miidx t #13120708) Rows(cn ct it kt mc miidx t #87293) Rows(cn ct it mc mi miidx t #6722560) Rows(cn it kt mc mi miidx t #14805283) Rows(cn it it2 mc mi miidx t #2843104) Rows(cn it2 kt mc mi miidx t #6486384) Rows(ct it kt mc mi miidx t #10256570) Rows(cn ct it2 kt mc mi t #795840) Rows(it it2 kt mc mi miidx t #8123586) Rows(cn ct it2 mc mi miidx t #3173906) Rows(cn ct it kt mc mi miidx t #4316584) Rows(cn it it2 kt mc mi miidx t #2131169) Rows(cn ct it2 kt mc mi miidx t #2029670) Rows(ct it it2 kt mc mi miidx t #1919495) Rows(cn ct it it2 mc mi miidx t #1051802) Rows(cn ct it it2 kt mc mi miidx t #670390) */"
}