{
  "query": "/*+  */ select count(*)\nfrom cast_info AS ci\ninner join title AS t\non t.id = ci.movie_id AND ci.person_id < 2085063 AND t.production_year = 2012;",
  "predicted_latency": 1389.8147344589233,
  "actual_latency": 3151.93,
  "q_error": 2.267877812669108,
  "inference_time": 0.01888585090637207
}