{
    "embedding": [
        0.6288145184516907,
        0.6288145184516907,
        0.6288145184516907,
        0.7871474027633667,
        0.6288145184516907,
        0.831156849861145,
        1.9412754774093628,
        0.6288145184516907,
        0.8071140050888062,
        0.6288145184516907,
        0.6288145184516907,
        0.6288145184516907,
        0.6288145184516907,
        1.773710012435913,
        4.650970935821533,
        0.6288145184516907,
        0.6288145184516907,
        2.5233747959136963,
        0.6288145184516907,
        1.3332372903823853,
        0.6288145184516907,
        0.6412481069564819,
        2.1232998371124268,
        0.6288145184516907,
        1.4401613473892212,
        2.3928258419036865,
        0.6288145184516907,
        0.6288145184516907,
        0.6288145184516907,
        0.6288145184516907,
        1.44308340549469,
        1.1596693992614746,
        0.6288145184516907,
        0.6288145184516907,
        1.1045666933059692,
        1.557026743888855,
        0.6288145184516907,
        1.8014789819717407,
        3.0926318168640137,
        0.6288145184516907,
        0.6288145184516907,
        0.6288145184516907,
        0.8163907527923584,
        0.6288145184516907,
        1.6636080741882324,
        0.6288145184516907,
        0.6288145184516907,
        1.0845237970352173,
        0.6288145184516907,
        4.579308986663818,
        2.241407632827759,
        0.7070935964584351,
        0.6288145184516907,
        0.6288145184516907,
        3.4565963745117188,
        0.6288145184516907,
        0.6288145184516907,
        0.6288145184516907,
        0.6288145184516907,
        0.6288145184516907,
        0.6288145184516907,
        1.0125690698623657,
        0.6288145184516907,
        4.206581115722656
    ],
    "timestamp": 1754257841.8972218
}