{
    "embedding": [
        0.6288145780563354,
        0.6288145780563354,
        0.6288145780563354,
        0.7871474623680115,
        0.6288145780563354,
        0.8311567902565002,
        1.9412758350372314,
        0.6288145780563354,
        0.8071141839027405,
        0.6288145780563354,
        0.6288145780563354,
        0.6288145780563354,
        0.6288145780563354,
        1.773709774017334,
        4.650972366333008,
        0.6288145780563354,
        0.6288145780563354,
        2.5233747959136963,
        0.6288145780563354,
        1.333237648010254,
        0.6288145780563354,
        0.6412481069564819,
        2.123300075531006,
        0.6288145780563354,
        1.440161108970642,
        2.392826557159424,
        0.6288145780563354,
        0.6288145780563354,
        0.6288145780563354,
        0.6288145780563354,
        1.4430832862854004,
        1.1596696376800537,
        0.6288145780563354,
        0.6288145780563354,
        1.104567050933838,
        1.5570266246795654,
        0.6288145780563354,
        1.8014793395996094,
        3.0926318168640137,
        0.6288145780563354,
        0.6288145780563354,
        0.6288145780563354,
        0.8163907527923584,
        0.6288145780563354,
        1.6636085510253906,
        0.6288145780563354,
        0.6288145780563354,
        1.0845240354537964,
        0.6288145780563354,
        4.579308986663818,
        2.241408109664917,
        0.7070936560630798,
        0.6288145780563354,
        0.6288145780563354,
        3.456596851348877,
        0.6288145780563354,
        0.6288145780563354,
        0.6288145780563354,
        0.6288145780563354,
        0.6288145780563354,
        0.6288145780563354,
        1.0125689506530762,
        0.6288145780563354,
        4.206582069396973
    ],
    "timestamp": 1754257842.530803
}