{
  "query": "/*+  */ select count(*)\nfrom movie_keyword AS mk\ninner join title AS t\non t.id = mk.movie_id AND mk.keyword_id > 398;",
  "predicted_latency": 1200.1374959945679,
  "actual_latency": 1213.018,
  "q_error": 1.010732523605354,
  "inference_time": 0.029362916946411133
}