{
  "predicted_latency": 936.7787837982178,
  "actual_latency": 3079.787,
  "q_error": 3.2876353022352247,
  "inference_time": 0.05962681770324707
}