{
  "predicted_latency": 1112.18359375,
  "inference_time": 0.01892685890197754
}