{
  "predicted_latency": 419.94207763671875,
  "inference_time": 0.06574058532714844
}