{
  "predicted_latency": 380.1999816894531,
  "inference_time": 0.008538484573364258
}