{
  "predicted_latency": 0.02913774736225605,
  "actual_latency": 6.794986,
  "q_error": 233.20216369628906,
  "inference_time": 1.771104097366333,
  "timestamp": 1745755043.9032655
}