{
  "predicted_latency": 511.84022426605225,
  "actual_latency": 775.137,
  "q_error": 1.5144120435464001,
  "inference_time": 0.09343767166137695
}