{
  "query": "/*+  */ select count(*)\nfrom title AS t\ninner join cast_info AS ci\non t.id = ci.movie_id AND ci.person_id < 2522909;",
  "predicted_latency": 935.7492923736572,
  "actual_latency": 7447.523,
  "q_error": 7.958887130022113,
  "inference_time": 0.0264892578125
}