{
  "predicted_latency": 0.02913774736225605,
  "actual_latency": 0.198594,
  "q_error": 6.815695285797119,
  "inference_time": 0.06067037582397461,
  "timestamp": 1745761089.0617378
}