{
  "predicted_latency": 129.72387671470642,
  "actual_latency": 313.328,
  "q_error": 2.415345639793687,
  "inference_time": 0.09637951850891113
}