{
  "predicted_latency": 407.4075927734375,
  "inference_time": 0.0068361759185791016
}