{
  "query": "/*+  */ select count(*)\nfrom title AS t\ninner join cast_info AS ci\non t.id = ci.movie_id AND t.kind_id = 7 AND ci.person_id > 3302093 AND ci.role_id > 1;",
  "predicted_latency": 1238.0573749542236,
  "actual_latency": 1621.929,
  "q_error": 1.3100596408627425,
  "inference_time": 0.015165328979492188
}