{
  "query": "/*+  */ select count(*)\nfrom movie_companies AS mc\ninner join title AS t\non t.id = mc.movie_id AND mc.company_id < 95345;",
  "predicted_latency": 1286.2181663513184,
  "actual_latency": 1085.982,
  "q_error": 1.18438258309191,
  "inference_time": 0.020463228225708008
}