{
  "query": "/*+  */ select count(*)\nfrom cast_info AS ci\ninner join title AS t\non t.id = ci.movie_id AND t.production_year < 1957;",
  "predicted_latency": 1162.0343923568726,
  "actual_latency": 4312.465,
  "q_error": 3.7111337051335727,
  "inference_time": 0.01870417594909668
}