{
  "predicted_latency": 0.0291377454996109,
  "actual_latency": 113.94503200000001,
  "q_error": 3910.564453125,
  "inference_time": 0.2564101219177246,
  "timestamp": 1745771354.9431217
}