{
  "query": "/*+  */ select count(*)\nfrom title AS t\ninner join cast_info AS ci\non t.id = ci.movie_id AND ci.person_id > 802942 AND ci.role_id < 2;",
  "predicted_latency": 1076.2630701065063,
  "actual_latency": 2975.022,
  "q_error": 2.764214514677711,
  "inference_time": 0.02630758285522461
}