{
  "query": "/*+ NoNestLoop(t ci) */ select count(*)\nfrom title AS t\ninner join cast_info AS ci\non t.id = ci.movie_id AND ci.person_id > 2614947;",
  "predicted_latency": 632.4641704559326,
  "actual_latency": 4865.409,
  "q_error": 7.692782021932736,
  "inference_time": 0.024689912796020508
}