{
  "predicted_latency": 706.5452337265015,
  "actual_latency": 7915.304,
  "q_error": 11.202826970118599,
  "inference_time": 0.12216067314147949
}