{
  "predicted_latency": 325.30272006988525,
  "actual_latency": 1778.227,
  "q_error": 5.466376056179245,
  "inference_time": 0.11374473571777344
}