{
  "query": "/*+  */ select count(*)\nfrom movie_keyword AS mk\ninner join title AS t\non t.id = mk.movie_id AND mk.keyword_id < 57218;",
  "predicted_latency": 1226.4049053192139,
  "actual_latency": 1159.389,
  "q_error": 1.0578027782903012,
  "inference_time": 0.029124975204467773
}