{
  "predicted_latency": 261.7313861846924,
  "actual_latency": 1972.378,
  "q_error": 7.535886424443491,
  "inference_time": 0.07328343391418457
}