{
  "predicted_latency": 0.02913774363696575,
  "actual_latency": 6.23023,
  "q_error": 213.81991577148438,
  "inference_time": 0.09409236907958984,
  "timestamp": 1745492764.2637122
}