{
  "query": "/*+  */ select count(*)\nfrom title AS t\ninner join cast_info AS ci\non t.id = ci.movie_id AND ci.person_id < 1147976 AND ci.role_id > 1;",
  "predicted_latency": 928.3856749534607,
  "actual_latency": 2857.419,
  "q_error": 3.0778361591406935,
  "inference_time": 0.013715505599975586
}