{
  "predicted_latency": 0.02913774736225605,
  "actual_latency": 0.171436,
  "q_error": 5.883639335632324,
  "inference_time": 0.07053303718566895,
  "timestamp": 1745753908.5848584
}