{
  "predicted_latency": 0.02913774736225605,
  "actual_latency": 0.38697699999999996,
  "q_error": 13.280950546264648,
  "inference_time": 2.3973405361175537,
  "timestamp": 1745481440.38659
}