{
  "predicted_latency": 828.6276459693909,
  "actual_latency": 104.089,
  "q_error": 7.960760944666496,
  "inference_time": 0.07361292839050293
}