{
  "predicted_latency": 217.75126457214355,
  "actual_latency": 260.656,
  "q_error": 1.1970355281846898,
  "inference_time": 0.15828418731689453
}