{
  "query": "/*+  */ select count(*)\nfrom cast_info AS ci\ninner join title AS t\non t.id = ci.movie_id AND ci.person_id < 2617060 AND ci.role_id < 10 AND t.kind_id = 1;",
  "predicted_latency": 1423.7459897994995,
  "actual_latency": 4585.424,
  "q_error": 3.220675621109737,
  "inference_time": 0.018771648406982422
}