{
  "query": "/*+ NoNestLoop(t ci) */ select count(*)\nfrom title AS t\ninner join cast_info AS ci\non t.id = ci.movie_id AND ci.person_id > 3087600;",
  "predicted_latency": 685.5253577232361,
  "actual_latency": 2660.64,
  "q_error": 3.8811693397258216,
  "inference_time": 0.025228261947631836
}