{
  "predicted_latency": 651.4745950698853,
  "actual_latency": 2249.681,
  "q_error": 3.453213704762611,
  "inference_time": 0.06895852088928223
}