{
  "predicted_latency": 0.010861066170036793,
  "actual_latency": 2.951445,
  "q_error": 271.74542236328125,
  "inference_time": 0.05235123634338379,
  "timestamp": 1744806057.119431
}