{
  "predicted_latency": 350.1336669921875,
  "inference_time": 0.019800186157226562
}