{
  "query": "/*+  */ select count(*)\nfrom movie_keyword AS mk\ninner join title AS t\non t.id = mk.movie_id AND mk.keyword_id < 34708;",
  "predicted_latency": 1200.353980064392,
  "actual_latency": 1193.458,
  "q_error": 1.0057781506047068,
  "inference_time": 0.0179288387298584
}