{
  "predicted_latency": 186.0523372888565,
  "actual_latency": 33971.429,
  "q_error": 182.59071342520937,
  "inference_time": 0.14055085182189941
}