{
  "query": "/*+  */ select count(*)\nfrom title AS t\ninner join cast_info AS ci\non t.id = ci.movie_id AND ci.person_id < 695011 AND ci.role_id > 1;",
  "predicted_latency": 911.955714225769,
  "actual_latency": 2182.856,
  "q_error": 2.393598686810355,
  "inference_time": 0.014951944351196289
}