{
    "embedding": [
        0.5410329699516296,
        0.5410329699516296,
        0.5497171878814697,
        0.614549994468689,
        0.5839411616325378,
        1.3485479354858398,
        0.5410329699516296,
        0.5410329699516296,
        1.2912060022354126,
        0.5410329699516296,
        0.5410329699516296,
        0.5410329699516296,
        0.5410329699516296,
        2.2479140758514404,
        2.924978494644165,
        1.1718082427978516,
        0.5410329699516296,
        2.3747642040252686,
        0.5410329699516296,
        2.2106823921203613,
        0.5410329699516296,
        3.3645710945129395,
        2.8377530574798584,
        0.5410329699516296,
        1.206056833267212,
        2.5849101543426514,
        0.5410329699516296,
        0.5410329699516296,
        0.5410329699516296,
        0.5410329699516296,
        2.3793253898620605,
        2.9466304779052734,
        0.5410329699516296,
        0.5410329699516296,
        1.9990041255950928,
        2.104678153991699,
        0.5410329699516296,
        2.892507791519165,
        2.3725664615631104,
        0.5410329699516296,
        0.5410329699516296,
        0.5410329699516296,
        0.6702374219894409,
        0.5410329699516296,
        1.5399384498596191,
        0.5410329699516296,
        0.5410329699516296,
        0.8400730490684509,
        0.5410329699516296,
        2.7665963172912598,
        2.6687376499176025,
        1.8433412313461304,
        0.5410329699516296,
        0.5410329699516296,
        2.558289051055908,
        0.5410329699516296,
        0.5410329699516296,
        0.5410329699516296,
        0.5410329699516296,
        0.6486254334449768,
        0.5410329699516296,
        2.7904558181762695,
        0.5410329699516296,
        3.8241167068481445
    ],
    "timestamp": 1754257632.8412669
}