{
    "embedding": [
        0.5410330295562744,
        0.5410330295562744,
        0.5497171878814697,
        0.614549994468689,
        0.5839412212371826,
        1.3485479354858398,
        0.5410330295562744,
        0.5410330295562744,
        1.2912062406539917,
        0.5410330295562744,
        0.5410330295562744,
        0.5410330295562744,
        0.5410330295562744,
        2.2479138374328613,
        2.9249792098999023,
        1.1718082427978516,
        0.5410330295562744,
        2.3747646808624268,
        0.5410330295562744,
        2.210681915283203,
        0.5410330295562744,
        3.364570379257202,
        2.8377525806427,
        0.5410330295562744,
        1.2060569524765015,
        2.5849101543426514,
        0.5410330295562744,
        0.5410330295562744,
        0.5410330295562744,
        0.5410330295562744,
        2.3793249130249023,
        2.9466304779052734,
        0.5410330295562744,
        0.5410330295562744,
        1.9990040063858032,
        2.104678153991699,
        0.5410330295562744,
        2.892507553100586,
        2.372565984725952,
        0.5410330295562744,
        0.5410330295562744,
        0.5410330295562744,
        0.6702374815940857,
        0.5410330295562744,
        1.53993821144104,
        0.5410330295562744,
        0.5410330295562744,
        0.8400730490684509,
        0.5410330295562744,
        2.766596794128418,
        2.6687378883361816,
        1.8433409929275513,
        0.5410330295562744,
        0.5410330295562744,
        2.5582897663116455,
        0.5410330295562744,
        0.5410330295562744,
        0.5410330295562744,
        0.5410330295562744,
        0.6486254930496216,
        0.5410330295562744,
        2.7904562950134277,
        0.5410330295562744,
        3.8241159915924072
    ],
    "timestamp": 1754257628.9590757
}