{
  "embedding": [
    1.4013661312736416,
    0.9543927206532159,
    3.4971063165373417,
    0.16981335646189274,
    0.052563856277847563,
    1.990382932145847,
    0.8540196269328627,
    1.0659473754819464,
    0.825115132809099,
    1.7665197574891112,
    2.833600139362381,
    2.5615098126330476,
    2.039166706276827,
    2.179266121581574,
    0.16096034461946357,
    1.9507018453694043,
    0.348059788900559,
    3.4651060445028246,
    0.5980087990691935,
    0.052563856277847563,
    0.3477110536387238,
    1.3688681483310012,
    2.257492229533416,
    0.052563856277847563,
    0.6791587479308041,
    1.209033598728097,
    1.5287773797698883,
    2.683892708060792,
    3.4820891082638834,
    1.0541089160315313,
    1.7195945965005277,
    1.035514831403487,
    0.5166807026218803,
    0.9571231011790672,
    2.752442233568369,
    0.7366602670352287,
    2.167175926068592,
    0.2573366444014077,
    2.026192189039607,
    2.6137027262905144,
    1.2109076639377723,
    2.8676486288306173,
    1.825844968961431,
    0.37960480142267994,
    1.6306500140747424,
    2.151904976361176,
    0.2064979484390749,
    3.0403869913766766,
    3.0601704865989525,
    0.09936123885035245,
    0.10913803250918606,
    2.7813128637252293,
    1.9635409177152163,
    1.6943369358829885,
    1.4814672177183315,
    0.5004517881131267,
    3.295441094631821,
    1.2853741102204492,
    1.0156732730462297,
    2.2547262281804077,
    0.052563856277847563,
    0.6170118304720354,
    0.7958022891323204,
    3.0908050496525186
  ],
  "timestamp": 1754307511.6906285
}