{
  "embedding": [
    1.7395451623647757,
    1.1149702519943037,
    3.727465098535902,
    0.18879971208342675,
    0.09019967121594155,
    2.0907618403701504,
    0.5316747246187532,
    1.3962556475152,
    0.8627879609203325,
    1.8750014816365321,
    3.051889881940912,
    2.6635344172402835,
    2.3747771125383403,
    2.3206387155042694,
    0.19018770303558424,
    1.9988068332048947,
    0.3791368288352957,
    3.5705379742131127,
    0.6709967370151733,
    0.5834589041977923,
    0.40071294137456326,
    1.3344787633005344,
    2.6271039364798026,
    0.09019967121594155,
    0.9143131003745203,
    1.3296328708976783,
    1.5732636580188588,
    2.7879147749881734,
    3.8264926208857877,
    1.1690858791553302,
    1.8626895402011532,
    0.7306649036293921,
    0.6027902978420515,
    1.0859446787245735,
    2.777310489575066,
    1.0283281831026934,
    2.4104067055508334,
    0.3098584549224439,
    2.292712841464276,
    2.769477899907516,
    1.3422823616955402,
    3.2627224836774142,
    1.7414576759948837,
    0.4124822564904473,
    1.8291138619330198,
    2.3193313469424126,
    0.24244320492512408,
    3.3025289712030568,
    3.2304826542393994,
    0.8668622095354208,
    0.47540340443066903,
    2.91012871243954,
    2.1771169896519913,
    2.040369971686984,
    1.645369601465973,
    0.812319754529297,
    3.364263519836839,
    1.5154591602283878,
    1.1372769877363254,
    2.6634287785288624,
    0.09019967121594155,
    0.7499073629010479,
    0.9247937499613372,
    3.3989931753445735
  ],
  "timestamp": 1754307512.65975
}