{
  "query": "/*+  */ select count(*)\nfrom title AS t\ninner join cast_info AS ci\non t.id = ci.movie_id AND ci.person_id < 2768590 AND ci.role_id = 2;",
  "predicted_latency": 972.3159670829773,
  "actual_latency": 3207.214,
  "q_error": 3.2985306305540663,
  "inference_time": 0.017267704010009766
}