{
  "predicted_latency": 0.02913774736225605,
  "actual_latency": 1.50758,
  "q_error": 51.73976135253906,
  "inference_time": 0.30493664741516113,
  "timestamp": 1745452110.659092
}