{
  "query": "/*+  */ select count(*)\nfrom movie_companies AS mc\ninner join title AS t\non t.id = mc.movie_id AND mc.company_id > 72142;",
  "predicted_latency": 1014.1597986221313,
  "actual_latency": 634.211,
  "q_error": 1.5990889445659746,
  "inference_time": 0.01674365997314453
}