{
  "predicted_latency": 446.5323486328125,
  "inference_time": 0.009101390838623047
}