{
  "query": "/*+  */ select count(*)\nfrom movie_companies AS mc\ninner join title AS t\non t.id = mc.movie_id AND mc.company_id > 52;",
  "predicted_latency": 1233.2003116607666,
  "actual_latency": 1040.934,
  "q_error": 1.1847055737066583,
  "inference_time": 0.018378019332885742
}