{
  "query": "/*+  */ select count(*)\nfrom movie_keyword AS mk\ninner join title AS t\non t.id = mk.movie_id AND mk.keyword_id < 33957;",
  "predicted_latency": 1200.1045942306519,
  "actual_latency": 1132.635,
  "q_error": 1.0595686997405624,
  "inference_time": 0.017827749252319336
}