{
  "predicted_latency": 441.3147568702698,
  "actual_latency": 208.538,
  "q_error": 2.1162318468109875,
  "inference_time": 0.06567549705505371
}