{
  "predicted_latency": 1326.3807373046875,
  "inference_time": 0.03208804130554199
}