{
  "query": "/*+  */ select count(*)\nfrom title AS t\ninner join cast_info AS ci\non t.id = ci.movie_id AND ci.person_id < 2915933;",
  "predicted_latency": 1152.5790691375732,
  "actual_latency": 9086.6,
  "q_error": 7.883710752095406,
  "inference_time": 0.03037118911743164
}