{
  "predicted_latency": 378.3220648765564,
  "actual_latency": 417.662,
  "q_error": 1.103985304521638,
  "inference_time": 0.10468268394470215
}