{
  "predicted_latency": 856.6663818359375,
  "inference_time": 0.008313655853271484
}