{
  "query": "/*+  */ select count(*)\nfrom title AS t\ninner join cast_info AS ci\non t.id = ci.movie_id AND ci.person_id < 1381333 AND ci.role_id < 6;",
  "predicted_latency": 1157.1444272994995,
  "actual_latency": 4879.076,
  "q_error": 4.216479710649954,
  "inference_time": 0.02573680877685547
}