{
  "predicted_latency": 0.02913774736225605,
  "actual_latency": 5.881926999999999,
  "q_error": 201.86622619628906,
  "inference_time": 0.07152414321899414,
  "timestamp": 1745761948.151476
}