{
  "query": "/*+  */ select count(*)\nfrom movie_keyword AS mk\ninner join title AS t\non t.id = mk.movie_id AND mk.keyword_id < 61024;",
  "predicted_latency": 1231.8305969238281,
  "actual_latency": 1394.661,
  "q_error": 1.132185710829718,
  "inference_time": 0.026364803314208984
}