{
  "query": "/*+  */ select count(*)\nfrom title AS t\ninner join movie_keyword AS mk\non t.id = mk.movie_id AND t.production_year > 2002 AND mk.keyword_id < 22407;",
  "predicted_latency": 1434.7079992294312,
  "actual_latency": 842.211,
  "q_error": 1.7035018531335153,
  "inference_time": 0.025825977325439453
}