{
  "predicted_latency": 1.0,
  "actual_latency": 15705.068,
  "q_error": 15705.068,
  "inference_time": 1.8962035179138184,
  "timestamp": 1744678858.0228522
}