{
  "predicted_latency": 0.02913774363696575,
  "actual_latency": 2.3828159999999996,
  "q_error": 81.77764892578125,
  "inference_time": 1.2311301231384277,
  "timestamp": 1745772105.7793317
}