{
  "predicted_latency": 0.0291377454996109,
  "actual_latency": 105.163583,
  "q_error": 3609.187255859375,
  "inference_time": 0.08939099311828613,
  "timestamp": 1745754460.2642784
}