{
  "query": "/*+  */ select count(*)\nfrom movie_companies AS mc\ninner join title AS t\non t.id = mc.movie_id AND mc.company_id < 176490;",
  "predicted_latency": 1181.2914609909058,
  "actual_latency": 1083.616,
  "q_error": 1.0901384447912414,
  "inference_time": 0.026584148406982422
}