{
  "predicted_latency": 926.0403513908386,
  "actual_latency": 3516.991,
  "q_error": 3.7978809397644073,
  "inference_time": 0.09322619438171387
}