{
  "predicted_latency": 0.02913774363696575,
  "actual_latency": 7.411804,
  "q_error": 254.37124633789062,
  "inference_time": 0.43749046325683594,
  "timestamp": 1745772129.2710836
}