{
  "predicted_latency": 189.05210494995117,
  "actual_latency": 89.236,
  "q_error": 2.118563191424438,
  "inference_time": 0.2005321979522705
}