{
  "predicted_latency": 0.02913774736225605,
  "actual_latency": 5.178185,
  "q_error": 177.71397399902344,
  "inference_time": 1.817857027053833,
  "timestamp": 1745772150.286197
}