{
  "predicted_latency": 0.02913774736225605,
  "actual_latency": 1.403931,
  "q_error": 48.182552337646484,
  "inference_time": 2.323850631713867,
  "timestamp": 1745770437.6562395
}