{
  "query": "/*+ NoNestLoop(ci t) */ select count(*)\nfrom cast_info AS ci\ninner join title AS t\non t.id = ci.movie_id AND ci.person_id < 3011170;",
  "predicted_latency": 1155.4450988769531,
  "actual_latency": 9549.647,
  "q_error": 8.26490761809616,
  "inference_time": 0.027439355850219727
}