{
  "query": "/*+ NoNestLoop(ci t) */ select count(*)\nfrom cast_info AS ci\ninner join title AS t\non t.id = ci.movie_id AND ci.person_id < 3226146;",
  "predicted_latency": 1130.8764219284058,
  "actual_latency": 8963.501,
  "q_error": 7.926154287234284,
  "inference_time": 0.026892900466918945
}