{
  "predicted_latency": 245.68951416015625,
  "inference_time": 0.015093088150024414
}