{
  "pg_runtime": 36267.488,
  "opt_runtime": 39533.851,
  "pg_slowdown": 0.9173780717694311,
  "pg_opt_diff": -3266.363000000005,
  "original_num_of_plans": 2,
  "pg_plan_card_error": 9.730929803143137,
  "opt_plan_card_error": 1.0,
  "num_tables": 3,
  "opt_hint": "/*+ Rows(movie_keyword title #2343162) Rows(cast_info title #8852321) Rows(cast_info movie_keyword title #151179813) */"
}