{
  "predicted_latency": 0.02913774736225605,
  "actual_latency": 3.411056,
  "q_error": 117.06656646728516,
  "inference_time": 1.642533540725708,
  "timestamp": 1745758711.1070645
}