{
  "predicted_latency": 536.139726638794,
  "actual_latency": 50.86,
  "q_error": 10.5414810585685,
  "inference_time": 0.13168597221374512
}