{
  "query": "/*+  */ select count(*)\nfrom title AS t\ninner join cast_info AS ci\non t.id = ci.movie_id AND t.kind_id = 1 AND t.production_year < 2001 AND ci.person_id > 1548834;",
  "predicted_latency": 1452.4198770523071,
  "actual_latency": 3364.083,
  "q_error": 2.316191793537983,
  "inference_time": 0.018085956573486328
}