{
  "predicted_latency": 450.3462612628937,
  "actual_latency": 24.991,
  "q_error": 18.02033777211371,
  "inference_time": 0.03481459617614746
}