{
  "predicted_latency": 641.3813233375549,
  "actual_latency": 652.12,
  "q_error": 1.0167430454734232,
  "inference_time": 0.04045987129211426
}