{
  "query": "/*+  */ select count(*)\nfrom title AS t\ninner join cast_info AS ci\non t.id = ci.movie_id AND ci.person_id < 2541913 AND ci.role_id < 5;",
  "predicted_latency": 1115.5141592025757,
  "actual_latency": 7299.532,
  "q_error": 6.543648002834912,
  "inference_time": 0.017953157424926758
}