{
  "query": "/*+  */ select count(*)\nfrom movie_companies AS mc\ninner join title AS t\non t.id = mc.movie_id AND mc.company_id > 181234;",
  "predicted_latency": 605.3367853164673,
  "actual_latency": 343.154,
  "q_error": 1.7640382607122962,
  "inference_time": 0.026553630828857422
}