{
  "predicted_latency": 121.9780044555664,
  "inference_time": 0.008239269256591797
}