{
  "predicted_latency": 0.02913774363696575,
  "actual_latency": 2.473391,
  "q_error": 84.88615417480469,
  "inference_time": 0.046860694885253906,
  "timestamp": 1745492897.3311043
}