{
  "predicted_latency": 0.0291377454996109,
  "actual_latency": 47.442112,
  "q_error": 1628.201171875,
  "inference_time": 0.4425938129425049,
  "timestamp": 1745754100.4530852
}