{
  "query": "/*+  */ select count(*)\nfrom movie_info AS mi\ninner join title AS t\non t.id = mi.movie_id AND t.production_year < 1956;",
  "predicted_latency": 1200.0125646591187,
  "actual_latency": 1851.164,
  "q_error": 1.5426205145825707,
  "inference_time": 0.01772022247314453
}