{
  "predicted_latency": 1635.527587890625,
  "inference_time": 0.04426145553588867
}