{
  "predicted_latency": 585.9441757202148,
  "actual_latency": 3526.563,
  "q_error": 6.018598948722915,
  "inference_time": 0.11155223846435547
}