{
  "predicted_latency": 0.02913774736225605,
  "actual_latency": 0.179067,
  "q_error": 6.145533561706543,
  "inference_time": 0.07953929901123047,
  "timestamp": 1745760810.8231983
}