{
  "predicted_latency": 0.02913774363696575,
  "actual_latency": 106.27000100000001,
  "q_error": 3647.15966796875,
  "inference_time": 2.6430184841156006,
  "timestamp": 1745762185.2173038
}