{
  "predicted_latency": 166.02331399917603,
  "actual_latency": 181.596,
  "q_error": 1.0937981878912577,
  "inference_time": 0.2258009910583496
}