{
  "query": "/*+  */ select count(*)\nfrom movie_companies AS mc\ninner join title AS t\non t.id = mc.movie_id AND mc.company_id < 208790;",
  "predicted_latency": 1208.2065343856812,
  "actual_latency": 1087.858,
  "q_error": 1.1106289004499494,
  "inference_time": 0.027061939239501953
}