{
  "query": "/*+  */ select count(*)\nfrom movie_companies AS mc\ninner join title AS t\non t.id = mc.movie_id AND mc.company_id < 94756;",
  "predicted_latency": 1288.5957956314087,
  "actual_latency": 1160.58,
  "q_error": 1.1103032928634033,
  "inference_time": 0.21751761436462402
}