{
  "predicted_latency": 224.94706511497498,
  "actual_latency": 4323.134,
  "q_error": 19.21845033981821,
  "inference_time": 0.254533052444458
}