{
  "predicted_latency": 1920.65966796875,
  "inference_time": 0.022510766983032227
}