{
  "predicted_latency": 547.991931438446,
  "actual_latency": 1943.039,
  "q_error": 3.5457438121390563,
  "inference_time": 0.09346628189086914
}