{
  "predicted_latency": 477.2604675292969,
  "inference_time": 0.006641864776611328
}