{
  "query": "/*+  */ select count(*)\nfrom title AS t\ninner join cast_info AS ci\non t.id = ci.movie_id AND t.production_year > 2005 AND ci.person_id > 1410784 AND ci.role_id > 2;",
  "predicted_latency": 1432.2632551193237,
  "actual_latency": 3653.41,
  "q_error": 2.5507950350200317,
  "inference_time": 0.018170595169067383
}