{
  "predicted_latency": 112.56896704435349,
  "actual_latency": 845.1,
  "q_error": 7.507397661977486,
  "inference_time": 0.11480355262756348
}