{
  "predicted_latency": 0.0291377454996109,
  "actual_latency": 7.305206,
  "q_error": 250.71279907226562,
  "inference_time": 0.03868818283081055,
  "timestamp": 1745758705.916371
}