{
  "predicted_latency": 0.0291377454996109,
  "actual_latency": 133.03284299999999,
  "q_error": 4565.65283203125,
  "inference_time": 0.09832286834716797,
  "timestamp": 1745753695.5833397
}