{
  "query": "/*+  */ select count(*)\nfrom movie_companies AS mc\ninner join title AS t\non t.id = mc.movie_id AND t.production_year < 1967;",
  "predicted_latency": 1241.6988611221313,
  "actual_latency": 545.008,
  "q_error": 2.2783130910411065,
  "inference_time": 0.030543088912963867
}