{
  "predicted_latency": 319.37469482421875,
  "inference_time": 0.02184271812438965
}