{
  "query": "/*+  */ select count(*)\nfrom title AS t\ninner join cast_info AS ci\non t.id = ci.movie_id AND ci.person_id < 2613424 AND ci.role_id > 3;",
  "predicted_latency": 919.6715950965881,
  "actual_latency": 2450.394,
  "q_error": 2.664422836439401,
  "inference_time": 0.029344797134399414
}