{
  "predicted_latency": 0.02913774736225605,
  "actual_latency": 3.275357,
  "q_error": 112.40940856933594,
  "inference_time": 2.460700273513794,
  "timestamp": 1745755461.4423711
}