{
  "predicted_latency": 348.60382080078125,
  "inference_time": 0.013115167617797852
}