{
  "predicted_latency": 498.8033175468445,
  "actual_latency": 794.993,
  "q_error": 1.5938005462951623,
  "inference_time": 0.10731649398803711
}