{
  "predicted_latency": 270.8506164550781,
  "inference_time": 0.029553890228271484
}