{
  "query": "/*+ NoNestLoop(t ci) */ select count(*)\nfrom title AS t\ninner join cast_info AS ci\non t.id = ci.movie_id AND ci.person_id < 2270715;",
  "predicted_latency": 827.0508050918579,
  "actual_latency": 7750.699,
  "q_error": 9.371490786638137,
  "inference_time": 0.018235206604003906
}