{
  "predicted_latency": 644.7002563476562,
  "inference_time": 0.006201267242431641
}