{
  "predicted_latency": 396.21666073799133,
  "actual_latency": 177.016,
  "q_error": 2.2383098744632766,
  "inference_time": 0.03466176986694336
}