{
  "predicted_latency": 604.3265461921692,
  "actual_latency": 4198.634,
  "q_error": 6.947624635150283,
  "inference_time": 0.07541346549987793
}