{
  "predicted_latency": 0.02913774736225605,
  "actual_latency": 1.518338,
  "q_error": 52.10896682739258,
  "inference_time": 0.03770303726196289,
  "timestamp": 1745480358.4973328
}