{
  "predicted_latency": 1679.2593994140625,
  "inference_time": 0.011844396591186523
}