{
  "query": "/*+  */ select count(*)\nfrom title AS t\ninner join cast_info AS ci\non t.id = ci.movie_id AND t.kind_id = 4;",
  "predicted_latency": 1317.3259496688843,
  "actual_latency": 3723.156,
  "q_error": 2.8262982300893955,
  "inference_time": 0.02652287483215332
}