{
  "query": "/*+  */ select count(*)\nfrom cast_info AS ci\ninner join title AS t\non t.id = ci.movie_id AND ci.person_id > 761235 AND t.kind_id < 7;",
  "predicted_latency": 1473.13392162323,
  "actual_latency": 6103.683,
  "q_error": 4.143332055835371,
  "inference_time": 0.016071319580078125
}