{
  "predicted_latency": 0.02913774736225605,
  "actual_latency": 0.7272430000000001,
  "q_error": 24.95879364013672,
  "inference_time": 4.446895122528076,
  "timestamp": 1745755455.555899
}