{
  "predicted_latency": 0.02913774736225605,
  "actual_latency": 3.761859,
  "q_error": 129.1060333251953,
  "inference_time": 0.16804003715515137,
  "timestamp": 1745760928.9387548
}