{
  "predicted_latency": 312.50396370887756,
  "actual_latency": 143.796,
  "q_error": 2.173245178648068,
  "inference_time": 0.08329248428344727
}