{
  "predicted_latency": 383.7411403656006,
  "actual_latency": 881.654,
  "q_error": 2.2975227497370345,
  "inference_time": 0.0633244514465332
}