{
  "query": "/*+  */ select count(*)\nfrom movie_keyword AS mk\ninner join title AS t\non t.id = mk.movie_id AND mk.keyword_id < 35962;",
  "predicted_latency": 1200.6784677505493,
  "actual_latency": 1152.482,
  "q_error": 1.0418197141044714,
  "inference_time": 0.022090911865234375
}