{
  "embedding": [
    1.894278614664418,
    3.1636674335632677,
    1.767715894527536,
    0.014620797912278714,
    1.0934137461441535,
    4.200652152346246,
    2.4842167684617564,
    0.7118619537044601,
    1.3991889531944635,
    2.2274258730593495,
    2.0775815775120687,
    3.568655607303518,
    1.7155841684996054,
    1.6478069660595893,
    0.17517637951135076,
    2.3824077112182627,
    0.8867209028434127,
    2.01898228887211,
    0.5146824081369481,
    1.970087541921057,
    2.648500594672669,
    2.9198109167672284,
    3.407766148294569,
    0.3234443658896579,
    3.0218152513444996,
    1.972827300428262,
    4.393913338990506,
    7.189268014644382,
    2.5103923754854716,
    4.631521481842015,
    4.380290602421539,
    0.8164362855078264,
    0.227753598396652,
    2.02837803986309,
    1.7755030523150002,
    0.023483119474892723,
    1.3228066263606681,
    0.5075515685405169,
    0.7727964412487468,
    4.1156539576705296,
    0.8209378890215676,
    2.9410336513537874,
    3.0659384546062025,
    2.50928238530453,
    3.705667078987203,
    2.6140315993667413,
    2.008271695774809,
    2.6303624964367858,
    3.209760691697845,
    2.319399793332462,
    0.941534704526534,
    2.7981297938484753,
    2.5698934106731475,
    2.9842587266605687,
    0.5666374709629415,
    2.4109142548927114,
    3.4890484424056734,
    4.858379056581932,
    1.723598587837666,
    3.774990811072428,
    0.02728595130399555,
    2.2157877670364376,
    0.34172155815067073,
    2.196744076756492
  ],
  "timestamp": 1754304452.5936096
}