{
  "embedding": [
    1.74015786829082,
    3.4324010199522177,
    2.187889108348456,
    0.030142022672145642,
    1.347459594638504,
    4.7168291692521205,
    2.6916320875118553,
    1.2869063198304729,
    1.5415960614943625,
    2.818142147201659,
    2.335470239768091,
    3.5366480366556505,
    2.7334672943940657,
    1.1145407061997905,
    0.18255966392780365,
    3.502552774778869,
    0.49739526948447044,
    2.0087910725987603,
    0.5529969636801518,
    2.9290549937735304,
    2.4100972790752726,
    3.253896520907531,
    2.896912693529807,
    0.3048615883628467,
    2.1235585721522696,
    1.8135494084918662,
    4.519941216797876,
    6.816994968208013,
    2.6913210085556267,
    4.417985815597937,
    4.003781741369513,
    0.509315443968082,
    0.5331506066488371,
    2.3597902724510282,
    2.1498159397908965,
    0.030142022672145642,
    1.5964960216977209,
    0.45089741688282897,
    1.674716314013062,
    2.6737843240684915,
    1.6571798511844893,
    4.1529556422106975,
    2.5390259537560214,
    1.7867068229507532,
    3.800788855652506,
    2.0357641981478825,
    0.5860408938501016,
    2.8749008008536636,
    3.0073066826695514,
    2.790073516991548,
    1.3144491273926882,
    2.2548615638788885,
    2.642994007148729,
    2.664565294002448,
    0.6745919185756747,
    3.047861523569769,
    3.18831346573925,
    3.849485328262982,
    2.3567071833659217,
    3.550918468685982,
    0.030142022672145642,
    2.3922828339122586,
    0.34094728591132073,
    3.513251610764147
  ],
  "timestamp": 1754304461.7190747
}