{
  "query": "/*+  */ select count(*)\nfrom movie_companies AS mc\ninner join title AS t\non t.id = mc.movie_id AND mc.company_id < 168444 AND t.kind_id = 7;",
  "predicted_latency": 1417.6254272460938,
  "actual_latency": 795.362,
  "q_error": 1.7823650454083724,
  "inference_time": 0.026629209518432617
}