{
  "query": "/*+ NoNestLoop(ci t) */ select count(*)\nfrom cast_info AS ci\ninner join title AS t\non t.id = ci.movie_id AND ci.person_id > 487253;",
  "predicted_latency": 1131.8589448928833,
  "actual_latency": 8854.182,
  "q_error": 7.8226903095579114,
  "inference_time": 0.025289058685302734
}