{
  "predicted_latency": 0.02913774736225605,
  "actual_latency": 0.8255370000000001,
  "q_error": 28.332218170166016,
  "inference_time": 0.8153293132781982,
  "timestamp": 1745755034.7815776
}