{
  "predicted_latency": 262.380615234375,
  "inference_time": 0.016809701919555664
}