{
  "predicted_latency": 650.0768065452576,
  "actual_latency": 234.838,
  "q_error": 2.7681925691125695,
  "inference_time": 0.08828067779541016
}