{
  "predicted_latency": 0.02913774736225605,
  "actual_latency": 4.7888459999999995,
  "q_error": 164.35195922851562,
  "inference_time": 0.40636348724365234,
  "timestamp": 1745770092.2109208
}