{
  "predicted_latency": 1901.8460693359375,
  "inference_time": 0.03509235382080078
}