{
  "predicted_latency": 483.4018249511719,
  "inference_time": 0.036804914474487305
}