{
  "predicted_latency": 598.1912231445312,
  "inference_time": 0.011667490005493164
}