{
  "query": "/*+  */ select count(*)\nfrom title AS t\ninner join movie_keyword AS mk\non t.id = mk.movie_id AND mk.keyword_id = 1962;",
  "predicted_latency": 421.5649962425232,
  "actual_latency": 40.292,
  "q_error": 10.462746854028671,
  "inference_time": 0.023100614547729492
}