{
  "query": "/*+  */ select count(*)\nfrom title AS t\ninner join cast_info AS ci\non t.id = ci.movie_id AND ci.person_id > 3484212 AND ci.role_id > 1;",
  "predicted_latency": 882.5127482414246,
  "actual_latency": 1623.312,
  "q_error": 1.8394204539648402,
  "inference_time": 0.01692652702331543
}