{
  "predicted_latency": 0.02913774363696575,
  "actual_latency": 0.18725,
  "q_error": 6.42637300491333,
  "inference_time": 1.5957410335540771,
  "timestamp": 1745757995.2496705
}