{
  "query": "/*+  */ select count(*)\nfrom movie_keyword AS mk\ninner join title AS t\non t.id = mk.movie_id AND mk.keyword_id < 36536;",
  "predicted_latency": 1200.757384300232,
  "actual_latency": 1375.617,
  "q_error": 1.1456244350324536,
  "inference_time": 0.017981290817260742
}