{
  "query": "/*+  */ select count(*)\nfrom title AS t\ninner join cast_info AS ci\non t.id = ci.movie_id AND ci.person_id > 763513;",
  "predicted_latency": 1152.9284715652466,
  "actual_latency": 9352.974,
  "q_error": 8.112362762021267,
  "inference_time": 0.2523026466369629
}