{
  "query": "/*+  */ select count(*)\nfrom movie_keyword AS mk\ninner join title AS t\non t.id = mk.movie_id AND mk.keyword_id > 461;",
  "predicted_latency": 1198.131799697876,
  "actual_latency": 1124.757,
  "q_error": 1.0652361351810888,
  "inference_time": 0.016257524490356445
}