{
  "predicted_latency": 556.5527677536011,
  "actual_latency": 35.164,
  "q_error": 15.827345232442301,
  "inference_time": 0.044198036193847656
}