{
  "query": "/*+ NoNestLoop(t ci) */ select count(*)\nfrom title AS t\ninner join cast_info AS ci\non t.id = ci.movie_id AND ci.person_id < 1730948;",
  "predicted_latency": 677.8324246406555,
  "actual_latency": 6098.301,
  "q_error": 8.996767900610449,
  "inference_time": 0.013871908187866211
}