{
  "query": "/*+ NoNestLoop(ci t) */ select count(*)\nfrom cast_info AS ci\ninner join title AS t\non t.id = ci.movie_id AND ci.person_id < 2982313;",
  "predicted_latency": 1160.8372926712036,
  "actual_latency": 9011.003,
  "q_error": 7.76250302853794,
  "inference_time": 0.016646862030029297
}