{
  "predicted_latency": 0.02913774363696575,
  "actual_latency": 4.497828,
  "q_error": 154.36431884765625,
  "inference_time": 0.0953524112701416,
  "timestamp": 1745493191.9944463
}