{
  "query": "/*+  */ select count(*)\nfrom cast_info AS ci\ninner join title AS t\non t.id = ci.movie_id AND t.production_year = 2008;",
  "predicted_latency": 1140.641212463379,
  "actual_latency": 3765.921,
  "q_error": 3.3015824422711777,
  "inference_time": 0.021365880966186523
}