{
  "query": "/*+  */ select count(*)\nfrom title AS t\ninner join cast_info AS ci\non t.id = ci.movie_id AND ci.person_id < 2813359;",
  "predicted_latency": 1090.767502784729,
  "actual_latency": 8148.731,
  "q_error": 7.4706396910398345,
  "inference_time": 0.027901649475097656
}