{
  "predicted_latency": 0.02913774736225605,
  "actual_latency": 2.847426,
  "q_error": 97.7229232788086,
  "inference_time": 1.2018179893493652,
  "timestamp": 1745479198.17517
}