{
  "query": "/*+  */ select count(*)\nfrom title AS t\ninner join cast_info AS ci\non t.id = ci.movie_id AND ci.person_id > 1828453 AND ci.role_id > 1;",
  "predicted_latency": 941.2094950675964,
  "actual_latency": 6345.447,
  "q_error": 6.7418008777570595,
  "inference_time": 0.018158912658691406
}