{
  "query": "/*+ NoNestLoop(t ci) */ select count(*)\nfrom title AS t\ninner join cast_info AS ci\non t.id = ci.movie_id AND ci.person_id > 2999441;",
  "predicted_latency": 620.7312941551208,
  "actual_latency": 2639.163,
  "q_error": 4.251699607947384,
  "inference_time": 0.026524066925048828
}