{
  "predicted_latency": 1420.21630859375,
  "inference_time": 0.016544580459594727
}