{
  "predicted_latency": 780.368896484375,
  "inference_time": 0.005702972412109375
}