{
  "predicted_latency": 0.02913774736225605,
  "actual_latency": 2.669128,
  "q_error": 91.6037826538086,
  "inference_time": 0.7144238948822021,
  "timestamp": 1745480396.392544
}