{
  "predicted_latency": 581.5011262893677,
  "actual_latency": 100.294,
  "q_error": 5.797965245073162,
  "inference_time": 0.04281806945800781
}