{
  "query": "/*+  */ select count(*)\nfrom movie_info AS mi\ninner join title AS t\non t.id = mi.movie_id AND t.production_year < 1943;",
  "predicted_latency": 1183.4001541137695,
  "actual_latency": 1965.918,
  "q_error": 1.6612453472868154,
  "inference_time": 0.02772235870361328
}