{
    "embedding": [
        0.5878123641014099,
        0.5878123641014099,
        0.5878123641014099,
        0.7088416814804077,
        0.5878123641014099,
        0.7906644344329834,
        1.774826169013977,
        0.5878123641014099,
        0.6307055354118347,
        0.5878123641014099,
        0.5878123641014099,
        0.5878123641014099,
        0.5878123641014099,
        1.7055208683013916,
        4.600325107574463,
        0.5878123641014099,
        0.5878123641014099,
        0.6015353202819824,
        0.5878123641014099,
        1.3508625030517578,
        0.5878123641014099,
        0.6691735982894897,
        2.5629336833953857,
        0.5878123641014099,
        1.230104923248291,
        1.9189205169677734,
        0.5878123641014099,
        0.5878123641014099,
        0.5878123641014099,
        0.5878123641014099,
        0.5878123641014099,
        1.092315912246704,
        0.5878123641014099,
        0.5878123641014099,
        1.051464557647705,
        1.487288475036621,
        0.5878123641014099,
        2.0971879959106445,
        3.4191691875457764,
        0.5878123641014099,
        0.5878123641014099,
        0.5878123641014099,
        0.7316553592681885,
        0.5878123641014099,
        1.4845221042633057,
        0.5878123641014099,
        0.5878123641014099,
        0.9381209015846252,
        0.5878123641014099,
        4.311233997344971,
        2.1402859687805176,
        0.6146599650382996,
        0.5878123641014099,
        0.5878123641014099,
        3.121150016784668,
        0.5878123641014099,
        0.5878123641014099,
        0.5878123641014099,
        0.5878123641014099,
        0.5878123641014099,
        0.5878123641014099,
        0.5878123641014099,
        0.5878123641014099,
        3.708671808242798
    ],
    "timestamp": 1754257663.656254
}