{
    "embedding": [
        0.5878123641014099,
        0.5878123641014099,
        0.5878123641014099,
        0.7088417410850525,
        0.5878123641014099,
        0.7906643152236938,
        1.7748265266418457,
        0.5878123641014099,
        0.6307055354118347,
        0.5878123641014099,
        0.5878123641014099,
        0.5878123641014099,
        0.5878123641014099,
        1.7055211067199707,
        4.600325107574463,
        0.5878123641014099,
        0.5878123641014099,
        0.601535439491272,
        0.5878123641014099,
        1.3508625030517578,
        0.5878123641014099,
        0.6691737771034241,
        2.5629334449768066,
        0.5878123641014099,
        1.230104923248291,
        1.9189200401306152,
        0.5878123641014099,
        0.5878123641014099,
        0.5878123641014099,
        0.5878123641014099,
        0.5878123641014099,
        1.092315912246704,
        0.5878123641014099,
        0.5878123641014099,
        1.0514649152755737,
        1.487288475036621,
        0.5878123641014099,
        2.0971884727478027,
        3.4191694259643555,
        0.5878123641014099,
        0.5878123641014099,
        0.5878123641014099,
        0.7316553592681885,
        0.5878123641014099,
        1.4845224618911743,
        0.5878123641014099,
        0.5878123641014099,
        0.9381211400032043,
        0.5878123641014099,
        4.311234951019287,
        2.1402862071990967,
        0.61465984582901,
        0.5878123641014099,
        0.5878123641014099,
        3.121150016784668,
        0.5878123641014099,
        0.5878123641014099,
        0.5878123641014099,
        0.5878123641014099,
        0.5878123641014099,
        0.5878123641014099,
        0.5878123641014099,
        0.5878123641014099,
        3.7086730003356934
    ],
    "timestamp": 1754257664.2846253
}