{
  "query": "/*+  */ select count(*)\nfrom title AS t\ninner join cast_info AS ci\non t.id = ci.movie_id AND ci.person_id > 997108 AND ci.role_id = 2;",
  "predicted_latency": 938.338577747345,
  "actual_latency": 3599.411,
  "q_error": 3.8359405499889503,
  "inference_time": 0.018979787826538086
}