{
  "predicted_latency": 647.5269794464111,
  "actual_latency": 176.545,
  "q_error": 3.6677729725928865,
  "inference_time": 0.045500755310058594
}