{
  "query": "/*+  */ select count(*)\nfrom movie_info AS mi\ninner join title AS t\non t.id = mi.movie_id AND t.production_year = 2010;",
  "predicted_latency": 1182.5850009918213,
  "actual_latency": 1685.128,
  "q_error": 1.424952962016854,
  "inference_time": 0.03094649314880371
}