{
  "query": "/*+  */ select count(*)\nfrom title AS t\ninner join cast_info AS ci\non t.id = ci.movie_id AND ci.person_id > 917468;",
  "predicted_latency": 1073.6769437789917,
  "actual_latency": 8136.203,
  "q_error": 7.577887414964158,
  "inference_time": 0.01458597183227539
}