{
  "predicted_latency": 0.02913774736225605,
  "actual_latency": 3.742052,
  "q_error": 128.42626953125,
  "inference_time": 0.14423584938049316,
  "timestamp": 1745757295.5788677
}