{
  "query": "/*+  */ select count(*)\nfrom title AS t\ninner join movie_keyword AS mk\non t.id = mk.movie_id AND mk.keyword_id < 63817;",
  "predicted_latency": 1235.4848384857178,
  "actual_latency": 1183.265,
  "q_error": 1.0441319894408418,
  "inference_time": 0.026697158813476562
}