{
  "query": "/*+ NoNestLoop(ci t) */ select count(*)\nfrom cast_info AS ci\ninner join title AS t\non t.id = ci.movie_id AND ci.person_id < 3318183;",
  "predicted_latency": 1127.4350881576538,
  "actual_latency": 10034.614,
  "q_error": 8.900391787874549,
  "inference_time": 0.01582622528076172
}