{
  "predicted_latency": 0.02913774363696575,
  "actual_latency": 3.214792,
  "q_error": 110.33084869384766,
  "inference_time": 1.7561290264129639,
  "timestamp": 1745481208.0678282
}