{
  "predicted_latency": 0.02913774736225605,
  "actual_latency": 9.949752,
  "q_error": 341.4729309082031,
  "inference_time": 1.2696354389190674,
  "timestamp": 1745757609.3174126
}