{
  "predicted_latency": 0.02913774736225605,
  "actual_latency": 6.578082,
  "q_error": 225.75808715820312,
  "inference_time": 0.5698144435882568,
  "timestamp": 1745759015.581834
}