{
  "predicted_latency": 284.9869689941406,
  "inference_time": 0.02529287338256836
}