{
  "predicted_latency": 987.6270890235901,
  "actual_latency": 620.361,
  "q_error": 1.5920199513244548,
  "inference_time": 0.0445096492767334
}