{
  "predicted_latency": 623.6076951026917,
  "actual_latency": 3013.55,
  "q_error": 4.832445179342677,
  "inference_time": 0.06936073303222656
}