{
  "predicted_latency": 0.02913774736225605,
  "actual_latency": 46.183925,
  "q_error": 1585.0205078125,
  "inference_time": 0.8966374397277832,
  "timestamp": 1745760041.7118034
}