{
  "query": "/*+  */ select count(*)\nfrom title AS t\ninner join cast_info AS ci\non t.id = ci.movie_id AND t.kind_id = 1 AND ci.person_id > 2590425 AND ci.role_id < 3;",
  "predicted_latency": 1240.4900789260864,
  "actual_latency": 1758.138,
  "q_error": 1.4172930762348783,
  "inference_time": 0.016545772552490234
}