{
  "query": "/*+  */ select count(*)\nfrom title AS t\ninner join cast_info AS ci\non t.id = ci.movie_id AND t.kind_id = 4 AND ci.person_id < 440301;",
  "predicted_latency": 1362.4956607818604,
  "actual_latency": 749.123,
  "q_error": 1.8187876500679598,
  "inference_time": 0.026545286178588867
}