{
  "predicted_latency": 470.086932182312,
  "actual_latency": 212.035,
  "q_error": 2.217025171232636,
  "inference_time": 0.03709673881530762
}