{
  "query": "/*+  */ select count(*)\nfrom title AS t\ninner join cast_info AS ci\non t.id = ci.movie_id AND ci.person_id < 2935608 AND ci.role_id = 2;",
  "predicted_latency": 1082.1629762649536,
  "actual_latency": 2968.112,
  "q_error": 2.7427587758031895,
  "inference_time": 0.01721048355102539
}