{
  "query": "/*+  */ select count(*)\nfrom title AS t\ninner join movie_info AS mi\non t.id = mi.movie_id AND t.production_year < 2000;",
  "predicted_latency": 1062.4223947525024,
  "actual_latency": 2858.292,
  "q_error": 2.690353680530102,
  "inference_time": 0.017188072204589844
}