{
    "embedding": [
        0.5712850093841553,
        0.5712850093841553,
        0.5712850093841553,
        0.6782631874084473,
        0.5712850093841553,
        0.7848677039146423,
        1.3061907291412354,
        0.5712850093841553,
        0.6383649110794067,
        0.5712850093841553,
        0.5712850093841553,
        0.5712850093841553,
        0.5712850093841553,
        1.6584365367889404,
        4.361423492431641,
        0.5712850093841553,
        0.5712850093841553,
        2.1884379386901855,
        0.5712850093841553,
        1.250455617904663,
        0.5712850093841553,
        0.692905068397522,
        2.0140531063079834,
        0.5712850093841553,
        0.9406183362007141,
        2.2694525718688965,
        0.5712850093841553,
        0.5712850093841553,
        0.5712850093841553,
        0.5712850093841553,
        0.5712850093841553,
        1.0521068572998047,
        0.5712850093841553,
        0.5712850093841553,
        1.0396054983139038,
        1.4153474569320679,
        0.5712850093841553,
        1.693299412727356,
        2.9365055561065674,
        0.5712850093841553,
        0.5712850093841553,
        0.5712850093841553,
        0.6911941170692444,
        0.5712850093841553,
        0.6346662640571594,
        0.5712850093841553,
        0.5712850093841553,
        0.8862932920455933,
        0.5712850093841553,
        4.348753452301025,
        2.092658042907715,
        0.6508643627166748,
        0.5712850093841553,
        0.5712850093841553,
        3.3107643127441406,
        0.5712850093841553,
        0.5712850093841553,
        0.5712850093841553,
        0.5712850093841553,
        0.5712850093841553,
        0.5712850093841553,
        0.5712850093841553,
        0.5712850093841553,
        3.0198099613189697
    ],
    "timestamp": 1754258401.8153713
}