{
    "embedding": [
        0.5712850093841553,
        0.5712850093841553,
        0.5712850093841553,
        0.678263247013092,
        0.5712850093841553,
        0.7848678827285767,
        1.3061912059783936,
        0.5712850093841553,
        0.6383650302886963,
        0.5712850093841553,
        0.5712850093841553,
        0.5712850093841553,
        0.5712850093841553,
        1.658436894416809,
        4.361424922943115,
        0.5712850093841553,
        0.5712850093841553,
        2.1884381771087646,
        0.5712850093841553,
        1.2504559755325317,
        0.5712850093841553,
        0.6929048299789429,
        2.0140528678894043,
        0.5712850093841553,
        0.9406182169914246,
        2.26945161819458,
        0.5712850093841553,
        0.5712850093841553,
        0.5712850093841553,
        0.5712850093841553,
        0.5712850093841553,
        1.0521068572998047,
        0.5712850093841553,
        0.5712850093841553,
        1.0396056175231934,
        1.4153482913970947,
        0.5712850093841553,
        1.6932995319366455,
        2.9365057945251465,
        0.5712850093841553,
        0.5712850093841553,
        0.5712850093841553,
        0.6911940574645996,
        0.5712850093841553,
        0.6346667408943176,
        0.5712850093841553,
        0.5712850093841553,
        0.8862934708595276,
        0.5712850093841553,
        4.348752498626709,
        2.092658042907715,
        0.65086430311203,
        0.5712850093841553,
        0.5712850093841553,
        3.3107640743255615,
        0.5712850093841553,
        0.5712850093841553,
        0.5712850093841553,
        0.5712850093841553,
        0.5712850093841553,
        0.5712850093841553,
        0.5712850093841553,
        0.5712850093841553,
        3.0198099613189697
    ],
    "timestamp": 1754258405.6808434
}