{
  "predicted_latency": 328.8324773311615,
  "actual_latency": 1664.77,
  "q_error": 5.062669032911366,
  "inference_time": 0.11278653144836426
}