{
  "query": "/*+  */ select count(*)\nfrom movie_keyword AS mk\ninner join title AS t\non t.id = mk.movie_id AND mk.keyword_id < 46795;",
  "predicted_latency": 1211.9611501693726,
  "actual_latency": 1361.298,
  "q_error": 1.1232191723387812,
  "inference_time": 0.018130064010620117
}