{
  "query": "/*+  */ select count(*)\nfrom title AS t\ninner join cast_info AS ci\non t.id = ci.movie_id AND t.production_year < 1998 AND ci.person_id < 677644;",
  "predicted_latency": 1211.31432056427,
  "actual_latency": 2235.781,
  "q_error": 1.8457480127523793,
  "inference_time": 0.01740264892578125
}