{
  "predicted_latency": 0.02913774736225605,
  "actual_latency": 2.636923,
  "q_error": 90.49851989746094,
  "inference_time": 0.12056398391723633,
  "timestamp": 1745479611.5070255
}