{
  "query": "/*+  */ select count(*)\nfrom title AS t\ninner join cast_info AS ci\non t.id = ci.movie_id AND ci.person_id > 1102697 AND ci.role_id > 2;",
  "predicted_latency": 926.7646670341492,
  "actual_latency": 4819.717,
  "q_error": 5.2005834614132995,
  "inference_time": 0.011836051940917969
}