{
  "predicted_latency": 589.5784912109375,
  "inference_time": 0.0105743408203125
}