{
  "pg_runtime": 157.635,
  "opt_runtime": 134.47,
  "pg_slowdown": 1.172268907563025,
  "pg_opt_diff": 23.164999999999992,
  "original_num_of_plans": 6,
  "pg_plan_card_error": 370.0,
  "opt_plan_card_error": 1.0,
  "num_tables": 5,
  "opt_hint": "/*+ Rows(mi_idx mk #3974322) Rows(k mk #12951) Rows(mi_idx t #161022) Rows(it mi_idx #352990) Rows(mk t #1253091) Rows(mi_idx mk t #970209) Rows(k mi_idx mk #8463) Rows(k mk t #2235) Rows(it mi_idx mk #2881657) Rows(it mi_idx t #106021) Rows(it mi_idx mk t #697651) Rows(it k mi_idx mk #5820) Rows(k mi_idx mk t #1148) Rows(it k mi_idx mk t #740) */"
}