{
  "query": "/*+  */ select count(*)\nfrom cast_info AS ci\ninner join title AS t\non t.id = ci.movie_id AND t.production_year < 1954;",
  "predicted_latency": 1153.9509296417236,
  "actual_latency": 3906.181,
  "q_error": 3.3850494849142185,
  "inference_time": 0.029627084732055664
}