{
  "predicted_latency": 0.02913774363696575,
  "actual_latency": 0.21108600000000002,
  "q_error": 7.244418144226074,
  "inference_time": 0.04832148551940918,
  "timestamp": 1745492932.851612
}