{
  "predicted_latency": 200.9918838739395,
  "actual_latency": 1619.06,
  "q_error": 8.05535014048359,
  "inference_time": 0.11287379264831543
}