{
  "predicted_latency": 2895.787841796875,
  "inference_time": 0.02365899085998535
}