{
  "predicted_latency": 0.0291377454996109,
  "actual_latency": 6.513634,
  "q_error": 223.5462646484375,
  "inference_time": 0.09024977684020996,
  "timestamp": 1745762509.6076603
}