{
  "predicted_latency": 214.90895748138428,
  "actual_latency": 7352.775,
  "q_error": 34.21344129239893,
  "inference_time": 0.15547561645507812
}