{
  "predicted_latency": 403.00506353378296,
  "actual_latency": 159.327,
  "q_error": 2.529421024269477,
  "inference_time": 0.056005239486694336
}