{
  "query": "/*+  */ select count(*)\nfrom title AS t\ninner join cast_info AS ci\non t.id = ci.movie_id AND t.production_year > 2008 AND ci.person_id > 2141271 AND ci.role_id > 3;",
  "predicted_latency": 1462.517261505127,
  "actual_latency": 2350.522,
  "q_error": 1.6071755608415839,
  "inference_time": 0.019035816192626953
}