{
  "predicted_latency": 0.02913774363696575,
  "actual_latency": 3.729387,
  "q_error": 127.99162292480469,
  "inference_time": 1.7149405479431152,
  "timestamp": 1745480385.3157907
}