{
  "predicted_latency": 0.02913774363696575,
  "actual_latency": 1.3848289999999999,
  "q_error": 47.526981353759766,
  "inference_time": 0.6279935836791992,
  "timestamp": 1745481283.7616768
}