{
  "query": "/*+  */ select count(*)\nfrom title AS t\ninner join cast_info AS ci\non t.id = ci.movie_id AND ci.person_id < 473144 AND ci.role_id > 1;",
  "predicted_latency": 898.1583714485168,
  "actual_latency": 1551.468,
  "q_error": 1.7273880078608514,
  "inference_time": 0.019171953201293945
}