{
  "predicted_latency": 0.02913774736225605,
  "actual_latency": 0.13321100000000002,
  "q_error": 4.571767330169678,
  "inference_time": 0.10191202163696289,
  "timestamp": 1745481289.064453
}