{
  "predicted_latency": 0.02913774363696575,
  "actual_latency": 1.463383,
  "q_error": 50.22293472290039,
  "inference_time": 0.025812149047851562,
  "timestamp": 1745493187.2544587
}