{
  "predicted_latency": 0.02913774736225605,
  "actual_latency": 3.1579200000000003,
  "q_error": 108.37899780273438,
  "inference_time": 2.0613670349121094,
  "timestamp": 1745770478.3792818
}