{
  "predicted_latency": 0.02913774736225605,
  "actual_latency": 4.245904,
  "q_error": 145.7183380126953,
  "inference_time": 4.87834358215332,
  "timestamp": 1745479763.1193612
}