{
  "query": "/*+  */ select count(*)\nfrom title AS t\ninner join movie_keyword AS mk\non t.id = mk.movie_id AND mk.keyword_id > 105399;",
  "predicted_latency": 390.2560770511627,
  "actual_latency": 586.098,
  "q_error": 1.5018292717659905,
  "inference_time": 0.025779008865356445
}