{
  "predicted_latency": 285.8100235462189,
  "actual_latency": 16.939,
  "q_error": 16.87289825528183,
  "inference_time": 0.04879617691040039
}