{
  "predicted_latency": 1488.50634765625,
  "inference_time": 0.030257225036621094
}