{
  "query": "/*+ NoNestLoop(ci t) */ select count(*)\nfrom cast_info AS ci\ninner join title AS t\non t.id = ci.movie_id AND ci.person_id < 4017836;",
  "predicted_latency": 1231.0810089111328,
  "actual_latency": 10556.096,
  "q_error": 8.574655870401786,
  "inference_time": 0.01783585548400879
}