{
  "predicted_latency": 190.3264969587326,
  "actual_latency": 40.076,
  "q_error": 4.749139059754781,
  "inference_time": 0.10750818252563477
}