{
  "query": "/*+  */ select count(*)\nfrom movie_companies AS mc\ninner join title AS t\non t.id = mc.movie_id AND mc.company_id < 191132;",
  "predicted_latency": 1190.5688047409058,
  "actual_latency": 1096.054,
  "q_error": 1.0862318870611354,
  "inference_time": 0.019509077072143555
}