{
  "query": "/*+ NoNestLoop(t ci) */ select count(*)\nfrom title AS t\ninner join cast_info AS ci\non t.id = ci.movie_id AND ci.person_id < 1656401;",
  "predicted_latency": 665.2151942253113,
  "actual_latency": 5573.432,
  "q_error": 8.378389502198072,
  "inference_time": 0.026378870010375977
}