{
  "query": "/*+  */ select count(*)\nfrom title AS t\ninner join movie_keyword AS mk\non t.id = mk.movie_id AND mk.keyword_id = 2488;",
  "predicted_latency": 390.21676778793335,
  "actual_latency": 667.308,
  "q_error": 1.710095657300545,
  "inference_time": 0.023250341415405273
}