{
  "query": "/*+  */ select count(*)\nfrom title AS t\ninner join cast_info AS ci\non t.id = ci.movie_id AND ci.person_id < 2803642;",
  "predicted_latency": 1084.7070217132568,
  "actual_latency": 8510.751,
  "q_error": 7.8461287975785075,
  "inference_time": 0.012345075607299805
}