{
  "query": "/*+  */ select count(*)\nfrom title AS t\ninner join cast_info AS ci\non t.id = ci.movie_id AND ci.person_id < 1492838 AND ci.role_id > 1;",
  "predicted_latency": 936.1310005187988,
  "actual_latency": 3296.382,
  "q_error": 3.5212828099626683,
  "inference_time": 0.013005495071411133
}