{
  "pg_runtime": 75.648,
  "opt_runtime": 39.914,
  "pg_slowdown": 1.8952748409079518,
  "pg_opt_diff": 35.733999999999995,
  "original_num_of_plans": 50,
  "pg_plan_card_error": 38.0,
  "opt_plan_card_error": 1.0,
  "num_tables": 9,
  "opt_hint": "/*+ Rows(mi mk #449506) Rows(lt ml #2315) Rows(ml t #12214) Rows(k mk #10544) Rows(mc t #421343) Rows(cn mc #240875) Rows(mk ml #288192) Rows(mi t #46255) Rows(mc mi #121436) Rows(mk t #1779638) Rows(mc ml #43026) Rows(mc mk #6719220) Rows(mi ml #1987) Rows(ct mc #1193928) Rows(lt ml t #1007) Rows(lt mi ml #1087) Rows(mi mk ml #34373) Rows(cn mc mk #1483541) Rows(mc mk t #2890136) Rows(mk ml t #117991) Rows(cn ct mc #224256) Rows(mc mk ml #732182) Rows(cn mc mi #49083) Rows(ct mc mk #5975292) Rows(lt mk ml #17543) Rows(k mk t #3158) Rows(mc mi ml #4601) Rows(cn mc t #72684) Rows(mc mi mk #991385) Rows(k mk ml #251) Rows(k mc mk #14331) Rows(ct mc mi #116332) Rows(cn mc ml #3079) Rows(ct mc t #405344) Rows(k mi mk #904) Rows(mc ml t #16409) Rows(mi ml t #1335) Rows(mc mi t #49912) Rows(ct mc ml #36283) Rows(lt mc ml #5069) Rows(mi mk t #215324) Rows(cn mc mk ml #49014) Rows(cn ct mc ml #2801) Rows(mc mi mk t #568156) Rows(cn lt mc ml #1200) Rows(lt mi mk ml #4652) Rows(k mi mk t #249) Rows(k mc mi mk #1672) Rows(k lt mk ml #199) Rows(ct k mc mk #11915) Rows(mc mi mk ml #81608) Rows(ct mc mi mk #907393) Rows(cn k mc mk #2802) Rows(lt mk ml t #5438) Rows(mi mk ml t #28734) Rows(k mi mk ml #118) Rows(cn mc mi mk #343586) Rows(mc mk ml t #302225) Rows(lt mc ml t #1989) Rows(k mk ml t #53) Rows(ct mc mi t #48110) Rows(ct mc ml t #15237) Rows(cn mc ml t #1181) Rows(cn ct mc mk #1337515) Rows(cn mc mi t #18767) Rows(ct lt mc ml #4393) Rows(lt mi ml t #675) Rows(lt mc mi ml #3336) Rows(ct mc mi ml #4152) Rows(cn mc mi ml #1193) Rows(cn ct mc mi #47734) Rows(k mc mk ml #1173) Rows(mc mi ml t #2533) Rows(ct mc mk t #2645608) Rows(k mc mk t #3640) Rows(cn mc mk t #677140) Rows(cn ct mc t #70314) Rows(lt mc mk ml #54010) Rows(ct mc mk ml #610301) Rows(cn ct mc mk ml #40379) Rows(k lt mk ml t #48) Rows(lt mc mi ml t #1540) Rows(ct lt mc mi ml #2911) Rows(cn ct mc mi mk #319866) Rows(lt mi mk ml t #2269) Rows(k mc mi mk t #539) Rows(cn ct k mc mk #2293) Rows(cn mc mi ml t #465) Rows(ct mc mi ml t #2306) Rows(mc mi mk ml t #65111) Rows(cn k mc mk t #593) Rows(k mi mk ml t #19) Rows(ct lt mc mk ml #45210) Rows(k mc mi mk ml #749) Rows(cn mc mi mk t #198068) Rows(ct k mc mk t #3194) Rows(cn lt mc ml t #483) Rows(ct mc mi mk t #527834) Rows(cn ct mc ml t #1104) Rows(cn k mc mk ml #452) Rows(k mc mk ml t #329) Rows(cn ct mc mi t #18355) Rows(cn mc mi mk ml #7277) Rows(lt mc mi mk ml #17798) Rows(ct k mc mk ml #1052) Rows(cn ct lt mc ml #1152) Rows(ct mc mi mk ml #79404) Rows(cn lt mc mi ml #1091) Rows(cn ct mc mi ml #1174) Rows(cn k mc mi mk #514) Rows(cn mc mk ml t #20156) Rows(lt mc mk ml t #14129) Rows(ct k mc mi mk #1474) Rows(k lt mc mk ml #1021) Rows(k lt mi mk ml #118) Rows(cn ct mc mk t #626768) Rows(ct lt mc ml t #1762) Rows(cn lt mc mk ml #9430) Rows(ct mc mk ml t #285970) Rows(cn ct k mc mk t #549) Rows(cn k mc mi mk ml #327) Rows(ct mc mi mk ml t #63920) Rows(cn ct k mc mk ml #422) Rows(cn ct mc mi mk t #185049) Rows(cn lt mc mk ml t #1868) Rows(ct lt mc mi mk ml #16362) Rows(cn k mc mk ml t #92) Rows(cn ct k mc mi mk #488) Rows(cn ct mc mk ml t #14617) Rows(ct k mc mi mk t #478) Rows(cn ct mc mi mk ml #7182) Rows(k lt mc mi mk ml #749) Rows(ct lt mc mk ml t #13294) Rows(cn ct lt mc ml t #483) Rows(cn lt mc mi ml t #442) Rows(lt mc mi mk ml t #5568) Rows(ct k mc mk ml t #311) Rows(k lt mc mk ml t #317) Rows(ct k mc mi mk ml #730) Rows(k mc mi mk ml t #133) Rows(cn ct lt mc mi ml #1072) Rows(ct k lt mc mk ml #962) Rows(ct lt mc mi ml t #1326) Rows(cn mc mi mk ml t #1233) Rows(cn k lt mc mk ml #422) Rows(cn ct lt mc mk ml #8713) Rows(cn ct mc mi ml t #465) Rows(cn k mc mi mk t #153) Rows(k lt mi mk ml t #19) Rows(cn lt mc mi mk ml #6460) Rows(cn k mc mi mk ml t #38) Rows(cn ct k mc mi mk t #144) Rows(cn ct lt mc mi ml t #442) Rows(cn lt mc mi mk ml t #1215) Rows(ct k lt mc mk ml t #299) Rows(ct k lt mc mi mk ml #730) Rows(cn ct k mc mk ml t #92) Rows(cn k lt mc mi mk ml #327) Rows(cn ct mc mi mk ml t #1233) Rows(cn ct k mc mi mk ml #308) Rows(cn ct k lt mc mk ml #402) Rows(cn ct lt mc mk ml t #1868) Rows(ct lt mc mi mk ml t #5092) Rows(cn ct lt mc mi mk ml #6365) Rows(k lt mc mi mk ml t #133) Rows(ct k mc mi mk ml t #133) Rows(cn k lt mc mk ml t #92) Rows(cn ct k lt mc mk ml t #92) Rows(ct k lt mc mi mk ml t #133) Rows(cn k lt mc mi mk ml t #38) Rows(cn ct k lt mc mi mk ml #308) Rows(cn ct lt mc mi mk ml t #1215) Rows(cn ct k mc mi mk ml t #38) Rows(cn ct k lt mc mi mk ml t #38) */"
}