{
  "query": "/*+  */ select count(*)\nfrom title AS t\ninner join cast_info AS ci\non t.id = ci.movie_id AND t.kind_id = 1 AND t.production_year > 2009 AND ci.person_id > 2693666;",
  "predicted_latency": 1564.7644996643066,
  "actual_latency": 2301.514,
  "q_error": 1.470837305226282,
  "inference_time": 0.020056962966918945
}