{
  "predicted_latency": 0.0291377454996109,
  "actual_latency": 3.771276,
  "q_error": 129.42922973632812,
  "inference_time": 0.12299823760986328,
  "timestamp": 1745755449.70013
}