{
  "predicted_latency": 1133.255126953125,
  "inference_time": 0.039408206939697266
}