{
  "query": "/*+ NoNestLoop(t ci) */ select count(*)\nfrom title AS t\ninner join cast_info AS ci\non t.id = ci.movie_id AND ci.person_id < 1710008;",
  "predicted_latency": 674.2138266563416,
  "actual_latency": 5841.195,
  "q_error": 8.663712859418052,
  "inference_time": 0.025691509246826172
}