{
  "embedding": [
    0.8234090771840809,
    1.3526886535390759,
    3.0795296056692876,
    0.20265302518968825,
    0.7028672057010784,
    3.447968605664035,
    1.313552782450462,
    1.3533145159968394,
    1.3638242392594373,
    2.388112892596557,
    3.463989250952327,
    1.8254502121860234,
    2.885793129073071,
    1.9805786688334333,
    0.2706750327866716,
    3.040136826898661,
    0.34419278587009733,
    2.503878835045878,
    2.3915496125604285,
    1.429176821808814,
    2.123314868359316,
    1.1572529657013864,
    1.2481468337724986,
    0.20265302518968825,
    2.8858340288636386,
    1.8473203035351198,
    3.64345110906538,
    1.7497437178815871,
    2.3824229753205426,
    2.1484139024734525,
    3.438419306301875,
    1.9069434507830834,
    1.1214865153893028,
    3.0051148526223574,
    3.7081176503015336,
    2.1625224077215273,
    0.3656510656268261,
    1.2562081936378005,
    0.9778953673106098,
    4.34957129318045,
    2.558567221547943,
    2.596689016557448,
    1.8759667923022634,
    1.7752020327329396,
    0.9255306769053131,
    1.9677287578598766,
    4.313781774975252,
    2.4913036647591977,
    3.5378724876611063,
    2.3623284026587155,
    1.279932131963409,
    2.8934254206231174,
    2.1009975788928914,
    1.1565684424914349,
    0.65483053619151,
    3.0429462730272054,
    3.2760271867708615,
    3.2343095334097884,
    1.531727899964321,
    1.1556120937619454,
    0.5484479973589281,
    1.639000627491259,
    0.8178866342665517,
    3.1173504971196597
  ],
  "timestamp": 1754308478.3442307
}