{
  "embedding": [
    0.714004988051843,
    1.3111481058928263,
    3.0528721706114736,
    0.20080140114713269,
    0.6211020187591771,
    3.363115000488279,
    1.3382298309952418,
    1.2664596759536153,
    1.3049453034517207,
    2.3136166724166762,
    3.344965442094517,
    1.829968606275024,
    2.765299623855906,
    1.9404435422815467,
    0.2617601018527638,
    3.0205167650712608,
    0.2923424427399847,
    2.54549080851774,
    2.239264760890415,
    1.3397884784977065,
    1.9649749992203545,
    0.9535199330984846,
    1.1316746979457846,
    0.20080140114713269,
    2.7022851085595856,
    1.774074275162535,
    3.5313458782153475,
    1.646031497619104,
    2.2963602775769347,
    2.1038132751871093,
    3.306016995150355,
    1.8337276190249943,
    1.1331677801892182,
    3.01322324934195,
    3.724958321731669,
    1.9983898291625959,
    0.37671366264440453,
    1.1745020588654669,
    0.9406777750720319,
    4.225590708843258,
    2.4777578355363237,
    2.497753677130048,
    1.8806077689397664,
    1.5845081340992244,
    0.934020484601748,
    1.9336027357017938,
    4.075203934617593,
    2.408648774148362,
    3.507742050184551,
    2.3210165696289806,
    1.2361252163947605,
    2.820005276304124,
    1.9899654296804519,
    1.0242457453903353,
    0.6589091920390889,
    2.8494714168861917,
    3.260985001331638,
    3.0384563809900698,
    1.4804287625288524,
    1.0029818337396879,
    0.46090806706890936,
    0.900434550920773,
    0.7895372976097104,
    3.05616842292746
  ],
  "timestamp": 1754308476.8898282
}