{
  "predicted_latency": 304.351806640625,
  "inference_time": 0.03471994400024414
}