{
  "predicted_latency": 792.7204370498657,
  "actual_latency": 1065.046,
  "q_error": 1.3435329155428395,
  "inference_time": 0.08459591865539551
}