{
  "predicted_latency": 805.1568603515625,
  "inference_time": 0.008167743682861328
}