{
  "query": "/*+  */ select count(*)\nfrom title AS t\ninner join cast_info AS ci\non t.id = ci.movie_id AND ci.person_id > 1025831;",
  "predicted_latency": 1009.5257759094238,
  "actual_latency": 7915.007,
  "q_error": 7.840321850989713,
  "inference_time": 0.03052067756652832
}