{
  "embedding": [
    1.6021333913178681,
    0.9423957039954626,
    3.7792470797765088,
    0.33969790981291936,
    0.07236987565158974,
    2.0367173542326666,
    3.5886196244417348,
    2.482405607585227,
    0.8776205438680879,
    2.2385330023006524,
    3.9117479209352406,
    3.511757901924365,
    1.945609012668554,
    3.0979118152728855,
    0.7776374675598731,
    3.6752957941852844,
    1.3873540498004089,
    3.1644444594128682,
    0.5981882896590026,
    0.2778315514055678,
    1.1947868284206935,
    2.5389883545179135,
    2.564717630593668,
    1.200210710176002,
    1.4149367530724561,
    1.2241051909655796,
    3.50573694155147,
    3.0364282428022427,
    3.9958340015393667,
    0.07236987565158974,
    1.2953098254969146,
    2.6059602536965403,
    0.6872968065206427,
    2.4943632488034337,
    3.147290216872903,
    0.26760805329875076,
    1.6982915658003412,
    0.3248961135103652,
    1.833809743498888,
    2.642968348914838,
    1.848004241270464,
    4.735969105562671,
    1.4887462401616927,
    0.44353213913173334,
    2.0629546255999616,
    2.2779217690273974,
    1.3282788577033455,
    3.01677530020685,
    4.82228897986535,
    1.2384283515680432,
    0.39948163218579225,
    4.0392128962465,
    2.154510290386851,
    1.7073997460260764,
    1.6837756038889005,
    0.3383067093901431,
    4.330917398091918,
    2.158703137752604,
    1.3818416652878134,
    2.564368640606432,
    0.12896788935172793,
    0.9259384707079582,
    1.1862143201563948,
    4.568920470824307
  ],
  "timestamp": 1754307835.4290314
}