{
  "embedding": [
    0.6144550286445595,
    0.6336815872682449,
    3.9777095415430104,
    0.14486804656967617,
    0.02981145346200726,
    2.777985927002846,
    0.9488835314042611,
    0.7826476573771362,
    0.7636260370238628,
    2.041222736651923,
    4.207915239361294,
    5.263950813089231,
    1.923921025916822,
    3.160748317308204,
    0.1076948647020099,
    3.83260259599832,
    1.6361991974027772,
    3.409435786077354,
    0.5617098710149138,
    1.5486804979497553,
    1.5580885115773817,
    3.2614569380943594,
    3.228239334901773,
    0.02981145346200726,
    2.143044234508984,
    1.643550624583063,
    0.7897861780897393,
    1.5601234759146259,
    1.9443532881661394,
    0.4767332454118808,
    1.9472467304935448,
    1.0152138336763146,
    0.13436648386398023,
    0.9734535788893925,
    3.801130112354673,
    1.0552968556953077,
    1.0925776336718493,
    0.2627149908309122,
    1.210826858075593,
    3.5085302908112532,
    1.9307084997834432,
    3.364605351818772,
    1.925868402412023,
    0.6114098396791068,
    1.3511177462356674,
    2.6019389029905797,
    0.6215675504536159,
    3.0239278445455606,
    6.140004522622297,
    2.259146991080727,
    0.1114910854877606,
    3.9464428543834944,
    2.842369554063827,
    2.256358186775541,
    1.2190597133333203,
    0.19936082350546563,
    3.26099226832565,
    3.2408784997363824,
    1.8305062591583992,
    1.9446123087233564,
    0.02981145346200726,
    1.3926203616581831,
    0.2833156016749538,
    3.5544314271646553
  ],
  "timestamp": 1754307832.3804524
}