{
  "predicted_latency": 163.64982724189758,
  "actual_latency": 428.744,
  "q_error": 2.6198866642630536,
  "inference_time": 0.08832597732543945
}