{
    "embedding": [
        0.5159246325492859,
        0.5159246325492859,
        0.54830002784729,
        0.5839077830314636,
        0.5841808319091797,
        1.538238763809204,
        0.5159246325492859,
        0.5159246325492859,
        1.0850391387939453,
        0.5159246325492859,
        0.5159246325492859,
        0.5159246325492859,
        0.5670467615127563,
        1.6785638332366943,
        3.293698310852051,
        2.281604766845703,
        0.5159246325492859,
        2.109177827835083,
        0.5159246325492859,
        2.3405494689941406,
        0.9111942052841187,
        2.563471555709839,
        3.2373836040496826,
        0.5159246325492859,
        1.1526621580123901,
        2.4618139266967773,
        0.5159246325492859,
        0.5159246325492859,
        0.5159246325492859,
        0.5159246325492859,
        3.046031951904297,
        1.8254311084747314,
        0.5159246325492859,
        0.5159246325492859,
        1.85333251953125,
        2.51072359085083,
        0.5159246325492859,
        3.33538818359375,
        2.8947479724884033,
        0.5159246325492859,
        0.5159246325492859,
        0.5159246325492859,
        0.7938900589942932,
        0.5159246325492859,
        1.226792812347412,
        0.5159246325492859,
        0.5159246325492859,
        0.8114027380943298,
        0.5159246325492859,
        3.3368403911590576,
        3.077270746231079,
        1.71011483669281,
        0.5159246325492859,
        0.5159246325492859,
        3.2985763549804688,
        0.5159246325492859,
        0.5159246325492859,
        0.5159246325492859,
        0.5159246325492859,
        0.6373623013496399,
        0.5159246325492859,
        1.5916560888290405,
        0.5159246325492859,
        3.3070058822631836
    ],
    "timestamp": 1754257605.8341455
}