{
    "embedding": [
        0.5159246325492859,
        0.5159246325492859,
        0.5482999682426453,
        0.5839077234268188,
        0.5841808319091797,
        1.5382392406463623,
        0.5159246325492859,
        0.5159246325492859,
        1.0850389003753662,
        0.5159246325492859,
        0.5159246325492859,
        0.5159246325492859,
        0.5670467019081116,
        1.6785634756088257,
        3.293698787689209,
        2.281604290008545,
        0.5159246325492859,
        2.109178066253662,
        0.5159246325492859,
        2.3405492305755615,
        0.9111943244934082,
        2.5634708404541016,
        3.2373838424682617,
        0.5159246325492859,
        1.152661919593811,
        2.4618141651153564,
        0.5159246325492859,
        0.5159246325492859,
        0.5159246325492859,
        0.5159246325492859,
        3.046032190322876,
        1.8254314661026,
        0.5159246325492859,
        0.5159246325492859,
        1.853332281112671,
        2.510723114013672,
        0.5159246325492859,
        3.3353891372680664,
        2.8947484493255615,
        0.5159246325492859,
        0.5159246325492859,
        0.5159246325492859,
        0.7938899993896484,
        0.5159246325492859,
        1.2267924547195435,
        0.5159246325492859,
        0.5159246325492859,
        0.8114027380943298,
        0.5159246325492859,
        3.3368403911590576,
        3.077270269393921,
        1.71011483669281,
        0.5159246325492859,
        0.5159246325492859,
        3.2985758781433105,
        0.5159246325492859,
        0.5159246325492859,
        0.5159246325492859,
        0.5159246325492859,
        0.6373622417449951,
        0.5159246325492859,
        1.591655969619751,
        0.5159246325492859,
        3.3070058822631836
    ],
    "timestamp": 1754257602.7930686
}