{
  "query": "/*+  */ select count(*)\nfrom cast_info AS ci\ninner join title AS t\non t.id = ci.movie_id AND t.production_year < 1963;",
  "predicted_latency": 1183.0599308013916,
  "actual_latency": 3915.819,
  "q_error": 3.3099075524833874,
  "inference_time": 0.02685379981994629
}