{
  "predicted_latency": 0.0291377454996109,
  "actual_latency": 2.958874,
  "q_error": 101.54779815673828,
  "inference_time": 0.06679654121398926,
  "timestamp": 1745761951.244629
}