{
  "query": "/*+ NoNestLoop(ci t) */ select count(*)\nfrom cast_info AS ci\ninner join title AS t\non t.id = ci.movie_id AND ci.person_id < 3189978;",
  "predicted_latency": 1133.6984634399414,
  "actual_latency": 9140.184,
  "q_error": 8.062270784302079,
  "inference_time": 0.02644491195678711
}