{
  "predicted_latency": 465.30938148498535,
  "actual_latency": 4109.771,
  "q_error": 8.83234072539888,
  "inference_time": 0.05757737159729004
}