{
  "predicted_latency": 642.0765380859375,
  "inference_time": 0.010752201080322266
}