{
  "predicted_latency": 492.217093706131,
  "actual_latency": 1210.235,
  "q_error": 2.4587423221887295,
  "inference_time": 0.06595921516418457
}