{
  "predicted_latency": 0.0291377454996109,
  "actual_latency": 14.977431000000001,
  "q_error": 514.0216064453125,
  "inference_time": 2.731229305267334,
  "timestamp": 1745453257.9688761
}