{
  "predicted_latency": 418.3653564453125,
  "inference_time": 0.03434634208679199
}