{
  "predicted_latency": 541.3045287132263,
  "actual_latency": 587.712,
  "q_error": 1.0857326492299855,
  "inference_time": 0.0639944076538086
}