{
  "predicted_latency": 0.0291377454996109,
  "actual_latency": 7.657373,
  "q_error": 262.7991027832031,
  "inference_time": 0.42786693572998047,
  "timestamp": 1745453226.929573
}