{
  "query": "/*+  */ select count(*)\nfrom title AS t\ninner join movie_info AS mi\non t.id = mi.movie_id AND t.production_year > 2010;",
  "predicted_latency": 1225.518822669983,
  "actual_latency": 2033.03,
  "q_error": 1.6589137289386782,
  "inference_time": 0.028756141662597656
}