{
  "query": "/*+  */ select count(*)\nfrom movie_keyword AS mk\ninner join title AS t\non t.id = mk.movie_id AND mk.keyword_id > 228;",
  "predicted_latency": 1232.7052354812622,
  "actual_latency": 1159.578,
  "q_error": 1.063063662367915,
  "inference_time": 0.02109813690185547
}