{
  "predicted_latency": 418.2129204273224,
  "actual_latency": 511.866,
  "q_error": 1.2239363611171663,
  "inference_time": 0.03757596015930176
}