{
  "predicted_latency": 0.02913774736225605,
  "actual_latency": 4.59223,
  "q_error": 157.60414123535156,
  "inference_time": 0.29885339736938477,
  "timestamp": 1745451993.454761
}