{
  "predicted_latency": 414.81878662109375,
  "inference_time": 0.0056536197662353516
}