{
  "predicted_latency": 94.79646301269531,
  "inference_time": 0.008352279663085938
}