{
  "query": "/*+ NoNestLoop(t ci) */ select count(*)\nfrom title AS t\ninner join cast_info AS ci\non t.id = ci.movie_id AND ci.person_id < 407562;",
  "predicted_latency": 607.5710654258728,
  "actual_latency": 2070.262,
  "q_error": 3.4074400803614044,
  "inference_time": 0.028725624084472656
}