{
  "predicted_latency": 896.2341547012329,
  "actual_latency": 248.214,
  "q_error": 3.6107316859694976,
  "inference_time": 0.07608938217163086
}