{
  "predicted_latency": -66.92513823509216,
  "actual_latency": 12.998,
  "q_error": -0.19421700638616693,
  "inference_time": 0.03466439247131348
}