{
  "pg_runtime": 253.812,
  "opt_runtime": 161.994,
  "pg_slowdown": 1.566798770324827,
  "pg_opt_diff": 91.81800000000001,
  "original_num_of_plans": 15,
  "pg_plan_card_error": 6946.0,
  "opt_plan_card_error": 1.0,
  "num_tables": 8,
  "opt_hint": "/*+ Rows(lt ml #29997) Rows(ml t #29726) Rows(k mk #47403) Rows(mc t #1139554) Rows(mk ml #288192) Rows(mk t #3961736) Rows(mc ml #105089) Rows(mc mk #28144418) Rows(cn mc #13893) Rows(ct mc #1196185) Rows(cn mc t #12059) Rows(k mk ml #1460) Rows(mc ml t #104935) Rows(mk ml t #286392) Rows(lt ml t #29726) Rows(k mc mk #169414) Rows(mc mk ml #3407594) Rows(cn ct mc #13192) Rows(ct mc ml #97035) Rows(lt mc ml #105089) Rows(ct mc mk #25699259) Rows(lt mk ml #288192) Rows(k mk t #36063) Rows(cn mc ml #8402) Rows(cn mc mk #859708) Rows(mc mk t #25153190) Rows(ct mc t #1015221) Rows(cn mc mk ml #780947) Rows(cn ct mc ml #8393) Rows(cn lt mc ml #8402) Rows(k lt mk ml #1460) Rows(ct k mc mk #154786) Rows(cn k mc mk #4921) Rows(lt mk ml t #286392) Rows(mc mk ml t #3405648) Rows(lt mc ml t #104935) Rows(k mk ml t #1460) Rows(ct mc ml t #96891) Rows(cn mc ml t #8402) Rows(cn ct mc mk #827544) Rows(ct lt mc ml #97035) Rows(k mc mk ml #15510) Rows(k mc mk t #143932) Rows(ct mc mk t #22848431) Rows(cn ct mc t #11462) Rows(cn mc mk t #803077) Rows(lt mc mk ml #3407594) Rows(ct mc mk ml #3223836) Rows(cn ct mc mk ml #780776) Rows(k lt mk ml t #1460) Rows(cn ct k mc mk #4726) Rows(cn k mc mk t #4279) Rows(ct lt mc mk ml #3223836) Rows(ct k mc mk t #130831) Rows(cn lt mc ml t #8402) Rows(cn ct mc ml t #8393) Rows(cn k mc mk ml #6946) Rows(k mc mk ml t #15510) Rows(ct k mc mk ml #14916) Rows(cn ct lt mc ml #8393) Rows(cn mc mk ml t #780947) Rows(lt mc mk ml t #3405648) Rows(k lt mc mk ml #15510) Rows(cn ct mc mk t #776052) Rows(ct lt mc ml t #96891) Rows(cn lt mc mk ml #780947) Rows(ct mc mk ml t #3221910) Rows(cn ct k mc mk t #4137) Rows(cn lt mc mk ml t #780947) Rows(cn k lt mc mk ml #6946) Rows(ct k mc mk ml t #14916) Rows(cn ct lt mc mk ml #780776) Rows(cn k mc mk ml t #6946) Rows(k lt mc mk ml t #15510) Rows(cn ct mc mk ml t #780776) Rows(cn ct k mc mk ml #6946) Rows(ct k lt mc mk ml #14916) Rows(ct lt mc mk ml t #3221910) Rows(cn ct lt mc ml t #8393) Rows(ct k lt mc mk ml t #14916) Rows(cn ct k mc mk ml t #6946) Rows(cn ct k lt mc mk ml #6946) Rows(cn ct lt mc mk ml t #780776) Rows(cn k lt mc mk ml t #6946) Rows(cn ct k lt mc mk ml t #6946) */"
}