{
  "query": "/*+  */ select count(*)\nfrom movie_companies AS mc\ninner join title AS t\non t.id = mc.movie_id AND mc.company_id > 94756;",
  "predicted_latency": 869.6302771568298,
  "actual_latency": 422.742,
  "q_error": 2.0571182356066577,
  "inference_time": 0.04098701477050781
}