{
  "predicted_latency": 632.9594116210938,
  "inference_time": 0.004651308059692383
}