{
    "embedding": [
        0.601257860660553,
        0.601257860660553,
        0.601257860660553,
        0.7443065047264099,
        0.601257860660553,
        1.8550621271133423,
        0.9947479367256165,
        0.601257860660553,
        0.9008907675743103,
        0.601257860660553,
        0.601257860660553,
        0.601257860660553,
        0.601257860660553,
        1.5326234102249146,
        4.275555610656738,
        1.117636799812317,
        0.601257860660553,
        2.741605281829834,
        0.601257860660553,
        1.4353764057159424,
        0.601257860660553,
        4.077326774597168,
        3.8716795444488525,
        0.601257860660553,
        1.6137983798980713,
        2.2639427185058594,
        0.601257860660553,
        0.601257860660553,
        0.601257860660553,
        0.601257860660553,
        3.140316963195801,
        2.606773614883423,
        0.601257860660553,
        0.601257860660553,
        1.3019846677780151,
        2.1142263412475586,
        0.601257860660553,
        3.998319387435913,
        2.6721229553222656,
        0.601257860660553,
        0.601257860660553,
        0.601257860660553,
        0.8079790472984314,
        0.601257860660553,
        1.167275309562683,
        0.601257860660553,
        0.601257860660553,
        1.0479339361190796,
        0.601257860660553,
        4.371751308441162,
        2.0138442516326904,
        2.3221590518951416,
        0.601257860660553,
        0.601257860660553,
        3.9768128395080566,
        0.601257860660553,
        0.601257860660553,
        0.601257860660553,
        0.601257860660553,
        0.6283424496650696,
        0.601257860660553,
        3.085991859436035,
        0.601257860660553,
        4.393953323364258
    ],
    "timestamp": 1754257550.6184607
}