{
    "embedding": [
        0.601257860660553,
        0.601257860660553,
        0.601257860660553,
        0.7443065047264099,
        0.601257860660553,
        1.8550617694854736,
        0.9947481155395508,
        0.601257860660553,
        0.9008904695510864,
        0.601257860660553,
        0.601257860660553,
        0.601257860660553,
        0.601257860660553,
        1.5326240062713623,
        4.275555610656738,
        1.117636799812317,
        0.601257860660553,
        2.741605281829834,
        0.601257860660553,
        1.4353762865066528,
        0.601257860660553,
        4.07732629776001,
        3.8716795444488525,
        0.601257860660553,
        1.6137983798980713,
        2.2639427185058594,
        0.601257860660553,
        0.601257860660553,
        0.601257860660553,
        0.601257860660553,
        3.140316963195801,
        2.6067733764648438,
        0.601257860660553,
        0.601257860660553,
        1.3019849061965942,
        2.1142256259918213,
        0.601257860660553,
        3.998319625854492,
        2.67212176322937,
        0.601257860660553,
        0.601257860660553,
        0.601257860660553,
        0.8079788684844971,
        0.601257860660553,
        1.1672756671905518,
        0.601257860660553,
        0.601257860660553,
        1.0479339361190796,
        0.601257860660553,
        4.371752738952637,
        2.0138444900512695,
        2.322160005569458,
        0.601257860660553,
        0.601257860660553,
        3.9768118858337402,
        0.601257860660553,
        0.601257860660553,
        0.601257860660553,
        0.601257860660553,
        0.6283423900604248,
        0.601257860660553,
        3.085991621017456,
        0.601257860660553,
        4.393953800201416
    ],
    "timestamp": 1754257552.9341404
}