{
  "query": "/*+  */ select count(*)\nfrom title AS t\ninner join movie_keyword AS mk\non t.id = mk.movie_id AND mk.keyword_id > 16158;",
  "predicted_latency": 410.5139970779419,
  "actual_latency": 982.897,
  "q_error": 2.39430812833742,
  "inference_time": 0.017909765243530273
}