{
  "query": "/*+  */ select count(*)\nfrom title AS t\ninner join cast_info AS ci\non t.id = ci.movie_id AND ci.person_id < 2601898 AND ci.role_id > 1;",
  "predicted_latency": 998.8797307014465,
  "actual_latency": 5587.038,
  "q_error": 5.593304006756244,
  "inference_time": 0.013867378234863281
}