{
  "query": "/*+  */ select count(*)\nfrom title AS t\ninner join cast_info AS ci\non t.id = ci.movie_id AND t.production_year < 1984 AND ci.person_id < 2397125 AND ci.role_id > 3;",
  "predicted_latency": 1588.563323020935,
  "actual_latency": 1570.994,
  "q_error": 1.0111835710517896,
  "inference_time": 0.026190519332885742
}