{
  "predicted_latency": 0.02913774363696575,
  "actual_latency": 7.702777,
  "q_error": 264.35736083984375,
  "inference_time": 6.490726947784424,
  "timestamp": 1745478663.1145816
}