{
  "query": "/*+  */ select count(*)\nfrom movie_companies AS mc\ninner join title AS t\non t.id = mc.movie_id AND mc.company_id = 107236;",
  "predicted_latency": 383.5645020008087,
  "actual_latency": 0.381,
  "q_error": 1006.7309763800754,
  "inference_time": 0.012072086334228516
}