{
  "predicted_latency": 2309.625732421875,
  "inference_time": 0.0338742733001709
}