{
  "predicted_latency": 1635.527587890625,
  "inference_time": 0.01831531524658203
}