{
  "predicted_latency": 1165.0300025939941,
  "actual_latency": 45476.959,
  "q_error": 39.0350110286803,
  "inference_time": 0.0978541374206543
}