{
  "predicted_latency": 407.4075927734375,
  "inference_time": 0.007191181182861328
}