{
  "pg_runtime": 26952.862,
  "opt_runtime": 26933.691,
  "pg_slowdown": 1.0007117851021607,
  "pg_opt_diff": 19.171000000002095,
  "original_num_of_plans": 2,
  "pg_plan_card_error": 2.2086870558206275,
  "opt_plan_card_error": 1.0,
  "num_tables": 3,
  "opt_hint": "/*+ Rows(movie_companies title #1508127) Rows(cast_info title #26775477) Rows(cast_info movie_companies title #56965403) */"
}