{
  "query": "/*+  */ select count(*)\nfrom title AS t\ninner join cast_info AS ci\non t.id = ci.movie_id AND ci.person_id < 2919850;",
  "predicted_latency": 1155.0922393798828,
  "actual_latency": 8944.585,
  "q_error": 7.743611025212969,
  "inference_time": 0.01774120330810547
}