{
  "predicted_latency": 0.0291377454996109,
  "actual_latency": 3.7969969999999997,
  "q_error": 130.3119659423828,
  "inference_time": 0.9421300888061523,
  "timestamp": 1745453270.4707196
}