{
  "query": "/*+ NoNestLoop(t ci) */ select count(*)\nfrom title AS t\ninner join cast_info AS ci\non t.id = ci.movie_id AND ci.person_id > 2852448;",
  "predicted_latency": 624.6917843818665,
  "actual_latency": 3268.282,
  "q_error": 5.231831251364976,
  "inference_time": 0.019416332244873047
}