{
  "predicted_latency": 703.2079467773438,
  "inference_time": 0.05227494239807129
}