{
  "predicted_latency": 0.0291377454996109,
  "actual_latency": 2.8163,
  "q_error": 96.65469360351562,
  "inference_time": 0.1490802764892578,
  "timestamp": 1745453686.47235
}