{
  "predicted_latency": 1877.6112060546875,
  "inference_time": 0.027057409286499023
}