{
  "query": "/*+ NoNestLoop(ci t) */ select count(*)\nfrom cast_info AS ci\ninner join title AS t\non t.id = ci.movie_id AND ci.person_id < 3045600;",
  "predicted_latency": 1150.0054597854614,
  "actual_latency": 8971.863,
  "q_error": 7.801582960896325,
  "inference_time": 0.019366741180419922
}