{
  "predicted_latency": 212.17933297157288,
  "actual_latency": 0.454,
  "q_error": 467.35535896822216,
  "inference_time": 0.05703878402709961
}