{
  "predicted_latency": 583.5140943527222,
  "actual_latency": 116.417,
  "q_error": 5.012275650057313,
  "inference_time": 0.06236910820007324
}