{
  "query": "/*+  */ select count(*)\nfrom title AS t\ninner join cast_info AS ci\non t.id = ci.movie_id AND ci.person_id < 2483678;",
  "predicted_latency": 918.0747866630554,
  "actual_latency": 8040.044,
  "q_error": 8.75750441772103,
  "inference_time": 0.02002549171447754
}