{
  "predicted_latency": 0.0291377454996109,
  "actual_latency": 30.945836,
  "q_error": 1062.05322265625,
  "inference_time": 1.2312273979187012,
  "timestamp": 1745757427.271335
}