{
  "query": "/*+  */ select count(*)\nfrom movie_companies AS mc\ninner join title AS t\non t.id = mc.movie_id AND mc.company_id < 93316;",
  "predicted_latency": 1292.9285764694214,
  "actual_latency": 1233.104,
  "q_error": 1.048515434601965,
  "inference_time": 0.017774343490600586
}