{
  "query": "/*+  */ select count(*)\nfrom title AS t\ninner join movie_keyword AS mk\non t.id = mk.movie_id AND mk.keyword_id = 2888;",
  "predicted_latency": 421.56505584716797,
  "actual_latency": 41.601,
  "q_error": 10.133531786427442,
  "inference_time": 0.013506650924682617
}