{
  "predicted_latency": 362.6625671386719,
  "inference_time": 0.019497156143188477
}