{
    "embedding": [
        0.5362367033958435,
        0.5362367033958435,
        0.5649371147155762,
        0.6151313185691833,
        0.6080011129379272,
        1.365021824836731,
        0.5362367033958435,
        0.5362367033958435,
        1.4803721904754639,
        0.5362367033958435,
        0.5362367033958435,
        0.5362367033958435,
        0.561244785785675,
        1.8384991884231567,
        2.8193767070770264,
        1.2135517597198486,
        0.5362367033958435,
        1.2684627771377563,
        0.5362367033958435,
        2.24493145942688,
        0.5362367033958435,
        0.5975745320320129,
        1.855971097946167,
        0.5362367033958435,
        0.9141475558280945,
        2.6222431659698486,
        0.5362367033958435,
        0.5362367033958435,
        0.5362367033958435,
        0.5362367033958435,
        1.3947433233261108,
        0.9155372977256775,
        0.5362367033958435,
        0.5362367033958435,
        1.7039426565170288,
        2.6964778900146484,
        0.5362367033958435,
        1.160117268562317,
        1.977950930595398,
        0.5362367033958435,
        0.5362367033958435,
        0.5362367033958435,
        0.7150142192840576,
        0.5362367033958435,
        0.5997446179389954,
        0.5362367033958435,
        0.5362367033958435,
        0.813576877117157,
        0.5362367033958435,
        3.4330430030822754,
        3.816391944885254,
        0.6775620579719543,
        0.5362367033958435,
        0.5362367033958435,
        3.3347129821777344,
        0.5362367033958435,
        0.5362367033958435,
        0.5362367033958435,
        0.5362367033958435,
        0.6737449169158936,
        0.5362367033958435,
        0.5362367033958435,
        0.5362367033958435,
        3.4314136505126953
    ],
    "timestamp": 1754257557.4829319
}