{
    "embedding": [
        0.5362367630004883,
        0.5362367630004883,
        0.5649371147155762,
        0.6151313185691833,
        0.6080012321472168,
        1.3650213479995728,
        0.5362367630004883,
        0.5362367630004883,
        1.4803721904754639,
        0.5362367630004883,
        0.5362367630004883,
        0.5362367630004883,
        0.5612448453903198,
        1.8384991884231567,
        2.8193767070770264,
        1.213551640510559,
        0.5362367630004883,
        1.2684626579284668,
        0.5362367630004883,
        2.2449307441711426,
        0.5362367630004883,
        0.5975745916366577,
        1.8559707403182983,
        0.5362367630004883,
        0.9141479134559631,
        2.6222431659698486,
        0.5362367630004883,
        0.5362367630004883,
        0.5362367630004883,
        0.5362367630004883,
        1.394743800163269,
        0.9155374765396118,
        0.5362367630004883,
        0.5362367630004883,
        1.7039425373077393,
        2.6964776515960693,
        0.5362367630004883,
        1.1601170301437378,
        1.977950930595398,
        0.5362367630004883,
        0.5362367630004883,
        0.5362367630004883,
        0.7150142788887024,
        0.5362367630004883,
        0.5997446179389954,
        0.5362367630004883,
        0.5362367630004883,
        0.8135769367218018,
        0.5362367630004883,
        3.4330432415008545,
        3.816391706466675,
        0.6775620579719543,
        0.5362367630004883,
        0.5362367630004883,
        3.3347134590148926,
        0.5362367630004883,
        0.5362367630004883,
        0.5362367630004883,
        0.5362367630004883,
        0.6737449765205383,
        0.5362367630004883,
        0.5362367630004883,
        0.5362367630004883,
        3.4314136505126953
    ],
    "timestamp": 1754257558.0652924
}