{
    "embedding": [
        0.5135911703109741,
        0.5135911703109741,
        0.5412908792495728,
        0.7480005025863647,
        0.6022747159004211,
        1.3153488636016846,
        0.5156086087226868,
        0.5135911703109741,
        0.9443076848983765,
        0.5135911703109741,
        0.5135911703109741,
        0.5135911703109741,
        0.540483295917511,
        2.9838035106658936,
        3.0735058784484863,
        1.9405786991119385,
        0.5135911703109741,
        0.6781783103942871,
        0.5135911703109741,
        2.055527925491333,
        0.5135911703109741,
        0.8476312160491943,
        1.4493950605392456,
        0.5135911703109741,
        1.16991126537323,
        2.87980580329895,
        0.5135911703109741,
        0.5135911703109741,
        0.5135911703109741,
        0.5135911703109741,
        2.7436208724975586,
        0.8587808609008789,
        0.5135911703109741,
        0.5135911703109741,
        2.3509480953216553,
        2.774294376373291,
        0.5135911703109741,
        1.30527925491333,
        1.6559271812438965,
        0.5135911703109741,
        0.5135911703109741,
        0.5135911703109741,
        0.6725226044654846,
        0.5135911703109741,
        1.6258832216262817,
        0.5135911703109741,
        0.5135911703109741,
        0.7778189778327942,
        0.5135911703109741,
        3.3747825622558594,
        1.6732977628707886,
        1.8234373331069946,
        0.5135911703109741,
        0.5135911703109741,
        3.2114577293395996,
        0.5135911703109741,
        0.5135911703109741,
        0.5135911703109741,
        0.5135911703109741,
        0.6385647058486938,
        0.5135911703109741,
        0.5135911703109741,
        0.5135911703109741,
        3.9494292736053467
    ],
    "timestamp": 1754257654.488465
}