{
  "query": "/*+  */ select count(*)\nfrom title AS t\ninner join cast_info AS ci\non t.id = ci.movie_id AND t.kind_id > 1 AND ci.person_id > 1102788;",
  "predicted_latency": 1267.453908920288,
  "actual_latency": 6990.786,
  "q_error": 5.515613586260722,
  "inference_time": 0.025377273559570312
}