{
  "query": "/*+ NoNestLoop(t ci) */ select count(*)\nfrom title AS t\ninner join cast_info AS ci\non t.id = ci.movie_id AND ci.person_id < 2028953;",
  "predicted_latency": 736.1494898796082,
  "actual_latency": 6317.618,
  "q_error": 8.581977012621717,
  "inference_time": 0.026471853256225586
}