{
  "query": "/*+  */ select count(*)\nfrom movie_keyword AS mk\ninner join title AS t\non t.id = mk.movie_id AND mk.keyword_id > 395;",
  "predicted_latency": 1200.400948524475,
  "actual_latency": 1693.276,
  "q_error": 1.4105920210087834,
  "inference_time": 0.01588273048400879
}