{
  "predicted_latency": 375.8848011493683,
  "actual_latency": 103.234,
  "q_error": 3.6410949992189425,
  "inference_time": 0.0623016357421875
}