{
  "predicted_latency": 0.0291377454996109,
  "actual_latency": 60.885788,
  "q_error": 2089.584716796875,
  "inference_time": 0.8837926387786865,
  "timestamp": 1745772615.8172112
}