{
  "pg_runtime": 18508.443,
  "opt_runtime": 18582.897,
  "pg_slowdown": 0.9959934126525051,
  "pg_opt_diff": -74.45400000000154,
  "original_num_of_plans": 2,
  "pg_plan_card_error": 1.0643616853179891,
  "opt_plan_card_error": 1.0,
  "num_tables": 2,
  "opt_hint": "/*+ Rows(cast_info title #21454165) */"
}