{
  "query": "/*+  */ select count(*)\nfrom movie_keyword AS mk\ninner join title AS t\non t.id = mk.movie_id AND mk.keyword_id > 453;",
  "predicted_latency": 1198.651671409607,
  "actual_latency": 1109.561,
  "q_error": 1.0802936219005599,
  "inference_time": 0.026965618133544922
}