{
  "query": "/*+  */ select count(*)\nfrom title AS t\ninner join cast_info AS ci\non t.id = ci.movie_id AND ci.person_id > 1539324 AND ci.role_id < 6;",
  "predicted_latency": 1160.056233406067,
  "actual_latency": 5804.351,
  "q_error": 5.003508306625546,
  "inference_time": 0.015001296997070312
}