{
  "predicted_latency": 321.0484619140625,
  "inference_time": 0.008727788925170898
}