{
    "embedding": [
        0.5509117841720581,
        0.5509117841720581,
        0.5588645339012146,
        0.6391044855117798,
        0.5964952111244202,
        1.407177448272705,
        0.5509117841720581,
        0.5509117841720581,
        1.5642800331115723,
        0.5509117841720581,
        0.5509117841720581,
        0.5509117841720581,
        0.5550329685211182,
        1.9023311138153076,
        2.9155197143554688,
        1.2618939876556396,
        0.5509117841720581,
        1.2513370513916016,
        0.5509117841720581,
        2.295663595199585,
        0.5509117841720581,
        0.6174352169036865,
        1.9045295715332031,
        0.5509117841720581,
        0.9411378502845764,
        2.9752230644226074,
        0.5509117841720581,
        0.5509117841720581,
        0.5509117841720581,
        0.5509117841720581,
        1.4887734651565552,
        0.9589467644691467,
        0.5509117841720581,
        0.5509117841720581,
        1.2632216215133667,
        2.787928342819214,
        0.5509117841720581,
        1.19845449924469,
        1.939835548400879,
        0.5509117841720581,
        0.5509117841720581,
        0.5509117841720581,
        0.7449696660041809,
        0.5509117841720581,
        0.6444041132926941,
        0.5509117841720581,
        0.5509117841720581,
        0.8417546153068542,
        0.5509117841720581,
        3.4547810554504395,
        2.9853928089141846,
        0.6877235174179077,
        0.5509117841720581,
        0.5509117841720581,
        3.4417409896850586,
        0.5509117841720581,
        0.5509117841720581,
        0.5509117841720581,
        0.5509117841720581,
        0.685928463935852,
        0.5509117841720581,
        0.5509117841720581,
        0.5509117841720581,
        3.5823957920074463
    ],
    "timestamp": 1754258410.1514444
}