{
    "embedding": [
        0.5509117841720581,
        0.5509117841720581,
        0.5588645339012146,
        0.6391044855117798,
        0.5964951515197754,
        1.407177448272705,
        0.5509117841720581,
        0.5509117841720581,
        1.5642801523208618,
        0.5509117841720581,
        0.5509117841720581,
        0.5509117841720581,
        0.5550329685211182,
        1.9023311138153076,
        2.915520191192627,
        1.2618941068649292,
        0.5509117841720581,
        1.2513370513916016,
        0.5509117841720581,
        2.295663356781006,
        0.5509117841720581,
        0.6174352765083313,
        1.9045292139053345,
        0.5509117841720581,
        0.9411377310752869,
        2.97522234916687,
        0.5509117841720581,
        0.5509117841720581,
        0.5509117841720581,
        0.5509117841720581,
        1.4887735843658447,
        0.958946704864502,
        0.5509117841720581,
        0.5509117841720581,
        1.2632216215133667,
        2.7879281044006348,
        0.5509117841720581,
        1.19845449924469,
        1.9398354291915894,
        0.5509117841720581,
        0.5509117841720581,
        0.5509117841720581,
        0.7449696660041809,
        0.5509117841720581,
        0.6444038152694702,
        0.5509117841720581,
        0.5509117841720581,
        0.8417545557022095,
        0.5509117841720581,
        3.4547812938690186,
        2.985393524169922,
        0.6877235174179077,
        0.5509117841720581,
        0.5509117841720581,
        3.441741466522217,
        0.5509117841720581,
        0.5509117841720581,
        0.5509117841720581,
        0.5509117841720581,
        0.685928463935852,
        0.5509117841720581,
        0.5509117841720581,
        0.5509117841720581,
        3.5823965072631836
    ],
    "timestamp": 1754258414.8018672
}