{
  "predicted_latency": 856.4439697265625,
  "inference_time": 0.01886749267578125
}