{
  "predicted_latency": 589.1978740692139,
  "actual_latency": 600.378,
  "q_error": 1.0189751633921762,
  "inference_time": 0.10430407524108887
}