{
  "predicted_latency": 275.6460266113281,
  "inference_time": 0.029665708541870117
}