{
  "query": "/*+  */ select count(*)\nfrom movie_keyword AS mk\ninner join title AS t\non t.id = mk.movie_id AND mk.keyword_id > 70;",
  "predicted_latency": 1285.7204675674438,
  "actual_latency": 1258.283,
  "q_error": 1.021805482206661,
  "inference_time": 0.029259920120239258
}