{
  "query": "/*+  */ select count(*)\nfrom title AS t\ninner join cast_info AS ci\non t.id = ci.movie_id AND t.production_year < 1992 AND ci.person_id > 1412586;",
  "predicted_latency": 1558.355689048767,
  "actual_latency": 4096.171,
  "q_error": 2.6285212219428136,
  "inference_time": 0.024797677993774414
}