{
  "predicted_latency": 0.02913774363696575,
  "actual_latency": 1.471726,
  "q_error": 50.50926208496094,
  "inference_time": 0.996633768081665,
  "timestamp": 1745760805.3644285
}