{
  "query": "/*+ NoNestLoop(ci t) */ select count(*)\nfrom cast_info AS ci\ninner join title AS t\non t.id = ci.movie_id AND ci.person_id < 3838290;",
  "predicted_latency": 1164.1064882278442,
  "actual_latency": 10338.386,
  "q_error": 8.880962441622028,
  "inference_time": 0.029074668884277344
}