{
  "predicted_latency": 0.02913774736225605,
  "actual_latency": 5.518959,
  "q_error": 189.4092559814453,
  "inference_time": 0.18350815773010254,
  "timestamp": 1745771360.765779
}