{
  "predicted_latency": 531.8259596824646,
  "actual_latency": 63.135,
  "q_error": 8.42363126130458,
  "inference_time": 0.0672156810760498
}