{
  "predicted_latency": 1136.00439453125,
  "inference_time": 0.02564263343811035
}