{
  "query": "/*+  */ select count(*)\nfrom title AS t\ninner join cast_info AS ci\non t.id = ci.movie_id AND ci.person_id < 1288415 AND ci.role_id > 1;",
  "predicted_latency": 931.4520359039307,
  "actual_latency": 3336.687,
  "q_error": 3.582242425142054,
  "inference_time": 0.024538040161132812
}