{
  "query": "/*+  */ select count(*)\nfrom title AS t\ninner join cast_info AS ci\non t.id = ci.movie_id AND ci.person_id > 1100824;",
  "predicted_latency": 967.0490622520447,
  "actual_latency": 7860.784,
  "q_error": 8.128629980462378,
  "inference_time": 0.01405477523803711
}