{
  "predicted_latency": 272.62750267982483,
  "actual_latency": 52.921,
  "q_error": 5.151593935863359,
  "inference_time": 0.12047767639160156
}