{
  "predicted_latency": 550.8460998535156,
  "actual_latency": 1076.219,
  "q_error": 1.9537562311618342,
  "inference_time": 0.06002950668334961
}