{
  "query": "/*+ NoNestLoop(t ci) */ select count(*)\nfrom title AS t\ninner join cast_info AS ci\non t.id = ci.movie_id AND ci.person_id > 3334004;",
  "predicted_latency": 608.0458760261536,
  "actual_latency": 1837.326,
  "q_error": 3.0216897646074523,
  "inference_time": 0.01919269561767578
}