{
  "query": "/*+  */ select count(*)\nfrom title AS t\ninner join cast_info AS ci\non t.id = ci.movie_id AND t.production_year > 2007 AND ci.person_id > 1020858 AND ci.role_id = 1;",
  "predicted_latency": 1587.023138999939,
  "actual_latency": 1840.447,
  "q_error": 1.1596850447686324,
  "inference_time": 0.026445627212524414
}