{
  "predicted_latency": 407.41729736328125,
  "actual_latency": 783.94,
  "q_error": 1.9241696537518025,
  "inference_time": 0.13791203498840332
}