{
  "query": "/*+  */ select count(*)\nfrom movie_keyword AS mk\ninner join title AS t\non t.id = mk.movie_id AND mk.keyword_id > 117;",
  "predicted_latency": 1259.2366933822632,
  "actual_latency": 1155.644,
  "q_error": 1.0896406621608932,
  "inference_time": 0.019268035888671875
}