{
  "pg_runtime": 2343.326,
  "opt_runtime": 2346.9,
  "pg_slowdown": 0.9984771400570965,
  "pg_opt_diff": -3.574000000000069,
  "original_num_of_plans": 2,
  "pg_plan_card_error": 1.6148723946598627,
  "opt_plan_card_error": 1.0,
  "num_tables": 3,
  "opt_hint": "/*+ Rows(movie_info title #1726523) Rows(movie_companies title #176197) Rows(movie_companies movie_info title #1931628) */"
}