{
  "predicted_latency": -9.366903454065323,
  "actual_latency": 0.237,
  "q_error": -0.025301851477623566,
  "inference_time": 0.034545183181762695
}