{
  "query": "/*+  */ select count(*)\nfrom title AS t\ninner join cast_info AS ci\non t.id = ci.movie_id AND ci.person_id < 2608324;",
  "predicted_latency": 974.7885465621948,
  "actual_latency": 8376.456,
  "q_error": 8.593100554516573,
  "inference_time": 0.02731180191040039
}