{
  "query": "/*+  */ select count(*)\nfrom title AS t\ninner join cast_info AS ci\non t.id = ci.movie_id AND ci.person_id > 1045296;",
  "predicted_latency": 998.4961152076721,
  "actual_latency": 8342.915,
  "q_error": 8.355480680327735,
  "inference_time": 0.017119407653808594
}