{
  "predicted_latency": 0.02913774363696575,
  "actual_latency": 77.427259,
  "q_error": 2657.283935546875,
  "inference_time": 2.1399190425872803,
  "timestamp": 1745479592.7109556
}