{
  "predicted_latency": 1043.171142578125,
  "inference_time": 0.00751948356628418
}