{
  "predicted_latency": 276.7196595668793,
  "actual_latency": 1927.451,
  "q_error": 6.965356212915411,
  "inference_time": 0.11433553695678711
}