{
  "predicted_latency": 0.02913774363696575,
  "actual_latency": 245.622462,
  "q_error": 8429.701171875,
  "inference_time": 11.129138231277466,
  "timestamp": 1745478585.1485372
}