{
  "predicted_latency": 1201.7664794921875,
  "inference_time": 0.023438215255737305
}