{
  "query": "/*+  */ select count(*)\nfrom movie_companies AS mc\ninner join title AS t\non t.id = mc.movie_id AND mc.company_id < 95066;",
  "predicted_latency": 1287.41455078125,
  "actual_latency": 1321.795,
  "q_error": 1.0267050338975017,
  "inference_time": 0.01640629768371582
}