{
  "query": "/*+ NoNestLoop(mk t) */ select count(*)\nfrom movie_keyword AS mk\ninner join title AS t\non t.id = mk.movie_id AND mk.keyword_id < 114881;",
  "predicted_latency": 1295.2539920806885,
  "actual_latency": 1237.452,
  "q_error": 1.0467104922701556,
  "inference_time": 0.018135786056518555
}