{
  "predicted_latency": 786.4102172851562,
  "inference_time": 0.005944967269897461
}