{
  "predicted_latency": 172.03569412231445,
  "actual_latency": 2.015,
  "q_error": 85.3775156934563,
  "inference_time": 0.08130621910095215
}