{
  "predicted_latency": 763.6484985351562,
  "inference_time": 0.11080789566040039
}