{
  "predicted_latency": 0.02913774736225605,
  "actual_latency": 3.0541329999999998,
  "q_error": 104.81705474853516,
  "inference_time": 1.4192619323730469,
  "timestamp": 1745759007.9815161
}