{
  "predicted_latency": 0.0291377454996109,
  "actual_latency": 3.118396,
  "q_error": 107.0225601196289,
  "inference_time": 1.0045864582061768,
  "timestamp": 1745771425.545602
}