{
  "predicted_latency": 0.0291377454996109,
  "actual_latency": 1.032547,
  "q_error": 35.43674850463867,
  "inference_time": 0.2161579132080078,
  "timestamp": 1745762681.0071898
}