{
  "query": "/*+  */ select count(*)\nfrom title AS t\ninner join cast_info AS ci\non t.id = ci.movie_id AND t.production_year > 2007 AND ci.person_id > 3458600 AND ci.role_id > 1;",
  "predicted_latency": 1596.3386297225952,
  "actual_latency": 1347.733,
  "q_error": 1.1844620779654391,
  "inference_time": 0.026201248168945312
}