{
  "query": "/*+  */ select count(*)\nfrom title AS t\ninner join cast_info AS ci\non t.id = ci.movie_id AND ci.person_id > 3580409 AND ci.role_id > 1;",
  "predicted_latency": 872.7609515190125,
  "actual_latency": 1335.238,
  "q_error": 1.5299011690154802,
  "inference_time": 0.02634119987487793
}