{
  "query": "/*+  */ select count(*)\nfrom movie_companies AS mc\ninner join title AS t\non t.id = mc.movie_id AND mc.company_id < 141575 AND t.kind_id < 7;",
  "predicted_latency": 1413.1377935409546,
  "actual_latency": 724.917,
  "q_error": 1.9493787475544848,
  "inference_time": 0.026721715927124023
}