{
  "predicted_latency": 312.43603515625,
  "inference_time": 0.008405208587646484
}