{
  "query": "/*+  */ select count(*)\nfrom title AS t\ninner join cast_info AS ci\non t.id = ci.movie_id AND ci.person_id < 2267497 AND ci.role_id < 3;",
  "predicted_latency": 825.3832459449768,
  "actual_latency": 6434.201,
  "q_error": 7.7954102310781925,
  "inference_time": 0.018402576446533203
}