{
  "predicted_latency": 287.07101941108704,
  "actual_latency": 291.66,
  "q_error": 1.0159855237157935,
  "inference_time": 0.0520329475402832
}