{
  "predicted_latency": 0.02913774736225605,
  "actual_latency": 3.2435869999999998,
  "q_error": 111.3190689086914,
  "inference_time": 1.4902639389038086,
  "timestamp": 1745758000.1577408
}