{
  "query": "/*+  */ select count(*)\nfrom cast_info AS ci\ninner join title AS t\non t.id = ci.movie_id AND ci.person_id > 2936237 AND ci.role_id = 5 AND t.production_year = 2012;",
  "predicted_latency": 1201.7821073532104,
  "actual_latency": 310.303,
  "q_error": 3.8729309976159123,
  "inference_time": 0.015606164932250977
}