{
  "predicted_latency": 787.9785766601562,
  "inference_time": 0.007815837860107422
}