{
  "query": "/*+  */ select count(*)\nfrom title AS t\ninner join cast_info AS ci\non t.id = ci.movie_id AND ci.person_id < 2817274 AND ci.role_id < 4;",
  "predicted_latency": 878.4124851226807,
  "actual_latency": 7160.916,
  "q_error": 8.152110906073807,
  "inference_time": 0.018352746963500977
}