{
  "predicted_latency": 0.02913774363696575,
  "actual_latency": 12.701655,
  "q_error": 435.9176025390625,
  "inference_time": 6.3800132274627686,
  "timestamp": 1745453733.2767787
}