{
    "embedding": [
        0.5266139507293701,
        0.5266139507293701,
        0.5544002056121826,
        0.595013439655304,
        0.5995389819145203,
        1.4114470481872559,
        0.5266139507293701,
        0.5266139507293701,
        1.8273054361343384,
        0.5266139507293701,
        0.5266139507293701,
        0.5266139507293701,
        0.5266139507293701,
        1.7126469612121582,
        3.349916696548462,
        1.7778018712997437,
        0.5266139507293701,
        1.4905751943588257,
        0.5266139507293701,
        2.345072031021118,
        0.5266139507293701,
        3.1986281871795654,
        2.9962902069091797,
        0.5266139507293701,
        1.1259633302688599,
        2.577787160873413,
        0.5266139507293701,
        0.5266139507293701,
        0.5266139507293701,
        0.5266139507293701,
        0.9057971239089966,
        2.3421404361724854,
        0.5266139507293701,
        0.5266139507293701,
        2.02522873878479,
        1.9127147197723389,
        0.5266139507293701,
        2.7736077308654785,
        2.7606494426727295,
        0.5266139507293701,
        0.5266139507293701,
        0.5266139507293701,
        0.6180725693702698,
        0.5266139507293701,
        0.7699055671691895,
        0.5266139507293701,
        0.5266139507293701,
        0.8219832181930542,
        0.5266139507293701,
        3.7813804149627686,
        1.9566001892089844,
        1.8852688074111938,
        0.5266139507293701,
        0.5266139507293701,
        3.005758047103882,
        0.5266139507293701,
        0.5266139507293701,
        0.5266139507293701,
        0.5266139507293701,
        0.6509695053100586,
        0.5266139507293701,
        2.2546684741973877,
        0.5266139507293701,
        3.965974807739258
    ],
    "timestamp": 1754258626.5915604
}