{
    "embedding": [
        0.5266139507293701,
        0.5266139507293701,
        0.5544002056121826,
        0.595013439655304,
        0.599539041519165,
        1.4114466905593872,
        0.5266139507293701,
        0.5266139507293701,
        1.8273054361343384,
        0.5266139507293701,
        0.5266139507293701,
        0.5266139507293701,
        0.5266139507293701,
        1.7126470804214478,
        3.349916696548462,
        1.7778011560440063,
        0.5266139507293701,
        1.4905751943588257,
        0.5266139507293701,
        2.345072031021118,
        0.5266139507293701,
        3.1986284255981445,
        2.9962902069091797,
        0.5266139507293701,
        1.1259628534317017,
        2.5777876377105713,
        0.5266139507293701,
        0.5266139507293701,
        0.5266139507293701,
        0.5266139507293701,
        0.9057967066764832,
        2.3421401977539062,
        0.5266139507293701,
        0.5266139507293701,
        2.025228261947632,
        1.9127142429351807,
        0.5266139507293701,
        2.7736077308654785,
        2.7606489658355713,
        0.5266139507293701,
        0.5266139507293701,
        0.5266139507293701,
        0.6180725693702698,
        0.5266139507293701,
        0.7699057459831238,
        0.5266139507293701,
        0.5266139507293701,
        0.8219833374023438,
        0.5266139507293701,
        3.781379222869873,
        1.9566001892089844,
        1.8852685689926147,
        0.5266139507293701,
        0.5266139507293701,
        3.005758047103882,
        0.5266139507293701,
        0.5266139507293701,
        0.5266139507293701,
        0.5266139507293701,
        0.6509694457054138,
        0.5266139507293701,
        2.254668712615967,
        0.5266139507293701,
        3.965975284576416
    ],
    "timestamp": 1754258624.9203277
}