{
  "query": "/*+  */ select count(*)\nfrom title AS t\ninner join cast_info AS ci\non t.id = ci.movie_id AND ci.person_id < 514988 AND ci.role_id > 1;",
  "predicted_latency": 901.4007449150085,
  "actual_latency": 1433.051,
  "q_error": 1.5898045437438812,
  "inference_time": 0.01913928985595703
}