{
  "query": "/*+  */ select count(*)\nfrom title AS t\ninner join movie_keyword AS mk\non t.id = mk.movie_id AND mk.keyword_id = 7078;",
  "predicted_latency": 405.64072132110596,
  "actual_latency": 60.974,
  "q_error": 6.652683460509495,
  "inference_time": 0.019814014434814453
}