{
  "query": "/*+ NoNestLoop(t ci) */ select count(*)\nfrom title AS t\ninner join cast_info AS ci\non t.id = ci.movie_id AND ci.person_id < 479061;",
  "predicted_latency": 612.5073432922363,
  "actual_latency": 2184.413,
  "q_error": 3.5663458143354605,
  "inference_time": 0.025140047073364258
}