{
  "predicted_latency": 0.0291377454996109,
  "actual_latency": 97.621591,
  "q_error": 3350.34814453125,
  "inference_time": 0.06933474540710449,
  "timestamp": 1745760424.5958323
}