{
  "predicted_latency": 0.0291377454996109,
  "actual_latency": 1.3076500000000002,
  "q_error": 44.878211975097656,
  "inference_time": 1.3633062839508057,
  "timestamp": 1745755136.801337
}