{
  "predicted_latency": 0.0291377454996109,
  "actual_latency": 49.603057,
  "q_error": 1702.3642578125,
  "inference_time": 0.18434786796569824,
  "timestamp": 1745453511.0338683
}