{
  "predicted_latency": 852.2849731445312,
  "inference_time": 0.022544145584106445
}