{
  "predicted_latency": 1035.0579023361206,
  "actual_latency": 1231.24,
  "q_error": 1.189537316918307,
  "inference_time": 0.052307844161987305
}