{
  "predicted_latency": 0.0291377454996109,
  "actual_latency": 47.817436,
  "q_error": 1641.082275390625,
  "inference_time": 0.0810861587524414,
  "timestamp": 1745756136.899621
}