{
  "predicted_latency": 191.4355456829071,
  "actual_latency": 9702.899,
  "q_error": 50.684939233134024,
  "inference_time": 0.2220771312713623
}