{
  "query": "/*+  */ select count(*)\nfrom cast_info AS ci\ninner join title AS t\non t.id = ci.movie_id AND ci.person_id > 599631 AND t.kind_id > 2 AND t.production_year > 2004;",
  "predicted_latency": 1615.2740716934204,
  "actual_latency": 6272.253,
  "q_error": 3.8830890125192794,
  "inference_time": 0.020447731018066406
}