{
  "predicted_latency": 369.6819245815277,
  "actual_latency": 1612.057,
  "q_error": 4.360659509725327,
  "inference_time": 0.11338186264038086
}