{
  "query": "/*+  */ select count(*)\nfrom movie_keyword AS mk\ninner join title AS t\non t.id = mk.movie_id AND mk.keyword_id > 73;",
  "predicted_latency": 1285.1349115371704,
  "actual_latency": 1188.833,
  "q_error": 1.0810054158466078,
  "inference_time": 0.018862247467041016
}