{
  "query": "/*+  */ select count(*)\nfrom movie_keyword AS mk\ninner join title AS t\non t.id = mk.movie_id AND mk.keyword_id < 43524;",
  "predicted_latency": 1206.7382335662842,
  "actual_latency": 1210.048,
  "q_error": 1.002742737688798,
  "inference_time": 0.02763056755065918
}