{
  "predicted_latency": 636.2435913085938,
  "inference_time": 0.0073642730712890625
}