{
  "predicted_latency": 0.0291377454996109,
  "actual_latency": 0.393141,
  "q_error": 13.492499351501465,
  "inference_time": 1.7836933135986328,
  "timestamp": 1745481185.2540514
}