{
  "predicted_latency": 0.02913774736225605,
  "actual_latency": 0.227261,
  "q_error": 7.799539566040039,
  "inference_time": 0.20139789581298828,
  "timestamp": 1745481185.727898
}