{
  "predicted_latency": 328.40287685394287,
  "actual_latency": 390.372,
  "q_error": 1.188698478343775,
  "inference_time": 0.04333806037902832
}