{
  "query": "/*+  */ select count(*)\nfrom title AS t\ninner join cast_info AS ci\non t.id = ci.movie_id AND ci.person_id < 2871817;",
  "predicted_latency": 1124.4419813156128,
  "actual_latency": 8971.343,
  "q_error": 7.978484571968226,
  "inference_time": 0.020521163940429688
}