{
  "predicted_latency": 125.01755356788635,
  "actual_latency": 814.837,
  "q_error": 6.517780717549649,
  "inference_time": 0.09483170509338379
}