{
  "query": "/*+  */ select count(*)\nfrom title AS t\ninner join cast_info AS ci\non t.id = ci.movie_id AND t.production_year > 2009 AND ci.person_id < 2320861;",
  "predicted_latency": 1603.166937828064,
  "actual_latency": 4001.909,
  "q_error": 2.4962522027941145,
  "inference_time": 0.026688575744628906
}