{
  "query": "/*+  */ select count(*)\nfrom movie_keyword AS mk\ninner join title AS t\non t.id = mk.movie_id AND mk.keyword_id < 51615;",
  "predicted_latency": 1218.5107469558716,
  "actual_latency": 1154.129,
  "q_error": 1.055783839549887,
  "inference_time": 0.018506526947021484
}