{
  "predicted_latency": 741.1737060546875,
  "inference_time": 0.027811050415039062
}