{
  "query": "/*+ NoNestLoop(t ci) */ select count(*)\nfrom title AS t\ninner join cast_info AS ci\non t.id = ci.movie_id AND ci.person_id > 2103578;",
  "predicted_latency": 649.3533253669739,
  "actual_latency": 5895.889,
  "q_error": 9.079631642246557,
  "inference_time": 0.017599821090698242
}