{
  "predicted_latency": 0.010861066170036793,
  "actual_latency": 4.312901,
  "q_error": 397.0973815917969,
  "inference_time": 0.05919981002807617,
  "timestamp": 1744804535.521481
}