{
  "query": "/*+  */ select count(*)\nfrom title AS t\ninner join cast_info AS ci\non t.id = ci.movie_id AND ci.person_id < 2703703;",
  "predicted_latency": 1018.9148187637329,
  "actual_latency": 7789.922,
  "q_error": 7.645312303389255,
  "inference_time": 0.02660989761352539
}