{
  "predicted_latency": 353.3053398132324,
  "actual_latency": 117.013,
  "q_error": 3.0193682737237095,
  "inference_time": 0.06225395202636719
}