{
  "predicted_latency": 484.27674174308777,
  "actual_latency": 1887.753,
  "q_error": 3.8980872655690457,
  "inference_time": 0.06590390205383301
}