{
  "predicted_latency": 700.4375457763672,
  "actual_latency": 138.484,
  "q_error": 5.0578951054011085,
  "inference_time": 0.0752556324005127
}