{
  "query": "/*+ NoNestLoop(t ci) */ select count(*)\nfrom title AS t\ninner join cast_info AS ci\non t.id = ci.movie_id AND ci.person_id > 2413177;",
  "predicted_latency": 640.1776671409607,
  "actual_latency": 5616.448,
  "q_error": 8.773264498718158,
  "inference_time": 0.027645111083984375
}