{
  "predicted_latency": 649.6178588867188,
  "inference_time": 0.01384735107421875
}