{
  "query": "/*+  */ select count(*)\nfrom cast_info AS ci\ninner join title AS t\non t.id = ci.movie_id AND t.production_year < 1966;",
  "predicted_latency": 1202.903389930725,
  "actual_latency": 4512.716,
  "q_error": 3.751519895758118,
  "inference_time": 0.019190549850463867
}