{
  "predicted_latency": 0.02913774736225605,
  "actual_latency": 4.476952,
  "q_error": 153.64784240722656,
  "inference_time": 0.15190553665161133,
  "timestamp": 1745754328.3426397
}