{
  "predicted_latency": 350.1336669921875,
  "inference_time": 0.012315511703491211
}