{
  "predicted_latency": 303.4818768501282,
  "actual_latency": 9528.056,
  "q_error": 31.39579898112119,
  "inference_time": 0.11854934692382812
}