{
  "embedding": [
    0.8125763017239443,
    0.759360477692573,
    3.595138684889772,
    0.04133434711079029,
    0.10409336367850108,
    2.8556136273454804,
    1.0929898026517741,
    1.8635622805475651,
    0.7341002156710713,
    1.533277674898499,
    3.152307517767294,
    3.4772813118818213,
    1.3207954778052142,
    1.6026324434425068,
    0.11831546973682965,
    3.557368026620813,
    0.6837224488654146,
    2.5810668438985407,
    0.5958908841091168,
    0.18478751832704982,
    0.2071154395958889,
    1.6504843769433777,
    0.39493510447482866,
    0.04133434711079029,
    0.7607566800197175,
    1.6898200605973257,
    0.07461614288164978,
    1.2550063181464668,
    3.941225078567461,
    0.5874510081524619,
    1.1677233996176903,
    1.673081551750423,
    0.16369123994038884,
    1.8730961518046236,
    2.8142312375249956,
    0.3897152397083162,
    0.7936973527006284,
    0.24976377896580845,
    1.9257741476760128,
    2.418247616343795,
    1.3213346328282871,
    3.2889967309181714,
    1.380862622105825,
    0.3292833664940183,
    1.7960307629592769,
    1.487569761767944,
    0.14454895116131503,
    2.836727736083427,
    3.783782264770637,
    1.5076797983584913,
    0.12078096795885752,
    4.434749127284298,
    2.6777112784964787,
    0.5802693085246257,
    1.3733001092686656,
    0.2815058800150479,
    2.6557409223977375,
    3.0333196850448756,
    0.6943329064694311,
    1.095939622929891,
    0.04133434711079029,
    0.5503723674525599,
    0.6326978788040254,
    3.3162091442688206
  ],
  "timestamp": 1754305616.847044
}