{
  "embedding": [
    0.8537842034810299,
    2.844210149981305,
    3.368040987779301,
    0.09787624079028914,
    1.1946493186427565,
    2.8047931464920555,
    2.5984989791507065,
    2.135634662819123,
    1.3491498795280008,
    2.5870211828052994,
    2.8569099562723377,
    3.8002417206004604,
    1.3652712487411798,
    1.99506643512654,
    0.09702649185353762,
    3.056321950554754,
    1.1962898914690872,
    2.4683967536104947,
    0.5850846420803304,
    1.2010777646921864,
    1.3165356612842394,
    2.8785052746350606,
    1.4942612324684075,
    0.048026327897257415,
    1.43735221240362,
    1.7883759193038284,
    4.6986558293047604,
    6.189514758481688,
    3.1647761484213004,
    3.3813406463365765,
    3.122143772597981,
    1.1680967125759898,
    0.6467845713357314,
    2.1126209264679563,
    2.9029459997885545,
    0.048026327897257415,
    0.8735019768164324,
    0.36505366849362897,
    1.876964963810325,
    2.2386412386946795,
    1.4783622969412522,
    3.623326967907062,
    1.7161496268159544,
    0.4260352665210832,
    2.9812755511450866,
    1.398014432440989,
    1.0688015958987018,
    2.275015235356448,
    3.370702781563617,
    2.24210354073822,
    1.1556416467475015,
    3.8208376059380322,
    2.5225802027073696,
    1.0237561415383252,
    1.058870337119317,
    2.5383919062393994,
    2.728373307446256,
    2.447710782259539,
    0.9655500043047734,
    1.1839691643181007,
    0.048026327897257415,
    1.5951586024242819,
    0.4710936423882158,
    3.4502378521140087
  ],
  "timestamp": 1754305614.3587382
}