{
  "query": "/*+ NoNestLoop(ci t) */ select count(*)\nfrom cast_info AS ci\ninner join title AS t\non t.id = ci.movie_id AND ci.person_id < 3129220;",
  "predicted_latency": 1139.6982669830322,
  "actual_latency": 9486.618,
  "q_error": 8.323797863721097,
  "inference_time": 0.014017820358276367
}