{
  "predicted_latency": 833.910400390625,
  "inference_time": 0.03502178192138672
}