{
  "predicted_latency": 218.89260864257812,
  "inference_time": 0.013613700866699219
}