{
  "query": "/*+  */ select count(*)\nfrom movie_keyword AS mk\ninner join title AS t\non t.id = mk.movie_id AND mk.keyword_id > 434;",
  "predicted_latency": 1199.1013288497925,
  "actual_latency": 1105.646,
  "q_error": 1.084525543302099,
  "inference_time": 0.017551898956298828
}