{
  "predicted_latency": 0.0291377454996109,
  "actual_latency": 44.298230000000004,
  "q_error": 1520.303955078125,
  "inference_time": 0.9093194007873535,
  "timestamp": 1745754899.0849159
}