{
  "predicted_latency": 0.0291377454996109,
  "actual_latency": 2.569298,
  "q_error": 88.17765045166016,
  "inference_time": 0.29614830017089844,
  "timestamp": 1745753698.57987
}