{
  "predicted_latency": 232.26446533203125,
  "inference_time": 0.008763790130615234
}