{
  "predicted_latency": 0.02913774736225605,
  "actual_latency": 1.341862,
  "q_error": 46.0523567199707,
  "inference_time": 1.556417465209961,
  "timestamp": 1745452663.3916292
}