{
  "predicted_latency": 0.0291377454996109,
  "actual_latency": 0.891327,
  "q_error": 30.590116500854492,
  "inference_time": 0.5436456203460693,
  "timestamp": 1745769786.007925
}