{
  "query": "/*+  */ select count(*)\nfrom movie_keyword AS mk\ninner join title AS t\non t.id = mk.movie_id AND mk.keyword_id < 76955;",
  "predicted_latency": 1264.7560834884644,
  "actual_latency": 1187.713,
  "q_error": 1.0648667510488345,
  "inference_time": 0.029796838760375977
}