{
  "predicted_latency": 617.6643967628479,
  "actual_latency": 977.55,
  "q_error": 1.5826555733555256,
  "inference_time": 0.07900834083557129
}