{
  "embedding": [
    0.5032825163452107,
    1.2750879123676009,
    2.312506332934665,
    0.2021878161099046,
    0.1841211375903816,
    2.591269936599731,
    2.623476764095266,
    0.626754265714523,
    1.2802183960294482,
    1.0194475076887906,
    2.6717484006662127,
    1.3711208417233578,
    0.1841211375903816,
    1.7413926502920203,
    0.3338072626688019,
    2.7413439278828244,
    0.3406167865804187,
    1.4708596012519433,
    1.8436029827902025,
    2.7371435186501683,
    4.610948138992066,
    2.486804375610938,
    0.6869454466193491,
    0.38463889106740595,
    0.25367013180918696,
    3.309228159657175,
    3.8577211000641465,
    4.123140458746275,
    4.02413830792103,
    0.7635920499611544,
    1.9361232772028383,
    1.80654212228064,
    1.0008336427811362,
    2.6633102639952075,
    3.0660638628961214,
    1.1746262434988328,
    1.120901197808175,
    1.1637988495763825,
    1.6150241787557298,
    2.983606873971626,
    0.6704877211943456,
    2.2268545412110825,
    1.7508741670099448,
    0.6039958907524452,
    1.3836518003900735,
    4.719011821460175,
    2.1903366769091015,
    1.3489303121397571,
    1.9328084471066895,
    1.5813161206749051,
    0.5462514656461598,
    2.511974168471481,
    1.9944307352943473,
    1.2424161176054085,
    1.2803916802168316,
    1.728634521566066,
    4.261258635251756,
    2.1044356775144455,
    3.031715438107779,
    2.2059695698464807,
    0.1841211375903816,
    2.443273367141681,
    2.9635273450980932,
    2.665667843860139
  ],
  "timestamp": 1754307477.0574787
}