{
  "embedding": [
    0.5939462773222501,
    1.2983683305546145,
    2.3441734956160905,
    0.1966631075614434,
    0.19424673165027034,
    2.7383841137706137,
    2.727370496140749,
    0.6238695376209893,
    1.3556782136369756,
    0.5942878837005925,
    2.737625685450758,
    1.7555367272021618,
    0.19424673165027034,
    1.8371064967559805,
    0.34175607568642763,
    2.780713590727374,
    0.3613877908889111,
    1.434357109633391,
    1.930249839259233,
    2.907530137159757,
    4.880003531005518,
    2.5719023430704273,
    0.7235979586818735,
    0.43606359312163484,
    0.29406028051553895,
    3.51633200598168,
    3.9789455707541364,
    4.286402657289839,
    4.277539806106082,
    0.8071825494200572,
    2.096480531672261,
    1.8687494057120182,
    1.0313122917644737,
    2.6619917963011464,
    3.0977445357468474,
    1.455192486029272,
    1.2632284712051023,
    1.225463952589835,
    1.713277194270581,
    3.194591245700283,
    0.7172943022340706,
    2.226993270915428,
    1.7482294160112848,
    0.6038826912184295,
    1.4567466888472722,
    4.959277170037638,
    2.3859894845043583,
    1.455714318445083,
    1.9558746765974142,
    1.6500535698403576,
    0.5369551182180772,
    2.6448817320328035,
    2.1160094549680655,
    1.3688141428054807,
    1.3468545658472049,
    2.0359588765290537,
    4.380840672845236,
    2.315110822353509,
    3.219142986219739,
    2.350550188056742,
    0.19424673165027034,
    2.5834141922116705,
    3.222814292839719,
    2.7484046129630966
  ],
  "timestamp": 1754307487.948832
}