{
  "query": "/*+  */ select count(*)\nfrom title AS t\ninner join cast_info AS ci\non t.id = ci.movie_id AND t.kind_id = 2 AND ci.person_id < 2560333;",
  "predicted_latency": 1493.1297302246094,
  "actual_latency": 3259.052,
  "q_error": 2.1826984849533106,
  "inference_time": 0.010520696640014648
}