{
  "predicted_latency": 0.6828457117080688,
  "actual_latency": 605.867,
  "q_error": 887.2677818895362,
  "inference_time": 0.05211949348449707
}