{
  "query": "/*+  */ select count(*)\nfrom title AS t\ninner join cast_info AS ci\non t.id = ci.movie_id AND t.kind_id > 2 AND ci.person_id > 2930686 AND ci.role_id < 6;",
  "predicted_latency": 1391.9111490249634,
  "actual_latency": 1785.052,
  "q_error": 1.2824468007533616,
  "inference_time": 0.022205352783203125
}