{
  "query": "/*+  */ select count(*)\nfrom cast_info AS ci\ninner join title AS t\non t.id = ci.movie_id AND t.production_year < 1976;",
  "predicted_latency": 1291.7519807815552,
  "actual_latency": 5432.393,
  "q_error": 4.205445844730358,
  "inference_time": 0.21037936210632324
}