{
  "query": "/*+ NoNestLoop(t ci) */ select count(*)\nfrom title AS t\ninner join cast_info AS ci\non t.id = ci.movie_id AND ci.person_id > 3990218;",
  "predicted_latency": 524.9301791191101,
  "actual_latency": 873.046,
  "q_error": 1.6631659499270286,
  "inference_time": 0.027189016342163086
}