{
  "embedding": [
    1.8447284614643293,
    2.40104170627932,
    3.230459895019441,
    0.10498966237732547,
    1.3170720188218428,
    3.7987251979491425,
    2.44997281779709,
    0.5937639465097874,
    0.7795404964460872,
    1.387391577402358,
    5.800334512332516,
    6.141649312078623,
    1.3609875785881704,
    2.4196068722914323,
    0.21773302652241702,
    4.391566806376073,
    2.6075373260651897,
    3.672993412226405,
    0.7829996424157493,
    0.9622735667956231,
    1.8900950280710411,
    4.153629390080749,
    2.657102373667259,
    0.7357461289776002,
    1.3972775466285239,
    2.072452582821666,
    2.685042333379972,
    4.192432079281782,
    2.0429287147193715,
    3.326174843155979,
    0.9247801419192105,
    1.5658352096265296,
    0.9698446285602265,
    2.9611756980900434,
    4.481949427921488,
    0.24295522733882413,
    2.355189498371657,
    0.3103974963395676,
    1.7371589419020705,
    3.2591650837228774,
    1.5495397718455648,
    4.0649915739708335,
    2.6895991261792633,
    0.3400520674248834,
    2.4241005527511246,
    2.6446176215978823,
    0.8574075700771854,
    2.469278201981808,
    6.339727028854811,
    2.018672211433325,
    1.2420447559320893,
    3.893025561915323,
    3.2379501661940435,
    2.8772060354925078,
    1.4960473589499514,
    1.514817054146496,
    4.58068482578133,
    3.607631140450851,
    1.316668437336331,
    3.1021192084519185,
    0.0637218975693624,
    2.016778989933127,
    1.1600939833178874,
    3.36051196692823
  ],
  "timestamp": 1754305091.0417986
}