{
  "embedding": [
    1.8060825315418272,
    2.3674493198712474,
    3.1927579697713395,
    0.10035026126584845,
    1.2904078856821999,
    3.7242376798850985,
    2.941165607656696,
    0.5790962510048024,
    0.7716996385502937,
    2.0084913186277107,
    5.717590619719393,
    6.055960212062466,
    1.3324411725157264,
    3.439167100398092,
    0.21402756985912214,
    4.33826844531124,
    2.5693970868791856,
    3.6295692323830497,
    0.679747775620098,
    1.6070324135062097,
    1.887807837106562,
    3.7882739693624714,
    2.6105766605024705,
    0.8203710342162635,
    1.3675677610935015,
    2.0432234300643164,
    3.0832976837867543,
    4.855388620808486,
    2.0150689475645103,
    3.2762862701506887,
    2.340365365471062,
    1.5445703787576057,
    0.9608222534033041,
    2.6517361943780853,
    4.4288069007301925,
    0.5394012366662525,
    2.3221802461302667,
    0.30652681053941466,
    1.7128171188535306,
    3.2124008395374957,
    1.5244705893717607,
    4.00129001439682,
    2.651695656096418,
    0.33577346129575814,
    2.9513503460096704,
    2.6118557538573732,
    1.1847839127362927,
    2.4372579603803826,
    6.2530575062943665,
    2.1066611452590114,
    1.2209243040830913,
    3.8477377377284743,
    3.1876938060093156,
    2.8241813551655155,
    1.4770498932948728,
    2.341263800238484,
    4.521568182169019,
    3.5536362369158287,
    1.5799479160129621,
    3.0430225702044824,
    0.0631722485113855,
    2.7565656867086274,
    1.1440543089636515,
    3.312813998287524
  ],
  "timestamp": 1754305086.2559888
}