{
  "predicted_latency": 0.02913774736225605,
  "actual_latency": 0.187006,
  "q_error": 6.41799783706665,
  "inference_time": 0.06958532333374023,
  "timestamp": 1745759671.9531038
}