{
  "predicted_latency": 261.66436076164246,
  "actual_latency": 4208.365,
  "q_error": 16.083065296895818,
  "inference_time": 0.10625481605529785
}