{
  "query": "/*+  */ select count(*)\nfrom title AS t\ninner join cast_info AS ci\non t.id = ci.movie_id AND ci.person_id > 2527202 AND ci.role_id > 1;",
  "predicted_latency": 928.5303354263306,
  "actual_latency": 4855.949,
  "q_error": 5.229714975085238,
  "inference_time": 0.013382434844970703
}