{
  "predicted_latency": 0.02913774363696575,
  "actual_latency": 10.775424000000001,
  "q_error": 369.809814453125,
  "inference_time": 1.584778070449829,
  "timestamp": 1745452108.7663717
}