{
  "predicted_latency": 670.1453924179077,
  "actual_latency": 28195.646,
  "q_error": 42.073923538098406,
  "inference_time": 0.0726621150970459
}