{
  "pg_runtime": 20008.297,
  "opt_runtime": 4364.309,
  "pg_slowdown": 4.584528043270996,
  "pg_opt_diff": 15643.987999999998,
  "original_num_of_plans": 15,
  "pg_plan_card_error": 213.0,
  "opt_plan_card_error": 1.0,
  "num_tables": 9,
  "opt_hint": "/*+ Rows(ak cn2 #366551) Rows(ci mc #80274241) Rows(mc t #2609129) Rows(ak n #770546) Rows(cn mc #2609129) Rows(ci mk #215765477) Rows(cn cn2 #76427906) Rows(mc mk #34863638) Rows(ak cn #20966860) Rows(ci n #48290) Rows(cn2 n #1599618) Rows(k mk #41840) Rows(mk t #4523930) Rows(ci t #36244344) Rows(cn mc mk #34863638) Rows(ci mk n #313632) Rows(k mk t #41840) Rows(ci n t #48290) Rows(cn mc t #2609129) Rows(cn cn2 mc #886143824) Rows(ak cn mc #220561202) Rows(mc mk t #34863638) Rows(ak cn cn2 #10822101) Rows(k mc mk #148552) Rows(ak cn2 n #471890) Rows(ci mc mk #3101350543) Rows(cn cn2 n #69152119) Rows(ci k mk #1038393) Rows(ci mc t #80274241) Rows(ak ci n #7661691) Rows(ak cn n #31058509) Rows(ci mc n #112630) Rows(ci cn mc #80274241) Rows(ci mk t #215765477) Rows(ci cn2 n #13496614) Rows(ci mk n t #313632) Rows(ci cn cn2 n #568731022) Rows(ci cn2 n t #13496614) Rows(ak ci mk n #89861532) Rows(ak ci cn mc #6572637143) Rows(ak ci mc n #23903774) Rows(ak ci cn2 n #7912545) Rows(ak cn mc mk #2891885645) Rows(ci k mc mk #7796926) Rows(ak cn cn2 mc #92137358) Rows(cn k mc mk #148552) Rows(ci mc mk t #3101350543) Rows(ak ci cn n #293659713) Rows(ak ci n t #7661691) Rows(ak cn mc t #220561202) Rows(cn mc mk t #34863638) Rows(ci cn mc mk #3101350543) Rows(cn cn2 mc mk #11062524499) Rows(k mc mk t #148552) Rows(ci mc mk n #3810463) Rows(ak cn mc n #320212888) Rows(ci cn2 mk n #98408434) Rows(ci cn2 mc n #33681549) Rows(ci k mk t #1038393) Rows(cn cn2 mc t #886143824) Rows(ci cn mc t #80274241) Rows(ci mc n t #112630) Rows(ak cn cn2 n #24163128) Rows(ci cn cn2 mc #26168952763) Rows(ci cn mc n #112630) Rows(ci k mk n #1972) Rows(cn cn2 mc n #718961677) Rows(ci cn cn2 mc n #5966) Rows(ak ci cn mc n #3506) Rows(ak ci k mk n #402690) Rows(ci cn mc n t #112630) Rows(cn cn2 mc mk n #6745067269) Rows(ak cn k mc mk #12260607) Rows(ak ci cn mk n #3186630137) Rows(ak cn mc n t #320212888) Rows(ci cn cn2 mk n #3787644896) Rows(ci mc mk n t #3810463) Rows(ci k mc mk t #7796926) Rows(ci cn2 k mk n #503934) Rows(ak ci cn cn2 n #336954932) Rows(ci k mc mk n #11538) Rows(ak ci cn2 n t #7912545) Rows(cn cn2 mc n t #718961677) Rows(ci cn2 mc mk n #1203306547) Rows(ak ci cn n t #293659713) Rows(ci cn2 mk n t #98408434) Rows(ci cn2 mc n t #33681549) Rows(ak ci mc mk n #1032226758) Rows(ak cn cn2 mc mk #1201166235) Rows(ci cn mc mk t #3101350543) Rows(ci cn cn2 n t #568731022) Rows(ak ci cn2 mc n #38133556) Rows(ci cn k mc mk #7796926) Rows(cn k mc mk t #148552) Rows(ak cn mc mk t #2891885645) Rows(ak ci cn mc mk #242606136633) Rows(ak ci mk n t #89861532) Rows(ci cn mc mk n #3810463) Rows(ak cn cn2 mc t #92137358) Rows(ak cn mc mk n #3996162076) Rows(ci k mk n t #1972) Rows(ak ci cn2 mk n #180643665) Rows(ak cn cn2 mc n #175618988) Rows(ak ci cn mc t #6572637143) Rows(cn cn2 k mc mk #49716205) Rows(cn cn2 mc mk t #11062524499) Rows(ak ci cn cn2 mc #2671154878) Rows(ak ci mc n t #23903774) Rows(ak ci cn cn2 n t #336954932) Rows(ci cn cn2 mk n t #3787644896) Rows(cn cn2 k mc mk t #49716205) Rows(ak ci cn mk n t #3186630137) Rows(ak ci cn mc mk n #162455) Rows(ak cn cn2 mc mk t #1201166235) Rows(ak ci mc mk n t #1032226758) Rows(ak cn mc mk n t #3996162076) Rows(ak ci cn cn2 mc mk #92416146357) Rows(ak ci k mk n t #402690) Rows(cn cn2 k mc mk n #38015227) Rows(ak ci cn2 mc mk n #2148786744) Rows(cn cn2 mc mk n t #6745067269) Rows(ci cn mc mk n t #3810463) Rows(ci cn2 k mk n t #503934) Rows(ci cn2 k mc mk n #3392697) Rows(ci cn cn2 k mc mk #2452919240) Rows(ak cn cn2 mc mk n #2165062247) Rows(ak ci cn cn2 mc t #2671154878) Rows(ak ci cn k mc mk #614010655) Rows(ak ci cn mc n t #3506) Rows(ak ci cn cn2 mc n #3910) Rows(ak ci cn2 k mk n #695120) Rows(ci cn cn2 mc mk n #120092) Rows(ak ci cn2 mc n t #38133556) Rows(ci cn2 mc mk n t #1203306547) Rows(ci cn k mc mk t #7796926) Rows(ak ci k mc mk n #2962876) Rows(ak cn cn2 k mc mk #4680190) Rows(ak ci cn cn2 mk n #6541690524) Rows(ak cn k mc mk t #12260607) Rows(ak cn cn2 mc n t #175618988) Rows(ci cn cn2 k mk n #19236441) Rows(ci k mc mk n t #11538) Rows(ci cn cn2 mc n t #5966) Rows(ci cn k mc mk n #11538) Rows(ak cn k mc mk n #18186872) Rows(ak ci cn k mk n #14545054) Rows(ak ci cn2 mk n t #180643665) Rows(ak ci cn mc mk t #242606136633) Rows(ak ci cn cn2 mc n t #3910) Rows(ci cn k mc mk n t #11538) Rows(ak ci cn mc mk n t #162455) Rows(ak ci cn k mk n t #14545054) Rows(ci cn cn2 mc mk n t #120092) Rows(ci cn cn2 k mc mk t #2452919240) Rows(ak ci cn cn2 k mc mk #225035583) Rows(ak cn cn2 k mc mk t #4680190) Rows(ak ci cn cn2 mk n t #6541690524) Rows(ak cn cn2 k mc mk n #9197498) Rows(ci cn cn2 k mc mk n #442) Rows(ak cn cn2 mc mk n t #2165062247) Rows(ak ci cn2 k mk n t #695120) Rows(ak ci cn2 k mc mk n #6376282) Rows(ak ci cn k mc mk t #614010655) Rows(cn cn2 k mc mk n t #38015227) Rows(ci cn2 k mc mk n t #3392697) Rows(ak ci cn k mc mk n #314) Rows(ak ci k mc mk n t #2962876) Rows(ak ci cn cn2 k mk n #25444969) Rows(ak ci cn cn2 mc mk n #70342) Rows(ci cn cn2 k mk n t #19236441) Rows(ak cn k mc mk n t #18186872) Rows(ak ci cn2 mc mk n t #2148786744) Rows(ak ci cn cn2 k mc mk t #225035583) Rows(ak ci cn k mc mk n t #314) Rows(ak ci cn cn2 k mk n t #25444969) Rows(ak ci cn2 k mc mk n t #6376282) Rows(ak ci cn cn2 k mc mk n #213) Rows(ak cn cn2 k mc mk n t #9197498) Rows(ci cn cn2 k mc mk n t #442) Rows(ak ci cn cn2 mc mk n t #70342) Rows(ak ci cn cn2 k mc mk n t #213) */"
}