{
  "predicted_latency": 0.02913774736225605,
  "actual_latency": 0.148097,
  "q_error": 5.082650661468506,
  "inference_time": 0.0617218017578125,
  "timestamp": 1745481357.4255085
}