{
  "query": "/*+  */ select count(*)\nfrom title AS t\ninner join cast_info AS ci\non t.id = ci.movie_id AND ci.person_id < 2851726 AND ci.role_id < 4;",
  "predicted_latency": 1113.7182712554932,
  "actual_latency": 7258.47,
  "q_error": 6.517330448226854,
  "inference_time": 0.021398305892944336
}