{
  "predicted_latency": 880.87353515625,
  "inference_time": 0.011735200881958008
}