{
  "predicted_latency": 0.02913774363696575,
  "actual_latency": 3.327509,
  "q_error": 114.19926452636719,
  "inference_time": 0.19625544548034668,
  "timestamp": 1745759003.3481078
}