{
  "query": "/*+  */ select count(*)\nfrom movie_companies AS mc\ninner join title AS t\non t.id = mc.movie_id AND mc.company_id = 140385;",
  "predicted_latency": 383.5645318031311,
  "actual_latency": 0.109,
  "q_error": 3518.9406587443223,
  "inference_time": 0.022760391235351562
}