{
  "predicted_latency": 454.81711626052856,
  "actual_latency": 835.435,
  "q_error": 1.8368591905003102,
  "inference_time": 0.11346197128295898
}