{
  "predicted_latency": 628.5441284179688,
  "inference_time": 0.004672527313232422
}