{
  "predicted_latency": 0.0291377454996109,
  "actual_latency": 0.027449,
  "q_error": 1.0615229606628418,
  "inference_time": 0.19057011604309082,
  "timestamp": 1745481250.661708
}