{
  "query": "/*+  */ select count(*)\nfrom title AS t\ninner join cast_info AS ci\non t.id = ci.movie_id AND ci.person_id > 831688 AND ci.role_id > 1;",
  "predicted_latency": 1116.4058446884155,
  "actual_latency": 7528.254,
  "q_error": 6.743295044376183,
  "inference_time": 0.023360252380371094
}