{
  "query": "/*+  */ select count(*)\nfrom title AS t\ninner join movie_info AS mi\non t.id = mi.movie_id AND t.production_year < 2001;",
  "predicted_latency": 1052.3707866668701,
  "actual_latency": 2959.286,
  "q_error": 2.812018385053069,
  "inference_time": 0.020889759063720703
}