{
  "predicted_latency": 379.82332706451416,
  "actual_latency": 6627.32,
  "q_error": 17.44842806580526,
  "inference_time": 0.1339409351348877
}