{
  "predicted_latency": 0.02913774363696575,
  "actual_latency": 8.456387000000001,
  "q_error": 290.2210388183594,
  "inference_time": 0.8833019733428955,
  "timestamp": 1745454013.0611866
}