{
  "query": "/*+  */ select count(*)\nfrom movie_companies AS mc\ninner join title AS t\non t.id = mc.movie_id AND mc.company_id > 170517;",
  "predicted_latency": 636.4870071411133,
  "actual_latency": 314.419,
  "q_error": 2.0243274329512952,
  "inference_time": 0.017759084701538086
}