{
  "predicted_latency": 183.53232741355896,
  "actual_latency": 373.029,
  "q_error": 2.0324975183224394,
  "inference_time": 0.11368489265441895
}