{
  "query": "/*+ NoNestLoop(t ci) */ select count(*)\nfrom title AS t\ninner join cast_info AS ci\non t.id = ci.movie_id AND ci.person_id > 3225945;",
  "predicted_latency": 612.5789284706116,
  "actual_latency": 2050.488,
  "q_error": 3.347304167185979,
  "inference_time": 0.012954950332641602
}