{
  "query": "/*+  */ select count(*)\nfrom title AS t\ninner join cast_info AS ci\non t.id = ci.movie_id AND t.kind_id = 1 AND ci.person_id > 1279308;",
  "predicted_latency": 1306.1628341674805,
  "actual_latency": 4429.081,
  "q_error": 3.3909102939856646,
  "inference_time": 0.010325193405151367
}