{
  "predicted_latency": 0.0291377454996109,
  "actual_latency": 0.395347,
  "q_error": 13.568208694458008,
  "inference_time": 2.2108590602874756,
  "timestamp": 1745481259.3451366
}