{
  "predicted_latency": 1879.1419677734375,
  "inference_time": 0.014212608337402344
}