{
  "query": "/*+  */ select count(*)\nfrom title AS t\ninner join cast_info AS ci\non t.id = ci.movie_id AND ci.person_id > 859371 AND ci.role_id > 3;",
  "predicted_latency": 1046.5099811553955,
  "actual_latency": 3867.404,
  "q_error": 3.6955251929180903,
  "inference_time": 0.026397705078125
}