{
  "query": "/*+  */ select count(*)\nfrom movie_keyword AS mk\ninner join title AS t\non t.id = mk.movie_id AND mk.keyword_id < 87760;",
  "predicted_latency": 1285.0569486618042,
  "actual_latency": 1164.923,
  "q_error": 1.1031260852964566,
  "inference_time": 0.026571273803710938
}