{
  "predicted_latency": 0.02913774736225605,
  "actual_latency": 41.086147,
  "q_error": 1410.0660400390625,
  "inference_time": 1.7905678749084473,
  "timestamp": 1745754841.697274
}