{
  "query": "/*+  */ select count(*)\nfrom title AS t\ninner join cast_info AS ci\non t.id = ci.movie_id AND t.kind_id < 7 AND t.production_year > 2005 AND ci.person_id > 2778781;",
  "predicted_latency": 1262.6893520355225,
  "actual_latency": 2577.426,
  "q_error": 2.0412193987737774,
  "inference_time": 0.01609349250793457
}