{
  "predicted_latency": 324.93388652801514,
  "actual_latency": 71.225,
  "q_error": 4.5620763289296615,
  "inference_time": 0.09633088111877441
}