{
  "query": "/*+  */ select count(*)\nfrom movie_keyword AS mk\ninner join title AS t\non t.id = mk.movie_id AND mk.keyword_id < 32292;",
  "predicted_latency": 1199.2567777633667,
  "actual_latency": 1164.652,
  "q_error": 1.029712547407609,
  "inference_time": 0.028071165084838867
}