{
  "predicted_latency": 1058.0224990844727,
  "actual_latency": 298.271,
  "q_error": 3.547185274748375,
  "inference_time": 0.09096264839172363
}