{
  "query": "/*+  */ select count(*)\nfrom title AS t\ninner join cast_info AS ci\non t.id = ci.movie_id AND ci.person_id > 929740;",
  "predicted_latency": 1065.1895999908447,
  "actual_latency": 8404.108,
  "q_error": 7.889776618239826,
  "inference_time": 0.017406702041625977
}