{
  "predicted_latency": 0.0291377454996109,
  "actual_latency": 0.166009,
  "q_error": 5.697386264801025,
  "inference_time": 0.4156153202056885,
  "timestamp": 1745753909.2313702
}