{
  "predicted_latency": 0.0291377454996109,
  "actual_latency": 0.468067,
  "q_error": 16.063940048217773,
  "inference_time": 0.4329519271850586,
  "timestamp": 1745481261.5830538
}