{
  "query": "/*+  */ select count(*)\nfrom title AS t\ninner join cast_info AS ci\non t.id = ci.movie_id AND ci.person_id > 1457040 AND ci.role_id < 4;",
  "predicted_latency": 957.4716091156006,
  "actual_latency": 5108.811,
  "q_error": 5.335731056003756,
  "inference_time": 0.01692962646484375
}