{
  "query": "/*+  */ select count(*)\nfrom cast_info AS ci\ninner join title AS t\non t.id = ci.movie_id AND ci.person_id > 3305344 AND t.production_year = 2012;",
  "predicted_latency": 1205.195426940918,
  "actual_latency": 843.769,
  "q_error": 1.4283476009914065,
  "inference_time": 0.019778013229370117
}