{
  "predicted_latency": 489.635169506073,
  "actual_latency": 383.047,
  "q_error": 1.2782639454324742,
  "inference_time": 0.057004451751708984
}