{
  "predicted_latency": 1533.8974609375,
  "inference_time": 0.02013564109802246
}