{
  "predicted_latency": 171.00967466831207,
  "actual_latency": 340.588,
  "q_error": 1.9916300095921453,
  "inference_time": 0.2134568691253662
}