{
  "predicted_latency": 649.3194580078125,
  "inference_time": 0.02627706527709961
}