{
  "predicted_latency": 533.9030027389526,
  "actual_latency": 3596.331,
  "q_error": 6.735925779683985,
  "inference_time": 0.048491477966308594
}