{
  "pg_runtime": 2769.431,
  "opt_runtime": 2768.959,
  "pg_slowdown": 1.0001704611733147,
  "pg_opt_diff": 0.47200000000020736,
  "original_num_of_plans": 2,
  "pg_plan_card_error": 3.562432601617035,
  "opt_plan_card_error": 1.0,
  "num_tables": 3,
  "opt_hint": "/*+ Rows(movie_keyword title #2742670) Rows(movie_info_idx title #303486) Rows(movie_info_idx movie_keyword title #2031666) */"
}