{
  "predicted_latency": 0.02913774363696575,
  "actual_latency": 1.59432,
  "q_error": 54.7166633605957,
  "inference_time": 6.196199893951416,
  "timestamp": 1745481470.6920776
}