{
  "predicted_latency": 511.06915283203125,
  "inference_time": 0.027805089950561523
}