{
  "embedding": [
    0.12910628105890373,
    0.6005480474027927,
    3.9062454983572747,
    0.05128123545502912,
    0.05128123545502912,
    2.4933982626853184,
    0.8807190684306234,
    0.7059873108003053,
    0.7885821847367765,
    0.9932931889940595,
    3.683219988163,
    3.5761823064020493,
    1.6852329106123678,
    2.880326175574251,
    0.08366984218780166,
    3.7863680134089326,
    0.9348203380379663,
    3.138415408505748,
    0.5871391975833442,
    0.8280815331218483,
    0.7235405253702426,
    2.56670313103085,
    2.628411575659474,
    0.05128123545502912,
    1.1308352249570515,
    2.0024860219772727,
    0.8788455566815053,
    1.4735004003554657,
    2.4333393716220404,
    0.4005914197955798,
    1.151170654517669,
    1.1799317450595002,
    0.12673174430797682,
    0.5088989361522861,
    3.1543984793772215,
    1.0934526016914192,
    0.8584110615305136,
    0.27338735082447996,
    1.4179324808342002,
    3.1941466165461176,
    1.0947405417292269,
    2.65657393800016,
    1.2116715545272319,
    0.22797090085153676,
    1.0493807990787993,
    1.6485436027948004,
    0.667857070312726,
    3.5068383993399546,
    5.432810619885522,
    1.0336715058910213,
    0.15537352455362388,
    3.916256663963722,
    2.0377979219073046,
    1.6815620840886536,
    1.1393943114219363,
    0.19946745483742376,
    3.3050716133243867,
    2.6207817178993946,
    1.0932064480938337,
    1.5973397016100108,
    0.05128123545502912,
    0.8750411449727952,
    0.2990726888221592,
    3.5686608476364787
  ],
  "timestamp": 1754305101.082128
}