{
  "embedding": [
    2.069296977636745,
    1.653420256672213,
    2.6131534907260656,
    0.17286830760856217,
    0.9191482979315009,
    4.823438901761524,
    0.6614928061811359,
    1.7227522090748868,
    0.993162589370102,
    1.9526539621342065,
    3.7563044097577043,
    3.7732361092135305,
    3.2048435933774395,
    3.813633716851221,
    0.2611576948608972,
    5.036457329785734,
    1.5213150749016893,
    3.21624082689716,
    0.7635008390303333,
    2.632936442416344,
    2.733333355509564,
    2.5440339236761575,
    2.707318554106053,
    0.1250485935139079,
    2.18355284262532,
    1.5743967397875271,
    1.42715365580527,
    2.7989643112712805,
    4.134353967363028,
    1.7906636604555672,
    3.7430399616469563,
    2.4860008984750164,
    0.520121031222984,
    1.3907143920218137,
    4.6975799030698955,
    1.1210755197520086,
    2.072013196596885,
    0.4936776938785121,
    2.087938049972842,
    3.5700775982028796,
    2.398261494926994,
    3.88290253698572,
    2.16397852993867,
    0.4732724274417399,
    1.4753539530238458,
    2.0980510118689892,
    1.7317800800157308,
    4.280363314029717,
    4.877813856192036,
    4.035866168249726,
    0.7126550203405893,
    2.8981055146969865,
    2.998496186318003,
    3.6055155614230836,
    1.0966912038332866,
    0.3794965283737873,
    4.0950997403047245,
    2.7330289930075775,
    2.2570793653079178,
    3.327683696330727,
    0.1250485935139079,
    1.0673084262113228,
    0.9171754587458776,
    4.105107409734374
  ],
  "timestamp": 1754306030.7639337
}