{
  "embedding": [
    1.5297106471485065,
    1.8165071035189422,
    2.3638500382773473,
    0.08884085352483514,
    0.5210206332004862,
    2.8329144094282577,
    1.3186618205704008,
    0.933348673688171,
    0.9094413760572945,
    2.1639044144937087,
    3.562404486815067,
    3.3959868953617014,
    2.856008262340796,
    3.3850326219496414,
    0.19007862326043376,
    4.524161675554161,
    1.2500232918998428,
    2.9815867008301513,
    0.5858209070725308,
    1.3271358748141737,
    1.3440686696490112,
    2.558110852890407,
    3.9618929809969683,
    0.08884085352483514,
    1.5757633962200026,
    1.943727181299219,
    2.1263477314148567,
    3.907073406907874,
    3.487937242297443,
    2.331888479883592,
    2.872457988627145,
    1.7978316745042173,
    0.7319937715615269,
    1.2462955711102637,
    3.7160740694300323,
    1.0357983178247452,
    1.7003100031573177,
    0.2996218747814673,
    1.7000963434881367,
    2.6884740878333857,
    2.1402942094619406,
    3.3512541280269645,
    2.706143532949201,
    0.43266970218407236,
    1.5812425313459677,
    1.6323280060430216,
    1.8785225566693364,
    3.829929430910228,
    4.27587879619688,
    3.5078589191551193,
    1.0226201302528437,
    2.849864761537305,
    2.545707203648832,
    2.808722554308952,
    0.8682819715075822,
    1.012614934819689,
    3.666884032603546,
    3.2644884287251537,
    1.6795106437401393,
    2.586563783395273,
    0.08884085352483514,
    0.777902884828925,
    0.7701271334227348,
    3.181678747407574
  ],
  "timestamp": 1754306019.270109
}