{
  "predicted_latency": 0.0291377454996109,
  "actual_latency": 0.616557,
  "q_error": 21.160079956054688,
  "inference_time": 0.37526559829711914,
  "timestamp": 1745481477.973858
}