{
  "predicted_latency": 0.0291377454996109,
  "actual_latency": 0.904243,
  "q_error": 31.033388137817383,
  "inference_time": 0.6933314800262451,
  "timestamp": 1745756082.8300824
}