{
  "predicted_latency": 872.0365600585938,
  "inference_time": 0.013036251068115234
}