{
  "query": "/*+  */ select count(*)\nfrom title AS t\ninner join movie_keyword AS mk\non t.id = mk.movie_id AND mk.keyword_id > 177;",
  "predicted_latency": 1241.2678003311157,
  "actual_latency": 1375.658,
  "q_error": 1.1082684974451402,
  "inference_time": 0.029639005661010742
}