{
  "query": "/*+  */ select count(*)\nfrom title AS t\ninner join cast_info AS ci\non t.id = ci.movie_id AND ci.person_id < 2302513;",
  "predicted_latency": 838.0308747291565,
  "actual_latency": 7533.397,
  "q_error": 8.989402690485266,
  "inference_time": 0.015352725982666016
}