{
  "predicted_latency": 1882.21142578125,
  "inference_time": 0.03400611877441406
}