{
  "predicted_latency": 0.0291377454996109,
  "actual_latency": 97.768123,
  "q_error": 3355.376953125,
  "inference_time": 0.9180378913879395,
  "timestamp": 1745492746.881294
}