{
  "predicted_latency": 488.3460388183594,
  "inference_time": 0.009595632553100586
}