{
  "query": "/*+  */ select count(*)\nfrom title AS t\ninner join cast_info AS ci\non t.id = ci.movie_id AND ci.person_id < 946662 AND ci.role_id > 1;",
  "predicted_latency": 921.9385981559753,
  "actual_latency": 2254.159,
  "q_error": 2.445020747052655,
  "inference_time": 0.016774892807006836
}