{
  "predicted_latency": 736.8876953125,
  "inference_time": 0.010995149612426758
}