{
  "predicted_latency": 136.68043518066406,
  "inference_time": 0.04648876190185547
}