{
  "predicted_latency": 0.0291377454996109,
  "actual_latency": 105.865276,
  "q_error": 3633.269287109375,
  "inference_time": 0.08940529823303223,
  "timestamp": 1745760151.1571066
}