{
  "embedding": [
    0.7571752589890343,
    2.4123275692389408,
    3.407290648297027,
    0.13940218850515348,
    0.4471908177800297,
    2.736452338582803,
    4.002834786313609,
    1.3071570028798303,
    1.3036296196676955,
    1.7621869713404459,
    2.6889773287914243,
    2.5537167401868692,
    2.8097801468060903,
    1.701697566816886,
    0.20417234084828623,
    4.078403308366588,
    0.8445048202958296,
    3.2843953114846016,
    0.6948069916790478,
    0.8252803135117857,
    1.6372001008179335,
    1.2140748794929974,
    1.86107130804703,
    0.11554027757840075,
    0.7908022809904295,
    2.139748674723345,
    3.632087649091514,
    4.624021958260799,
    2.8716392000435427,
    2.6555912441126903,
    0.3599346558073319,
    1.5790358802286737,
    0.682683566883612,
    4.462121708309035,
    3.9870134593359925,
    1.916788713713015,
    1.4795889787046674,
    0.3332647325431595,
    1.5202750610703637,
    2.975487221857776,
    1.596134071748592,
    2.9806702320481864,
    2.935365300570547,
    0.4401010977959621,
    1.5649294310893351,
    2.2752560860049926,
    3.3385576156400303,
    2.188127185492619,
    2.880339028380184,
    2.3460174615916425,
    0.7656073534059682,
    3.2341907502817366,
    1.8925360481989284,
    0.11554027757840075,
    1.0078657647843567,
    2.0163674658961157,
    3.753136135606459,
    2.0717634632653703,
    1.6625764360692594,
    0.6962007168203559,
    0.11554027757840075,
    1.0317213065833377,
    1.4085091055176475,
    2.6666002420751664
  ],
  "timestamp": 1754305114.1489954
}