{
  "embedding": [
    1.1110433902248062,
    1.7390892142376009,
    3.3014088862567563,
    0.2325135446042597,
    0.26690238338335226,
    2.113430694528448,
    3.4775205948393806,
    1.1564959341595213,
    0.9431208891046464,
    3.3718590981424943,
    2.512514257503267,
    2.5757823277539886,
    3.0565498258449653,
    1.7191711257265274,
    0.27155947619545145,
    3.912805359134315,
    0.9587531220664166,
    3.0907567333476216,
    1.6191949030000776,
    0.48814110022463847,
    0.38949669855972907,
    1.2448082240963123,
    2.118990051685902,
    0.17586824808419485,
    0.9836146168298672,
    1.1897123665213538,
    3.3134458821127173,
    2.7841815571508852,
    2.475121648763905,
    1.085049342247537,
    2.3128533924026526,
    2.6589421917349076,
    1.8910129228179382,
    3.913251460106872,
    4.311661993787546,
    0.47563820814609276,
    1.6060152306845583,
    0.3893683305134637,
    2.254326626894357,
    2.9130934146002954,
    1.8103316267674012,
    3.1101939787021404,
    2.441588855040244,
    0.46699707882477265,
    1.5698492550962195,
    2.5338915504092996,
    4.144634654860792,
    2.295857518262014,
    3.2173014557658286,
    1.9550983838756422,
    1.1164770800099295,
    2.689611217904351,
    1.964528860452074,
    0.20195571705395834,
    0.9904216682994114,
    2.1076894848898506,
    3.743560522566511,
    2.2761300369307826,
    1.270504042387457,
    1.0228073343287065,
    0.38867817145264755,
    1.864156246738555,
    1.032887293194587,
    3.2965877116040256
  ],
  "timestamp": 1754305168.474977
}