{
  "predicted_latency": 0.0291377454996109,
  "actual_latency": 0.038477,
  "q_error": 1.3205208778381348,
  "inference_time": 4.347137928009033,
  "timestamp": 1745481452.2353268
}