{
    "embedding": [
        0.5475475788116455,
        0.5475475788116455,
        0.5990902185440063,
        0.7515496611595154,
        0.6113919019699097,
        1.3381145000457764,
        0.5475475788116455,
        0.5475475788116455,
        1.8269661664962769,
        0.5475475788116455,
        0.5475475788116455,
        0.5475475788116455,
        0.5475475788116455,
        2.595085382461548,
        2.9344184398651123,
        1.3290722370147705,
        0.5475475788116455,
        1.8892889022827148,
        0.5475475788116455,
        2.1790428161621094,
        0.5475475788116455,
        2.808154344558716,
        2.1934638023376465,
        0.5475475788116455,
        1.268286108970642,
        2.657573699951172,
        0.5475475788116455,
        0.5475475788116455,
        0.5475475788116455,
        0.5475475788116455,
        2.804325580596924,
        2.0778894424438477,
        0.5475475788116455,
        0.5475475788116455,
        1.956774115562439,
        2.380237579345703,
        0.5475475788116455,
        2.2596681118011475,
        2.143193483352661,
        0.5475475788116455,
        0.5475475788116455,
        0.5475475788116455,
        0.68400639295578,
        0.5475475788116455,
        1.6542942523956299,
        0.5475475788116455,
        0.5475475788116455,
        0.8643200993537903,
        0.5475475788116455,
        2.895688056945801,
        2.871378183364868,
        1.8923031091690063,
        0.5475475788116455,
        0.5475475788116455,
        2.9350130558013916,
        0.5475475788116455,
        0.5475475788116455,
        0.5475475788116455,
        0.5475475788116455,
        0.6956421136856079,
        0.5475475788116455,
        1.567391276359558,
        0.5475475788116455,
        3.4788572788238525
    ],
    "timestamp": 1754257895.6320376
}