{
    "embedding": [
        0.5475475788116455,
        0.5475475788116455,
        0.5990900993347168,
        0.7515496611595154,
        0.6113918423652649,
        1.3381145000457764,
        0.5475475788116455,
        0.5475475788116455,
        1.826966404914856,
        0.5475475788116455,
        0.5475475788116455,
        0.5475475788116455,
        0.5475475788116455,
        2.595085382461548,
        2.9344193935394287,
        1.3290718793869019,
        0.5475475788116455,
        1.889289140701294,
        0.5475475788116455,
        2.1790425777435303,
        0.5475475788116455,
        2.808154344558716,
        2.1934633255004883,
        0.5475475788116455,
        1.2682862281799316,
        2.657573699951172,
        0.5475475788116455,
        0.5475475788116455,
        0.5475475788116455,
        0.5475475788116455,
        2.804325819015503,
        2.0778896808624268,
        0.5475475788116455,
        0.5475475788116455,
        1.9567749500274658,
        2.3802380561828613,
        0.5475475788116455,
        2.2596681118011475,
        2.143193244934082,
        0.5475475788116455,
        0.5475475788116455,
        0.5475475788116455,
        0.68400639295578,
        0.5475475788116455,
        1.6542943716049194,
        0.5475475788116455,
        0.5475475788116455,
        0.8643201589584351,
        0.5475475788116455,
        2.895688056945801,
        2.871377944946289,
        1.8923025131225586,
        0.5475475788116455,
        0.5475475788116455,
        2.9350128173828125,
        0.5475475788116455,
        0.5475475788116455,
        0.5475475788116455,
        0.5475475788116455,
        0.6956421136856079,
        0.5475475788116455,
        1.5673915147781372,
        0.5475475788116455,
        3.4788572788238525
    ],
    "timestamp": 1754257936.049832
}