{
  "query": "/*+  */ select count(*)\nfrom cast_info AS ci\ninner join title AS t\non t.id = ci.movie_id AND t.production_year < 1968;",
  "predicted_latency": 1218.3858156204224,
  "actual_latency": 4392.318,
  "q_error": 3.605030478595451,
  "inference_time": 0.029724836349487305
}