{
  "predicted_latency": 216.5893096923828,
  "inference_time": 0.010233879089355469
}