{
  "predicted_latency": 74.70070570707321,
  "actual_latency": 1967.165,
  "q_error": 26.333954698017454,
  "inference_time": 0.13353586196899414
}