{
    "embedding": [
        0.5110021233558655,
        0.5110021233558655,
        0.5462934970855713,
        0.583369791507721,
        0.5841914415359497,
        1.294042706489563,
        0.5110021233558655,
        0.5110021233558655,
        0.6784164309501648,
        0.5110021233558655,
        0.5110021233558655,
        0.5110021233558655,
        0.5641415119171143,
        1.695091724395752,
        2.8917884826660156,
        2.203547477722168,
        0.5110021233558655,
        1.2565819025039673,
        0.5110021233558655,
        2.2159008979797363,
        2.821152448654175,
        0.5170506238937378,
        2.0571670532226562,
        0.5110021233558655,
        1.222859501838684,
        1.6521546840667725,
        0.5110021233558655,
        0.5110021233558655,
        0.5110021233558655,
        0.5110021233558655,
        3.019359827041626,
        0.8439562916755676,
        0.5110021233558655,
        0.5110021233558655,
        2.118069648742676,
        2.5500335693359375,
        0.5110021233558655,
        1.0919783115386963,
        1.9959920644760132,
        0.5110021233558655,
        0.5110021233558655,
        0.5110021233558655,
        0.7885870337486267,
        0.5110021233558655,
        1.161068320274353,
        0.5110021233558655,
        0.5110021233558655,
        0.8095545172691345,
        0.5110021233558655,
        3.4981234073638916,
        3.3495612144470215,
        0.9084203243255615,
        0.5110021233558655,
        0.5110021233558655,
        3.7980332374572754,
        0.5110021233558655,
        0.5110021233558655,
        0.5110021233558655,
        0.5110021233558655,
        0.6318017840385437,
        0.5110021233558655,
        0.5110021233558655,
        0.5110021233558655,
        2.9468162059783936
    ],
    "timestamp": 1754257666.762486
}