{
    "embedding": [
        0.5110021233558655,
        0.5110021233558655,
        0.5462935566902161,
        0.583369791507721,
        0.5841914415359497,
        1.2940424680709839,
        0.5110021233558655,
        0.5110021233558655,
        0.6784164309501648,
        0.5110021233558655,
        0.5110021233558655,
        0.5110021233558655,
        0.5641415119171143,
        1.695091724395752,
        2.8917887210845947,
        2.2035470008850098,
        0.5110021233558655,
        1.2565820217132568,
        0.5110021233558655,
        2.2159008979797363,
        2.8211522102355957,
        0.5170506238937378,
        2.0571670532226562,
        0.5110021233558655,
        1.2228596210479736,
        1.6521542072296143,
        0.5110021233558655,
        0.5110021233558655,
        0.5110021233558655,
        0.5110021233558655,
        3.019359827041626,
        0.8439564108848572,
        0.5110021233558655,
        0.5110021233558655,
        2.118069648742676,
        2.5500338077545166,
        0.5110021233558655,
        1.0919783115386963,
        1.9959920644760132,
        0.5110021233558655,
        0.5110021233558655,
        0.5110021233558655,
        0.7885869145393372,
        0.5110021233558655,
        1.161068081855774,
        0.5110021233558655,
        0.5110021233558655,
        0.8095546364784241,
        0.5110021233558655,
        3.4981229305267334,
        3.3495614528656006,
        0.9084198474884033,
        0.5110021233558655,
        0.5110021233558655,
        3.7980332374572754,
        0.5110021233558655,
        0.5110021233558655,
        0.5110021233558655,
        0.5110021233558655,
        0.6318017840385437,
        0.5110021233558655,
        0.5110021233558655,
        0.5110021233558655,
        2.9468157291412354
    ],
    "timestamp": 1754257667.8415854
}