{
  "predicted_latency": 0.0291377454996109,
  "actual_latency": 2.469777,
  "q_error": 84.76212310791016,
  "inference_time": 0.4947695732116699,
  "timestamp": 1745762667.2368333
}