{
  "embedding": [
    1.1106423835955976,
    2.4445162816470214,
    3.8894904218046817,
    0.10105244232287328,
    1.2819605554922582,
    3.5761922587206056,
    2.8384935836707474,
    0.6116476598492625,
    0.7097630364683346,
    1.8139620950632225,
    5.592889140080877,
    6.062319426167181,
    1.064362175907958,
    3.363927522071839,
    0.19045578762837312,
    4.060824833452304,
    2.4147712465450444,
    3.424286787801926,
    0.5715563849030866,
    1.522348596138964,
    1.7101014785273605,
    3.6874784396642064,
    1.5608859230779337,
    0.7745938938098174,
    1.013821901642168,
    1.9909395220222246,
    2.9567755999741245,
    4.62219432891911,
    1.7838014394621045,
    3.3529100408063126,
    2.1705947166936443,
    1.4931594154399672,
    0.8219486190311517,
    1.9948488236014204,
    4.137727487952264,
    0.5280240654831823,
    1.2941270199792068,
    0.2867536677916493,
    1.6176494820333147,
    3.1479760182466925,
    1.3537215041154425,
    3.3280858518262884,
    2.647507515304732,
    0.4841121838995596,
    3.0112682717764145,
    3.158447706918493,
    1.2331923353701766,
    2.1220499267026414,
    6.049722525387265,
    2.1355638342014673,
    1.2138816081125279,
    4.012287593856314,
    3.122541721749766,
    2.4831656575555976,
    0.9650014644883197,
    2.2927895367634163,
    4.329995679058012,
    4.0341993198140536,
    1.4843661070867686,
    3.031995634726503,
    0.0496401424417937,
    2.7471306458111644,
    1.1204086025143503,
    3.083568414045725
  ],
  "timestamp": 1754304147.9185526
}