{
  "embedding": [
    1.1729613597770092,
    3.3587768200159496,
    3.902946620148367,
    0.08615324869074273,
    1.319885162365333,
    3.635055464627287,
    1.710922012480754,
    0.9158159841089029,
    0.6826610723420266,
    1.7526169401516811,
    5.684677496275499,
    6.124673419151789,
    1.1018488831169493,
    3.278606315482631,
    0.3995951226686693,
    4.052179284708599,
    2.4482665506090053,
    3.394936019061526,
    0.5322672717123453,
    1.0624989607147841,
    2.0673650968687056,
    3.8610070453563976,
    1.5850945731117352,
    0.7411760815985271,
    1.0582346513633452,
    1.8645599747070725,
    3.772423985593245,
    6.922697222659424,
    1.7906151795434817,
    4.004752649686279,
    1.8219376502918394,
    1.468338024711773,
    0.7696052021876459,
    2.012065134766677,
    4.115443898111176,
    0.22605039413112968,
    1.2882878587297757,
    0.2534674567573468,
    1.6159306593554217,
    3.185467922872931,
    1.3579726176321838,
    3.4021668743110327,
    2.670450152184931,
    0.5589695802120357,
    3.3091602730933194,
    3.169601634237723,
    1.1698576577803677,
    2.180937979573589,
    6.109615318271048,
    2.0640732567888085,
    1.217279778068784,
    3.9972885479870652,
    3.174012244851933,
    2.5939553347415365,
    0.9244108948238574,
    1.4063808588100366,
    4.345572065928897,
    4.0912118533975095,
    1.330957203791743,
    3.143675855482909,
    0.012360073155374681,
    1.727909214809917,
    1.1871117347553568,
    3.1000442406672986
  ],
  "timestamp": 1754304199.725998
}