{
  "query": "/*+ NoNestLoop(t ci) */ select count(*)\nfrom title AS t\ninner join cast_info AS ci\non t.id = ci.movie_id AND ci.person_id < 139730;",
  "predicted_latency": 557.0922493934631,
  "actual_latency": 1045.798,
  "q_error": 1.8772438516935348,
  "inference_time": 0.016800403594970703
}