{
  "predicted_latency": 1430.2159423828125,
  "inference_time": 0.03072810173034668
}