{
  "query": "/*+  */ select count(*)\nfrom movie_keyword AS mk\ninner join title AS t\non t.id = mk.movie_id AND mk.keyword_id < 73656;",
  "predicted_latency": 1257.2873830795288,
  "actual_latency": 1196.818,
  "q_error": 1.0505251283649886,
  "inference_time": 0.026253223419189453
}