{
  "query": "/*+  */ select count(*)\nfrom title AS t\ninner join cast_info AS ci\non t.id = ci.movie_id AND ci.person_id < 2584573 AND ci.role_id > 1;",
  "predicted_latency": 995.3503012657166,
  "actual_latency": 5910.843,
  "q_error": 5.938455026821813,
  "inference_time": 0.021734952926635742
}