{
  "query": "/*+  */ select count(*)\nfrom title AS t\ninner join cast_info AS ci\non t.id = ci.movie_id AND ci.person_id < 2803070;",
  "predicted_latency": 1084.348440170288,
  "actual_latency": 8083.668,
  "q_error": 7.454862017167217,
  "inference_time": 0.025800466537475586
}