{
  "predicted_latency": 0.02913774736225605,
  "actual_latency": 6.640668,
  "q_error": 227.90602111816406,
  "inference_time": 0.19029903411865234,
  "timestamp": 1745772102.0539007
}