{
  "query": "/*+ NoNestLoop(t ci) */ select count(*)\nfrom title AS t\ninner join cast_info AS ci\non t.id = ci.movie_id AND ci.person_id > 2262515;",
  "predicted_latency": 641.9311165809631,
  "actual_latency": 5120.014,
  "q_error": 7.975955468976307,
  "inference_time": 0.018507719039916992
}