{
  "predicted_latency": 393.9213752746582,
  "actual_latency": 158.901,
  "q_error": 2.4790364772698608,
  "inference_time": 0.13083815574645996
}