{
  "predicted_latency": 611.0618896484375,
  "inference_time": 0.019545555114746094
}