{
  "query": "/*+  */ select count(*)\nfrom title AS t\ninner join cast_info AS ci\non t.id = ci.movie_id AND ci.person_id > 1173274 AND ci.role_id > 1;",
  "predicted_latency": 978.317141532898,
  "actual_latency": 7072.846,
  "q_error": 7.229604490950402,
  "inference_time": 0.021157503128051758
}