{
  "predicted_latency": 0.0291377454996109,
  "actual_latency": 5.391089,
  "q_error": 185.0207977294922,
  "inference_time": 0.1329197883605957,
  "timestamp": 1745479244.8297577
}