{
  "predicted_latency": 647.9849243164062,
  "inference_time": 0.020039081573486328
}