{
  "query": "/*+  */ select count(*)\nfrom movie_info AS mi\ninner join title AS t\non t.id = mi.movie_id AND t.production_year < 1967;",
  "predicted_latency": 1234.8121404647827,
  "actual_latency": 1925.359,
  "q_error": 1.5592323211815002,
  "inference_time": 0.025051593780517578
}