{
  "predicted_latency": 0.0291377454996109,
  "actual_latency": 69.744793,
  "q_error": 2393.62353515625,
  "inference_time": 1.588219165802002,
  "timestamp": 1745769863.2096312
}