{
  "predicted_latency": 399.36521649360657,
  "actual_latency": 88.046,
  "q_error": 4.535870073525277,
  "inference_time": 0.08552122116088867
}