{
  "predicted_latency": 713.2297158241272,
  "actual_latency": 3173.264,
  "q_error": 4.449147209652274,
  "inference_time": 0.08557391166687012
}