{
  "predicted_latency": 0.02913774363696575,
  "actual_latency": 3.974663,
  "q_error": 136.409423828125,
  "inference_time": 0.07727694511413574,
  "timestamp": 1745493170.1127248
}