{
  "predicted_latency": 527.904212474823,
  "actual_latency": 80.309,
  "q_error": 6.573412848806772,
  "inference_time": 0.0534970760345459
}