{
  "query": "/*+  */ select count(*)\nfrom title AS t\ninner join cast_info AS ci\non t.id = ci.movie_id AND t.kind_id = 4 AND ci.person_id < 1799378;",
  "predicted_latency": 1431.0799837112427,
  "actual_latency": 2670.195,
  "q_error": 1.8658600709901207,
  "inference_time": 0.016217470169067383
}