{
  "predicted_latency": 465.70971608161926,
  "actual_latency": 442.05,
  "q_error": 1.0535227148096804,
  "inference_time": 0.09396147727966309
}