{
  "query": "/*+ NoNestLoop(ci t) */ select count(*)\nfrom cast_info AS ci\ninner join title AS t\non t.id = ci.movie_id AND ci.person_id > 310061;",
  "predicted_latency": 1132.4859857559204,
  "actual_latency": 10088.134,
  "q_error": 8.907954824064596,
  "inference_time": 0.029294252395629883
}