{
  "query": "/*+  */ select count(*)\nfrom cast_info AS ci\ninner join title AS t\non t.id = ci.movie_id AND ci.person_id > 2353298 AND t.production_year = 2012;",
  "predicted_latency": 1294.0536737442017,
  "actual_latency": 2375.516,
  "q_error": 1.8357167466838578,
  "inference_time": 0.33360910415649414
}