{
  "predicted_latency": 846.5377197265625,
  "inference_time": 0.023528337478637695
}