{
  "query": "/*+  */ select count(*)\nfrom movie_keyword AS mk\ninner join title AS t\non t.id = mk.movie_id AND mk.keyword_id < 39610;",
  "predicted_latency": 1202.5693655014038,
  "actual_latency": 1359.299,
  "q_error": 1.130328976435591,
  "inference_time": 0.015758037567138672
}