{
  "predicted_latency": 468.16754150390625,
  "inference_time": 0.007046699523925781
}