{
  "predicted_latency": 405.126708984375,
  "inference_time": 0.040349483489990234
}