{
  "query": "/*+  */ select count(*)\nfrom cast_info AS ci\ninner join title AS t\non t.id = ci.movie_id AND ci.person_id > 3255328 AND t.kind_id < 7 AND t.production_year > 2010;",
  "predicted_latency": 1440.1004314422607,
  "actual_latency": 922.503,
  "q_error": 1.5610794018472143,
  "inference_time": 0.026941776275634766
}