{
  "predicted_latency": 0.02913774736225605,
  "actual_latency": 3.7602800000000003,
  "q_error": 129.0518341064453,
  "inference_time": 2.3746259212493896,
  "timestamp": 1745479893.1251767
}