{
  "predicted_latency": 377.9670000076294,
  "actual_latency": 4100.946,
  "q_error": 10.850010715002158,
  "inference_time": 0.06706666946411133
}