{
  "query": "/*+  */ select count(*)\nfrom movie_companies AS mc\ninner join title AS t\non t.id = mc.movie_id AND mc.company_id > 172299;",
  "predicted_latency": 631.0890913009644,
  "actual_latency": 308.003,
  "q_error": 2.048970598666131,
  "inference_time": 0.017671823501586914
}