{
  "predicted_latency": 399.5805084705353,
  "actual_latency": 117.941,
  "q_error": 3.3879694802531373,
  "inference_time": 0.06149721145629883
}