{
  "predicted_latency": 0.0291377454996109,
  "actual_latency": 0.148558,
  "q_error": 5.098473072052002,
  "inference_time": 0.7558834552764893,
  "timestamp": 1745761082.9542072
}