{
    "embedding": [
        0.6487628221511841,
        0.6487628221511841,
        0.6487628221511841,
        0.8170725107192993,
        0.6487628221511841,
        1.2408947944641113,
        1.4419710636138916,
        0.6487628221511841,
        0.7091030478477478,
        0.6487628221511841,
        0.6487628221511841,
        0.6487628221511841,
        0.6487628221511841,
        1.7871915102005005,
        4.809968948364258,
        0.6487628221511841,
        0.6487628221511841,
        2.578141689300537,
        0.6487628221511841,
        1.662599802017212,
        0.6487628221511841,
        1.4916094541549683,
        2.7703044414520264,
        0.6487628221511841,
        1.7831289768218994,
        2.453756332397461,
        0.6487628221511841,
        0.6487628221511841,
        0.6487628221511841,
        0.6487628221511841,
        3.2192635536193848,
        1.1882383823394775,
        0.6487628221511841,
        0.6487628221511841,
        1.1044857501983643,
        1.307500958442688,
        0.6487628221511841,
        2.303138494491577,
        3.640110969543457,
        0.6487628221511841,
        0.6487628221511841,
        0.6487628221511841,
        0.8567631244659424,
        0.6487628221511841,
        1.174030065536499,
        0.6487628221511841,
        0.6487628221511841,
        1.1266180276870728,
        0.6487628221511841,
        4.198572635650635,
        2.254333257675171,
        0.6904276609420776,
        0.6487628221511841,
        0.6487628221511841,
        3.2093255519866943,
        0.6487628221511841,
        0.6487628221511841,
        0.6487628221511841,
        0.6487628221511841,
        0.6487628221511841,
        0.6487628221511841,
        0.7355833053588867,
        0.6487628221511841,
        2.9763433933258057
    ],
    "timestamp": 1754257547.6782782
}