{
    "embedding": [
        0.6487628221511841,
        0.6487628221511841,
        0.6487628221511841,
        0.8170725107192993,
        0.6487628221511841,
        1.2408947944641113,
        1.4419713020324707,
        0.6487628221511841,
        0.7091031670570374,
        0.6487628221511841,
        0.6487628221511841,
        0.6487628221511841,
        0.6487628221511841,
        1.7871915102005005,
        4.8099684715271,
        0.6487628221511841,
        0.6487628221511841,
        2.5781424045562744,
        0.6487628221511841,
        1.6626001596450806,
        0.6487628221511841,
        1.4916094541549683,
        2.7703042030334473,
        0.6487628221511841,
        1.7831288576126099,
        2.453756809234619,
        0.6487628221511841,
        0.6487628221511841,
        0.6487628221511841,
        0.6487628221511841,
        3.219264268875122,
        1.188238263130188,
        0.6487628221511841,
        0.6487628221511841,
        1.1044858694076538,
        1.3075013160705566,
        0.6487628221511841,
        2.303138256072998,
        3.6401121616363525,
        0.6487628221511841,
        0.6487628221511841,
        0.6487628221511841,
        0.8567631244659424,
        0.6487628221511841,
        1.174030065536499,
        0.6487628221511841,
        0.6487628221511841,
        1.1266180276870728,
        0.6487628221511841,
        4.198572635650635,
        2.254333019256592,
        0.6904276609420776,
        0.6487628221511841,
        0.6487628221511841,
        3.2093253135681152,
        0.6487628221511841,
        0.6487628221511841,
        0.6487628221511841,
        0.6487628221511841,
        0.6487628221511841,
        0.6487628221511841,
        0.7355833053588867,
        0.6487628221511841,
        2.976344108581543
    ],
    "timestamp": 1754257545.044734
}