{
  "query": "/*+  */ select count(*)\nfrom title AS t\ninner join cast_info AS ci\non t.id = ci.movie_id AND ci.person_id < 2947484 AND ci.role_id > 2;",
  "predicted_latency": 1129.2200088500977,
  "actual_latency": 4094.836,
  "q_error": 3.6262517205746603,
  "inference_time": 0.02165508270263672
}