{
    "embedding": [
        0.5072857737541199,
        0.5072857737541199,
        0.517447292804718,
        0.5854883790016174,
        0.5569998025894165,
        1.5661088228225708,
        0.5072857737541199,
        0.5072857737541199,
        0.6035026907920837,
        0.5072857737541199,
        0.5072857737541199,
        0.5072857737541199,
        0.5072857737541199,
        1.7277065515518188,
        3.281920909881592,
        0.5465736985206604,
        0.5072857737541199,
        2.341057777404785,
        0.5072857737541199,
        2.3463542461395264,
        0.5072857737541199,
        2.567915678024292,
        3.137118339538574,
        0.5072857737541199,
        0.9067479372024536,
        2.262277841567993,
        0.5072857737541199,
        0.5072857737541199,
        0.5072857737541199,
        0.5072857737541199,
        0.5072857737541199,
        1.8340280055999756,
        0.5072857737541199,
        0.5072857737541199,
        1.7500089406967163,
        1.5521031618118286,
        0.5072857737541199,
        3.294746160507202,
        2.8105618953704834,
        0.5072857737541199,
        0.5072857737541199,
        0.5072857737541199,
        0.6037150621414185,
        0.5072857737541199,
        0.5384760499000549,
        0.5072857737541199,
        0.5072857737541199,
        0.7656111717224121,
        0.5072857737541199,
        0.8424063324928284,
        0.7390965819358826,
        2.0077221393585205,
        0.5072857737541199,
        0.5072857737541199,
        2.311937093734741,
        0.5072857737541199,
        0.5072857737541199,
        0.5072857737541199,
        0.5072857737541199,
        0.6209294199943542,
        0.5072857737541199,
        1.5901834964752197,
        0.5072857737541199,
        3.8249292373657227
    ],
    "timestamp": 1754258629.711987
}