{
    "embedding": [
        0.5072857737541199,
        0.5072857737541199,
        0.5174471735954285,
        0.5854883193969727,
        0.556999683380127,
        1.5661084651947021,
        0.5072857737541199,
        0.5072857737541199,
        0.6035026907920837,
        0.5072857737541199,
        0.5072857737541199,
        0.5072857737541199,
        0.5072857737541199,
        1.7277064323425293,
        3.281921863555908,
        0.5465736985206604,
        0.5072857737541199,
        2.3410587310791016,
        0.5072857737541199,
        2.3463547229766846,
        0.5072857737541199,
        2.567915916442871,
        3.137118339538574,
        0.5072857737541199,
        0.9067476987838745,
        2.262277126312256,
        0.5072857737541199,
        0.5072857737541199,
        0.5072857737541199,
        0.5072857737541199,
        0.5072857737541199,
        1.834027886390686,
        0.5072857737541199,
        0.5072857737541199,
        1.750008463859558,
        1.5521031618118286,
        0.5072857737541199,
        3.2947473526000977,
        2.810561418533325,
        0.5072857737541199,
        0.5072857737541199,
        0.5072857737541199,
        0.6037150621414185,
        0.5072857737541199,
        0.5384761095046997,
        0.5072857737541199,
        0.5072857737541199,
        0.7656112313270569,
        0.5072857737541199,
        0.8424062728881836,
        0.739096462726593,
        2.0077221393585205,
        0.5072857737541199,
        0.5072857737541199,
        2.3119375705718994,
        0.5072857737541199,
        0.5072857737541199,
        0.5072857737541199,
        0.5072857737541199,
        0.6209293007850647,
        0.5072857737541199,
        1.590182900428772,
        0.5072857737541199,
        3.824929714202881
    ],
    "timestamp": 1754258631.044329
}