{
  "predicted_latency": 753.7269897460938,
  "inference_time": 0.006739377975463867
}