{
  "query": "/*+ NoNestLoop(ci t) */ select count(*)\nfrom cast_info AS ci\ninner join title AS t\non t.id = ci.movie_id AND ci.person_id < 3810990;",
  "predicted_latency": 1159.9459648132324,
  "actual_latency": 10294.649,
  "q_error": 8.87511083471684,
  "inference_time": 0.01662421226501465
}