{
  "predicted_latency": 0.0291377454996109,
  "actual_latency": 17.151536,
  "q_error": 588.6363525390625,
  "inference_time": 0.7449026107788086,
  "timestamp": 1745479785.2826762
}