{
  "predicted_latency": 345.8641357421875,
  "inference_time": 0.006844043731689453
}