{
  "predicted_latency": 0.0291377454996109,
  "actual_latency": 45.191337,
  "q_error": 1550.9552001953125,
  "inference_time": 0.15271878242492676,
  "timestamp": 1745756809.7001672
}