{
  "query": "/*+  */ select count(*)\nfrom title AS t\ninner join cast_info AS ci\non t.id = ci.movie_id AND ci.person_id > 968062 AND ci.role_id < 2;",
  "predicted_latency": 987.5385165214539,
  "actual_latency": 2657.548,
  "q_error": 2.6910828849097004,
  "inference_time": 0.02731013298034668
}