{
  "predicted_latency": 0.02913774736225605,
  "actual_latency": 4.527115,
  "q_error": 155.36941528320312,
  "inference_time": 0.6455738544464111,
  "timestamp": 1745453283.3379786
}