{
  "predicted_latency": 0.02913774736225605,
  "actual_latency": 58.235207,
  "q_error": 1998.6173095703125,
  "inference_time": 1.6136500835418701,
  "timestamp": 1745453117.3933914
}