{
  "predicted_latency": 0.02913774736225605,
  "actual_latency": 4.343424,
  "q_error": 149.065185546875,
  "inference_time": 2.7754874229431152,
  "timestamp": 1745769963.0419385
}