{
  "query": "/*+  */ select count(*)\nfrom title AS t\ninner join movie_keyword AS mk\non t.id = mk.movie_id AND mk.keyword_id > 127242;",
  "predicted_latency": 402.7318060398102,
  "actual_latency": 31.48,
  "q_error": 12.793259404060043,
  "inference_time": 0.012722969055175781
}