{
  "query": "/*+ NoNestLoop(ci t) */ select count(*)\nfrom cast_info AS ci\ninner join title AS t\non t.id = ci.movie_id AND ci.person_id < 3681996;",
  "predicted_latency": 1141.790270805359,
  "actual_latency": 10605.596,
  "q_error": 9.288567498932505,
  "inference_time": 0.030283212661743164
}