{
  "predicted_latency": 0.02913774736225605,
  "actual_latency": 2.872224,
  "q_error": 98.57398986816406,
  "inference_time": 1.5758905410766602,
  "timestamp": 1745771707.3851671
}