{
  "predicted_latency": 0.02913774736225605,
  "actual_latency": 21.68708,
  "q_error": 744.2950439453125,
  "inference_time": 1.4631309509277344,
  "timestamp": 1745761117.0419166
}