{
  "predicted_latency": 437.19329833984375,
  "inference_time": 0.01423788070678711
}