{
  "predicted_latency": 0.02913774736225605,
  "actual_latency": 7.971966999999999,
  "q_error": 273.5958557128906,
  "inference_time": 0.2028341293334961,
  "timestamp": 1745453451.3887541
}