{
    "embedding": [
        0.6128349900245667,
        0.6128349900245667,
        0.6128349900245667,
        0.7777324318885803,
        0.6128349900245667,
        1.7645922899246216,
        0.6128349900245667,
        0.6128349900245667,
        0.7398108839988708,
        0.6128349900245667,
        0.6128349900245667,
        0.6128349900245667,
        0.6128349900245667,
        1.7283878326416016,
        2.9931800365448,
        1.765176773071289,
        0.6128349900245667,
        2.7521486282348633,
        0.6128349900245667,
        2.160972833633423,
        0.6128349900245667,
        1.360770583152771,
        3.0410423278808594,
        0.6128349900245667,
        1.0444891452789307,
        1.8439973592758179,
        0.6128349900245667,
        0.6128349900245667,
        0.6128349900245667,
        0.6128349900245667,
        2.835655689239502,
        1.1293537616729736,
        0.6128349900245667,
        0.6128349900245667,
        1.758224606513977,
        2.686551332473755,
        0.6128349900245667,
        2.4493706226348877,
        2.111253499984741,
        0.6128349900245667,
        0.6128349900245667,
        0.6128349900245667,
        0.8120213747024536,
        0.6128349900245667,
        1.3755437135696411,
        0.6128349900245667,
        0.6128349900245667,
        1.0187513828277588,
        0.6128349900245667,
        3.5133557319641113,
        1.726210594177246,
        1.9226274490356445,
        0.6128349900245667,
        0.6128349900245667,
        2.6429636478424072,
        0.6128349900245667,
        0.6128349900245667,
        0.6128349900245667,
        0.6128349900245667,
        0.6432235240936279,
        0.6128349900245667,
        0.6128349900245667,
        0.6128349900245667,
        3.181062698364258
    ],
    "timestamp": 1754257577.2264185
}