{
    "embedding": [
        0.6128349900245667,
        0.6128349900245667,
        0.6128349900245667,
        0.7777324914932251,
        0.6128349900245667,
        1.7645926475524902,
        0.6128349900245667,
        0.6128349900245667,
        0.7398108839988708,
        0.6128349900245667,
        0.6128349900245667,
        0.6128349900245667,
        0.6128349900245667,
        1.7283875942230225,
        2.9931800365448,
        1.7651768922805786,
        0.6128349900245667,
        2.7521491050720215,
        0.6128349900245667,
        2.160972833633423,
        0.6128349900245667,
        1.3607704639434814,
        3.0410423278808594,
        0.6128349900245667,
        1.0444893836975098,
        1.8439973592758179,
        0.6128349900245667,
        0.6128349900245667,
        0.6128349900245667,
        0.6128349900245667,
        2.8356568813323975,
        1.1293538808822632,
        0.6128349900245667,
        0.6128349900245667,
        1.758224606513977,
        2.686551809310913,
        0.6128349900245667,
        2.449371099472046,
        2.111253499984741,
        0.6128349900245667,
        0.6128349900245667,
        0.6128349900245667,
        0.8120213747024536,
        0.6128349900245667,
        1.3755438327789307,
        0.6128349900245667,
        0.6128349900245667,
        1.018751621246338,
        0.6128349900245667,
        3.513355255126953,
        1.7262107133865356,
        1.9226279258728027,
        0.6128349900245667,
        0.6128349900245667,
        2.642963171005249,
        0.6128349900245667,
        0.6128349900245667,
        0.6128349900245667,
        0.6128349900245667,
        0.6432235836982727,
        0.6128349900245667,
        0.6128349900245667,
        0.6128349900245667,
        3.181062936782837
    ],
    "timestamp": 1754257578.2678277
}