{
    "embedding": [
        0.5387893319129944,
        0.5387893319129944,
        0.5387893319129944,
        0.6371846795082092,
        0.5387893319129944,
        1.014481782913208,
        1.7150182723999023,
        0.5387893319129944,
        0.6104141473770142,
        0.5387893319129944,
        0.5387893319129944,
        0.5387893319129944,
        0.5387893319129944,
        1.5178941488265991,
        4.255091667175293,
        2.642554521560669,
        0.5387893319129944,
        1.7333340644836426,
        0.5387893319129944,
        1.1537913084030151,
        0.5387893319129944,
        0.5679832696914673,
        1.9267446994781494,
        0.5387893319129944,
        1.5489760637283325,
        1.8714494705200195,
        0.5387893319129944,
        0.5387893319129944,
        0.5387893319129944,
        0.5387893319129944,
        3.3617167472839355,
        1.0263901948928833,
        0.5387893319129944,
        0.5387893319129944,
        1.8083553314208984,
        2.200986862182617,
        0.5387893319129944,
        1.7177283763885498,
        2.8984215259552,
        0.5387893319129944,
        0.5387893319129944,
        0.5387893319129944,
        0.8749958276748657,
        0.5387893319129944,
        1.7559950351715088,
        0.5387893319129944,
        0.5387893319129944,
        0.8947134613990784,
        0.5387893319129944,
        2.934046506881714,
        2.2138164043426514,
        0.6201254725456238,
        0.5387893319129944,
        0.5387893319129944,
        3.115262031555176,
        0.5387893319129944,
        0.5387893319129944,
        0.5387893319129944,
        0.5387893319129944,
        0.5387893319129944,
        0.5387893319129944,
        0.5387893319129944,
        0.5387893319129944,
        3.8059206008911133
    ],
    "timestamp": 1754258496.8245425
}