{
    "embedding": [
        0.5387893319129944,
        0.5387893319129944,
        0.5387893319129944,
        0.6371847987174988,
        0.5387893319129944,
        1.0144816637039185,
        1.715018391609192,
        0.5387893319129944,
        0.6104142665863037,
        0.5387893319129944,
        0.5387893319129944,
        0.5387893319129944,
        0.5387893319129944,
        1.5178942680358887,
        4.255090236663818,
        2.642554521560669,
        0.5387893319129944,
        1.7333341836929321,
        0.5387893319129944,
        1.153791069984436,
        0.5387893319129944,
        0.5679833292961121,
        1.926744818687439,
        0.5387893319129944,
        1.548975944519043,
        1.8714494705200195,
        0.5387893319129944,
        0.5387893319129944,
        0.5387893319129944,
        0.5387893319129944,
        3.3617162704467773,
        1.0263901948928833,
        0.5387893319129944,
        0.5387893319129944,
        1.808355450630188,
        2.200986623764038,
        0.5387893319129944,
        1.7177282571792603,
        2.8984220027923584,
        0.5387893319129944,
        0.5387893319129944,
        0.5387893319129944,
        0.874995768070221,
        0.5387893319129944,
        1.7559943199157715,
        0.5387893319129944,
        0.5387893319129944,
        0.894713282585144,
        0.5387893319129944,
        2.934046506881714,
        2.2138164043426514,
        0.6201255321502686,
        0.5387893319129944,
        0.5387893319129944,
        3.115262031555176,
        0.5387893319129944,
        0.5387893319129944,
        0.5387893319129944,
        0.5387893319129944,
        0.5387893319129944,
        0.5387893319129944,
        0.5387893319129944,
        0.5387893319129944,
        3.8059213161468506
    ],
    "timestamp": 1754258502.0967848
}