{
    "embedding": [
        0.5273377895355225,
        0.5273377895355225,
        0.5273377895355225,
        0.6142095923423767,
        0.5273377895355225,
        0.7723066210746765,
        1.4600778818130493,
        0.5273377895355225,
        0.8941285610198975,
        0.5273377895355225,
        0.5273377895355225,
        0.5273377895355225,
        0.5273377895355225,
        1.194743037223816,
        4.089598655700684,
        1.9794726371765137,
        0.5273377895355225,
        0.5273377895355225,
        0.5273377895355225,
        0.8833313584327698,
        0.5273377895355225,
        0.5273377895355225,
        1.3731637001037598,
        0.5273377895355225,
        1.8654755353927612,
        1.892627239227295,
        0.5273377895355225,
        0.5273377895355225,
        0.5273377895355225,
        0.5273377895355225,
        1.71733820438385,
        0.9185613393783569,
        0.5273377895355225,
        0.5273377895355225,
        1.8629738092422485,
        1.9157153367996216,
        0.5273377895355225,
        1.7042644023895264,
        2.6821064949035645,
        0.5273377895355225,
        0.5273377895355225,
        0.5273377895355225,
        0.6483249068260193,
        0.5273377895355225,
        1.8113089799880981,
        0.5273377895355225,
        0.5273377895355225,
        0.8636325597763062,
        0.5273377895355225,
        2.846742630004883,
        2.3483052253723145,
        0.6296624541282654,
        0.5273377895355225,
        0.5273377895355225,
        2.924004077911377,
        0.5273377895355225,
        0.5273377895355225,
        0.5273377895355225,
        0.5273377895355225,
        0.6062957644462585,
        0.5273377895355225,
        0.5273377895355225,
        0.5273377895355225,
        3.7266273498535156
    ],
    "timestamp": 1754258125.849238
}