{
    "embedding": [
        0.5273378491401672,
        0.5273378491401672,
        0.5273378491401672,
        0.6142095923423767,
        0.5273378491401672,
        0.7723063230514526,
        1.4600783586502075,
        0.5273378491401672,
        0.8941285014152527,
        0.5273378491401672,
        0.5273378491401672,
        0.5273378491401672,
        0.5273378491401672,
        1.1947429180145264,
        4.089598655700684,
        1.9794723987579346,
        0.5273378491401672,
        0.5273378491401672,
        0.5273378491401672,
        0.8833312392234802,
        0.5273378491401672,
        0.5273378491401672,
        1.3731635808944702,
        0.5273378491401672,
        1.8654756546020508,
        1.8926273584365845,
        0.5273378491401672,
        0.5273378491401672,
        0.5273378491401672,
        0.5273378491401672,
        1.7173391580581665,
        0.9185612201690674,
        0.5273378491401672,
        0.5273378491401672,
        1.862973928451538,
        1.915714979171753,
        0.5273378491401672,
        1.7042642831802368,
        2.682105541229248,
        0.5273378491401672,
        0.5273378491401672,
        0.5273378491401672,
        0.6483249068260193,
        0.5273378491401672,
        1.8113092184066772,
        0.5273378491401672,
        0.5273378491401672,
        0.8636323809623718,
        0.5273378491401672,
        2.846743583679199,
        2.3483054637908936,
        0.6296625733375549,
        0.5273378491401672,
        0.5273378491401672,
        2.9240033626556396,
        0.5273378491401672,
        0.5273378491401672,
        0.5273378491401672,
        0.5273378491401672,
        0.6062957644462585,
        0.5273378491401672,
        0.5273378491401672,
        0.5273378491401672,
        3.7266266345977783
    ],
    "timestamp": 1754258129.968616
}