{
  "predicted_latency": 0.02913774363696575,
  "actual_latency": 2.0107429999999997,
  "q_error": 69.00818634033203,
  "inference_time": 0.9318621158599854,
  "timestamp": 1745754736.422635
}