{
  "query": "/*+  */ select count(*)\nfrom title AS t\ninner join cast_info AS ci\non t.id = ci.movie_id AND ci.person_id > 777158;",
  "predicted_latency": 1145.3231573104858,
  "actual_latency": 8811.21,
  "q_error": 7.693208631781263,
  "inference_time": 0.01889801025390625
}