{
  "predicted_latency": 474.4453728199005,
  "actual_latency": 185.897,
  "q_error": 2.552194886522647,
  "inference_time": 0.045859575271606445
}