{
  "predicted_latency": 0.0291377454996109,
  "actual_latency": 127.25591499999999,
  "q_error": 4367.390625,
  "inference_time": 0.238785982131958,
  "timestamp": 1745492894.5461085
}