{
    "embedding": [
        0.5083516240119934,
        0.5083516240119934,
        0.5083516240119934,
        0.5996212363243103,
        0.518230140209198,
        1.1868194341659546,
        1.1141027212142944,
        0.5083516240119934,
        0.6054375171661377,
        0.5083516240119934,
        0.5083516240119934,
        0.5083516240119934,
        0.5088904500007629,
        4.590450763702393,
        1.917001724243164,
        0.8418888449668884,
        0.5083516240119934,
        1.7150555849075317,
        0.5083516240119934,
        1.0262020826339722,
        0.5083516240119934,
        0.6922309398651123,
        0.6194641590118408,
        0.5083516240119934,
        2.11474609375,
        1.954103946685791,
        0.5083516240119934,
        0.5083516240119934,
        0.5083516240119934,
        0.5083516240119934,
        3.18754506111145,
        0.8336471915245056,
        0.5083516240119934,
        0.5083516240119934,
        1.1935430765151978,
        3.928013801574707,
        0.5083516240119934,
        1.259313941001892,
        1.5772433280944824,
        0.5083516240119934,
        0.5083516240119934,
        0.5083516240119934,
        0.739450216293335,
        0.5083516240119934,
        1.229024887084961,
        0.5083516240119934,
        0.5083516240119934,
        0.7986162900924683,
        0.5083516240119934,
        4.258488655090332,
        1.356066107749939,
        0.6864836812019348,
        0.5083516240119934,
        0.5083516240119934,
        8.779775619506836,
        0.5083516240119934,
        0.5083516240119934,
        0.5083516240119934,
        0.5083516240119934,
        0.5632011294364929,
        0.5083516240119934,
        0.5083516240119934,
        0.5083516240119934,
        4.988240718841553
    ],
    "timestamp": 1754257601.0405302
}