{
    "embedding": [
        0.5083516240119934,
        0.5083516240119934,
        0.5083516240119934,
        0.5996212363243103,
        0.5182302594184875,
        1.1868191957473755,
        1.1141026020050049,
        0.5083516240119934,
        0.6054377555847168,
        0.5083516240119934,
        0.5083516240119934,
        0.5083516240119934,
        0.5088904500007629,
        4.590451240539551,
        1.917001724243164,
        0.8418888449668884,
        0.5083516240119934,
        1.7150555849075317,
        0.5083516240119934,
        1.0262022018432617,
        0.5083516240119934,
        0.692230761051178,
        0.6194642186164856,
        0.5083516240119934,
        2.114746332168579,
        1.9541041851043701,
        0.5083516240119934,
        0.5083516240119934,
        0.5083516240119934,
        0.5083516240119934,
        3.187544584274292,
        0.8336471915245056,
        0.5083516240119934,
        0.5083516240119934,
        1.1935433149337769,
        3.9280145168304443,
        0.5083516240119934,
        1.2593142986297607,
        1.5772435665130615,
        0.5083516240119934,
        0.5083516240119934,
        0.5083516240119934,
        0.739450216293335,
        0.5083516240119934,
        1.2290247678756714,
        0.5083516240119934,
        0.5083516240119934,
        0.7986162900924683,
        0.5083516240119934,
        4.258488178253174,
        1.3560664653778076,
        0.6864837408065796,
        0.5083516240119934,
        0.5083516240119934,
        8.779776573181152,
        0.5083516240119934,
        0.5083516240119934,
        0.5083516240119934,
        0.5083516240119934,
        0.5632011294364929,
        0.5083516240119934,
        0.5083516240119934,
        0.5083516240119934,
        4.988240718841553
    ],
    "timestamp": 1754257601.819461
}