{
  "query": "/*+ NoNestLoop(ci t) */ select count(*)\nfrom cast_info AS ci\ninner join title AS t\non t.id = ci.movie_id AND ci.person_id > 556852;",
  "predicted_latency": 1141.6950225830078,
  "actual_latency": 9525.531,
  "q_error": 8.343323577297491,
  "inference_time": 0.017989397048950195
}