{
  "query": "/*+ NoNestLoop(t ci) */ select count(*)\nfrom title AS t\ninner join cast_info AS ci\non t.id = ci.movie_id AND ci.person_id < 909356;",
  "predicted_latency": 626.2611746788025,
  "actual_latency": 4403.212,
  "q_error": 7.0309515870248935,
  "inference_time": 0.018843650817871094
}