{
  "predicted_latency": 843.146484375,
  "inference_time": 0.005805253982543945
}