{
  "predicted_latency": 0.02913774736225605,
  "actual_latency": 1.711816,
  "q_error": 58.74908447265625,
  "inference_time": 0.5136458873748779,
  "timestamp": 1745481388.6248682
}