{
  "predicted_latency": 611.0618896484375,
  "inference_time": 0.01821613311767578
}