{
  "predicted_latency": 204.1495144367218,
  "actual_latency": 108.03,
  "q_error": 1.8897483517237972,
  "inference_time": 0.0540921688079834
}