{
  "predicted_latency": 0.02913774736225605,
  "actual_latency": 0.21460200000000001,
  "q_error": 7.365085124969482,
  "inference_time": 0.10322070121765137,
  "timestamp": 1745770106.1363428
}