{
  "query": "/*+  */ select count(*)\nfrom title AS t\ninner join cast_info AS ci\non t.id = ci.movie_id AND ci.person_id > 814714;",
  "predicted_latency": 1124.6869564056396,
  "actual_latency": 9537.559,
  "q_error": 8.48018992812085,
  "inference_time": 0.015043497085571289
}