{
  "embedding": [
    0.25509490003030194,
    0.9274243275257859,
    2.584152541302329,
    0.0777097857043153,
    0.0777097857043153,
    2.8441897796465607,
    1.7781131215899981,
    2.4336155220467948,
    0.44465340236178563,
    3.2277923353775426,
    4.173953157301653,
    1.484507147545474,
    0.3169896416475947,
    0.19524500861597563,
    0.1627627866165568,
    1.5569985002778337,
    0.28744017393927657,
    1.6114288530303225,
    0.47647430648544153,
    0.15054159213822732,
    1.537691087615608,
    1.8090496045103048,
    1.0856247322447687,
    0.0777097857043153,
    0.7704986479785327,
    3.1387230953767267,
    2.938142891153711,
    5.309093623002351,
    2.7915292314815217,
    1.2440506469431123,
    3.707391495426006,
    0.13048449874831605,
    0.40418373589891626,
    3.904566953022499,
    1.7767354240011972,
    0.3067683561433402,
    0.6594349357874928,
    0.79966822750261,
    0.7262335444055947,
    3.555608797776307,
    0.0777097857043153,
    5.455057451872224,
    1.6492194516022605,
    0.6611629668001643,
    2.6735032676634813,
    3.904998436893629,
    1.318688713232263,
    2.089382553193247,
    4.2685754454193185,
    0.4715679946842969,
    0.163356240289908,
    2.3376510377755624,
    1.4119049975309639,
    1.408886668537732,
    0.1593840208586658,
    0.340053862750413,
    2.814210684307934,
    4.126704803721806,
    0.9784304227783762,
    1.8592826465533796,
    0.3501438122513465,
    1.7417992155503,
    1.53945790647155,
    4.584656791886289
  ],
  "timestamp": 1754304441.8081818
}