{
  "embedding": [
    0.12565656683684595,
    0.888809944890069,
    2.4342714122841813,
    0.0727370214045194,
    0.0727370214045194,
    2.7297260892850352,
    1.6404849963114474,
    2.2097927173379284,
    0.4590715677879966,
    3.078350648683836,
    3.9627459089278005,
    1.2860278854950271,
    0.2727610123579244,
    0.2168254904973004,
    0.16016539429556342,
    1.5077966229841313,
    0.3293177040031202,
    1.5992949168693777,
    0.4401628189620829,
    0.12723665190768066,
    1.343023585694294,
    1.7387332868958636,
    0.9221718258066982,
    0.4317780853992786,
    0.6255585574103278,
    2.8874941884065115,
    2.7710807361937055,
    5.01866892372564,
    2.6251113935598953,
    1.1774994425706191,
    3.4463301032570146,
    0.12136936478710841,
    0.4347294823312361,
    3.6834689780100542,
    1.7711027522281908,
    0.22049102791332456,
    0.6102412896960128,
    0.6803998494690215,
    0.6697292860193662,
    3.346060193212319,
    0.0727370214045194,
    5.05880374865783,
    1.6155896072069758,
    0.502522936067377,
    2.4739893033662326,
    3.698594763168488,
    1.2032894936852838,
    1.9642590540580778,
    4.062713498666273,
    0.524182401078687,
    0.11696635249193044,
    2.232501365217849,
    1.2984509107650262,
    1.2082374448765414,
    0.1044933022725141,
    0.3054907102090178,
    2.735600171234314,
    3.7820844373656324,
    0.8866679722838469,
    1.6419205136148134,
    0.26975421153436063,
    1.5682410338030734,
    1.4136020377570833,
    4.288254429757771
  ],
  "timestamp": 1754304232.0083761
}