{
  "predicted_latency": 0.0291377454996109,
  "actual_latency": 1.133202,
  "q_error": 38.89120101928711,
  "inference_time": 0.3958780765533447,
  "timestamp": 1745761727.1130934
}