{
  "predicted_latency": 729.5800447463989,
  "actual_latency": 7767.902,
  "q_error": 10.6470867123293,
  "inference_time": 0.14096832275390625
}