{
  "predicted_latency": 451.4532685279846,
  "actual_latency": 385.957,
  "q_error": 1.1696983563660839,
  "inference_time": 0.06606149673461914
}