{
  "query": "/*+  */ select count(*)\nfrom movie_companies AS mc\ninner join title AS t\non t.id = mc.movie_id AND mc.company_id > 17144;",
  "predicted_latency": 1006.740927696228,
  "actual_latency": 766.765,
  "q_error": 1.312971937550916,
  "inference_time": 0.026634693145751953
}