{
  "query": "/*+  */ select count(*)\nfrom title AS t\ninner join cast_info AS ci\non t.id = ci.movie_id AND t.kind_id = 4 AND ci.person_id < 2115299;",
  "predicted_latency": 1447.8846788406372,
  "actual_latency": 3163.501,
  "q_error": 2.184912269762469,
  "inference_time": 0.024895668029785156
}