{
  "predicted_latency": 291.8193359375,
  "inference_time": 0.05664539337158203
}