{
  "predicted_latency": 900.0514149665833,
  "actual_latency": 130.915,
  "q_error": 6.875082419635514,
  "inference_time": 0.06565427780151367
}