{
  "predicted_latency": 1113.1043434143066,
  "actual_latency": 27.796,
  "q_error": 40.04548652375546,
  "inference_time": 0.13258886337280273
}