{
  "predicted_latency": 805.1568603515625,
  "inference_time": 0.008370399475097656
}