{
  "query": "/*+  */ select count(*)\nfrom movie_companies AS mc\ninner join title AS t\non t.id = mc.movie_id AND mc.company_id > 78373;",
  "predicted_latency": 955.9948444366455,
  "actual_latency": 714.578,
  "q_error": 1.3378453358998534,
  "inference_time": 0.02299785614013672
}