{
  "query": "/*+  */ select count(*)\nfrom title AS t\ninner join cast_info AS ci\non t.id = ci.movie_id AND ci.person_id < 2455038 AND ci.role_id < 4;",
  "predicted_latency": 977.1276116371155,
  "actual_latency": 7285.414,
  "q_error": 7.455949369595389,
  "inference_time": 0.013425111770629883
}