{
  "predicted_latency": 1179.608642578125,
  "inference_time": 0.030720949172973633
}