{
  "query": "/*+  */ select count(*)\nfrom title AS t\ninner join cast_info AS ci\non t.id = ci.movie_id AND ci.person_id < 2607452 AND ci.role_id > 2;",
  "predicted_latency": 935.2483153343201,
  "actual_latency": 3026.053,
  "q_error": 3.2355610273601902,
  "inference_time": 0.018979310989379883
}