{
  "query": "/*+  */ select count(*)\nfrom title AS t\ninner join cast_info AS ci\non t.id = ci.movie_id AND ci.person_id > 2402772 AND ci.role_id < 6;",
  "predicted_latency": 1156.2775373458862,
  "actual_latency": 3649.186,
  "q_error": 3.1559775937326635,
  "inference_time": 0.019585609436035156
}