{
  "predicted_latency": 595.5707430839539,
  "actual_latency": 4535.122,
  "q_error": 7.614749469586878,
  "inference_time": 0.0977945327758789
}