{
  "query": "/*+  */ select count(*)\nfrom movie_keyword AS mk\ninner join title AS t\non t.id = mk.movie_id AND mk.keyword_id < 56948;",
  "predicted_latency": 1226.065993309021,
  "actual_latency": 1264.562,
  "q_error": 1.0313979890977012,
  "inference_time": 0.019086599349975586
}