{
  "query": "/*+  */ select count(*)\nfrom title AS t\ninner join cast_info AS ci\non t.id = ci.movie_id AND t.production_year < 1992;",
  "predicted_latency": 1261.763572692871,
  "actual_latency": 6020.142,
  "q_error": 4.77121239690867,
  "inference_time": 0.024918317794799805
}