{
  "predicted_latency": 0.02913774736225605,
  "actual_latency": 11.058164000000001,
  "q_error": 379.5133361816406,
  "inference_time": 0.6672706604003906,
  "timestamp": 1745762679.065527
}