{
  "predicted_latency": 511.06915283203125,
  "inference_time": 0.03441977500915527
}