{
  "predicted_latency": 170.57187855243683,
  "actual_latency": 172.542,
  "q_error": 1.0115500952694116,
  "inference_time": 0.13146376609802246
}