{
  "query": "/*+  */ select count(*)\nfrom title AS t\ninner join cast_info AS ci\non t.id = ci.movie_id AND ci.person_id < 2590191;",
  "predicted_latency": 966.5364027023315,
  "actual_latency": 8656.069,
  "q_error": 8.955760978891808,
  "inference_time": 0.020068645477294922
}