{
  "predicted_latency": 0.02913774363696575,
  "actual_latency": 0.387531,
  "q_error": 13.299966812133789,
  "inference_time": 1.3566021919250488,
  "timestamp": 1745481344.3467906
}