{
  "query": "/*+ NoNestLoop(ci t) */ select count(*)\nfrom cast_info AS ci\ninner join title AS t\non t.id = ci.movie_id AND ci.person_id < 3460463;",
  "predicted_latency": 1129.7956705093384,
  "actual_latency": 10056.411,
  "q_error": 8.901088278614427,
  "inference_time": 0.01978302001953125
}