{
  "query": "/*+  */ select count(*)\nfrom title AS t\ninner join cast_info AS ci\non t.id = ci.movie_id AND ci.person_id > 771262;",
  "predicted_latency": 1148.8057374954224,
  "actual_latency": 8809.204,
  "q_error": 7.668140672073465,
  "inference_time": 0.012369871139526367
}