{
  "predicted_latency": 640.6953930854797,
  "actual_latency": 2153.729,
  "q_error": 3.3615490656613094,
  "inference_time": 0.10133528709411621
}