{
  "predicted_latency": 0.0291377454996109,
  "actual_latency": 0.014208,
  "q_error": 2.0507984161376953,
  "inference_time": 1.3150434494018555,
  "timestamp": 1745481346.5845246
}