{
  "predicted_latency": 367.7346408367157,
  "actual_latency": 89.226,
  "q_error": 4.121384359230669,
  "inference_time": 0.12603974342346191
}