{
  "predicted_latency": 255.2884817123413,
  "actual_latency": 602.342,
  "q_error": 2.359456235392234,
  "inference_time": 0.13770008087158203
}