{
  "predicted_latency": 0.02913774363696575,
  "actual_latency": 1.1612149999999999,
  "q_error": 39.852603912353516,
  "inference_time": 1.1125333309173584,
  "timestamp": 1745758952.599974
}