{
  "query": "/*+  */ select count(*)\nfrom cast_info AS ci\ninner join title AS t\non t.id = ci.movie_id AND ci.person_id > 542554 AND t.kind_id < 7;",
  "predicted_latency": 1424.5924949645996,
  "actual_latency": 6568.956,
  "q_error": 4.611112316833618,
  "inference_time": 0.015119791030883789
}