{
  "query": "/*+  */ select count(*)\nfrom title AS t\ninner join cast_info AS ci\non t.id = ci.movie_id AND t.production_year < 1997 AND ci.person_id > 1868265;",
  "predicted_latency": 1432.5740337371826,
  "actual_latency": 4119.526,
  "q_error": 2.875611244504632,
  "inference_time": 0.016683578491210938
}