{
  "predicted_latency": 0.02913774363696575,
  "actual_latency": 7.741331,
  "q_error": 265.6805419921875,
  "inference_time": 0.4625520706176758,
  "timestamp": 1745771579.9452035
}