{
  "predicted_latency": 0.02913774736225605,
  "actual_latency": 1.2667449999999998,
  "q_error": 43.474361419677734,
  "inference_time": 0.0961916446685791,
  "timestamp": 1745479938.38136
}