{
  "predicted_latency": 360.06540060043335,
  "actual_latency": 70.03,
  "q_error": 5.141587899477843,
  "inference_time": 0.09339213371276855
}