{
  "predicted_latency": 0.02913774736225605,
  "actual_latency": 3.180469,
  "q_error": 109.15287780761719,
  "inference_time": 2.3948709964752197,
  "timestamp": 1745754338.4637518
}