{
  "predicted_latency": 449.63985681533813,
  "actual_latency": 1310.313,
  "q_error": 2.9141389050351254,
  "inference_time": 0.0695044994354248
}