{
  "query": "/*+  */ select count(*)\nfrom title AS t\ninner join cast_info AS ci\non t.id = ci.movie_id AND ci.person_id > 818705 AND ci.role_id = 10;",
  "predicted_latency": 1009.7194910049438,
  "actual_latency": 2096.902,
  "q_error": 2.076717364258281,
  "inference_time": 0.028749704360961914
}