{
  "predicted_latency": 1528.4442138671875,
  "inference_time": 0.013330459594726562
}