{
  "predicted_latency": 0.0291377454996109,
  "actual_latency": 1.8650429999999998,
  "q_error": 64.00780487060547,
  "inference_time": 0.06524515151977539,
  "timestamp": 1745754343.7614756
}