{
  "predicted_latency": 692.0026245117188,
  "inference_time": 0.007211446762084961
}