{
  "predicted_latency": 149.02175903320312,
  "inference_time": 0.012284994125366211
}