{
  "query": "/*+  */ select count(*)\nfrom movie_keyword AS mk\ninner join title AS t\non t.id = mk.movie_id AND mk.keyword_id < 43504;",
  "predicted_latency": 1206.7099809646606,
  "actual_latency": 1146.276,
  "q_error": 1.0527220154349044,
  "inference_time": 0.02669215202331543
}