{
  "predicted_latency": 1978.416015625,
  "inference_time": 0.023287534713745117
}