{
  "predicted_latency": 0.02913774736225605,
  "actual_latency": 1.09826,
  "q_error": 37.69200134277344,
  "inference_time": 0.3322927951812744,
  "timestamp": 1745771836.7666733
}