{
  "query": "/*+  */ select count(*)\nfrom title AS t\ninner join cast_info AS ci\non t.id = ci.movie_id AND ci.person_id < 1185377 AND ci.role_id > 1;",
  "predicted_latency": 929.4251799583435,
  "actual_latency": 3300.307,
  "q_error": 3.5509119735145527,
  "inference_time": 0.028347492218017578
}