{
  "predicted_latency": 755.3988695144653,
  "actual_latency": 952.192,
  "q_error": 1.2605155215707748,
  "inference_time": 0.10379552841186523
}