{
  "query": "/*+  */ select count(*)\nfrom cast_info AS ci\ninner join title AS t\non t.id = ci.movie_id AND ci.person_id > 3114547 AND t.production_year = 2011;",
  "predicted_latency": 1216.8339490890503,
  "actual_latency": 1155.6,
  "q_error": 1.052988879447084,
  "inference_time": 0.029955387115478516
}