{
    "embedding": [
        0.5848591327667236,
        0.5848591327667236,
        0.5848591327667236,
        0.7034479379653931,
        0.5848591327667236,
        0.7901037335395813,
        1.7926734685897827,
        0.5848591327667236,
        0.6451316475868225,
        0.5848591327667236,
        0.5848591327667236,
        0.5848591327667236,
        0.5848591327667236,
        1.703137755393982,
        4.5813751220703125,
        0.5848591327667236,
        0.5848591327667236,
        0.5848591327667236,
        0.5848591327667236,
        1.3374216556549072,
        0.5848591327667236,
        0.5848591327667236,
        2.4729366302490234,
        0.5848591327667236,
        1.2551766633987427,
        1.9035066366195679,
        0.5848591327667236,
        0.5848591327667236,
        0.5848591327667236,
        0.5848591327667236,
        0.5848591327667236,
        1.0884395837783813,
        0.5848591327667236,
        0.5848591327667236,
        1.0512585639953613,
        1.509781837463379,
        0.5848591327667236,
        2.0266964435577393,
        3.342189311981201,
        0.5848591327667236,
        0.5848591327667236,
        0.5848591327667236,
        0.726213276386261,
        0.5848591327667236,
        1.5030628442764282,
        0.5848591327667236,
        0.5848591327667236,
        0.9309961795806885,
        0.5848591327667236,
        4.359859466552734,
        2.1391263008117676,
        0.6198098063468933,
        0.5848591327667236,
        0.5848591327667236,
        3.159585952758789,
        0.5848591327667236,
        0.5848591327667236,
        0.5848591327667236,
        0.5848591327667236,
        0.5848591327667236,
        0.5848591327667236,
        0.5848591327667236,
        0.5848591327667236,
        3.7640151977539062
    ],
    "timestamp": 1754257608.5960083
}