{
    "embedding": [
        0.5848590731620789,
        0.5848590731620789,
        0.5848590731620789,
        0.7034478783607483,
        0.5848590731620789,
        0.7901037335395813,
        1.7926735877990723,
        0.5848590731620789,
        0.6451317071914673,
        0.5848590731620789,
        0.5848590731620789,
        0.5848590731620789,
        0.5848590731620789,
        1.7031381130218506,
        4.581375598907471,
        0.5848590731620789,
        0.5848590731620789,
        0.5848590731620789,
        0.5848590731620789,
        1.3374212980270386,
        0.5848590731620789,
        0.5848590731620789,
        2.4729373455047607,
        0.5848590731620789,
        1.2551764249801636,
        1.9035069942474365,
        0.5848590731620789,
        0.5848590731620789,
        0.5848590731620789,
        0.5848590731620789,
        0.5848590731620789,
        1.0884395837783813,
        0.5848590731620789,
        0.5848590731620789,
        1.0512584447860718,
        1.5097819566726685,
        0.5848590731620789,
        2.026695728302002,
        3.3421900272369385,
        0.5848590731620789,
        0.5848590731620789,
        0.5848590731620789,
        0.726213276386261,
        0.5848590731620789,
        1.5030628442764282,
        0.5848590731620789,
        0.5848590731620789,
        0.9309961795806885,
        0.5848590731620789,
        4.359860420227051,
        2.1391263008117676,
        0.619809627532959,
        0.5848590731620789,
        0.5848590731620789,
        3.1595847606658936,
        0.5848590731620789,
        0.5848590731620789,
        0.5848590731620789,
        0.5848590731620789,
        0.5848590731620789,
        0.5848590731620789,
        0.5848590731620789,
        0.5848590731620789,
        3.7640161514282227
    ],
    "timestamp": 1754257609.1231701
}