{
  "predicted_latency": 591.7494297027588,
  "actual_latency": 78.445,
  "q_error": 7.543494546532715,
  "inference_time": 0.14692974090576172
}