{
  "predicted_latency": 306.67003989219666,
  "actual_latency": 455.26,
  "q_error": 1.4845271489840905,
  "inference_time": 0.09189438819885254
}