{
  "predicted_latency": 0.02913774736225605,
  "actual_latency": 0.316436,
  "q_error": 10.860001564025879,
  "inference_time": 1.9354579448699951,
  "timestamp": 1745481368.6463027
}