{
  "query": "/*+  */ select count(*)\nfrom title AS t\ninner join cast_info AS ci\non t.id = ci.movie_id AND ci.person_id < 2566764 AND ci.role_id = 1;",
  "predicted_latency": 898.7199664115906,
  "actual_latency": 4555.912,
  "q_error": 5.069334353603879,
  "inference_time": 0.011916875839233398
}