{
  "predicted_latency": 739.0082397460938,
  "inference_time": 0.0485844612121582
}