{
  "query": "/*+  */ select count(*)\nfrom title AS t\ninner join cast_info AS ci\non t.id = ci.movie_id AND ci.person_id < 2756388;",
  "predicted_latency": 1052.4425506591797,
  "actual_latency": 8249.771,
  "q_error": 7.838690097462227,
  "inference_time": 0.2544865608215332
}