{
  "predicted_latency": 141.7904496192932,
  "actual_latency": 273.468,
  "q_error": 1.9286771481031375,
  "inference_time": 0.18663430213928223
}