{
  "query": "/*+  */ select count(*)\nfrom movie_keyword AS mk\ninner join title AS t\non t.id = mk.movie_id AND mk.keyword_id < 52334;",
  "predicted_latency": 1219.607949256897,
  "actual_latency": 1134.156,
  "q_error": 1.0753440878123441,
  "inference_time": 0.02971363067626953
}