{
  "predicted_latency": 0.02913774736225605,
  "actual_latency": 6.070061,
  "q_error": 208.32293701171875,
  "inference_time": 0.4520134925842285,
  "timestamp": 1745479251.4407926
}