{
  "query": "/*+  */ select count(*)\nfrom movie_keyword AS mk\ninner join title AS t\non t.id = mk.movie_id AND mk.keyword_id < 71860;",
  "predicted_latency": 1251.540184020996,
  "actual_latency": 1342.801,
  "q_error": 1.0729188060792403,
  "inference_time": 0.026468515396118164
}