{
  "predicted_latency": 0.02913774736225605,
  "actual_latency": 1.8150789999999999,
  "q_error": 62.29304504394531,
  "inference_time": 0.05912613868713379,
  "timestamp": 1745479594.689696
}