{
  "predicted_latency": 0.0291377454996109,
  "actual_latency": 0.16638399999999998,
  "q_error": 5.710256576538086,
  "inference_time": 0.07045626640319824,
  "timestamp": 1745481375.4041061
}