{
  "query": "/*+  */ select count(*)\nfrom cast_info AS ci\ninner join title AS t\non t.id = ci.movie_id AND ci.person_id < 1614817 AND t.kind_id < 7 AND t.production_year < 1973;",
  "predicted_latency": 1603.157639503479,
  "actual_latency": 3069.346,
  "q_error": 1.9145628130185754,
  "inference_time": 0.026633501052856445
}