{
  "embedding": [
    1.5771768587257649,
    0.4668680855187009,
    2.692827219304283,
    0.07273454192825335,
    0.06363577077062503,
    2.491945668054139,
    0.9476679738495333,
    1.4511413508501123,
    0.8299614064262694,
    1.9175882470121048,
    3.816255586564695,
    3.0255871962402816,
    0.12409047644322248,
    1.0859983860907176,
    0.1457175268799302,
    2.1681905950578013,
    0.26595455356856434,
    2.2436316511209395,
    0.43365397637948383,
    0.6203047288180831,
    2.102217206544935,
    3.052000212313845,
    2.8505103388614508,
    0.06363577077062503,
    1.314744176560312,
    1.873629214045187,
    2.6652316431568894,
    2.7961055231274328,
    3.105034726249243,
    0.42116504151039724,
    2.3750096861676995,
    1.088859885932396,
    0.34792024861708004,
    2.5386381812520207,
    3.3285598006754387,
    0.9106308391010078,
    1.5587373887291838,
    0.44010709032170914,
    1.146934490700922,
    3.13179589086599,
    0.764452614332553,
    3.944364029741875,
    1.8744254180273627,
    0.6809668449677183,
    2.350569134162215,
    2.2932945894658356,
    1.3710229195470283,
    2.9086850831056825,
    4.21462812959312,
    1.4712511592304476,
    0.25394705993266875,
    2.8113528431224166,
    1.8933181864318502,
    2.307712409880997,
    1.083219673519049,
    1.1971718103859434,
    2.7276572126525362,
    3.3967169786297107,
    1.3630012223391352,
    2.7196458360145632,
    0.06363577077062503,
    1.5790536737007883,
    0.9812338790831158,
    4.069847144375965
  ],
  "timestamp": 1754307418.6616933
}