{
  "embedding": [
    1.3782119644826172,
    0.396298085877225,
    2.580876360808983,
    0.08157470205480093,
    0.05232541380098039,
    2.402241071963229,
    0.8827583979593641,
    1.2727298771207163,
    0.7728600454666539,
    1.8547307854582171,
    3.616998516787309,
    2.89279338884815,
    0.10263687051710527,
    1.0700213556661227,
    0.1357334363023598,
    2.1076354002230175,
    0.2173899448844642,
    2.240008123355869,
    0.40652384971624345,
    0.5726157352866522,
    1.8991436415051703,
    2.917476315419734,
    2.603946413091231,
    0.23084735389193153,
    1.1434375987909196,
    1.7220644857828256,
    2.565880026549961,
    2.6791378837546334,
    2.936615967053773,
    0.39443640086309073,
    2.231078764619283,
    1.0313123293662758,
    0.34819041044837684,
    2.3816268759377888,
    3.2193126923174264,
    0.7261609314743983,
    1.4403924574100524,
    0.3374306975023191,
    1.0817006796567317,
    2.9624299039720037,
    0.7380590656443874,
    3.637846414058144,
    1.8143235598121377,
    0.5089421426041782,
    2.235053570187701,
    2.186854410704448,
    1.2580080978399175,
    2.7023056328731516,
    4.038145356307848,
    1.4254169171347224,
    0.13056655220781038,
    2.733547178392371,
    1.7648858497942153,
    2.0592975325230425,
    1.0210829658767122,
    0.9843047161998817,
    2.669915598814646,
    3.120489952402888,
    1.2977308705228792,
    2.4537819075221323,
    0.05232541380098039,
    1.4616530265982999,
    0.900204474096194,
    3.8529126512119483
  ],
  "timestamp": 1754307382.3917463
}