{
  "query": "/*+  */ select count(*)\nfrom movie_info AS mi\ninner join title AS t\non t.id = mi.movie_id AND t.production_year < 1959;",
  "predicted_latency": 1209.9968194961548,
  "actual_latency": 2156.617,
  "q_error": 1.7823327840630359,
  "inference_time": 0.02629256248474121
}