{
  "predicted_latency": 650.7456302642822,
  "actual_latency": 5221.759,
  "q_error": 8.024270555423211,
  "inference_time": 0.09807896614074707
}