{
  "predicted_latency": 355.61853647232056,
  "actual_latency": 8126.07,
  "q_error": 22.850524274154335,
  "inference_time": 0.0987095832824707
}