{
  "predicted_latency": 0.02913774736225605,
  "actual_latency": 5.390629,
  "q_error": 185.00498962402344,
  "inference_time": 0.6015958786010742,
  "timestamp": 1745759658.2370536
}