{
  "predicted_latency": 0.0291377454996109,
  "actual_latency": 115.77126200000001,
  "q_error": 3973.240234375,
  "inference_time": 0.13807296752929688,
  "timestamp": 1745762662.9949875
}