{
  "predicted_latency": 0.02913774736225605,
  "actual_latency": 3.621803,
  "q_error": 124.29934692382812,
  "inference_time": 2.503246545791626,
  "timestamp": 1745769741.4465828
}