{
  "predicted_latency": 576.3570556640625,
  "inference_time": 0.14510130882263184
}