{
  "predicted_latency": 0.02913774736225605,
  "actual_latency": 3.876432,
  "q_error": 133.03814697265625,
  "inference_time": 1.1800873279571533,
  "timestamp": 1745757579.0435371
}