{
  "predicted_latency": 394.7957754135132,
  "actual_latency": 16.618,
  "q_error": 23.75711730734825,
  "inference_time": 0.17123842239379883
}