{
  "predicted_latency": 481.8288269042969,
  "inference_time": 0.01609349250793457
}