{
  "predicted_latency": 0.0291377454996109,
  "actual_latency": 4.706481,
  "q_error": 161.5252227783203,
  "inference_time": 2.7558553218841553,
  "timestamp": 1745480392.8818445
}