{
  "query": "/*+  */ select count(*)\nfrom movie_keyword AS mk\ninner join title AS t\non t.id = mk.movie_id AND mk.keyword_id < 34742;",
  "predicted_latency": 1200.3660202026367,
  "actual_latency": 1414.917,
  "q_error": 1.1787379650759726,
  "inference_time": 0.0242462158203125
}