{
  "predicted_latency": 160.9565019607544,
  "actual_latency": 334.699,
  "q_error": 2.0794375866941293,
  "inference_time": 0.1599876880645752
}