{
  "query": "/*+  */ select count(*)\nfrom cast_info AS ci\ninner join title AS t\non t.id = ci.movie_id AND t.production_year < 1967;",
  "predicted_latency": 1209.908127784729,
  "actual_latency": 4328.505,
  "q_error": 3.5775484936407853,
  "inference_time": 0.029166460037231445
}