{
  "predicted_latency": 0.02913774363696575,
  "actual_latency": 4.265178,
  "q_error": 146.3798370361328,
  "inference_time": 0.7117519378662109,
  "timestamp": 1745771132.538778
}