{
  "predicted_latency": 390.3002624511719,
  "inference_time": 0.09442758560180664
}