{
  "query": "/*+  */ select count(*)\nfrom cast_info AS ci\ninner join title AS t\non t.id = ci.movie_id AND ci.person_id > 781759 AND ci.role_id > 1 AND t.production_year > 2005;",
  "predicted_latency": 1509.2886686325073,
  "actual_latency": 5284.655,
  "q_error": 3.5014209738871007,
  "inference_time": 0.012582540512084961
}