{
  "predicted_latency": 0.02913774363696575,
  "actual_latency": 3.766098,
  "q_error": 129.25152587890625,
  "inference_time": 0.18275928497314453,
  "timestamp": 1745480362.5216134
}