{
  "query": "/*+  */ select count(*)\nfrom cast_info AS ci\ninner join title AS t\non t.id = ci.movie_id AND ci.person_id < 260636 AND t.kind_id = 2;",
  "predicted_latency": 1301.6124963760376,
  "actual_latency": 536.84,
  "q_error": 2.424581805334993,
  "inference_time": 0.017696857452392578
}