{
  "predicted_latency": 211.33409440517426,
  "actual_latency": 18.692,
  "q_error": 11.306125315919873,
  "inference_time": 0.13771629333496094
}