{
  "query": "/*+  */ select count(*)\nfrom cast_info AS ci\ninner join title AS t\non t.id = ci.movie_id AND t.production_year < 1948;",
  "predicted_latency": 1145.9333896636963,
  "actual_latency": 3737.485,
  "q_error": 3.26152028879869,
  "inference_time": 0.02637958526611328
}