{
  "query": "/*+  */ select count(*)\nfrom title AS t\ninner join cast_info AS ci\non t.id = ci.movie_id AND t.kind_id = 7 AND ci.person_id > 2003602 AND ci.role_id > 1;",
  "predicted_latency": 1285.1353883743286,
  "actual_latency": 5075.296,
  "q_error": 3.9492305992912944,
  "inference_time": 0.012759208679199219
}