{
  "query": "/*+  */ select count(*)\nfrom title AS t\ninner join cast_info AS ci\non t.id = ci.movie_id AND ci.person_id > 616990 AND ci.role_id = 6;",
  "predicted_latency": 1041.9566631317139,
  "actual_latency": 781.007,
  "q_error": 1.334119493335801,
  "inference_time": 0.012719869613647461
}