{
  "predicted_latency": 0.02913774736225605,
  "actual_latency": 8.246485,
  "q_error": 283.0172424316406,
  "inference_time": 7.430246114730835,
  "timestamp": 1745452297.8897002
}