{
  "predicted_latency": 0.0291377454996109,
  "actual_latency": 2.075071,
  "q_error": 71.21591186523438,
  "inference_time": 0.06364703178405762,
  "timestamp": 1745757132.3488696
}