{
  "predicted_latency": 153.74743938446045,
  "actual_latency": 41.156,
  "q_error": 3.7357235733419296,
  "inference_time": 0.15575551986694336
}