{
  "query": "/*+  */ select count(*)\nfrom title AS t\ninner join cast_info AS ci\non t.id = ci.movie_id AND ci.person_id > 2850147 AND ci.role_id > 1;",
  "predicted_latency": 917.9359078407288,
  "actual_latency": 3313.267,
  "q_error": 3.609475314887546,
  "inference_time": 0.027428627014160156
}