{
  "pg_runtime": 218.035,
  "opt_runtime": 165.674,
  "pg_slowdown": 1.316048384176153,
  "pg_opt_diff": 52.36099999999999,
  "original_num_of_plans": 2,
  "pg_plan_card_error": 292.1372549019608,
  "opt_plan_card_error": 1.0,
  "num_tables": 8,
  "opt_hint": "/*+ Rows(lt ml #29997) Rows(ml t #29726) Rows(k mk #47403) Rows(mc t #1139554) Rows(mk ml #288192) Rows(mk t #3961736) Rows(mc ml #105089) Rows(mc mk #28144418) Rows(cn mc #1309854) Rows(ct mc #1196185) Rows(cn mc t #1115946) Rows(k mk ml #1460) Rows(mc ml t #104935) Rows(mk ml t #286392) Rows(lt ml t #29726) Rows(k mc mk #169414) Rows(mc mk ml #3407594) Rows(cn ct mc #1174202) Rows(ct mc ml #97035) Rows(lt mc ml #105089) Rows(ct mc mk #25699259) Rows(lt mk ml #288192) Rows(k mk t #36063) Rows(cn mc ml #103436) Rows(cn mc mk #27664875) Rows(mc mk t #25153190) Rows(ct mc t #1015221) Rows(cn mc mk ml #3376452) Rows(cn ct mc ml #96014) Rows(cn lt mc ml #103436) Rows(k lt mk ml #1460) Rows(ct k mc mk #154786) Rows(cn k mc mk #165846) Rows(lt mk ml t #286392) Rows(mc mk ml t #3405648) Rows(lt mc ml t #104935) Rows(k mk ml t #1460) Rows(ct mc ml t #96891) Rows(cn mc ml t #103282) Rows(cn ct mc mk #25320459) Rows(ct lt mc ml #97035) Rows(k mc mk ml #15510) Rows(k mc mk t #143932) Rows(ct mc mk t #22848431) Rows(cn ct mc t #996623) Rows(cn mc mk t #24707165) Rows(lt mc mk ml #3407594) Rows(ct mc mk ml #3223836) Rows(cn ct mc mk ml #3202405) Rows(k lt mk ml t #1460) Rows(cn ct k mc mk #151940) Rows(cn k mc mk t #140794) Rows(ct lt mc mk ml #3223836) Rows(ct k mc mk t #130831) Rows(cn lt mc ml t #103282) Rows(cn ct mc ml t #95870) Rows(cn k mc mk ml #15493) Rows(k mc mk ml t #15510) Rows(ct k mc mk ml #14916) Rows(cn ct lt mc ml #96014) Rows(cn mc mk ml t #3374506) Rows(lt mc mk ml t #3405648) Rows(k lt mc mk ml #15510) Rows(cn ct mc mk t #22500723) Rows(ct lt mc ml t #96891) Rows(cn lt mc mk ml #3376452) Rows(ct mc mk ml t #3221910) Rows(cn ct k mc mk t #128398) Rows(cn lt mc mk ml t #3374506) Rows(cn k lt mc mk ml #15493) Rows(ct k mc mk ml t #14916) Rows(cn ct lt mc mk ml #3202405) Rows(cn k mc mk ml t #15493) Rows(k lt mc mk ml t #15510) Rows(cn ct mc mk ml t #3200479) Rows(cn ct k mc mk ml #14899) Rows(ct k lt mc mk ml #14916) Rows(ct lt mc mk ml t #3221910) Rows(cn ct lt mc ml t #95870) Rows(ct k lt mc mk ml t #14916) Rows(cn ct k mc mk ml t #14899) Rows(cn ct k lt mc mk ml #14899) Rows(cn ct lt mc mk ml t #3200479) Rows(cn k lt mc mk ml t #15493) Rows(cn ct k lt mc mk ml t #14899) */"
}