{
  "predicted_latency": 251.0223090648651,
  "actual_latency": 1826.755,
  "q_error": 7.277261558166767,
  "inference_time": 0.13563752174377441
}