{
  "predicted_latency": 43.40951144695282,
  "actual_latency": 1282.428,
  "q_error": 29.54255777716249,
  "inference_time": 0.043604135513305664
}