{
  "predicted_latency": 418.02242398262024,
  "actual_latency": 1088.615,
  "q_error": 2.6042024005039033,
  "inference_time": 0.0615391731262207
}