{
    "embedding": [
        0.5266627669334412,
        0.5266627669334412,
        0.5266627669334412,
        0.646793007850647,
        0.5266627669334412,
        1.47771418094635,
        0.5266627669334412,
        0.5266627669334412,
        0.5399088263511658,
        0.5266627669334412,
        0.5266627669334412,
        0.5266627669334412,
        0.5266627669334412,
        2.007539749145508,
        4.186347961425781,
        1.348563551902771,
        0.5266627669334412,
        1.461371898651123,
        0.5266627669334412,
        2.7557804584503174,
        0.5266627669334412,
        0.571501612663269,
        3.8646888732910156,
        0.5266627669334412,
        0.9789850115776062,
        1.0795257091522217,
        0.5266627669334412,
        0.5266627669334412,
        0.5266627669334412,
        0.5266627669334412,
        3.3439321517944336,
        1.0104832649230957,
        0.5266627669334412,
        0.5266627669334412,
        1.3700565099716187,
        2.0911037921905518,
        0.5266627669334412,
        2.2766623497009277,
        3.532050371170044,
        0.5266627669334412,
        0.5266627669334412,
        0.5266627669334412,
        0.691139280796051,
        0.5266627669334412,
        0.8903767466545105,
        0.5266627669334412,
        0.5266627669334412,
        0.8719870448112488,
        0.5266627669334412,
        2.9257543087005615,
        0.8525877594947815,
        1.7095897197723389,
        0.5266627669334412,
        0.5266627669334412,
        2.5996382236480713,
        0.5266627669334412,
        0.5266627669334412,
        0.5266627669334412,
        0.5266627669334412,
        0.6370697021484375,
        0.5266627669334412,
        0.5266627669334412,
        0.5266627669334412,
        2.5857815742492676
    ],
    "timestamp": 1754258571.3566647
}