{
    "embedding": [
        0.5266627073287964,
        0.5266627073287964,
        0.5266627073287964,
        0.646793007850647,
        0.5266627073287964,
        1.4777146577835083,
        0.5266627073287964,
        0.5266627073287964,
        0.5399087071418762,
        0.5266627073287964,
        0.5266627073287964,
        0.5266627073287964,
        0.5266627073287964,
        2.007539749145508,
        4.186348915100098,
        1.3485628366470337,
        0.5266627073287964,
        1.461371898651123,
        0.5266627073287964,
        2.7557804584503174,
        0.5266627073287964,
        0.5715015530586243,
        3.864689826965332,
        0.5266627073287964,
        0.978985071182251,
        1.0795252323150635,
        0.5266627073287964,
        0.5266627073287964,
        0.5266627073287964,
        0.5266627073287964,
        3.3439323902130127,
        1.0104830265045166,
        0.5266627073287964,
        0.5266627073287964,
        1.3700562715530396,
        2.0911033153533936,
        0.5266627073287964,
        2.2766616344451904,
        3.532050848007202,
        0.5266627073287964,
        0.5266627073287964,
        0.5266627073287964,
        0.6911392211914062,
        0.5266627073287964,
        0.8903763890266418,
        0.5266627073287964,
        0.5266627073287964,
        0.8719871640205383,
        0.5266627073287964,
        2.9257543087005615,
        0.8525879383087158,
        1.7095894813537598,
        0.5266627073287964,
        0.5266627073287964,
        2.5996387004852295,
        0.5266627073287964,
        0.5266627073287964,
        0.5266627073287964,
        0.5266627073287964,
        0.6370697021484375,
        0.5266627073287964,
        0.5266627073287964,
        0.5266627073287964,
        2.5857818126678467
    ],
    "timestamp": 1754258572.849696
}