{
  "predicted_latency": 547.7162475585938,
  "inference_time": 0.01456904411315918
}