{
  "predicted_latency": 741.1737060546875,
  "inference_time": 0.1007997989654541
}