{
  "predicted_latency": 524.227294921875,
  "inference_time": 0.011465787887573242
}