{
  "query": "/*+  */ select count(*)\nfrom title AS t\ninner join movie_info AS mi\non t.id = mi.movie_id AND t.kind_id > 3;",
  "predicted_latency": 884.2453956604004,
  "actual_latency": 2910.184,
  "q_error": 3.2911497354493133,
  "inference_time": 0.026159286499023438
}