{
  "predicted_latency": 0.02913774736225605,
  "actual_latency": 8.340717,
  "q_error": 286.25128173828125,
  "inference_time": 0.6369588375091553,
  "timestamp": 1745759994.2626357
}