{
  "predicted_latency": 886.7518901824951,
  "actual_latency": 113.431,
  "q_error": 7.817544500026405,
  "inference_time": 0.03467130661010742
}