{
  "query": "/*+  */ select count(*)\nfrom title AS t\ninner join cast_info AS ci\non t.id = ci.movie_id AND ci.person_id > 1005347;",
  "predicted_latency": 1021.0710763931274,
  "actual_latency": 8050.406,
  "q_error": 7.884275821853243,
  "inference_time": 0.017709970474243164
}