{
  "predicted_latency": 355.6954562664032,
  "actual_latency": 4663.153,
  "q_error": 13.109959426941527,
  "inference_time": 0.13353800773620605
}