{
  "predicted_latency": 320.42646408081055,
  "actual_latency": 217.117,
  "q_error": 1.4758239294058528,
  "inference_time": 0.160780668258667
}