{
  "query": "/*+  */ select count(*)\nfrom title AS t\ninner join cast_info AS ci\non t.id = ci.movie_id AND ci.person_id > 758691;",
  "predicted_latency": 1155.4032564163208,
  "actual_latency": 9163.528,
  "q_error": 7.931021441312392,
  "inference_time": 0.018271684646606445
}