{
  "predicted_latency": 307.64445662498474,
  "actual_latency": 3859.394,
  "q_error": 12.544981444942982,
  "inference_time": 0.12741994857788086
}