{
  "query": "/*+  */ select count(*)\nfrom movie_companies AS mc\ninner join title AS t\non t.id = mc.movie_id AND mc.company_id < 171366;",
  "predicted_latency": 1180.2769899368286,
  "actual_latency": 1096.536,
  "q_error": 1.0763686645370774,
  "inference_time": 0.012396812438964844
}