{
  "predicted_latency": 169.30542886257172,
  "actual_latency": 354.242,
  "q_error": 2.0923251095955386,
  "inference_time": 0.1741342544555664
}