{
  "predicted_latency": 36.386878967285156,
  "inference_time": 0.02923274040222168
}