{
  "query": "/*+ NoNestLoop(t ci) */ select count(*)\nfrom title AS t\ninner join cast_info AS ci\non t.id = ci.movie_id AND ci.person_id > 3005042;",
  "predicted_latency": 620.4524636268616,
  "actual_latency": 2918.139,
  "q_error": 4.703243473225954,
  "inference_time": 0.029181718826293945
}