{
    "embedding": [
        0.6056250929832458,
        0.6056250929832458,
        0.6056250929832458,
        0.7493394017219543,
        0.6056250929832458,
        1.173537015914917,
        1.4630721807479858,
        0.6056250929832458,
        0.6267424821853638,
        0.6056250929832458,
        0.6056250929832458,
        0.6056250929832458,
        0.6056250929832458,
        1.7247388362884521,
        4.770384788513184,
        0.6056250929832458,
        0.6056250929832458,
        2.6066300868988037,
        0.6056250929832458,
        1.649674892425537,
        0.6056250929832458,
        1.5141100883483887,
        2.8363184928894043,
        0.6056250929832458,
        2.0049867630004883,
        2.2498316764831543,
        0.6056250929832458,
        0.6056250929832458,
        0.6056250929832458,
        0.6056250929832458,
        3.9410955905914307,
        1.134708285331726,
        0.6056250929832458,
        0.6056250929832458,
        1.0628931522369385,
        1.401232361793518,
        0.6056250929832458,
        2.244187355041504,
        3.6077206134796143,
        0.6056250929832458,
        0.6056250929832458,
        0.6056250929832458,
        0.7542612552642822,
        0.6056250929832458,
        1.4986475706100464,
        0.6056250929832458,
        0.6056250929832458,
        1.0350453853607178,
        0.6056250929832458,
        3.8530733585357666,
        2.1887495517730713,
        0.657524824142456,
        0.6056250929832458,
        0.6056250929832458,
        3.011920213699341,
        0.6056250929832458,
        0.6056250929832458,
        0.6056250929832458,
        0.6056250929832458,
        0.6056250929832458,
        0.6056250929832458,
        0.8149150013923645,
        0.6056250929832458,
        2.943636178970337
    ],
    "timestamp": 1754257687.2470996
}