{
    "embedding": [
        0.6056250929832458,
        0.6056250929832458,
        0.6056250929832458,
        0.7493394017219543,
        0.6056250929832458,
        1.1735373735427856,
        1.4630721807479858,
        0.6056250929832458,
        0.6267425417900085,
        0.6056250929832458,
        0.6056250929832458,
        0.6056250929832458,
        0.6056250929832458,
        1.724738597869873,
        4.770384311676025,
        0.6056250929832458,
        0.6056250929832458,
        2.6066300868988037,
        0.6056250929832458,
        1.6496750116348267,
        0.6056250929832458,
        1.5141102075576782,
        2.8363187313079834,
        0.6056250929832458,
        2.004986524581909,
        2.2498319149017334,
        0.6056250929832458,
        0.6056250929832458,
        0.6056250929832458,
        0.6056250929832458,
        3.9410951137542725,
        1.1347081661224365,
        0.6056250929832458,
        0.6056250929832458,
        1.0628931522369385,
        1.4012320041656494,
        0.6056250929832458,
        2.244187831878662,
        3.607719898223877,
        0.6056250929832458,
        0.6056250929832458,
        0.6056250929832458,
        0.7542612552642822,
        0.6056250929832458,
        1.4986475706100464,
        0.6056250929832458,
        0.6056250929832458,
        1.0350451469421387,
        0.6056250929832458,
        3.853074550628662,
        2.1887495517730713,
        0.6575245261192322,
        0.6056250929832458,
        0.6056250929832458,
        3.011920213699341,
        0.6056250929832458,
        0.6056250929832458,
        0.6056250929832458,
        0.6056250929832458,
        0.6056250929832458,
        0.6056250929832458,
        0.8149147629737854,
        0.6056250929832458,
        2.943636417388916
    ],
    "timestamp": 1754257691.129044
}