{
  "predicted_latency": 825.8712768554688,
  "inference_time": 0.008843421936035156
}