{
  "query": "/*+  */ select count(*)\nfrom cast_info AS ci\ninner join title AS t\non t.id = ci.movie_id AND ci.person_id < 2644891 AND ci.role_id < 10 AND t.kind_id = 1;",
  "predicted_latency": 1423.2321977615356,
  "actual_latency": 5153.046,
  "q_error": 3.6206642936442335,
  "inference_time": 0.01339864730834961
}