{
  "predicted_latency": 1761.024658203125,
  "inference_time": 0.0454099178314209
}