{
  "query": "/*+  */ select count(*)\nfrom movie_keyword AS mk\ninner join title AS t\non t.id = mk.movie_id AND mk.keyword_id < 72557 AND t.production_year > 2005;",
  "predicted_latency": 1642.5336599349976,
  "actual_latency": 742.165,
  "q_error": 2.2131650777589855,
  "inference_time": 0.026668787002563477
}