{
  "predicted_latency": 0.0291377454996109,
  "actual_latency": 2.848051,
  "q_error": 97.744384765625,
  "inference_time": 0.2928273677825928,
  "timestamp": 1745762691.895067
}