{
  "query": "/*+ NoHashJoin(t ci) */ select count(*)\nfrom title AS t\ninner join cast_info AS ci\non t.id = ci.movie_id AND ci.person_id > 2250529;",
  "predicted_latency": 419.0596640110016,
  "actual_latency": 6966.483,
  "q_error": 16.624083867487442,
  "inference_time": 0.30385494232177734
}