{
  "predicted_latency": 506.3389892578125,
  "inference_time": 0.0060460567474365234
}