{
  "query": "/*+  */ select count(*)\nfrom title AS t\ninner join cast_info AS ci\non t.id = ci.movie_id AND t.kind_id = 7 AND t.production_year < 1986 AND ci.person_id > 2042232;",
  "predicted_latency": 1748.7446069717407,
  "actual_latency": 2756.405,
  "q_error": 1.5762192998400155,
  "inference_time": 0.015903472900390625
}