{
  "query": "/*+  */ select count(*)\nfrom title AS t\ninner join cast_info AS ci\non t.id = ci.movie_id AND t.kind_id = 1 AND ci.person_id < 2058146;",
  "predicted_latency": 1213.0303382873535,
  "actual_latency": 4131.394,
  "q_error": 3.405845566758874,
  "inference_time": 0.012909173965454102
}