{
    "embedding": [
        0.5053550004959106,
        0.5053550004959106,
        0.5053550004959106,
        0.597704291343689,
        0.5053550004959106,
        0.9091009497642517,
        0.5053550004959106,
        0.5053550004959106,
        0.5762409567832947,
        0.5053550004959106,
        0.5053550004959106,
        0.5053550004959106,
        0.5311753749847412,
        1.8925144672393799,
        3.664196014404297,
        2.4045684337615967,
        0.5053550004959106,
        0.9461129903793335,
        0.5053550004959106,
        1.3893245458602905,
        0.5053550004959106,
        0.5053550004959106,
        0.5053550004959106,
        0.5053550004959106,
        1.1737546920776367,
        1.5154330730438232,
        0.5053550004959106,
        0.5053550004959106,
        0.5053550004959106,
        0.5053550004959106,
        2.9556357860565186,
        0.9712994694709778,
        0.5053550004959106,
        0.5053550004959106,
        1.6448369026184082,
        2.790243625640869,
        0.5053550004959106,
        0.7777355313301086,
        2.5000407695770264,
        0.5053550004959106,
        0.5053550004959106,
        0.5053550004959106,
        0.8301947116851807,
        0.5053550004959106,
        1.0830466747283936,
        0.5053550004959106,
        0.5053550004959106,
        0.818537175655365,
        0.5053550004959106,
        2.88382887840271,
        1.573493480682373,
        0.6311542987823486,
        0.5053550004959106,
        0.5053550004959106,
        3.014693260192871,
        0.5053550004959106,
        0.5053550004959106,
        0.5053550004959106,
        0.5053550004959106,
        0.5053550004959106,
        0.5053550004959106,
        0.5053550004959106,
        0.5053550004959106,
        3.1498987674713135
    ],
    "timestamp": 1754258577.5042398
}