{
    "embedding": [
        0.5053548812866211,
        0.5053548812866211,
        0.5053548812866211,
        0.5977042317390442,
        0.5053548812866211,
        0.9091009497642517,
        0.5053548812866211,
        0.5053548812866211,
        0.5762410163879395,
        0.5053548812866211,
        0.5053548812866211,
        0.5053548812866211,
        0.5311753749847412,
        1.8925148248672485,
        3.664196014404297,
        2.4045679569244385,
        0.5053548812866211,
        0.9461128115653992,
        0.5053548812866211,
        1.3893238306045532,
        0.5053548812866211,
        0.5053548812866211,
        0.5053548812866211,
        0.5053548812866211,
        1.1737542152404785,
        1.5154330730438232,
        0.5053548812866211,
        0.5053548812866211,
        0.5053548812866211,
        0.5053548812866211,
        2.9556355476379395,
        0.9712991118431091,
        0.5053548812866211,
        0.5053548812866211,
        1.6448367834091187,
        2.790243148803711,
        0.5053548812866211,
        0.7777352929115295,
        2.5000405311584473,
        0.5053548812866211,
        0.5053548812866211,
        0.5053548812866211,
        0.8301945328712463,
        0.5053548812866211,
        1.0830466747283936,
        0.5053548812866211,
        0.5053548812866211,
        0.8185370564460754,
        0.5053548812866211,
        2.883829355239868,
        1.5734931230545044,
        0.6311541199684143,
        0.5053548812866211,
        0.5053548812866211,
        3.0146939754486084,
        0.5053548812866211,
        0.5053548812866211,
        0.5053548812866211,
        0.5053548812866211,
        0.5053548812866211,
        0.5053548812866211,
        0.5053548812866211,
        0.5053548812866211,
        3.1498990058898926
    ],
    "timestamp": 1754258578.2495098
}