{
  "predicted_latency": 466.3093686103821,
  "actual_latency": 1745.859,
  "q_error": 3.7439929744553915,
  "inference_time": 0.0656583309173584
}