{
  "query": "/*+ NoNestLoop(ci t) */ select count(*)\nfrom cast_info AS ci\ninner join title AS t\non t.id = ci.movie_id AND ci.person_id < 3165365;",
  "predicted_latency": 1135.7425451278687,
  "actual_latency": 9359.985,
  "q_error": 8.24129116246693,
  "inference_time": 0.011834144592285156
}