{
  "predicted_latency": 0.02913774363696575,
  "actual_latency": 7.9374009999999995,
  "q_error": 272.4095764160156,
  "inference_time": 1.5035336017608643,
  "timestamp": 1745479445.9738739
}