{
  "query": "/*+ NoNestLoop(t ci) */ select count(*)\nfrom title AS t\ninner join cast_info AS ci\non t.id = ci.movie_id AND ci.person_id < 724160;",
  "predicted_latency": 622.4409937858582,
  "actual_latency": 3311.037,
  "q_error": 5.3194391646047565,
  "inference_time": 0.017477750778198242
}