{
  "predicted_latency": 0.02913774736225605,
  "actual_latency": 46.061335,
  "q_error": 1580.813232421875,
  "inference_time": 0.664837121963501,
  "timestamp": 1745771810.9440646
}