{
  "predicted_latency": 0.0291377454996109,
  "actual_latency": 3.5712020000000004,
  "q_error": 122.562744140625,
  "inference_time": 0.11156868934631348,
  "timestamp": 1745759133.1454527
}