{
  "query": "/*+  */ select count(*)\nfrom movie_keyword AS mk\ninner join title AS t\non t.id = mk.movie_id AND mk.keyword_id < 33702;",
  "predicted_latency": 1200.0175714492798,
  "actual_latency": 1324.657,
  "q_error": 1.103864669581622,
  "inference_time": 0.024855375289916992
}