{
  "predicted_latency": 1175.2197742462158,
  "actual_latency": 36740.709,
  "q_error": 31.262841049084148,
  "inference_time": 0.054023027420043945
}