{
  "predicted_latency": 659.0172648429871,
  "actual_latency": 136.685,
  "q_error": 4.821430770333153,
  "inference_time": 0.05251646041870117
}