{
  "predicted_latency": 0.02913774363696575,
  "actual_latency": 24.269879,
  "q_error": 832.9360961914062,
  "inference_time": 6.0770392417907715,
  "timestamp": 1745753873.024338
}