{
  "predicted_latency": 843.146484375,
  "inference_time": 0.00554203987121582
}