{
  "query": "/*+  */ select count(*)\nfrom title AS t\ninner join cast_info AS ci\non t.id = ci.movie_id AND t.kind_id > 1 AND ci.person_id > 1002835;",
  "predicted_latency": 1315.737009048462,
  "actual_latency": 7506.492,
  "q_error": 5.705161402603305,
  "inference_time": 0.019159793853759766
}