{
  "predicted_latency": 0.02913774736225605,
  "actual_latency": 0.041513,
  "q_error": 1.424715518951416,
  "inference_time": 5.737040042877197,
  "timestamp": 1745481428.7515767
}