{
  "query": "/*+  */ select count(*)\nfrom cast_info AS ci\ninner join title AS t\non t.id = ci.movie_id AND ci.person_id < 1489019 AND t.production_year = 2012;",
  "predicted_latency": 1318.672776222229,
  "actual_latency": 2538.394,
  "q_error": 1.9249612532929228,
  "inference_time": 0.029519319534301758
}