{
  "query": "/*+  */ select count(*)\nfrom title AS t\ninner join cast_info AS ci\non t.id = ci.movie_id AND t.kind_id = 4 AND ci.person_id < 2177327;",
  "predicted_latency": 1450.986623764038,
  "actual_latency": 2923.218,
  "q_error": 2.0146415908485857,
  "inference_time": 0.031046390533447266
}