{
  "predicted_latency": 0.02913774736225605,
  "actual_latency": 1.935766,
  "q_error": 66.43498992919922,
  "inference_time": 1.2760145664215088,
  "timestamp": 1745753912.55977
}