{
  "query": "/*+  */ select count(*)\nfrom movie_companies AS mc\ninner join title AS t\non t.id = mc.movie_id AND mc.company_id > 73106;",
  "predicted_latency": 1003.6784410476685,
  "actual_latency": 583.014,
  "q_error": 1.7215340301393594,
  "inference_time": 0.01601433753967285
}