{
  "predicted_latency": 0.02913774736225605,
  "actual_latency": 0.442248,
  "q_error": 15.177837371826172,
  "inference_time": 0.9243874549865723,
  "timestamp": 1745481181.2592304
}