{
  "predicted_latency": 0.02913774363696575,
  "actual_latency": 1.008715,
  "q_error": 34.61884689331055,
  "inference_time": 0.060984134674072266,
  "timestamp": 1745493147.1976857
}