{
  "predicted_latency": 0.02913774736225605,
  "actual_latency": 2.256426,
  "q_error": 77.4399642944336,
  "inference_time": 0.12958765029907227,
  "timestamp": 1745479384.3136828
}