{
  "predicted_latency": 787.278413772583,
  "actual_latency": 219.592,
  "q_error": 3.585187136929319,
  "inference_time": 0.04598855972290039
}