{
  "predicted_latency": 846.5377197265625,
  "inference_time": 0.040019989013671875
}