{
  "predicted_latency": 323.82264733314514,
  "actual_latency": 79.55,
  "q_error": 4.0706806704355145,
  "inference_time": 0.058861494064331055
}