{
  "predicted_latency": 0.02913774363696575,
  "actual_latency": 1.719276,
  "q_error": 59.0051155090332,
  "inference_time": 0.24179315567016602,
  "timestamp": 1745770423.5300515
}