{
  "predicted_latency": 0.010861066170036793,
  "actual_latency": 26.205959999999997,
  "q_error": 2412.8349609375,
  "inference_time": 0.41684985160827637,
  "timestamp": 1744804777.0890148
}