{
  "predicted_latency": 833.8992595672607,
  "actual_latency": 197.434,
  "q_error": 4.2236861916755,
  "inference_time": 0.13916611671447754
}