{
  "query": "/*+  */ select count(*)\nfrom cast_info AS ci\ninner join title AS t\non t.id = ci.movie_id AND t.kind_id = 2;",
  "predicted_latency": 1295.5971956253052,
  "actual_latency": 3434.174,
  "q_error": 2.650649454626625,
  "inference_time": 0.21941852569580078
}