{
  "predicted_latency": 0.02913774736225605,
  "actual_latency": 95.447484,
  "q_error": 3275.733154296875,
  "inference_time": 0.2339949607849121,
  "timestamp": 1745454204.5101302
}