{
  "query": "/*+ NoNestLoop(t ci) */ select count(*)\nfrom title AS t\ninner join cast_info AS ci\non t.id = ci.movie_id AND ci.person_id < 1971168;",
  "predicted_latency": 719.5350527763367,
  "actual_latency": 6413.158,
  "q_error": 8.912919496075604,
  "inference_time": 0.027312755584716797
}