{
  "predicted_latency": 0.0291377454996109,
  "actual_latency": 1.60952,
  "q_error": 55.23831558227539,
  "inference_time": 0.18365812301635742,
  "timestamp": 1745480196.5285854
}