{
  "predicted_latency": 488.3460388183594,
  "inference_time": 0.009801626205444336
}