{
  "predicted_latency": 0.0291377454996109,
  "actual_latency": 2.252052,
  "q_error": 77.28985595703125,
  "inference_time": 1.1241796016693115,
  "timestamp": 1745756759.355617
}