{
  "predicted_latency": 355.0982475280762,
  "actual_latency": 8924.476,
  "q_error": 25.13241352815851,
  "inference_time": 0.09210705757141113
}