{
  "predicted_latency": 614.2496337890625,
  "inference_time": 0.008571624755859375
}