{
  "predicted_latency": 583.0074548721313,
  "actual_latency": 8274.712,
  "q_error": 14.193149557263995,
  "inference_time": 0.07593727111816406
}