{
  "predicted_latency": 2661.828125,
  "inference_time": 0.04770660400390625
}