{
  "query": "/*+  */ select count(*)\nfrom title AS t\ninner join cast_info AS ci\non t.id = ci.movie_id AND t.production_year < 1996 AND ci.person_id > 2989021;",
  "predicted_latency": 1280.5297374725342,
  "actual_latency": 2020.099,
  "q_error": 1.5775494632301177,
  "inference_time": 0.01279592514038086
}