{
    "embedding": [
        0.5811793208122253,
        0.5811793208122253,
        0.5811793208122253,
        0.7771126627922058,
        0.5811793208122253,
        0.9560258388519287,
        0.5811793208122253,
        0.5811793208122253,
        0.6702649593353271,
        0.5811793208122253,
        0.5811793208122253,
        0.5811793208122253,
        0.5811793208122253,
        2.7681822776794434,
        3.4191155433654785,
        2.566380739212036,
        0.5811793208122253,
        2.638648748397827,
        0.5811793208122253,
        1.4816821813583374,
        1.2113993167877197,
        1.5358864068984985,
        1.5479233264923096,
        0.5811793208122253,
        1.5586657524108887,
        1.790123462677002,
        0.5811793208122253,
        0.5811793208122253,
        0.5811793208122253,
        0.5811793208122253,
        2.9530282020568848,
        1.0670756101608276,
        0.5811793208122253,
        0.5811793208122253,
        1.734714388847351,
        2.124333620071411,
        0.5811793208122253,
        1.555718183517456,
        2.348287343978882,
        0.5811793208122253,
        0.5811793208122253,
        0.5811793208122253,
        0.9042355418205261,
        0.5811793208122253,
        1.0315561294555664,
        0.5811793208122253,
        0.5811793208122253,
        0.92544025182724,
        0.5811793208122253,
        3.3939361572265625,
        1.9276360273361206,
        0.6665123701095581,
        0.5811793208122253,
        0.5811793208122253,
        3.5055439472198486,
        0.5811793208122253,
        0.5811793208122253,
        0.5811793208122253,
        0.5811793208122253,
        0.6320309042930603,
        0.5811793208122253,
        0.5811793208122253,
        0.5811793208122253,
        4.550739765167236
    ],
    "timestamp": 1754258582.3807662
}