{
    "embedding": [
        0.5811793208122253,
        0.5811793208122253,
        0.5811793208122253,
        0.7771127223968506,
        0.5811793208122253,
        0.9560259580612183,
        0.5811793208122253,
        0.5811793208122253,
        0.6702649593353271,
        0.5811793208122253,
        0.5811793208122253,
        0.5811793208122253,
        0.5811793208122253,
        2.7681822776794434,
        3.419114828109741,
        2.5663816928863525,
        0.5811793208122253,
        2.638648748397827,
        0.5811793208122253,
        1.4816824197769165,
        1.2113993167877197,
        1.5358867645263672,
        1.5479233264923096,
        0.5811793208122253,
        1.5586661100387573,
        1.7901235818862915,
        0.5811793208122253,
        0.5811793208122253,
        0.5811793208122253,
        0.5811793208122253,
        2.9530282020568848,
        1.0670756101608276,
        0.5811793208122253,
        0.5811793208122253,
        1.7347140312194824,
        2.1243343353271484,
        0.5811793208122253,
        1.5557180643081665,
        2.348287343978882,
        0.5811793208122253,
        0.5811793208122253,
        0.5811793208122253,
        0.9042355418205261,
        0.5811793208122253,
        1.0315558910369873,
        0.5811793208122253,
        0.5811793208122253,
        0.92544025182724,
        0.5811793208122253,
        3.3939368724823,
        1.9276360273361206,
        0.6665123701095581,
        0.5811793208122253,
        0.5811793208122253,
        3.5055434703826904,
        0.5811793208122253,
        0.5811793208122253,
        0.5811793208122253,
        0.5811793208122253,
        0.6320309042930603,
        0.5811793208122253,
        0.5811793208122253,
        0.5811793208122253,
        4.550740718841553
    ],
    "timestamp": 1754258581.2602327
}