{
  "embedding": [
    0.6469177686005956,
    1.0587500375831242,
    2.4478308562321898,
    0.04879756351165612,
    0.04879756351165612,
    2.5909735845159516,
    0.4024135754535292,
    1.4163709355479115,
    0.49906935844073214,
    0.7582761934841246,
    2.8600784639229717,
    3.2096289798051925,
    0.04879756351165612,
    0.5759792483350946,
    0.14499470750218027,
    2.6762593773609025,
    0.19326764549476128,
    1.390841217479758,
    0.5228701404832943,
    0.3027342206333191,
    1.4133231881104606,
    2.4567294323314828,
    1.87192969006983,
    0.04879756351165612,
    0.34656642438416796,
    1.3775700197136977,
    2.3306450981543145,
    4.4304862899532305,
    4.927904889615855,
    1.5532836561544037,
    3.098845438680789,
    0.11435321074356838,
    0.04879756351165612,
    2.3990084239996836,
    1.7849006213035465,
    0.05419551604653752,
    0.04879756351165612,
    0.23098975784050055,
    1.15210698494538,
    3.690371751303027,
    0.04879756351165612,
    4.138463729093312,
    2.0348656364718445,
    0.2242235484512084,
    2.5086159640987877,
    4.803820230884189,
    2.074183115615119,
    2.4710239336741213,
    3.0889868670230904,
    0.4304708046596567,
    0.1604907066573856,
    2.6069274357798244,
    3.055196849351584,
    2.3838416755892804,
    0.3772587826458177,
    0.3462623130795759,
    2.751576308292138,
    3.740083560036485,
    1.7897008383123498,
    3.2348196812256456,
    0.3165341938553036,
    2.203845306169777,
    1.7439810754820433,
    4.305662177824409
  ],
  "timestamp": 1754304691.874129
}