{
  "embedding": [
    0.3484967973918942,
    0.9424262702966725,
    2.886364627367477,
    0.03509455625489934,
    0.03509455625489934,
    2.6912236376953493,
    1.0419317266290016,
    1.4009438507469387,
    0.48193895682894905,
    0.8805531524389365,
    3.023843594384029,
    2.7259621034374244,
    0.03509455625489934,
    0.6351927965853406,
    0.12453760020025204,
    2.4159520247610553,
    0.2527092582708254,
    2.123520173177498,
    0.4492920579371774,
    0.23428386947685018,
    1.24866700634109,
    2.107562293227893,
    1.4719210132963734,
    0.41614564501061735,
    0.2566433583646079,
    1.31798827486895,
    2.5859052384227725,
    3.790649814665357,
    4.3990343624743575,
    1.3143746257547808,
    2.5664513070031605,
    0.5837817433374664,
    0.03509455625489934,
    2.881504882171999,
    2.5257326299528904,
    0.09148412863649882,
    0.23579616531258607,
    0.2972987077035179,
    1.055217923437378,
    3.463505551031903,
    0.03509455625489934,
    4.701676630122455,
    1.9463696265869104,
    0.18950553342300094,
    3.010325758204052,
    3.7342351840513035,
    1.681480154745427,
    1.9639306960633702,
    3.7417565201417977,
    1.0521715429746266,
    0.07965963035409877,
    2.747012437506347,
    2.544141212726547,
    1.842418004883187,
    0.3589981371541168,
    0.8331368884489244,
    3.228468718191544,
    3.557175223160539,
    1.4692854468106369,
    2.5419432393509296,
    0.1562514958989278,
    1.970126343841943,
    1.6050147819831393,
    5.0826832871187335
  ],
  "timestamp": 1754304481.115149
}