{
  "predicted_latency": 241.1735382080078,
  "inference_time": 0.023304224014282227
}