{
  "predicted_latency": 1204.3228149414062,
  "actual_latency": 33.518,
  "q_error": 35.93062876488472,
  "inference_time": 0.05234169960021973
}