{
  "predicted_latency": 581.7866325378418,
  "actual_latency": 159.577,
  "q_error": 3.6458050504636748,
  "inference_time": 0.08108186721801758
}