{
  "predicted_latency": 2809.096923828125,
  "inference_time": 0.015198469161987305
}