{
  "query": "/*+  */ select count(*)\nfrom title AS t\ninner join cast_info AS ci\non t.id = ci.movie_id AND ci.person_id > 832056 AND ci.role_id = 1;",
  "predicted_latency": 1061.8051290512085,
  "actual_latency": 3385.368,
  "q_error": 3.188313850984168,
  "inference_time": 0.016242027282714844
}