{
  "predicted_latency": 845.4846143722534,
  "actual_latency": 1286.615,
  "q_error": 1.521748566596061,
  "inference_time": 0.049842119216918945
}