{
  "query": "/*+  */ select count(*)\nfrom movie_keyword AS mk\ninner join title AS t\non t.id = mk.movie_id AND mk.keyword_id < 73157;",
  "predicted_latency": 1255.782961845398,
  "actual_latency": 1248.412,
  "q_error": 1.0059042702612582,
  "inference_time": 0.014926910400390625
}