{
  "predicted_latency": 0.0291377454996109,
  "actual_latency": 1.602643,
  "q_error": 55.00230026245117,
  "inference_time": 0.2709193229675293,
  "timestamp": 1745478611.231526
}