{
  "predicted_latency": 0.0291377454996109,
  "actual_latency": 9.392512,
  "q_error": 322.3486328125,
  "inference_time": 0.5425395965576172,
  "timestamp": 1745481418.9441066
}