{
  "predicted_latency": 0.0291377454996109,
  "actual_latency": 46.442286,
  "q_error": 1593.887451171875,
  "inference_time": 0.3295297622680664,
  "timestamp": 1745771763.8003602
}