{
  "predicted_latency": 462.73547410964966,
  "actual_latency": 89.906,
  "q_error": 5.146880899046222,
  "inference_time": 0.06406855583190918
}