{
  "predicted_latency": 892.6782836914062,
  "inference_time": 0.0419313907623291
}