{
  "predicted_latency": 1534.0423583984375,
  "inference_time": 0.0221250057220459
}