{
  "predicted_latency": 360.8887195587158,
  "actual_latency": 389.889,
  "q_error": 1.0803579576461821,
  "inference_time": 0.10332369804382324
}