{
  "predicted_latency": 553.6503195762634,
  "actual_latency": 4248.932,
  "q_error": 7.674396364932874,
  "inference_time": 0.03823995590209961
}