{
  "query": "/*+ NoNestLoop(t ci) */ select count(*)\nfrom title AS t\ninner join cast_info AS ci\non t.id = ci.movie_id AND ci.person_id > 3666252;",
  "predicted_latency": 579.3079733848572,
  "actual_latency": 1280.573,
  "q_error": 2.2105219655750616,
  "inference_time": 0.013287544250488281
}