{
  "query": "/*+  */ select count(*)\nfrom title AS t\ninner join cast_info AS ci\non t.id = ci.movie_id AND ci.person_id > 3098919 AND ci.role_id > 1;",
  "predicted_latency": 905.0456881523132,
  "actual_latency": 2460.315,
  "q_error": 2.718442872229833,
  "inference_time": 0.026312589645385742
}