{
  "predicted_latency": 0.02913774736225605,
  "actual_latency": 4.3553239999999995,
  "q_error": 149.4735870361328,
  "inference_time": 1.1734132766723633,
  "timestamp": 1745753842.23371
}