{
  "predicted_latency": 0.0291377454996109,
  "actual_latency": 0.475559,
  "q_error": 16.321063995361328,
  "inference_time": 0.48082637786865234,
  "timestamp": 1745761952.278207
}