{
  "query": "/*+  */ select count(*)\nfrom cast_info AS ci\ninner join title AS t\non t.id = ci.movie_id AND t.production_year < 1921;",
  "predicted_latency": 1129.4162273406982,
  "actual_latency": 3536.852,
  "q_error": 3.131575334567136,
  "inference_time": 0.020715951919555664
}