{
  "query": "/*+ NoNestLoop(t ci) */ select count(*)\nfrom title AS t\ninner join cast_info AS ci\non t.id = ci.movie_id AND ci.person_id < 1376756;",
  "predicted_latency": 641.5312886238098,
  "actual_latency": 4976.542,
  "q_error": 7.757286492877848,
  "inference_time": 0.027060985565185547
}