{
  "query": "/*+  */ select count(*)\nfrom title AS t\ninner join cast_info AS ci\non t.id = ci.movie_id AND t.production_year < 2001 AND ci.person_id < 1615970;",
  "predicted_latency": 1279.43754196167,
  "actual_latency": 4335.869,
  "q_error": 3.388886802049065,
  "inference_time": 0.026695966720581055
}