{
  "predicted_latency": 278.24851870536804,
  "actual_latency": 11841.481,
  "q_error": 42.55721128398428,
  "inference_time": 0.11474752426147461
}