{
  "predicted_latency": 775.2028107643127,
  "actual_latency": 301.32,
  "q_error": 2.572689535259235,
  "inference_time": 0.155564546585083
}