{
  "predicted_latency": 437.19329833984375,
  "inference_time": 0.010983467102050781
}