{
  "query": "/*+ NoNestLoop(ci t) */ select count(*)\nfrom cast_info AS ci\ninner join title AS t\non t.id = ci.movie_id AND ci.person_id < 3134943;",
  "predicted_latency": 1138.9687061309814,
  "actual_latency": 8853.273,
  "q_error": 7.773060798197095,
  "inference_time": 0.026563644409179688
}