{
  "predicted_latency": 407.4075927734375,
  "inference_time": 0.007863283157348633
}