{
  "predicted_latency": 1362.3243408203125,
  "inference_time": 0.027103662490844727
}