{
  "predicted_latency": 956.9478149414062,
  "inference_time": 0.062418222427368164
}