{
  "predicted_latency": 447.3668038845062,
  "actual_latency": 3833.935,
  "q_error": 8.570003332186852,
  "inference_time": 0.08052444458007812
}