{
  "predicted_latency": 0.02913774736225605,
  "actual_latency": 3.038788,
  "q_error": 104.2904281616211,
  "inference_time": 0.5673496723175049,
  "timestamp": 1745453124.042231
}