{
  "predicted_latency": 423.0310022830963,
  "actual_latency": 4646.004,
  "q_error": 10.982656058127036,
  "inference_time": 0.0689229965209961
}