{
  "predicted_latency": 566.3416385650635,
  "actual_latency": 17606.548,
  "q_error": 31.088210368232165,
  "inference_time": 0.12286257743835449
}