{
  "predicted_latency": 402.2970275878906,
  "inference_time": 0.010017156600952148
}