{
  "predicted_latency": 0.02913774363696575,
  "actual_latency": 17.336891,
  "q_error": 594.9977416992188,
  "inference_time": 6.25082802772522,
  "timestamp": 1745753786.3345087
}