{
  "predicted_latency": 369.1447973251343,
  "actual_latency": 104.792,
  "q_error": 3.522642924318023,
  "inference_time": 0.043724775314331055
}