{
    "embedding": [
        0.7002072930335999,
        0.7002072930335999,
        0.7002072930335999,
        0.909603476524353,
        0.7002072930335999,
        1.7647572755813599,
        0.7002072930335999,
        0.7002072930335999,
        0.8486114740371704,
        0.7002072930335999,
        0.7002072930335999,
        0.7002072930335999,
        0.7002072930335999,
        2.352261543273926,
        4.28596305847168,
        0.7002072930335999,
        0.7002072930335999,
        2.0296573638916016,
        0.7002072930335999,
        2.793954372406006,
        0.7002072930335999,
        1.2778525352478027,
        4.888789653778076,
        0.7002072930335999,
        1.2893085479736328,
        0.7559627890586853,
        0.7002072930335999,
        0.7002072930335999,
        0.7002072930335999,
        0.7002072930335999,
        4.456564903259277,
        1.3554660081863403,
        0.7002072930335999,
        0.7002072930335999,
        1.5420435667037964,
        1.7942863702774048,
        0.7002072930335999,
        2.9881672859191895,
        4.097359657287598,
        0.7002072930335999,
        0.7002072930335999,
        0.7002072930335999,
        0.9542955160140991,
        0.7002072930335999,
        1.1505725383758545,
        0.7002072930335999,
        0.7002072930335999,
        1.356948971748352,
        0.7002072930335999,
        1.8144961595535278,
        2.1874678134918213,
        2.1395866870880127,
        0.7002072930335999,
        0.7002072930335999,
        1.9607264995574951,
        0.7002072930335999,
        0.7002072930335999,
        0.7002072930335999,
        0.7002072930335999,
        0.7002072930335999,
        0.7002072930335999,
        0.7002072930335999,
        0.7002072930335999,
        2.959296703338623
    ],
    "timestamp": 1754257583.212631
}