{
    "embedding": [
        0.7002072930335999,
        0.7002072930335999,
        0.7002072930335999,
        0.909603476524353,
        0.7002072930335999,
        1.764756441116333,
        0.7002072930335999,
        0.7002072930335999,
        0.8486115336418152,
        0.7002072930335999,
        0.7002072930335999,
        0.7002072930335999,
        0.7002072930335999,
        2.3522613048553467,
        4.285964012145996,
        0.7002072930335999,
        0.7002072930335999,
        2.0296566486358643,
        0.7002072930335999,
        2.7939541339874268,
        0.7002072930335999,
        1.2778522968292236,
        4.888789176940918,
        0.7002072930335999,
        1.2893084287643433,
        0.7559624910354614,
        0.7002072930335999,
        0.7002072930335999,
        0.7002072930335999,
        0.7002072930335999,
        4.4565653800964355,
        1.3554662466049194,
        0.7002072930335999,
        0.7002072930335999,
        1.5420438051223755,
        1.7942863702774048,
        0.7002072930335999,
        2.9881670475006104,
        4.097360134124756,
        0.7002072930335999,
        0.7002072930335999,
        0.7002072930335999,
        0.9542955160140991,
        0.7002072930335999,
        1.1505722999572754,
        0.7002072930335999,
        0.7002072930335999,
        1.356948733329773,
        0.7002072930335999,
        1.8144960403442383,
        2.1874678134918213,
        2.139587163925171,
        0.7002072930335999,
        0.7002072930335999,
        1.9607257843017578,
        0.7002072930335999,
        0.7002072930335999,
        0.7002072930335999,
        0.7002072930335999,
        0.7002072930335999,
        0.7002072930335999,
        0.7002072930335999,
        0.7002072930335999,
        2.959296703338623
    ],
    "timestamp": 1754257579.2055264
}