{
  "predicted_latency": -30.75062856078148,
  "actual_latency": 0.323,
  "q_error": -0.010503850331435029,
  "inference_time": 0.03462529182434082
}