{
  "predicted_latency": 0.02913774736225605,
  "actual_latency": 27.447031,
  "q_error": 941.9750366210938,
  "inference_time": 0.08597588539123535,
  "timestamp": 1745754310.929592
}