{
  "predicted_latency": 1023.1485595703125,
  "inference_time": 0.016300201416015625
}