{
  "predicted_latency": 3287.40478515625,
  "inference_time": 0.02199411392211914
}