{
  "predicted_latency": 0.02913774363696575,
  "actual_latency": 2.8806239999999996,
  "q_error": 98.86228942871094,
  "inference_time": 0.8428025245666504,
  "timestamp": 1745755717.5643878
}