{
  "predicted_latency": 350.5118191242218,
  "actual_latency": 112.27,
  "q_error": 3.1220434588422714,
  "inference_time": 0.08353042602539062
}