{
  "predicted_latency": 0.02913774736225605,
  "actual_latency": 9.3911,
  "q_error": 322.3001403808594,
  "inference_time": 0.7435567378997803,
  "timestamp": 1745770433.7760956
}