{
  "query": "/*+  */ select count(*)\nfrom cast_info AS ci\ninner join title AS t\non t.id = ci.movie_id AND ci.person_id > 1384632 AND ci.role_id = 1 AND t.production_year = 2012;",
  "predicted_latency": 1402.8440713882446,
  "actual_latency": 1256.628,
  "q_error": 1.1163558916308125,
  "inference_time": 0.012742280960083008
}