{
  "predicted_latency": 0.0291377454996109,
  "actual_latency": 7.028423,
  "q_error": 241.21368408203125,
  "inference_time": 0.04923295974731445,
  "timestamp": 1745759126.1323469
}