{
  "predicted_latency": -41.11149534583092,
  "actual_latency": 12.875,
  "q_error": -0.3131727486848917,
  "inference_time": 0.03485250473022461
}