{
  "predicted_latency": 0.02913774736225605,
  "actual_latency": 2.680783,
  "q_error": 92.0037841796875,
  "inference_time": 1.0113492012023926,
  "timestamp": 1745479796.9534955
}