{
  "query": "/*+  */ select count(*)\nfrom movie_keyword AS mk\ninner join title AS t\non t.id = mk.movie_id AND mk.keyword_id < 52102;",
  "predicted_latency": 1219.256043434143,
  "actual_latency": 1139.135,
  "q_error": 1.070334985259994,
  "inference_time": 0.02657914161682129
}