{
  "query": "/*+  */ select count(*)\nfrom title AS t\ninner join cast_info AS ci\non t.id = ci.movie_id AND ci.person_id < 2895425 AND ci.role_id < 2;",
  "predicted_latency": 1084.2278003692627,
  "actual_latency": 4498.876,
  "q_error": 4.1493826283256965,
  "inference_time": 0.028963327407836914
}