{
  "query": "/*+  */ select count(*)\nfrom title AS t\ninner join cast_info AS ci\non t.id = ci.movie_id AND t.production_year > 2004 AND ci.person_id > 1264071 AND ci.role_id > 1;",
  "predicted_latency": 1498.4195232391357,
  "actual_latency": 5738.183,
  "q_error": 3.829490280262607,
  "inference_time": 0.029132843017578125
}