{
  "query": "/*+  */ select count(*)\nfrom movie_keyword AS mk\ninner join title AS t\non t.id = mk.movie_id AND mk.keyword_id > 430;",
  "predicted_latency": 1199.216365814209,
  "actual_latency": 1152.187,
  "q_error": 1.0408174765157123,
  "inference_time": 0.015367507934570312
}