{
  "predicted_latency": 316.2510097026825,
  "actual_latency": 110.704,
  "q_error": 2.8567261318713193,
  "inference_time": 0.04093670845031738
}