{
  "query": "/*+  */ select count(*)\nfrom title AS t\ninner join cast_info AS ci\non t.id = ci.movie_id AND ci.person_id > 921375 AND ci.role_id < 2;",
  "predicted_latency": 1015.038251876831,
  "actual_latency": 2789.468,
  "q_error": 2.7481407669535645,
  "inference_time": 0.02689814567565918
}