{
  "query": "/*+  */ select count(*)\nfrom title AS t\ninner join movie_info AS mi\non t.id = mi.movie_id AND t.production_year < 1985;",
  "predicted_latency": 1178.0091524124146,
  "actual_latency": 2765.164,
  "q_error": 2.34731962339791,
  "inference_time": 0.022397994995117188
}