{
  "query": "/*+  */ select count(*)\nfrom title AS t\ninner join movie_keyword AS mk\non t.id = mk.movie_id AND t.production_year > 2005 AND mk.keyword_id < 12097;",
  "predicted_latency": 1325.9227275848389,
  "actual_latency": 770.478,
  "q_error": 1.7209092635803216,
  "inference_time": 0.029143571853637695
}