{
  "query": "/*+  */ select count(*)\nfrom movie_keyword AS mk\ninner join title AS t\non t.id = mk.movie_id AND mk.keyword_id > 248;",
  "predicted_latency": 1223.5397100448608,
  "actual_latency": 1161.289,
  "q_error": 1.0536048391441415,
  "inference_time": 0.017992496490478516
}