{
  "predicted_latency": 0.0291377454996109,
  "actual_latency": 1.029277,
  "q_error": 35.32452392578125,
  "inference_time": 0.3169682025909424,
  "timestamp": 1745758001.6131606
}