{
  "query": "/*+  */ select count(*)\nfrom title AS t\ninner join cast_info AS ci\non t.id = ci.movie_id AND ci.person_id > 725320 AND ci.role_id < 2;",
  "predicted_latency": 1116.93274974823,
  "actual_latency": 3291.834,
  "q_error": 2.9472087739767847,
  "inference_time": 0.23546624183654785
}