{
  "query": "/*+  */ select count(*)\nfrom cast_info AS ci\ninner join title AS t\non t.id = ci.movie_id AND ci.person_id > 3020011 AND ci.role_id > 2 AND t.production_year < 1963;",
  "predicted_latency": 1414.1846895217896,
  "actual_latency": 1431.939,
  "q_error": 1.0125544496484502,
  "inference_time": 0.01810455322265625
}