{
  "query": "/*+  */ select count(*)\nfrom title AS t\ninner join movie_keyword AS mk\non t.id = mk.movie_id AND mk.keyword_id = 2862;",
  "predicted_latency": 419.4195866584778,
  "actual_latency": 39.875,
  "q_error": 10.518359540024521,
  "inference_time": 0.029302597045898438
}