{
    "embedding": [
        0.5450608730316162,
        0.5450608730316162,
        0.5450608730316162,
        0.6663527488708496,
        0.5450608730316162,
        1.214599609375,
        0.5450608730316162,
        0.5450608730316162,
        0.7318678498268127,
        0.5450608730316162,
        0.5450608730316162,
        0.5450608730316162,
        0.5450608730316162,
        1.876250147819519,
        3.888840436935425,
        2.7664411067962646,
        0.5450608730316162,
        1.4061086177825928,
        0.5450608730316162,
        1.443725824356079,
        0.5450608730316162,
        0.5757775902748108,
        0.5450608730316162,
        0.5450608730316162,
        1.3383467197418213,
        1.9745161533355713,
        0.5450608730316162,
        0.5450608730316162,
        0.5450608730316162,
        0.5450608730316162,
        2.5973267555236816,
        0.9680901765823364,
        0.5450608730316162,
        0.5450608730316162,
        2.0020642280578613,
        2.9936625957489014,
        0.5450608730316162,
        0.9371252059936523,
        2.9061269760131836,
        0.5450608730316162,
        0.5450608730316162,
        0.5450608730316162,
        0.8949571251869202,
        0.5450608730316162,
        1.6100972890853882,
        0.5450608730316162,
        0.5450608730316162,
        0.9060536623001099,
        0.5450608730316162,
        3.354419708251953,
        1.7228994369506836,
        0.6287907958030701,
        0.5450608730316162,
        0.5450608730316162,
        2.8876218795776367,
        0.5450608730316162,
        0.5450608730316162,
        0.5450608730316162,
        0.5450608730316162,
        0.660656213760376,
        0.5450608730316162,
        0.5450608730316162,
        0.5450608730316162,
        2.7215256690979004
    ],
    "timestamp": 1754257696.2499952
}