{
    "embedding": [
        0.545060932636261,
        0.545060932636261,
        0.545060932636261,
        0.6663527488708496,
        0.545060932636261,
        1.2145992517471313,
        0.545060932636261,
        0.545060932636261,
        0.7318678498268127,
        0.545060932636261,
        0.545060932636261,
        0.545060932636261,
        0.545060932636261,
        1.8762505054473877,
        3.888841390609741,
        2.7664411067962646,
        0.545060932636261,
        1.4061086177825928,
        0.545060932636261,
        1.4437260627746582,
        0.545060932636261,
        0.5757777094841003,
        0.545060932636261,
        0.545060932636261,
        1.33834707736969,
        1.9745161533355713,
        0.545060932636261,
        0.545060932636261,
        0.545060932636261,
        0.545060932636261,
        2.5973262786865234,
        0.9680903553962708,
        0.545060932636261,
        0.545060932636261,
        2.0020647048950195,
        2.9936625957489014,
        0.545060932636261,
        0.937125027179718,
        2.9061279296875,
        0.545060932636261,
        0.545060932636261,
        0.545060932636261,
        0.8949571847915649,
        0.545060932636261,
        1.6100972890853882,
        0.545060932636261,
        0.545060932636261,
        0.9060537815093994,
        0.545060932636261,
        3.3544206619262695,
        1.7228996753692627,
        0.6287907958030701,
        0.545060932636261,
        0.545060932636261,
        2.887622833251953,
        0.545060932636261,
        0.545060932636261,
        0.545060932636261,
        0.545060932636261,
        0.6606563329696655,
        0.545060932636261,
        0.545060932636261,
        0.545060932636261,
        2.7215254306793213
    ],
    "timestamp": 1754257695.5159912
}