{
  "query": "/*+  */ select count(*)\nfrom cast_info AS ci\ninner join title AS t\non t.id = ci.movie_id AND ci.person_id > 3646678 AND t.production_year = 2010;",
  "predicted_latency": 1178.3393621444702,
  "actual_latency": 533.729,
  "q_error": 2.20774843065389,
  "inference_time": 0.016115665435791016
}