{
  "predicted_latency": 0.02913774736225605,
  "actual_latency": 0.839115,
  "q_error": 28.7982120513916,
  "inference_time": 1.6640546321868896,
  "timestamp": 1745754619.342454
}