{
  "predicted_latency": 914.7352576255798,
  "actual_latency": 1622.025,
  "q_error": 1.7732179737013358,
  "inference_time": 0.08760285377502441
}