{
  "predicted_latency": 0.0291377454996109,
  "actual_latency": 1.793126,
  "q_error": 61.53962707519531,
  "inference_time": 0.6571974754333496,
  "timestamp": 1745754316.5363479
}