{
  "pg_runtime": 2503.852,
  "opt_runtime": 2043.748,
  "pg_slowdown": 1.2251275597578566,
  "pg_opt_diff": 460.1039999999998,
  "original_num_of_plans": 104,
  "pg_plan_card_error": 280.39614373356704,
  "opt_plan_card_error": 1.0,
  "num_tables": 8,
  "opt_hint": "/*+ Rows(ci n #36244344) Rows(an n #901343) Rows(k mk #41840) Rows(mc t #630450) Rows(cn mc #1153798) Rows(ci t #16171237) Rows(an ci #36417493) Rows(ci mc #80274241) Rows(mk t #542246) Rows(mc mk #34863638) Rows(ci mk #215765477) Rows(cn mc t #370122) Rows(k mc mk #148552) Rows(an ci mc #87239860) Rows(ci n t #16171237) Rows(ci mk t #19623961) Rows(an ci mk #253950969) Rows(ci mc mk #3101350543) Rows(an ci n #36417493) Rows(ci k mk #1038393) Rows(k mk t #6926) Rows(an ci t #15540714) Rows(ci mc n #80274241) Rows(cn mc mk #12177631) Rows(ci mc t #20137973) Rows(mc mk t #1506917) Rows(ci cn mc #32289229) Rows(ci mk n #215765477) Rows(ci cn mc mk #916402420) Rows(an ci mc mk #3185061897) Rows(ci cn mc n #32289229) Rows(an ci mc n #87239860) Rows(ci mc mk t #78943567) Rows(ci mk n t #19623961) Rows(ci k mc mk #7796926) Rows(cn k mc mk #68316) Rows(an ci n t #15540714) Rows(ci cn mc t #11184419) Rows(an ci mc t #23069703) Rows(ci mc n t #20137973) Rows(an ci cn mc #41307596) Rows(ci k mk n #1038393) Rows(an ci mk n #253950969) Rows(an ci k mk #1294886) Rows(k mc mk t #11406) Rows(ci mc mk n #3101350543) Rows(cn mc mk t #806909) Rows(ci k mk t #134210) Rows(an ci mk t #22619648) Rows(ci k mc mk n #7796926) Rows(an ci k mc mk #8847894) Rows(ci cn mc mk n #916402420) Rows(an ci cn mc t #14265265) Rows(an ci mc mk n #3185061897) Rows(ci k mc mk t #329808) Rows(ci k mk n t #134210) Rows(cn k mc mk t #8538) Rows(an ci k mk n #1294886) Rows(ci cn mc mk t #41086308) Rows(an ci mc mk t #84629801) Rows(ci mc mk n t #78943567) Rows(an ci mk n t #22619648) Rows(ci cn mc n t #11184419) Rows(an ci k mk t #181492) Rows(an ci cn mc mk #1074293838) Rows(ci cn k mc mk #2832555) Rows(an ci cn mc n #41307596) Rows(an ci mc n t #23069703) Rows(ci cn k mc mk t #221609) Rows(an ci k mc mk n #8847894) Rows(ci cn mc mk n t #41086308) Rows(an ci mc mk n t #84629801) Rows(an ci cn k mc mk #3710592) Rows(an ci k mc mk t #424483) Rows(an ci k mk n t #181492) Rows(an ci cn mc mk n #1074293838) Rows(an ci cn mc n t #14265265) Rows(an ci cn mc mk t #48443560) Rows(ci k mc mk n t #329808) Rows(ci cn k mc mk n #2832555) Rows(an ci k mc mk n t #424483) Rows(ci cn k mc mk n t #221609) Rows(an ci cn k mc mk n #3710592) Rows(an ci cn k mc mk t #319932) Rows(an ci cn mc mk n t #48443560) Rows(an ci cn k mc mk n t #319932) */"
}