{
  "predicted_latency": 0.02913774736225605,
  "actual_latency": 10.02092,
  "q_error": 343.9154052734375,
  "inference_time": 1.2151906490325928,
  "timestamp": 1745753924.7906365
}