{
  "predicted_latency": 175.83505809307098,
  "actual_latency": 303.602,
  "q_error": 1.7266295088849737,
  "inference_time": 0.10395097732543945
}