{
  "query": "/*+  */ select count(*)\nfrom movie_companies AS mc\ninner join title AS t\non t.id = mc.movie_id AND mc.company_id < 122463;",
  "predicted_latency": 1219.2630767822266,
  "actual_latency": 1200.501,
  "q_error": 1.015628539070127,
  "inference_time": 0.02969074249267578
}