{
  "predicted_latency": 187.91037797927856,
  "actual_latency": 362.388,
  "q_error": 1.9285150926574242,
  "inference_time": 0.10778307914733887
}