{
  "query": "/*+  */ select count(*)\nfrom title AS t\ninner join cast_info AS ci\non t.id = ci.movie_id AND t.kind_id = 3 AND ci.person_id > 1765698;",
  "predicted_latency": 1435.9807968139648,
  "actual_latency": 2941.012,
  "q_error": 2.0480858842439074,
  "inference_time": 0.0217587947845459
}