{
  "query": "/*+  */ select count(*)\nfrom title AS t\ninner join cast_info AS ci\non t.id = ci.movie_id AND t.production_year > 2002 AND ci.person_id < 2674178;",
  "predicted_latency": 1483.7110042572021,
  "actual_latency": 6006.351,
  "q_error": 4.04819468398227,
  "inference_time": 0.014616250991821289
}