{
  "predicted_latency": 1361.7998046875,
  "inference_time": 0.014975309371948242
}