{
  "predicted_latency": 0.02913774736225605,
  "actual_latency": 3.410999,
  "q_error": 117.06461334228516,
  "inference_time": 1.3027136325836182,
  "timestamp": 1745761855.4099185
}