{
  "predicted_latency": 752.265989780426,
  "actual_latency": 56.743,
  "q_error": 13.257423643100047,
  "inference_time": 0.0929722785949707
}