{
  "query": "/*+  */ select count(*)\nfrom title AS t\ninner join cast_info AS ci\non t.id = ci.movie_id AND ci.person_id > 1194790;",
  "predicted_latency": 914.276123046875,
  "actual_latency": 7512.695,
  "q_error": 8.217096357021262,
  "inference_time": 0.012050151824951172
}