{
  "query": "/*+ NoNestLoop(t ci) */ select count(*)\nfrom title AS t\ninner join cast_info AS ci\non t.id = ci.movie_id AND ci.person_id < 1904403;",
  "predicted_latency": 706.9427967071533,
  "actual_latency": 6429.915,
  "q_error": 9.095382299600052,
  "inference_time": 0.026573657989501953
}