{
  "predicted_latency": 469.6033630371094,
  "inference_time": 0.007668018341064453
}