{
  "predicted_latency": 0.010861066170036793,
  "actual_latency": 2.878937,
  "q_error": 265.0694580078125,
  "inference_time": 0.0783541202545166,
  "timestamp": 1744804606.8541253
}