{
  "query": "/*+  */ select count(*)\nfrom title AS t\ninner join cast_info AS ci\non t.id = ci.movie_id AND ci.person_id < 2979987 AND ci.role_id = 4;",
  "predicted_latency": 1115.0981187820435,
  "actual_latency": 1216.907,
  "q_error": 1.0913003793147427,
  "inference_time": 0.016106367111206055
}