{
  "query": "/*+ NoNestLoop(t ci) */ select count(*)\nfrom title AS t\ninner join cast_info AS ci\non t.id = ci.movie_id AND ci.person_id < 329173;",
  "predicted_latency": 600.4727482795715,
  "actual_latency": 1609.579,
  "q_error": 2.6805196482465563,
  "inference_time": 0.012204647064208984
}