{
  "predicted_latency": 0.02913774736225605,
  "actual_latency": 0.376377,
  "q_error": 12.917160987854004,
  "inference_time": 0.04895925521850586,
  "timestamp": 1745755035.2432387
}