{
  "query": "/*+ NoNestLoop(t ci) */ select count(*)\nfrom title AS t\ninner join cast_info AS ci\non t.id = ci.movie_id AND ci.person_id < 2161281;",
  "predicted_latency": 780.9892296791077,
  "actual_latency": 6997.946,
  "q_error": 8.960361723394458,
  "inference_time": 0.017325401306152344
}