{
  "predicted_latency": 918.6626672744751,
  "actual_latency": 482.478,
  "q_error": 1.9040508940811292,
  "inference_time": 0.021512746810913086
}