{
  "query": "/*+  */ select count(*)\nfrom title AS t\ninner join cast_info AS ci\non t.id = ci.movie_id AND t.production_year < 1997 AND ci.person_id > 2701755 AND ci.role_id > 2;",
  "predicted_latency": 1418.660044670105,
  "actual_latency": 2970.915,
  "q_error": 2.0941697844819873,
  "inference_time": 0.030779361724853516
}