{
  "query": "/*+  */ select count(*)\nfrom movie_keyword AS mk\ninner join title AS t\non t.id = mk.movie_id AND mk.keyword_id > 373;",
  "predicted_latency": 1200.7560729980469,
  "actual_latency": 1118.519,
  "q_error": 1.073523179309468,
  "inference_time": 0.02656865119934082
}