{
  "query": "/*+  */ select count(*)\nfrom cast_info AS ci\ninner join title AS t\non t.id = ci.movie_id AND t.production_year < 1974;",
  "predicted_latency": 1276.2621641159058,
  "actual_latency": 5149.969,
  "q_error": 4.035196799528641,
  "inference_time": 0.018127918243408203
}