{
  "query": "/*+  */ select count(*)\nfrom movie_keyword AS mk\ninner join title AS t\non t.id = mk.movie_id AND mk.keyword_id = 71648;",
  "predicted_latency": 1248.3984231948853,
  "actual_latency": 0.878,
  "q_error": 1421.8660856433773,
  "inference_time": 0.01351785659790039
}