{
  "predicted_latency": 0.02913774736225605,
  "actual_latency": 2.442999,
  "q_error": 83.84309387207031,
  "inference_time": 0.47325634956359863,
  "timestamp": 1745756901.9549007
}