{
  "predicted_latency": 1889.9859619140625,
  "inference_time": 0.036101579666137695
}