{
  "predicted_latency": 0.010861066170036793,
  "actual_latency": 8.143488999999999,
  "q_error": 749.7872314453125,
  "inference_time": 0.08445501327514648,
  "timestamp": 1744802229.8223145
}