{
  "query": "/*+  */ select count(*)\nfrom cast_info AS ci\ninner join title AS t\non t.id = ci.movie_id AND ci.person_id < 2998013 AND t.kind_id < 7 AND t.production_year > 2008;",
  "predicted_latency": 1618.5590028762817,
  "actual_latency": 3930.742,
  "q_error": 2.4285441513190578,
  "inference_time": 0.02620673179626465
}