{
  "query": "/*+  */ select count(*)\nfrom cast_info AS ci\ninner join title AS t\non t.id = ci.movie_id AND t.production_year < 1959;",
  "predicted_latency": 1167.5610542297363,
  "actual_latency": 4244.85,
  "q_error": 3.635655698365525,
  "inference_time": 0.03351736068725586
}