{
  "predicted_latency": 872.2092509269714,
  "actual_latency": 32.284,
  "q_error": 27.01676529943537,
  "inference_time": 0.045522451400756836
}