{
  "predicted_latency": 731.8380737304688,
  "inference_time": 0.008169889450073242
}