{
  "predicted_latency": 710.080322265625,
  "inference_time": 0.008134126663208008
}