{
  "query": "/*+  */ select count(*)\nfrom title AS t\ninner join cast_info AS ci\non t.id = ci.movie_id AND ci.person_id < 2500247 AND ci.role_id > 2;",
  "predicted_latency": 888.5107040405273,
  "actual_latency": 3005.337,
  "q_error": 3.382443212370032,
  "inference_time": 0.026637792587280273
}