{
  "query": "/*+  */ select count(*)\nfrom title AS t\ninner join movie_keyword AS mk\non t.id = mk.movie_id AND t.kind_id < 7 AND mk.keyword_id < 57891;",
  "predicted_latency": 1505.0934553146362,
  "actual_latency": 1078.474,
  "q_error": 1.3955769497592305,
  "inference_time": 0.013555765151977539
}