{
  "query": "/*+  */ select count(*)\nfrom title AS t\ninner join cast_info AS ci\non t.id = ci.movie_id AND ci.person_id < 2441085;",
  "predicted_latency": 898.0359435081482,
  "actual_latency": 7430.296,
  "q_error": 8.273940540702403,
  "inference_time": 0.018811941146850586
}