{
  "query": "/*+ NoNestLoop(t ci) */ select count(*)\nfrom title AS t\ninner join cast_info AS ci\non t.id = ci.movie_id AND ci.person_id > 2247738;",
  "predicted_latency": 642.4464583396912,
  "actual_latency": 5251.736,
  "q_error": 8.174589386907577,
  "inference_time": 0.011287689208984375
}