{
  "embedding": [
    1.5485492051432745,
    0.4734834172787317,
    2.698016336882271,
    0.07549114560007891,
    0.0664751632739714,
    2.4769620245558315,
    0.9301023134065229,
    1.4632233501716176,
    0.8339450854526622,
    1.9261158531617482,
    3.807439591510437,
    2.9701241230720634,
    0.19580987368231226,
    1.1033705496531125,
    0.14830891500863463,
    2.1833034820936814,
    0.2436022432809267,
    2.254884780205128,
    0.43904317580226876,
    0.6267630434015048,
    2.0850889672176307,
    3.020004358869494,
    2.813338412212339,
    0.0664751632739714,
    1.2798468229168418,
    1.860107825862055,
    2.679442538411232,
    2.8016146279268828,
    3.1332445937474454,
    0.40799880659171034,
    2.3958037977339908,
    1.1018889975990838,
    0.37343607160943487,
    2.527444763775121,
    3.304784889649765,
    0.9172718414918137,
    1.5263469764051283,
    0.41770754673265775,
    1.1563993784782578,
    3.135496654639858,
    0.8153206927672989,
    3.9240742517168923,
    1.8694805084645973,
    0.6235967577497502,
    2.3309938138844526,
    2.2636565543018206,
    1.3782514685653657,
    2.9103524648844252,
    4.198868923978218,
    1.4379311494000502,
    0.2579203682943653,
    2.8149937065813693,
    1.876509233893206,
    2.2529220818105085,
    1.0817601274240585,
    1.2043927615788133,
    2.731044619831531,
    3.3489553023198444,
    1.3521817764130166,
    2.670107885836068,
    0.0664751632739714,
    1.5616923902709774,
    0.9782039673752131,
    4.074222385841514
  ],
  "timestamp": 1754305055.3462064
}