{
  "embedding": [
    1.3518055034296905,
    0.4006888449817564,
    2.58584699735253,
    0.08437237561603082,
    0.05519897575299767,
    2.3871954935137443,
    0.8663894192498361,
    1.2849523835685375,
    0.7769313918359587,
    1.8632913327779683,
    3.6079930138786014,
    2.8394846980119843,
    0.16927762908042357,
    1.084840573729165,
    0.13830933964512557,
    2.1219186619558235,
    0.19632171782773655,
    2.250818400355122,
    0.4118990171908869,
    0.5799670555721737,
    1.8832716919255263,
    2.8860914440661105,
    2.5692348500899755,
    0.23368563406732437,
    1.1110679447898613,
    1.7093748009482712,
    2.580053630572521,
    2.684274923876933,
    2.9638887792290642,
    0.3808886693310705,
    2.2500851932302197,
    1.0435544826940586,
    0.3731592173157897,
    2.3701526441359406,
    3.195916934219507,
    0.7323945296700108,
    1.4105699116774189,
    0.3369143658779235,
    1.091319222268792,
    2.9645351287441923,
    0.7853932301704343,
    3.6185312396540694,
    1.8101868993376506,
    0.45619804611380976,
    2.21705874030839,
    2.1598881040860425,
    1.2638322211948556,
    2.7018905175194146,
    4.023176073257132,
    1.3944855805501446,
    0.1331095516744126,
    2.7377224741568154,
    1.7501895440109223,
    2.0082423416465986,
    1.0201175718298277,
    0.9905026140440375,
    2.673190866060183,
    3.075153623471442,
    1.2898970841523725,
    2.4077261764577957,
    0.05519897575299767,
    1.4458351314893596,
    0.8981863224889705,
    3.8568335504103533
  ],
  "timestamp": 1754305049.535483
}