{
  "query": "/*+ NoNestLoop(ci t) */ select count(*)\nfrom cast_info AS ci\ninner join title AS t\non t.id = ci.movie_id AND ci.person_id < 3707926;",
  "predicted_latency": 1144.7590589523315,
  "actual_latency": 9647.204,
  "q_error": 8.427279019594739,
  "inference_time": 0.026386260986328125
}