{
  "predicted_latency": 0.02913774363696575,
  "actual_latency": 1.47974,
  "q_error": 50.784305572509766,
  "inference_time": 0.3117845058441162,
  "timestamp": 1745453860.6383533
}