{
  "query": "/*+  */ select count(*)\nfrom cast_info AS ci\ninner join title AS t\non t.id = ci.movie_id AND ci.person_id > 3623891 AND t.production_year = 2011;",
  "predicted_latency": 1185.0234270095825,
  "actual_latency": 591.099,
  "q_error": 2.0047799556581594,
  "inference_time": 0.026662826538085938
}