{
  "query": "/*+  */ select count(*)\nfrom movie_keyword AS mk\ninner join title AS t\non t.id = mk.movie_id AND mk.keyword_id < 36991;",
  "predicted_latency": 1200.823426246643,
  "actual_latency": 1322.599,
  "q_error": 1.1014100583746813,
  "inference_time": 0.014920473098754883
}