{
  "query": "/*+  */ select count(*)\nfrom title AS t\ninner join movie_companies AS mc\non t.id = mc.movie_id AND t.production_year < 1981;",
  "predicted_latency": 1266.5270566940308,
  "actual_latency": 705.007,
  "q_error": 1.7964744416637435,
  "inference_time": 0.017659664154052734
}