{
  "predicted_latency": 624.6641874313354,
  "actual_latency": 934.005,
  "q_error": 1.4952113772372584,
  "inference_time": 0.07185912132263184
}