{
  "query": "/*+  */ select count(*)\nfrom title AS t\ninner join cast_info AS ci\non t.id = ci.movie_id AND t.kind_id > 1 AND ci.person_id < 2709435;",
  "predicted_latency": 1315.1718378067017,
  "actual_latency": 7848.879,
  "q_error": 5.967949414952113,
  "inference_time": 0.020277023315429688
}