{
  "embedding": [
    0.12531695305382282,
    0.5417997012974741,
    1.8285452735292023,
    0.12531695305382282,
    0.12531695305382282,
    2.319285954520551,
    1.0630411460895222,
    0.2666300853687298,
    0.9840510383967912,
    2.0448291592605634,
    2.242524178374852,
    1.7547744578957851,
    0.12531695305382282,
    1.100645650108168,
    0.21468499113238568,
    2.3643869384803886,
    0.23461131470826832,
    2.1931965199871657,
    0.49384035023395345,
    0.16005190846961176,
    0.7254315478559747,
    1.596441477151053,
    0.5894245399390681,
    0.41285021383229553,
    0.2894746173985242,
    1.1976494366155372,
    2.850936206743012,
    2.9997519825297645,
    2.9130643322404395,
    0.45392185856168427,
    2.8118212216063303,
    1.0718171951586775,
    0.19102290276743103,
    1.9442752686241138,
    3.3769051351885544,
    1.029003735386279,
    0.1515328207562281,
    0.4076637884899595,
    1.538744007362377,
    2.603866667546542,
    0.12531695305382282,
    2.298929760800566,
    1.9667174279330075,
    0.25496324265648546,
    1.3795850598608888,
    2.9454261251286944,
    1.6625954816335107,
    2.624714065951095,
    3.0042185443821494,
    1.3471779178002088,
    0.24463308860483088,
    1.7754454861412845,
    1.7760719070796769,
    0.8554301219904223,
    0.18354906182177136,
    1.3676090179088511,
    3.1620549491718033,
    1.6388115615696752,
    1.3915716433881393,
    1.1631963214189804,
    0.12531695305382282,
    1.3571134913666056,
    1.3659081735155487,
    2.4489424341954233
  ],
  "timestamp": 1754305790.2606587
}