{
  "embedding": [
    0.19991352198198256,
    0.5996385560435834,
    1.897190096217986,
    0.13383616816308982,
    0.13383616816308982,
    2.5194188988437496,
    1.1547843411410632,
    0.2966225332034183,
    1.0726433363117454,
    2.1484268679474163,
    2.4110338968138,
    1.8645160051134666,
    0.13383616816308982,
    1.123003523466487,
    0.2183489017155728,
    2.4166209647423207,
    0.2500307892529804,
    2.241225571616297,
    0.5346939939650591,
    0.19817477870032757,
    0.8483077787869773,
    1.69395851271495,
    0.7228814032602686,
    0.13383616816308982,
    0.39196316248788826,
    1.299177694662967,
    3.055592013025381,
    3.1934851137644213,
    3.235747192275957,
    0.47384051786649806,
    3.0983746556116443,
    1.1385992290078881,
    0.13383616816308982,
    1.991136055442608,
    3.507479977127963,
    1.2984633156231578,
    0.13383616816308982,
    0.5077415291611985,
    1.6588907536268738,
    2.823858080920007,
    0.13383616816308982,
    2.550432086043749,
    2.0571804636275997,
    0.24428670284269255,
    1.5050413814038486,
    3.2027784541739135,
    1.8708653910602753,
    2.9413523130927204,
    3.220225737038157,
    1.3489662590154878,
    0.2774607019535586,
    1.871156836941514,
    1.9892474988561013,
    1.0643919005561024,
    0.17333248905981277,
    1.682316824856666,
    3.314945374239424,
    1.8656795746993613,
    1.4800080403415925,
    1.399920913213562,
    0.22985041785014962,
    1.510639100594538,
    1.5272537351825906,
    2.6037360176422073
  ],
  "timestamp": 1754305798.7136068
}