{
  "predicted_latency": 0.02913774736225605,
  "actual_latency": 3.493166,
  "q_error": 119.88455963134766,
  "inference_time": 0.6046714782714844,
  "timestamp": 1745759662.381946
}