{
  "pg_runtime": 2137.446,
  "opt_runtime": 1660.809,
  "pg_slowdown": 1.286990858069772,
  "pg_opt_diff": 476.63699999999994,
  "original_num_of_plans": 264,
  "pg_plan_card_error": 20.276785714285715,
  "opt_plan_card_error": 14.464968152866241,
  "num_tables": 9,
  "opt_hint": "/*+Leading(mi mk k at mc t cn)*/"
}