{
  "predicted_latency": 1528.0169677734375,
  "inference_time": 0.04364514350891113
}