{
  "predicted_latency": 0.0291377454996109,
  "actual_latency": 0.20457599999999998,
  "q_error": 7.02099609375,
  "inference_time": 0.543311357498169,
  "timestamp": 1745481281.6701534
}