{
  "query": "/*+  */ select count(*)\nfrom movie_info AS mi\ninner join title AS t\non t.id = mi.movie_id AND t.production_year < 1954;",
  "predicted_latency": 1194.768786430359,
  "actual_latency": 1848.553,
  "q_error": 1.5472056359314248,
  "inference_time": 0.01853036880493164
}