{
  "query": "/*+  */ select count(*)\nfrom title AS t\ninner join cast_info AS ci\non t.id = ci.movie_id AND ci.person_id > 3250944 AND ci.role_id > 1;",
  "predicted_latency": 897.3169326782227,
  "actual_latency": 2143.364,
  "q_error": 2.388636525115713,
  "inference_time": 0.029900789260864258
}