{
  "query": "/*+  */ select count(*)\nfrom title AS t\ninner join cast_info AS ci\non t.id = ci.movie_id AND ci.person_id > 872090;",
  "predicted_latency": 1097.32186794281,
  "actual_latency": 8738.157,
  "q_error": 7.963166738289601,
  "inference_time": 0.030568599700927734
}