{
  "query": "/*+  */ select count(*)\nfrom title AS t\ninner join cast_info AS ci\non t.id = ci.movie_id AND t.kind_id > 1 AND ci.person_id > 1302204 AND ci.role_id < 3;",
  "predicted_latency": 1177.4014234542847,
  "actual_latency": 4230.987,
  "q_error": 3.5934957404646606,
  "inference_time": 0.020449399948120117
}