{
  "predicted_latency": 1430.9874267578125,
  "inference_time": 0.008666038513183594
}