{
  "pg_runtime": 390.776,
  "opt_runtime": 275.827,
  "pg_slowdown": 1.4167431034670284,
  "pg_opt_diff": 114.94900000000001,
  "original_num_of_plans": 7,
  "pg_plan_card_error": 12.521588946459413,
  "opt_plan_card_error": 12.329931972789115,
  "num_tables": 4,
  "opt_hint": "/*+Leading(k mk t mi)*/"
}