{
  "query": "/*+  */ select count(*)\nfrom title AS t\ninner join cast_info AS ci\non t.id = ci.movie_id AND ci.person_id < 2681819;",
  "predicted_latency": 1008.418083190918,
  "actual_latency": 8385.871,
  "q_error": 8.315867336952893,
  "inference_time": 0.030003786087036133
}