{
  "query": "/*+  */ select count(*)\nfrom title AS t\ninner join movie_keyword AS mk\non t.id = mk.movie_id AND t.production_year < 2000 AND mk.keyword_id < 21519;",
  "predicted_latency": 1536.2645387649536,
  "actual_latency": 763.075,
  "q_error": 2.0132549733184204,
  "inference_time": 0.015040397644042969
}