{
  "predicted_latency": 294.68369483947754,
  "actual_latency": 269.627,
  "q_error": 1.092930955874143,
  "inference_time": 0.06607365608215332
}