{
  "query": "/*+  */ select count(*)\nfrom cast_info AS ci\ninner join title AS t\non t.id = ci.movie_id AND ci.person_id < 2340925 AND t.production_year > 2011;",
  "predicted_latency": 1467.9492712020874,
  "actual_latency": 3332.212,
  "q_error": 2.2699776248202967,
  "inference_time": 0.2660973072052002
}