{
  "query": "/*+  */ select count(*)\nfrom title AS t\ninner join movie_keyword AS mk\non t.id = mk.movie_id AND t.production_year > 2008;",
  "predicted_latency": 1061.0787868499756,
  "actual_latency": 642.754,
  "q_error": 1.6508318685686523,
  "inference_time": 0.026553630828857422
}