{
  "predicted_latency": 0.02913774736225605,
  "actual_latency": 0.8838469999999999,
  "q_error": 30.333402633666992,
  "inference_time": 3.330939769744873,
  "timestamp": 1745756712.2561848
}