{
  "query": "/*+  */ select count(*)\nfrom title AS t\ninner join movie_keyword AS mk\non t.id = mk.movie_id AND mk.keyword_id > 178;",
  "predicted_latency": 1239.694595336914,
  "actual_latency": 1230.193,
  "q_error": 1.0077236623334014,
  "inference_time": 0.027414798736572266
}