{
  "predicted_latency": 322.77509570121765,
  "actual_latency": 264.799,
  "q_error": 1.2189437864237316,
  "inference_time": 0.08408379554748535
}