{
  "predicted_latency": 0.02913774736225605,
  "actual_latency": 7.963285,
  "q_error": 273.2978820800781,
  "inference_time": 3.897200584411621,
  "timestamp": 1745753711.5761838
}