{
  "predicted_latency": 0.02913774736225605,
  "actual_latency": 1.500291,
  "q_error": 51.489601135253906,
  "inference_time": 0.08501696586608887,
  "timestamp": 1745453437.9266036
}