{
  "query": "/*+  */ select count(*)\nfrom title AS t\ninner join cast_info AS ci\non t.id = ci.movie_id AND ci.person_id < 2455439 AND ci.role_id < 3;",
  "predicted_latency": 897.7867364883423,
  "actual_latency": 6432.62,
  "q_error": 7.164975532119066,
  "inference_time": 0.017756223678588867
}