{
  "query": "/*+  */ select count(*)\nfrom title AS t\ninner join cast_info AS ci\non t.id = ci.movie_id AND ci.person_id < 2845912 AND ci.role_id < 2;",
  "predicted_latency": 1054.2898178100586,
  "actual_latency": 4410.276,
  "q_error": 4.183172336009942,
  "inference_time": 0.0265347957611084
}