{
  "predicted_latency": 0.0291377454996109,
  "actual_latency": 25.775197,
  "q_error": 884.59814453125,
  "inference_time": 0.736422061920166,
  "timestamp": 1745753899.7032237
}