{
  "query": "/*+  */ select count(*)\nfrom title AS t\ninner join cast_info AS ci\non t.id = ci.movie_id AND ci.person_id < 720488 AND ci.role_id < 6;",
  "predicted_latency": 1149.3608951568604,
  "actual_latency": 3040.586,
  "q_error": 2.645458021768726,
  "inference_time": 0.016125917434692383
}