{
  "predicted_latency": 901.3953857421875,
  "inference_time": 0.0066258907318115234
}