{
  "predicted_latency": 2121.54736328125,
  "inference_time": 0.046147823333740234
}