{
  "predicted_latency": 0.0291377454996109,
  "actual_latency": 33.451339999999995,
  "q_error": 1148.04150390625,
  "inference_time": 1.3581883907318115,
  "timestamp": 1745760887.2486854
}