{
  "predicted_latency": 0.02913774736225605,
  "actual_latency": 0.044751,
  "q_error": 1.535842776298523,
  "inference_time": 2.232168674468994,
  "timestamp": 1745481342.4367006
}