{
  "query": "/*+  */ select count(*)\nfrom cast_info AS ci\ninner join title AS t\non t.id = ci.movie_id AND ci.person_id < 2642252 AND t.production_year > 2010;",
  "predicted_latency": 1559.1384172439575,
  "actual_latency": 4298.546,
  "q_error": 2.757000887450655,
  "inference_time": 0.01535487174987793
}