{
  "predicted_latency": 732.7855825424194,
  "actual_latency": 4775.198,
  "q_error": 6.5165010253508555,
  "inference_time": 1.2705373764038086
}