{
  "query": "/*+  */ select count(*)\nfrom cast_info AS ci\ninner join title AS t\non t.id = ci.movie_id AND ci.person_id < 3500112 AND ci.role_id > 1 AND t.production_year > 2006;",
  "predicted_latency": 1446.425437927246,
  "actual_latency": 4819.086,
  "q_error": 3.3317209955224776,
  "inference_time": 0.020936250686645508
}