{
  "predicted_latency": 731.8380737304688,
  "inference_time": 0.036611080169677734
}