{
  "predicted_latency": 0.02913774736225605,
  "actual_latency": 12.202375,
  "q_error": 418.7823791503906,
  "inference_time": 2.6763036251068115,
  "timestamp": 1745753527.7314758
}