{
  "query": "/*+  */ select count(*)\nfrom movie_keyword AS mk\ninner join title AS t\non t.id = mk.movie_id AND mk.keyword_id > 500;",
  "predicted_latency": 1198.390245437622,
  "actual_latency": 1423.117,
  "q_error": 1.1875238516150584,
  "inference_time": 0.03050994873046875
}