{
  "predicted_latency": 459.0625762939453,
  "actual_latency": 33.898,
  "q_error": 13.542467882882331,
  "inference_time": 0.10233926773071289
}