{
  "predicted_latency": 601.8877029418945,
  "actual_latency": 983.347,
  "q_error": 1.6337715410924936,
  "inference_time": 0.0340576171875
}