{
  "predicted_latency": 124.05005097389221,
  "actual_latency": 46.361,
  "q_error": 2.6757414847370034,
  "inference_time": 0.13210511207580566
}