{
  "query": "/*+  */ select count(*)\nfrom title AS t\ninner join movie_info AS mi\non t.id = mi.movie_id AND t.production_year < 1995;",
  "predicted_latency": 1103.0724048614502,
  "actual_latency": 2495.185,
  "q_error": 2.262031929185468,
  "inference_time": 0.026426076889038086
}