{
  "predicted_latency": 375.8560485839844,
  "inference_time": 0.0071544647216796875
}