{
  "predicted_latency": 473.1767272949219,
  "inference_time": 0.007972478866577148
}