{
  "pg_runtime": 2100.549,
  "opt_runtime": 1864.589,
  "pg_slowdown": 1.126547995295478,
  "pg_opt_diff": 235.96000000000004,
  "original_num_of_plans": 40,
  "pg_plan_card_error": 17.0,
  "opt_plan_card_error": 1.0,
  "num_tables": 10,
  "opt_hint": "/*+ Rows(ci n #486) Rows(kt t #274015) Rows(chn ci #556) Rows(k mk #35548) Rows(cc cct2 #135086) Rows(ci t #21334720) Rows(cc cct1 #85941) Rows(cc ci #5212164) Rows(mk t #1970380) Rows(cc mk #2171367) Rows(cc t #38722) Rows(ci mk #215765477) Rows(cc cct2 mk #2171367) Rows(cc ci mk #157283028) Rows(cc ci n #109) Rows(ci mk t #114182642) Rows(ci k mk #1564305) Rows(cc cct1 ci #3409569) Rows(ci kt t #4911717) Rows(cc cct1 mk #1436647) Rows(chn ci mk #3810) Rows(cc chn ci #28) Rows(chn ci n #16) Rows(cc cct2 t #38722) Rows(cc ci t #1702654) Rows(k mk t #14165) Rows(kt mk t #1053171) Rows(cc k mk #12810) Rows(ci n t #306) Rows(cc mk t #468474) Rows(cc cct1 t #23557) Rows(chn ci t #455) Rows(cc kt t #6234) Rows(ci mk n #10066) Rows(cc cct2 ci #5212164) Rows(cc cct1 cct2 #85941) Rows(cc cct2 kt t #6234) Rows(cc ci n t #40) Rows(cc cct1 cct2 t #23557) Rows(ci mk n t #5202) Rows(cc cct1 ci t #1113925) Rows(cc chn ci t #16) Rows(chn ci mk n #1569) Rows(cc k mk t #2369) Rows(cc ci mk n #9177) Rows(cc kt mk t #355758) Rows(cc cct2 ci mk #157283028) Rows(cc cct1 chn ci #24) Rows(cc cct2 ci n #109) Rows(ci kt n t #47) Rows(chn ci k mk #176) Rows(chn ci kt t #21) Rows(k kt mk t #6043) Rows(chn ci mk t #3444) Rows(cc cct1 mk t #365390) Rows(ci k mk n #112) Rows(cc cct1 k mk #8765) Rows(cc ci k mk #913582) Rows(cc cct1 kt t #4696) Rows(cc cct1 cct2 ci #3409569) Rows(cc ci kt t #487001) Rows(cc cct2 chn ci #28) Rows(cc ci mk t #56194507) Rows(cc cct2 ci t #1702654) Rows(cc cct1 cct2 mk #1436647) Rows(ci kt mk t #84217062) Rows(cc cct1 ci mk #109052152) Rows(cc cct1 ci n #71) Rows(cc cct2 k mk #12810) Rows(chn ci n t #16) Rows(ci k mk t #785477) Rows(cc chn ci mk #1366) Rows(cc cct2 mk t #468474) Rows(cc chn ci n #4) Rows(chn ci kt n t #9) Rows(cc cct1 ci k mk #655591) Rows(cc cct1 ci kt t #395336) Rows(cc cct2 chn ci mk #1366) Rows(cc cct2 chn ci n #4) Rows(cc cct1 ci mk t #45206995) Rows(cc chn ci mk n #698) Rows(cc cct1 cct2 ci t #1113925) Rows(cc cct2 ci n t #40) Rows(cc ci kt mk t #49917740) Rows(cc cct1 cct2 chn ci #24) Rows(cc cct1 kt mk t #294672) Rows(cc ci k mk n #51) Rows(ci k mk n t #88) Rows(cc cct1 chn ci mk #1330) Rows(cc cct1 chn ci n #4) Rows(cc chn ci k mk #33) Rows(cc cct2 chn ci t #16) Rows(cc cct1 cct2 k mk #8765) Rows(cc ci mk n t #3728) Rows(cc chn ci mk t #1284) Rows(cc cct1 cct2 kt t #4696) Rows(cc cct2 kt mk t #355758) Rows(cc chn ci kt t #8) Rows(cc cct1 cct2 mk t #365390) Rows(cc cct2 k mk t #2369) Rows(cc k kt mk t #1715) Rows(cc cct2 ci mk n #9177) Rows(cc cct1 ci n t #23) Rows(cc ci k mk t #291956) Rows(chn ci mk n t #1569) Rows(chn ci kt mk t #2128) Rows(cc cct1 chn ci t #13) Rows(chn ci k mk n #51) Rows(ci kt mk n t #4913) Rows(cc ci kt n t #23) Rows(ci k kt mk t #490203) Rows(cc cct2 ci k mk #913582) Rows(cc cct2 ci kt t #487001) Rows(cc chn ci n t #4) Rows(cc cct2 ci mk t #56194507) Rows(cc cct1 k mk t #1872) Rows(cc cct1 ci mk n #6423) Rows(cc cct1 cct2 ci mk #109052152) Rows(cc cct1 cct2 ci n #71) Rows(chn ci k mk t #158) Rows(cc cct2 ci k mk n #51) Rows(cc cct2 chn ci kt t #8) Rows(cc chn ci k mk n #17) Rows(cc cct1 cct2 ci k mk #655591) Rows(cc cct2 chn ci k mk #33) Rows(cc cct1 chn ci k mk #33) Rows(cc cct1 cct2 ci kt t #395336) Rows(cc chn ci mk n t #698) Rows(cc cct1 chn ci mk t #1282) Rows(cc cct1 chn ci kt t #8) Rows(cc cct1 cct2 k mk t #1872) Rows(chn ci kt mk n t #1537) Rows(cc cct2 ci kt n t #23) Rows(cc chn ci kt mk t #1280) Rows(cc cct2 ci k mk t #291956) Rows(cc chn ci k mk t #33) Rows(chn ci k mk n t #51) Rows(cc cct1 cct2 ci n t #23) Rows(cc cct2 chn ci n t #4) Rows(cc ci kt mk n t #3725) Rows(cc cct1 cct2 chn ci mk #1330) Rows(cc cct1 cct2 ci mk n #6423) Rows(cc cct1 k kt mk t #1472) Rows(cc cct1 cct2 chn ci n #4) Rows(cc cct1 ci mk n t #2995) Rows(cc cct1 ci kt mk t #41145539) Rows(cc chn ci kt n t #4) Rows(cc cct1 ci k mk n #40) Rows(cc cct2 chn ci mk n #698) Rows(cc ci k mk n t #30) Rows(cc cct1 chn ci n t #4) Rows(ci k kt mk n t #62) Rows(cc cct2 k kt mk t #1715) Rows(chn ci k kt mk t #62) Rows(cc cct2 ci mk n t #3728) Rows(cc cct1 chn ci mk n #698) Rows(cc cct1 cct2 kt mk t #294672) Rows(cc cct1 cct2 chn ci t #13) Rows(cc cct1 cct2 ci mk t #45206995) Rows(cc ci k kt mk t #258102) Rows(cc cct2 ci kt mk t #49917740) Rows(cc cct1 ci kt n t #18) Rows(cc cct2 chn ci mk t #1284) Rows(cc cct1 ci k mk t #244871) Rows(cc cct1 cct2 ci kt mk t #41145539) Rows(chn ci k kt mk n t #46) Rows(cc cct1 cct2 chn ci mk n #698) Rows(cc cct1 cct2 ci k mk t #244871) Rows(cc cct1 chn ci kt mk t #1280) Rows(cc cct2 ci kt mk n t #3725) Rows(cc chn ci k mk n t #17) Rows(cc cct2 chn ci mk n t #698) Rows(cc cct1 ci k kt mk t #222518) Rows(cc cct2 ci k mk n t #30) Rows(cc cct2 ci k kt mk t #258102) Rows(cc chn ci k kt mk t #33) Rows(cc cct1 cct2 chn ci k mk #33) Rows(cc cct1 cct2 ci mk n t #2995) Rows(cc cct1 cct2 chn ci mk t #1282) Rows(cc cct1 chn ci kt n t #4) Rows(cc cct1 cct2 chn ci kt t #8) Rows(cc chn ci kt mk n t #698) Rows(cc cct2 chn ci kt mk t #1280) Rows(cc cct1 cct2 ci kt n t #18) Rows(cc cct2 chn ci k mk n #17) Rows(cc cct1 chn ci k mk n #17) Rows(cc cct1 ci kt mk n t #2995) Rows(cc cct1 cct2 k kt mk t #1472) Rows(cc cct1 cct2 chn ci n t #4) Rows(cc cct1 chn ci mk n t #698) Rows(cc cct1 ci k mk n t #27) Rows(cc cct1 cct2 ci k mk n #40) Rows(cc ci k kt mk n t #30) Rows(cc cct2 chn ci k mk t #33) Rows(cc cct1 chn ci k mk t #33) Rows(cc cct2 chn ci kt n t #4) Rows(cc cct2 chn ci k mk n t #17) Rows(cc cct1 cct2 chn ci kt n t #4) Rows(cc cct1 ci k kt mk n t #27) Rows(cc cct2 chn ci kt mk n t #698) Rows(cc cct1 cct2 ci k mk n t #27) Rows(cc cct1 cct2 ci kt mk n t #2995) Rows(cc cct2 chn ci k kt mk t #33) Rows(cc cct1 chn ci kt mk n t #698) Rows(cc chn ci k kt mk n t #17) Rows(cc cct1 cct2 chn ci k mk n #17) Rows(cc cct1 cct2 chn ci kt mk t #1280) Rows(cc cct1 cct2 chn ci k mk t #33) Rows(cc cct1 chn ci k kt mk t #33) Rows(cc cct1 chn ci k mk n t #17) Rows(cc cct1 cct2 ci k kt mk t #222518) Rows(cc cct2 ci k kt mk n t #30) Rows(cc cct1 cct2 chn ci mk n t #698) Rows(cc cct1 cct2 chn ci k kt mk t #33) Rows(cc cct1 cct2 chn ci k mk n t #17) Rows(cc cct1 chn ci k kt mk n t #17) Rows(cc cct1 cct2 chn ci kt mk n t #698) Rows(cc cct2 chn ci k kt mk n t #17) Rows(cc cct1 cct2 ci k kt mk n t #27) Rows(cc cct1 cct2 chn ci k kt mk n t #17) */"
}