{
  "predicted_latency": 0.02913774736225605,
  "actual_latency": 9.27294,
  "q_error": 318.2449035644531,
  "inference_time": 1.258803129196167,
  "timestamp": 1745770116.9625185
}