{
  "predicted_latency": -77.11958885192871,
  "actual_latency": 12.458,
  "q_error": -0.16154131765302368,
  "inference_time": 0.03455924987792969
}