{
  "predicted_latency": 0.02913774736225605,
  "actual_latency": 2.610382,
  "q_error": 89.58763885498047,
  "inference_time": 2.8651723861694336,
  "timestamp": 1745481247.3531733
}