{
  "query": "/*+  */ select count(*)\nfrom movie_keyword AS mk\ninner join title AS t\non t.id = mk.movie_id AND mk.keyword_id < 54019;",
  "predicted_latency": 1222.1009731292725,
  "actual_latency": 1350.73,
  "q_error": 1.1052523725117116,
  "inference_time": 0.017618417739868164
}