{
  "query": "/*+  */ select count(*)\nfrom cast_info AS ci\ninner join title AS t\non t.id = ci.movie_id AND ci.person_id < 3300839 AND t.production_year < 2000;",
  "predicted_latency": 1444.0101385116577,
  "actual_latency": 6534.096,
  "q_error": 4.5249654595463555,
  "inference_time": 0.011841058731079102
}