{
  "predicted_latency": 206.71151733398438,
  "inference_time": 0.007163286209106445
}