{
  "predicted_latency": 585.8284301757812,
  "inference_time": 0.015644311904907227
}