{
  "predicted_latency": 0.02913774736225605,
  "actual_latency": 3.84113,
  "q_error": 131.82659912109375,
  "inference_time": 5.3333728313446045,
  "timestamp": 1745480188.7130384
}