{
  "predicted_latency": 293.5488224029541,
  "actual_latency": 2211.296,
  "q_error": 7.532975202893359,
  "inference_time": 0.0781095027923584
}