{
  "predicted_latency": 0.0291377454996109,
  "actual_latency": 3.5203270000000004,
  "q_error": 120.81672668457031,
  "inference_time": 0.1020050048828125,
  "timestamp": 1745754320.284591
}