{
  "predicted_latency": 0.02913774363696575,
  "actual_latency": 165.019253,
  "q_error": 5663.41943359375,
  "inference_time": 5.786860466003418,
  "timestamp": 1745756012.4709253
}