{
  "predicted_latency": 0.0291377454996109,
  "actual_latency": 3.454516,
  "q_error": 118.55810546875,
  "inference_time": 0.3548307418823242,
  "timestamp": 1745754853.4432702
}