{
  "query": "/*+  */ select count(*)\nfrom movie_keyword AS mk\ninner join title AS t\non t.id = mk.movie_id AND mk.keyword_id < 71605;",
  "predicted_latency": 1251.017689704895,
  "actual_latency": 1404.425,
  "q_error": 1.1226260120520697,
  "inference_time": 0.026858806610107422
}