{
  "predicted_latency": 0.02913774363696575,
  "actual_latency": 17.785713,
  "q_error": 610.4011840820312,
  "inference_time": 1.3645753860473633,
  "timestamp": 1745758020.9239488
}