{
  "query": "/*+  */ select count(*)\nfrom cast_info AS ci\ninner join title AS t\non t.id = ci.movie_id AND t.production_year > 2011;",
  "predicted_latency": 1170.4810857772827,
  "actual_latency": 4434.888,
  "q_error": 3.788944609092012,
  "inference_time": 0.029646873474121094
}