{
  "predicted_latency": 347.790002822876,
  "actual_latency": 154.722,
  "q_error": 2.2478380761809955,
  "inference_time": 0.06236433982849121
}