{
  "predicted_latency": 710.080322265625,
  "inference_time": 0.005563497543334961
}