{
  "query": "/*+  */ select count(*)\nfrom title AS t\ninner join cast_info AS ci\non t.id = ci.movie_id AND t.production_year < 1989 AND ci.person_id < 1266017 AND ci.role_id > 4;",
  "predicted_latency": 1429.351568222046,
  "actual_latency": 1211.595,
  "q_error": 1.1797271928507842,
  "inference_time": 0.030666112899780273
}