{
  "query": "/*+  */ select count(*)\nfrom title AS t\ninner join cast_info AS ci\non t.id = ci.movie_id AND t.kind_id = 1 AND t.production_year > 2009 AND ci.person_id < 1766518;",
  "predicted_latency": 1619.2666292190552,
  "actual_latency": 2990.396,
  "q_error": 1.8467594811375923,
  "inference_time": 0.01859116554260254
}