{
  "query": "/*+  */ select count(*)\nfrom title AS t\ninner join cast_info AS ci\non t.id = ci.movie_id AND ci.person_id > 921648 AND ci.role_id > 2;",
  "predicted_latency": 1031.2143564224243,
  "actual_latency": 5317.779,
  "q_error": 5.156812419145218,
  "inference_time": 0.02828240394592285
}