{
  "predicted_latency": 0.02913774363696575,
  "actual_latency": 0.462781,
  "q_error": 15.882527351379395,
  "inference_time": 0.7151474952697754,
  "timestamp": 1745769772.101024
}