{
  "query": "/*+  */ select count(*)\nfrom title AS t\ninner join cast_info AS ci\non t.id = ci.movie_id AND t.production_year > 2005 AND ci.person_id > 2175561 AND ci.role_id > 2;",
  "predicted_latency": 1317.437767982483,
  "actual_latency": 3626.174,
  "q_error": 2.7524442430044367,
  "inference_time": 0.017523765563964844
}