{
  "predicted_latency": 825.8712768554688,
  "inference_time": 0.016252994537353516
}