{
  "predicted_latency": 0.02913774363696575,
  "actual_latency": 2.9759119999999997,
  "q_error": 102.13255310058594,
  "inference_time": 0.2666773796081543,
  "timestamp": 1745762056.574097
}