{
  "predicted_latency": 680.2899837493896,
  "actual_latency": 14062.935,
  "q_error": 20.671971270975835,
  "inference_time": 0.08907365798950195
}