{
  "query": "/*+  */ select count(*)\nfrom title AS t\ninner join movie_keyword AS mk\non t.id = mk.movie_id AND mk.keyword_id > 151;",
  "predicted_latency": 1244.744896888733,
  "actual_latency": 1408.745,
  "q_error": 1.131753987119119,
  "inference_time": 0.027991056442260742
}