{
  "predicted_latency": 0.0291377454996109,
  "actual_latency": 2.816305,
  "q_error": 96.65486907958984,
  "inference_time": 0.09375405311584473,
  "timestamp": 1745760575.8931887
}