{
  "query": "/*+  */ select count(*)\nfrom title AS t\ninner join cast_info AS ci\non t.id = ci.movie_id AND ci.person_id < 2382413 AND ci.role_id > 1;",
  "predicted_latency": 965.6261205673218,
  "actual_latency": 5246.88,
  "q_error": 5.433655830392584,
  "inference_time": 0.029237985610961914
}