{
  "predicted_latency": 1524.4368896484375,
  "inference_time": 0.012706518173217773
}