{
  "predicted_latency": 0.02913774363696575,
  "actual_latency": 2.97603,
  "q_error": 102.13660430908203,
  "inference_time": 0.2632026672363281,
  "timestamp": 1745759743.0142758
}