{
  "query": "/*+  */ select count(*)\nfrom title AS t\ninner join cast_info AS ci\non t.id = ci.movie_id AND ci.person_id > 1064799;",
  "predicted_latency": 987.7166152000427,
  "actual_latency": 7671.452,
  "q_error": 7.766855271991448,
  "inference_time": 0.026531696319580078
}