{
  "query": "/*+  */ select count(*)\nfrom movie_keyword AS mk\ninner join title AS t\non t.id = mk.movie_id AND mk.keyword_id < 55309;",
  "predicted_latency": 1223.9307165145874,
  "actual_latency": 1346.875,
  "q_error": 1.1004503619580066,
  "inference_time": 0.019871234893798828
}