{
  "predicted_latency": 221.4028537273407,
  "actual_latency": 32.387,
  "q_error": 6.836164316773418,
  "inference_time": 0.21478915214538574
}