{
  "query": "/*+  */ select count(*)\nfrom title AS t\ninner join cast_info AS ci\non t.id = ci.movie_id AND ci.person_id > 2405272 AND ci.role_id > 1;",
  "predicted_latency": 930.9899210929871,
  "actual_latency": 5047.444,
  "q_error": 5.421588231668797,
  "inference_time": 0.01513814926147461
}