{
  "predicted_latency": 1534.88427734375,
  "inference_time": 0.0075321197509765625
}