{
    "embedding": [
        0.6815199851989746,
        0.6815199851989746,
        0.6815199851989746,
        0.7971135377883911,
        0.6815199851989746,
        1.0705759525299072,
        0.952865719795227,
        0.6815199851989746,
        1.0799027681350708,
        0.6815199851989746,
        0.6815199851989746,
        0.6815199851989746,
        0.6815199851989746,
        2.1154961585998535,
        3.1998355388641357,
        0.6815199851989746,
        0.6815199851989746,
        2.1777663230895996,
        0.6815199851989746,
        1.4021573066711426,
        0.6815199851989746,
        2.3765063285827637,
        2.2920384407043457,
        0.6815199851989746,
        1.1436291933059692,
        1.7866464853286743,
        0.6815199851989746,
        0.6815199851989746,
        0.6815199851989746,
        0.6815199851989746,
        0.6815199851989746,
        1.3431737422943115,
        0.6815199851989746,
        0.6815199851989746,
        0.9691770672798157,
        0.9145888090133667,
        0.6815199851989746,
        2.417440176010132,
        2.407034158706665,
        0.6815199851989746,
        0.6815199851989746,
        0.6815199851989746,
        0.7796635627746582,
        0.6815199851989746,
        0.6815199851989746,
        0.6815199851989746,
        0.6815199851989746,
        1.0716091394424438,
        0.6815199851989746,
        1.952726125717163,
        1.4375457763671875,
        0.6815199851989746,
        0.6815199851989746,
        0.6815199851989746,
        3.077852964401245,
        0.6815199851989746,
        0.6815199851989746,
        0.6815199851989746,
        0.6815199851989746,
        0.6815199851989746,
        0.6815199851989746,
        0.8971952199935913,
        0.6815199851989746,
        3.6636178493499756
    ],
    "timestamp": 1754257612.14981
}