{
    "embedding": [
        0.6815200448036194,
        0.6815200448036194,
        0.6815200448036194,
        0.7971135973930359,
        0.6815200448036194,
        1.0705757141113281,
        0.9528657793998718,
        0.6815200448036194,
        1.0799025297164917,
        0.6815200448036194,
        0.6815200448036194,
        0.6815200448036194,
        0.6815200448036194,
        2.1154961585998535,
        3.199836254119873,
        0.6815200448036194,
        0.6815200448036194,
        2.1777665615081787,
        0.6815200448036194,
        1.4021570682525635,
        0.6815200448036194,
        2.3765063285827637,
        2.2920384407043457,
        0.6815200448036194,
        1.1436289548873901,
        1.7866464853286743,
        0.6815200448036194,
        0.6815200448036194,
        0.6815200448036194,
        0.6815200448036194,
        0.6815200448036194,
        1.3431737422943115,
        0.6815200448036194,
        0.6815200448036194,
        0.9691771268844604,
        0.9145889282226562,
        0.6815200448036194,
        2.4174396991729736,
        2.407034397125244,
        0.6815200448036194,
        0.6815200448036194,
        0.6815200448036194,
        0.7796636819839478,
        0.6815200448036194,
        0.6815200448036194,
        0.6815200448036194,
        0.6815200448036194,
        1.071609377861023,
        0.6815200448036194,
        1.952726125717163,
        1.4375455379486084,
        0.6815200448036194,
        0.6815200448036194,
        0.6815200448036194,
        3.0778536796569824,
        0.6815200448036194,
        0.6815200448036194,
        0.6815200448036194,
        0.6815200448036194,
        0.6815200448036194,
        0.6815200448036194,
        0.8971953392028809,
        0.6815200448036194,
        3.6636178493499756
    ],
    "timestamp": 1754257617.8005924
}