{
  "predicted_latency": 570.1889991760254,
  "actual_latency": 2097.117,
  "q_error": 3.677933111705985,
  "inference_time": 0.05689263343811035
}