{
  "query": "/*+  */ select count(*)\nfrom cast_info AS ci\ninner join title AS t\non t.id = ci.movie_id AND t.production_year < 1984;",
  "predicted_latency": 1358.8515520095825,
  "actual_latency": 4960.836,
  "q_error": 3.6507563998904105,
  "inference_time": 0.02645277976989746
}