{
  "predicted_latency": 1832.8336181640625,
  "inference_time": 0.06367802619934082
}