{
  "predicted_latency": 665.8737182617188,
  "inference_time": 0.005218982696533203
}