{
  "query": "/*+  */ select count(*)\nfrom title AS t\ninner join cast_info AS ci\non t.id = ci.movie_id AND ci.person_id > 944876 AND ci.role_id = 1;",
  "predicted_latency": 999.9597668647766,
  "actual_latency": 2856.137,
  "q_error": 2.8562519159695676,
  "inference_time": 0.01891946792602539
}