{
  "query": "/*+  */ select count(*)\nfrom title AS t\ninner join cast_info AS ci\non t.id = ci.movie_id AND ci.person_id > 3008329 AND ci.role_id < 4;",
  "predicted_latency": 917.8429245948792,
  "actual_latency": 1335.026,
  "q_error": 1.454525566658651,
  "inference_time": 0.026336193084716797
}