{
  "predicted_latency": 750.9452700614929,
  "actual_latency": 837.572,
  "q_error": 1.1153569153334084,
  "inference_time": 0.1282329559326172
}