{
  "predicted_latency": 0.0291377454996109,
  "actual_latency": 1.666438,
  "q_error": 57.19172668457031,
  "inference_time": 0.18058228492736816,
  "timestamp": 1745479787.3260863
}