{
  "query": "/*+  */ select count(*)\nfrom title AS t\ninner join cast_info AS ci\non t.id = ci.movie_id AND ci.person_id < 1183950 AND ci.role_id > 1;",
  "predicted_latency": 929.3904900550842,
  "actual_latency": 2865.966,
  "q_error": 3.0837048911810325,
  "inference_time": 0.016705751419067383
}