{
  "query": "/*+  */ select count(*)\nfrom title AS t\ninner join movie_info AS mi\non t.id = mi.movie_id AND t.production_year < 1977;",
  "predicted_latency": 1208.5458040237427,
  "actual_latency": 2192.776,
  "q_error": 1.814392133669533,
  "inference_time": 0.018918514251708984
}