{
  "query": "/*+  */ select count(*)\nfrom movie_keyword AS mk\ninner join title AS t\non t.id = mk.movie_id AND mk.keyword_id < 35675;",
  "predicted_latency": 1200.610637664795,
  "actual_latency": 1152.185,
  "q_error": 1.0420293942941412,
  "inference_time": 0.03063178062438965
}