{
  "predicted_latency": 383.28227400779724,
  "actual_latency": 108.0,
  "q_error": 3.548909944516641,
  "inference_time": 0.04333305358886719
}