{
  "query": "/*+  */ select count(*)\nfrom title AS t\ninner join movie_info AS mi\non t.id = mi.movie_id AND t.production_year < 1974;",
  "predicted_latency": 1218.042492866516,
  "actual_latency": 2437.574,
  "q_error": 2.0012224649597106,
  "inference_time": 0.018483400344848633
}