{
  "predicted_latency": 2621.06982421875,
  "inference_time": 0.042191505432128906
}