{
  "embedding": [
    0.13995181568471887,
    0.6534844011374876,
    2.7412784278113445,
    0.3481419211860263,
    0.13995181568471887,
    3.919898394651975,
    0.5300026334409789,
    2.6428261458959534,
    0.7634731633279801,
    2.754866777351054,
    1.222754120918289,
    2.115284298798994,
    0.13995181568471887,
    0.13995181568471887,
    0.26716016442503415,
    0.7397796823571374,
    0.5628670398518064,
    1.4517873881880954,
    0.6739336293552107,
    0.13995181568471887,
    0.5586214451360283,
    1.0016786425713788,
    0.13995181568471887,
    0.7364427384254302,
    0.3105673467098964,
    1.831985634499937,
    3.9451505496142483,
    4.309366742934982,
    2.149854395346583,
    0.49460565297292625,
    2.9303554588020844,
    0.5387116219500476,
    0.7437009002776435,
    2.461500786650356,
    1.029803969135262,
    0.13995181568471887,
    0.5603648799476673,
    0.3457781365934912,
    0.7570711797270693,
    1.8592801101387184,
    0.622589644982239,
    3.1536466642985745,
    1.132998029845678,
    0.5785669045271826,
    1.0990518535869294,
    4.6563984599202355,
    0.5447757383394012,
    1.4589596088100305,
    1.0498398926345387,
    0.13995181568471887,
    0.3931872240625559,
    1.2085686824363555,
    0.7708034716389953,
    0.13995181568471887,
    0.16414715489573015,
    1.1059579607028593,
    2.127593987523628,
    1.998019630943764,
    2.095453042290714,
    0.4566604217299264,
    0.33923637361569714,
    1.2179452587743262,
    3.834383755732826,
    2.70115083180936
  ],
  "timestamp": 1754304052.4903529
}