{
  "embedding": [
    0.12211166994882498,
    0.9316966429622101,
    1.470698563385726,
    0.2437579843516491,
    0.12211166994882498,
    3.5479960608746572,
    0.7533775650144287,
    0.27481446522443176,
    1.3033742216170738,
    2.262425648289601,
    2.4108869091620693,
    2.7423556615245026,
    0.12211166994882498,
    0.7972685103689451,
    0.20609715936689715,
    2.302319176603127,
    0.4374234012747496,
    1.7756639289984653,
    0.5584143008984129,
    0.13826647728423952,
    1.098236199748973,
    0.796733070934421,
    0.12211166994882498,
    0.12211166994882498,
    1.690256778955861,
    1.682608966081128,
    3.7563182367266954,
    4.059660017240886,
    4.19628628013278,
    1.235205829418098,
    4.353146547081596,
    1.122412149728645,
    0.12211166994882498,
    2.314273531251646,
    2.6692172588652694,
    1.3813310379363979,
    0.9089123415081667,
    0.6195273503362287,
    1.689986313318179,
    2.9451847828037256,
    0.12211166994882498,
    2.095769248929644,
    1.8289188908880978,
    0.48577831342591643,
    1.9136341244530122,
    3.409008221406128,
    2.1753202422675924,
    2.5526628753794003,
    2.9429573486167606,
    2.034344847518399,
    0.3016495534144455,
    1.5092780790537919,
    2.1105184983941006,
    0.6489876781921582,
    0.3316364515409834,
    2.1455753519625955,
    2.307851409891283,
    2.3949438754765033,
    2.0611023689344448,
    0.6847315351945427,
    0.3106335941906241,
    1.7883219580955139,
    2.6509628007692885,
    2.248952525206337
  ],
  "timestamp": 1754304055.9054785
}