{
  "query": "/*+  */ select count(*)\nfrom cast_info AS ci\ninner join title AS t\non t.id = ci.movie_id AND t.production_year < 1950;",
  "predicted_latency": 1147.4779844284058,
  "actual_latency": 3780.267,
  "q_error": 3.2944135323720984,
  "inference_time": 0.021773576736450195
}