{
  "predicted_latency": 400.4040062427521,
  "actual_latency": 175.14,
  "q_error": 2.286193937665594,
  "inference_time": 0.04388999938964844
}