{
  "predicted_latency": 768.8751220703125,
  "inference_time": 0.04741978645324707
}