{
  "query": "/*+  */ select count(*)\nfrom cast_info AS ci\ninner join title AS t\non t.id = ci.movie_id AND t.production_year = 1910;",
  "predicted_latency": 1133.5712671279907,
  "actual_latency": 194.087,
  "q_error": 5.8405316539901735,
  "inference_time": 0.02936387062072754
}