{
  "predicted_latency": 121.53700256347656,
  "inference_time": 0.03603172302246094
}