{
  "predicted_latency": 559.4841241836548,
  "actual_latency": 488.519,
  "q_error": 1.1452658426461504,
  "inference_time": 0.08915114402770996
}