{
  "query": "/*+  */ select count(*)\nfrom title AS t\ninner join cast_info AS ci\non t.id = ci.movie_id AND ci.person_id < 1732957 AND ci.role_id > 1;",
  "predicted_latency": 940.7216906547546,
  "actual_latency": 3480.23,
  "q_error": 3.69953200247537,
  "inference_time": 0.017214298248291016
}