{
  "predicted_latency": 698.1226205825806,
  "actual_latency": 51.256,
  "q_error": 13.620310218951548,
  "inference_time": 0.14830780029296875
}