{
  "predicted_latency": 805.1568603515625,
  "inference_time": 0.0048923492431640625
}