{
  "predicted_latency": 902.3054838180542,
  "actual_latency": 4086.71,
  "q_error": 4.529186703717371,
  "inference_time": 0.10090255737304688
}