{
  "predicted_latency": 506.3389892578125,
  "inference_time": 0.006866455078125
}