{
  "predicted_latency": 576.3570556640625,
  "inference_time": 0.010307550430297852
}