{
  "query": "/*+  */ select count(*)\nfrom title AS t\ninner join movie_keyword AS mk\non t.id = mk.movie_id AND mk.keyword_id > 186;",
  "predicted_latency": 1237.2163534164429,
  "actual_latency": 1170.091,
  "q_error": 1.0573676350099632,
  "inference_time": 0.018772602081298828
}