{
  "query": "/*+  */ select count(*)\nfrom movie_keyword AS mk\ninner join title AS t\non t.id = mk.movie_id AND mk.keyword_id > 347;",
  "predicted_latency": 1203.9384841918945,
  "actual_latency": 1144.313,
  "q_error": 1.052105922236219,
  "inference_time": 0.014669418334960938
}