{
  "predicted_latency": 420.75395584106445,
  "actual_latency": 25.032,
  "q_error": 16.808643170384485,
  "inference_time": 0.03491020202636719
}