{
  "predicted_latency": 682.9975843429565,
  "actual_latency": 92.261,
  "q_error": 7.402885123106801,
  "inference_time": 0.04825091361999512
}