{
  "query": "/*+  */ select count(*)\nfrom movie_keyword AS mk\ninner join title AS t\non t.id = mk.movie_id AND mk.keyword_id < 37083;",
  "predicted_latency": 1200.8565664291382,
  "actual_latency": 1151.507,
  "q_error": 1.0428565058042532,
  "inference_time": 0.015665292739868164
}