{
  "predicted_latency": 0.02913774736225605,
  "actual_latency": 0.23027899999999998,
  "q_error": 7.903116226196289,
  "inference_time": 0.08363866806030273,
  "timestamp": 1745761120.2754195
}