{
  "query": "/*+  */ select count(*)\nfrom title AS t\ninner join cast_info AS ci\non t.id = ci.movie_id AND ci.person_id < 2571181 AND ci.role_id < 2;",
  "predicted_latency": 900.7474184036255,
  "actual_latency": 4409.314,
  "q_error": 4.895172508864393,
  "inference_time": 0.026394367218017578
}