{
    "embedding": [
        0.5320125818252563,
        0.5320125818252563,
        0.5320125818252563,
        0.6215817928314209,
        0.5320125818252563,
        0.7592253684997559,
        1.5060430765151978,
        0.5320125818252563,
        0.8199312686920166,
        0.5320125818252563,
        0.5320125818252563,
        0.5320125818252563,
        0.5320125818252563,
        1.2737739086151123,
        4.158833980560303,
        1.9925979375839233,
        0.5320125818252563,
        0.5320125818252563,
        0.5320125818252563,
        0.9318260550498962,
        0.5320125818252563,
        0.5320125818252563,
        1.4329237937927246,
        0.5320125818252563,
        1.8243412971496582,
        1.8778657913208008,
        0.5320125818252563,
        0.5320125818252563,
        0.5320125818252563,
        0.5320125818252563,
        1.7059224843978882,
        0.9564658403396606,
        0.5320125818252563,
        0.5320125818252563,
        1.7657995223999023,
        1.905853033065796,
        0.5320125818252563,
        1.7038843631744385,
        2.7242164611816406,
        0.5320125818252563,
        0.5320125818252563,
        0.5320125818252563,
        0.6567413210868835,
        0.5320125818252563,
        1.8053215742111206,
        0.5320125818252563,
        0.5320125818252563,
        0.8719125390052795,
        0.5320125818252563,
        2.811133623123169,
        2.3725693225860596,
        0.6261487603187561,
        0.5320125818252563,
        0.5320125818252563,
        2.978437662124634,
        0.5320125818252563,
        0.5320125818252563,
        0.5320125818252563,
        0.5320125818252563,
        0.6057432293891907,
        0.5320125818252563,
        0.5320125818252563,
        0.5320125818252563,
        3.823277235031128
    ],
    "timestamp": 1754258545.8177292
}