{
    "embedding": [
        0.5320125818252563,
        0.5320125818252563,
        0.5320125818252563,
        0.6215817928314209,
        0.5320125818252563,
        0.7592254877090454,
        1.506042242050171,
        0.5320125818252563,
        0.8199310898780823,
        0.5320125818252563,
        0.5320125818252563,
        0.5320125818252563,
        0.5320125818252563,
        1.2737740278244019,
        4.158834457397461,
        1.992598295211792,
        0.5320125818252563,
        0.5320125818252563,
        0.5320125818252563,
        0.9318259358406067,
        0.5320125818252563,
        0.5320125818252563,
        1.432923436164856,
        0.5320125818252563,
        1.8243407011032104,
        1.8778655529022217,
        0.5320125818252563,
        0.5320125818252563,
        0.5320125818252563,
        0.5320125818252563,
        1.7059236764907837,
        0.956466019153595,
        0.5320125818252563,
        0.5320125818252563,
        1.7657989263534546,
        1.9058527946472168,
        0.5320125818252563,
        1.703884243965149,
        2.7242166996002197,
        0.5320125818252563,
        0.5320125818252563,
        0.5320125818252563,
        0.6567413210868835,
        0.5320125818252563,
        1.8053208589553833,
        0.5320125818252563,
        0.5320125818252563,
        0.8719126582145691,
        0.5320125818252563,
        2.81113338470459,
        2.3725688457489014,
        0.6261488199234009,
        0.5320125818252563,
        0.5320125818252563,
        2.9784367084503174,
        0.5320125818252563,
        0.5320125818252563,
        0.5320125818252563,
        0.5320125818252563,
        0.6057432293891907,
        0.5320125818252563,
        0.5320125818252563,
        0.5320125818252563,
        3.8232767581939697
    ],
    "timestamp": 1754258549.926208
}