{
  "query": "/*+  */ select count(*)\nfrom title AS t\ninner join cast_info AS ci\non t.id = ci.movie_id AND ci.person_id < 2619810 AND ci.role_id < 2;",
  "predicted_latency": 923.3294725418091,
  "actual_latency": 4959.724,
  "q_error": 5.371564698727214,
  "inference_time": 0.016932964324951172
}