{
  "query": "/*+  */ select count(*)\nfrom title AS t\ninner join cast_info AS ci\non t.id = ci.movie_id AND ci.person_id < 2572159 AND ci.role_id > 2;",
  "predicted_latency": 919.0664291381836,
  "actual_latency": 3070.284,
  "q_error": 3.3406551503344883,
  "inference_time": 0.029146194458007812
}