{
  "query": "/*+ NoNestLoop(t ci) */ select count(*)\nfrom title AS t\ninner join cast_info AS ci\non t.id = ci.movie_id AND ci.person_id > 1465604;",
  "predicted_latency": 783.1235527992249,
  "actual_latency": 6655.784,
  "q_error": 8.499021611863578,
  "inference_time": 0.025274276733398438
}