{
  "predicted_latency": 206.8510353565216,
  "actual_latency": 4769.086,
  "q_error": 23.055654479950565,
  "inference_time": 0.15833473205566406
}