{
  "query": "/*+  */ select count(*)\nfrom title AS t\ninner join cast_info AS ci\non t.id = ci.movie_id AND ci.person_id > 717688 AND ci.role_id = 1;",
  "predicted_latency": 1121.3232278823853,
  "actual_latency": 3718.484,
  "q_error": 3.316157114681681,
  "inference_time": 0.02035236358642578
}