{
  "query": "/*+  */ select count(*)\nfrom title AS t\ninner join cast_info AS ci\non t.id = ci.movie_id AND ci.person_id > 718635 AND ci.role_id = 1;",
  "predicted_latency": 1120.7679510116577,
  "actual_latency": 3202.366,
  "q_error": 2.857296193301561,
  "inference_time": 0.018900156021118164
}