{
  "predicted_latency": 348.06838631629944,
  "actual_latency": 5800.092,
  "q_error": 16.66365641931438,
  "inference_time": 0.11902356147766113
}