{
  "predicted_latency": 736.8876953125,
  "inference_time": 0.008924245834350586
}