{
  "query": "/*+  */ select count(*)\nfrom title AS t\ninner join cast_info AS ci\non t.id = ci.movie_id AND ci.person_id > 742274 AND ci.role_id = 2;",
  "predicted_latency": 1081.210970878601,
  "actual_latency": 2982.688,
  "q_error": 2.7586549529517286,
  "inference_time": 0.018172502517700195
}