{
  "predicted_latency": 6366.3994140625,
  "inference_time": 0.02109384536743164
}