{
  "predicted_latency": 333.9214026927948,
  "actual_latency": 520.617,
  "q_error": 1.5591004224397191,
  "inference_time": 0.08650660514831543
}