{
  "query": "/*+  */ select count(*)\nfrom title AS t\ninner join cast_info AS ci\non t.id = ci.movie_id AND ci.person_id > 4048833 AND ci.role_id > 1;",
  "predicted_latency": 762.8137469291687,
  "actual_latency": 627.459,
  "q_error": 1.2157188707615458,
  "inference_time": 0.30144834518432617
}