{
  "embedding": [
    0.8071806306149645,
    1.5123774396873475,
    3.085375549609413,
    0.06296334265582067,
    0.09876908986965026,
    3.117690643603284,
    2.1139583913946103,
    1.9358100394607738,
    0.7309667080773139,
    1.21121578405983,
    3.6806461594811846,
    4.595080128333139,
    0.6773632252108085,
    1.633709219623447,
    0.10914356457614684,
    3.1559027227788747,
    0.5231279373287853,
    2.9072190969401834,
    1.7815100956926893,
    2.3863420233739028,
    3.7240029622896493,
    2.276861668438023,
    1.678213334201426,
    0.2200477609245394,
    1.165922339951622,
    2.295493818869022,
    1.4629954954707853,
    2.9160523044098285,
    2.2407910203122343,
    2.2313650884520344,
    1.6281553972808185,
    2.2679033080399216,
    0.14294658649543093,
    1.3947118724114236,
    3.9625409536244525,
    0.6211722387119791,
    2.005968854158956,
    0.20793096647829284,
    2.068953241897444,
    4.2475971069995095,
    0.7624812098387659,
    3.0630031120976624,
    2.751613701724438,
    0.7411599303924993,
    2.2972822835971947,
    3.086235146147603,
    2.2803660590520263,
    2.1994908249884064,
    4.338858108039763,
    2.4753024947483895,
    0.5866425138511647,
    3.991835692400582,
    2.323051952128467,
    1.908431926829352,
    0.8096261303363471,
    0.9083312087492025,
    3.9527161345351076,
    3.0239434046549016,
    1.6799521735992002,
    2.4215066693698044,
    0.045037494622847424,
    1.5244329900377547,
    1.7447905217970816,
    3.7780368771379176
  ],
  "timestamp": 1754308582.9120443
}