{
  "embedding": [
    1.6763823421809423,
    4.041130007310815,
    3.0982405560169326,
    0.004879760342160384,
    2.1124921169863624,
    3.425913955842687,
    2.898115485964448,
    1.9905471829038066,
    1.6644016326880569,
    2.8746536071485935,
    4.153933110448128,
    5.42193405358294,
    1.2299455074474466,
    3.924057796998107,
    0.07494487434932107,
    4.364712576166201,
    1.1167335961123694,
    1.778202204888595,
    0.4685371371043844,
    2.3208149182049005,
    2.191808368193599,
    3.374893666748924,
    2.024065067399933,
    0.4088081396957351,
    1.5490066551777495,
    1.5081237999861095,
    5.93948628374244,
    8.091590560449763,
    2.0296736292796864,
    4.775388028017618,
    3.597100333540086,
    0.6593351345150642,
    1.3325382785497302,
    2.5064014507100274,
    3.1156935016929883,
    0.004879760342160384,
    1.4688445511807844,
    0.56761603957006,
    1.637387153268298,
    3.533297227928825,
    0.8427185460349156,
    3.9072536646828646,
    2.4177346760701193,
    1.208445848780662,
    4.482150339270582,
    2.5945307747541273,
    0.4583575837162285,
    1.980854494285881,
    3.8092264199365276,
    1.5881182946609473,
    1.3547667046546403,
    2.4319231589586106,
    2.9914297498863585,
    2.768439849531539,
    0.5335205942452808,
    2.891788319431388,
    3.2232900489011422,
    3.1328548270823955,
    1.4476975613947232,
    3.4911794903754614,
    0.004879760342160384,
    1.755795748059289,
    0.6387104261979993,
    4.224433008557636
  ],
  "timestamp": 1754308523.9216847
}