{
  "predicted_latency": 353.6434326171875,
  "inference_time": 0.01608896255493164
}