{
  "query": "/*+  */ select count(*)\nfrom title AS t\ninner join cast_info AS ci\non t.id = ci.movie_id AND t.kind_id < 7 AND ci.person_id < 2919953 AND ci.role_id > 6;",
  "predicted_latency": 1418.8669919967651,
  "actual_latency": 1372.325,
  "q_error": 1.0339147009613359,
  "inference_time": 0.019365549087524414
}