{
  "predicted_latency": 272.70697021484375,
  "inference_time": 0.023199081420898438
}