{
  "predicted_latency": 676.0220527648926,
  "actual_latency": 5270.738,
  "q_error": 7.796695356967979,
  "inference_time": 0.11552047729492188
}