{
  "predicted_latency": 436.3507330417633,
  "actual_latency": 3803.842,
  "q_error": 8.717395691039055,
  "inference_time": 0.1500110626220703
}