{
  "predicted_latency": 0.02913774736225605,
  "actual_latency": 0.622371,
  "q_error": 21.3596134185791,
  "inference_time": 0.4139747619628906,
  "timestamp": 1745481366.2731612
}