{
  "query": "/*+  */ select count(*)\nfrom title AS t\ninner join movie_info AS mi\non t.id = mi.movie_id AND t.kind_id = 3;",
  "predicted_latency": 1019.8911428451538,
  "actual_latency": 1575.714,
  "q_error": 1.5449825317673482,
  "inference_time": 0.021271228790283203
}