{
  "query": "/*+  */ select count(*)\nfrom movie_companies AS mc\ninner join title AS t\non t.id = mc.movie_id AND mc.company_id < 110695;",
  "predicted_latency": 1245.1049089431763,
  "actual_latency": 1110.259,
  "q_error": 1.121454461475364,
  "inference_time": 0.010635852813720703
}