{
  "predicted_latency": 780.368896484375,
  "inference_time": 0.0070040225982666016
}