{
  "pg_runtime": 15361.319,
  "opt_runtime": 15389.409,
  "pg_slowdown": 0.9981747187302644,
  "pg_opt_diff": -28.090000000000146,
  "original_num_of_plans": 2,
  "pg_plan_card_error": 5.934525042005477,
  "opt_plan_card_error": 1.0,
  "num_tables": 3,
  "opt_hint": "/*+ Rows(movie_keyword title #1253091) Rows(movie_info title #4922359) Rows(movie_info movie_keyword title #62682311) */"
}