{
  "predicted_latency": 1088.442138671875,
  "inference_time": 0.053005218505859375
}