{
  "predicted_latency": 0.02913774736225605,
  "actual_latency": 10.298366,
  "q_error": 353.437255859375,
  "inference_time": 3.7188773155212402,
  "timestamp": 1745452164.1136847
}