{
  "predicted_latency": 0.0291377454996109,
  "actual_latency": 16.826999,
  "q_error": 577.4983520507812,
  "inference_time": 2.6698503494262695,
  "timestamp": 1745753547.3610377
}