{
  "predicted_latency": 324.31086897850037,
  "actual_latency": 438.046,
  "q_error": 1.3506978701630856,
  "inference_time": 0.12694263458251953
}