{
  "predicted_latency": 0.02913774363696575,
  "actual_latency": 5.775261,
  "q_error": 198.2054901123047,
  "inference_time": 1.832587718963623,
  "timestamp": 1745762053.25534
}