{
  "embedding": [
    1.702384109531178,
    1.7399644742031366,
    2.8897534001969745,
    0.13613432689548044,
    0.13613432689548044,
    4.015417032814381,
    1.410430675358008,
    1.9940292081472304,
    1.2048853858680693,
    3.1966875270831028,
    1.593825771151094,
    2.999050822915244,
    1.6061217164566115,
    1.8905070207412256,
    0.3212951393380122,
    2.4676128716825585,
    0.2803444885441059,
    2.7711744747081677,
    0.6824051461478325,
    1.2804717819993312,
    1.1799118679818592,
    2.1313138259830424,
    1.6535544942200167,
    0.2486696945421659,
    2.2233943849177855,
    0.4568165013127454,
    3.6254188909311074,
    3.677199660132954,
    1.4638086122206067,
    1.9223670041082352,
    3.0811412361807444,
    1.9695407887857108,
    2.63166271438947,
    1.7206961110215557,
    2.7053756375528035,
    0.6742823970064012,
    2.4095937097574067,
    0.40649728790394757,
    0.5814005315084767,
    2.6582866145589827,
    2.1608579664497793,
    2.051677079460603,
    0.9775824157689338,
    0.41447264944734963,
    1.7152678410031228,
    2.317886039622434,
    2.361674128964148,
    2.6688738036371964,
    2.867645750841581,
    1.651122301634429,
    1.25477489034836,
    1.9309507468214817,
    1.389044825750606,
    1.7207658846974183,
    1.6435460802518833,
    0.9436431295391882,
    2.701874460267494,
    1.9360419019777564,
    1.4799376430622806,
    2.214589644528805,
    0.13613432689548044,
    1.2196708385505461,
    1.8834432530515701,
    2.3831365939386773
  ],
  "timestamp": 1754305063.5453575
}