{
  "embedding": [
    1.4418763116347468,
    1.6105559539931074,
    2.7270988113133487,
    0.11960046219917489,
    0.11960046219917489,
    3.907363763275062,
    1.3292184974278762,
    1.7234197077079265,
    1.1066465763246578,
    3.015944096005547,
    1.522316443035583,
    2.812527352285788,
    1.472156610888013,
    1.7901948376159527,
    0.2487773914027726,
    2.451114245534428,
    0.2492711522403552,
    2.7562390896601494,
    0.6415447134615109,
    1.2443976695089232,
    1.1226525843985964,
    2.02176897363745,
    1.4522910499677277,
    0.23248076038124718,
    1.965719714973475,
    0.4262534220630987,
    3.516574755943974,
    3.5148678704458267,
    1.3877210293586437,
    1.7295778384087663,
    2.9630168063222317,
    1.790251096234499,
    2.5153063432559697,
    1.7411822575065332,
    2.582002345826939,
    0.5263831506038733,
    2.215141279182984,
    0.37863906426631766,
    0.5767190257851331,
    2.540903156420925,
    2.017272070699324,
    1.81705313655608,
    1.169050673348572,
    0.40644486855077216,
    1.6136150513798653,
    2.231508055643279,
    2.1283605932262932,
    2.484204253918737,
    2.7520414198097507,
    1.6170315126375188,
    1.186298458260075,
    1.9010159603731096,
    1.3124706229271526,
    1.4508776254548046,
    1.511642571660261,
    0.842867742892901,
    2.69984789715018,
    1.7238827721718504,
    1.3395560334760077,
    1.9227620520501896,
    0.11960046219917489,
    1.1272312319735553,
    1.6936369308262285,
    2.155748453843491
  ],
  "timestamp": 1754305062.219688
}