{
  "query": "/*+ NoNestLoop(t ci) */ select count(*)\nfrom title AS t\ninner join cast_info AS ci\non t.id = ci.movie_id AND ci.person_id < 2140330;",
  "predicted_latency": 772.5135684013367,
  "actual_latency": 7059.697,
  "q_error": 9.138605830069178,
  "inference_time": 0.030658483505249023
}