{
  "query": "/*+  */ select count(*)\nfrom cast_info AS ci\ninner join title AS t\non t.id = ci.movie_id AND ci.person_id > 1178013 AND t.production_year < 1967;",
  "predicted_latency": 1524.511456489563,
  "actual_latency": 3581.358,
  "q_error": 2.3491840515562035,
  "inference_time": 0.016639232635498047
}