{
  "query": "/*+  */ select count(*)\nfrom title AS t\ninner join cast_info AS ci\non t.id = ci.movie_id AND ci.person_id > 837215 AND ci.role_id < 2;",
  "predicted_latency": 1059.1342449188232,
  "actual_latency": 3027.214,
  "q_error": 2.8581966965217136,
  "inference_time": 0.0170285701751709
}