{
  "predicted_latency": 444.9435770511627,
  "actual_latency": 1339.832,
  "q_error": 3.011240231580951,
  "inference_time": 0.08666300773620605
}