{
  "predicted_latency": 401.3118591308594,
  "inference_time": 0.0523226261138916
}