{
    "embedding": [
        0.5211530327796936,
        0.5211530327796936,
        0.5538217425346375,
        0.7038425803184509,
        0.606582760810852,
        1.3186876773834229,
        0.5212597846984863,
        0.5211530327796936,
        1.016645908355713,
        0.5211530327796936,
        0.5211530327796936,
        0.5211530327796936,
        0.5468530058860779,
        2.9725258350372314,
        3.1539242267608643,
        1.7945411205291748,
        0.5211530327796936,
        0.7742204666137695,
        0.5211530327796936,
        2.0496578216552734,
        0.5211530327796936,
        0.859345555305481,
        1.4592046737670898,
        0.5211530327796936,
        1.2339016199111938,
        2.867276191711426,
        0.5211530327796936,
        0.5211530327796936,
        0.5211530327796936,
        0.5211530327796936,
        2.6574835777282715,
        0.8663502335548401,
        0.5211530327796936,
        0.5211530327796936,
        2.2478489875793457,
        2.7624552249908447,
        0.5211530327796936,
        1.312045931816101,
        1.7636349201202393,
        0.5211530327796936,
        0.5211530327796936,
        0.5211530327796936,
        0.6815360188484192,
        0.5211530327796936,
        1.6274794340133667,
        0.5211530327796936,
        0.5211530327796936,
        0.8139525651931763,
        0.5211530327796936,
        3.360987424850464,
        1.504551887512207,
        1.8721942901611328,
        0.5211530327796936,
        0.5211530327796936,
        3.200472831726074,
        0.5211530327796936,
        0.5211530327796936,
        0.5211530327796936,
        0.5211530327796936,
        0.6468917727470398,
        0.5211530327796936,
        0.5211530327796936,
        0.5211530327796936,
        4.018988132476807
    ],
    "timestamp": 1754257821.4057543
}