{
    "embedding": [
        0.5211529731750488,
        0.5211529731750488,
        0.5538217425346375,
        0.7038425803184509,
        0.606582760810852,
        1.318687915802002,
        0.5212597250938416,
        0.5211529731750488,
        1.016645908355713,
        0.5211529731750488,
        0.5211529731750488,
        0.5211529731750488,
        0.5468529462814331,
        2.9725258350372314,
        3.153923988342285,
        1.7945407629013062,
        0.5211529731750488,
        0.7742200493812561,
        0.5211529731750488,
        2.0496580600738525,
        0.5211529731750488,
        0.859345555305481,
        1.4592050313949585,
        0.5211529731750488,
        1.2339015007019043,
        2.8672759532928467,
        0.5211529731750488,
        0.5211529731750488,
        0.5211529731750488,
        0.5211529731750488,
        2.6574835777282715,
        0.8663500547409058,
        0.5211529731750488,
        0.5211529731750488,
        2.247849464416504,
        2.762455463409424,
        0.5211529731750488,
        1.3120455741882324,
        1.7636348009109497,
        0.5211529731750488,
        0.5211529731750488,
        0.5211529731750488,
        0.6815358996391296,
        0.5211529731750488,
        1.627479910850525,
        0.5211529731750488,
        0.5211529731750488,
        0.8139524459838867,
        0.5211529731750488,
        3.360987663269043,
        1.5045517683029175,
        1.8721946477890015,
        0.5211529731750488,
        0.5211529731750488,
        3.200472354888916,
        0.5211529731750488,
        0.5211529731750488,
        0.5211529731750488,
        0.5211529731750488,
        0.646891713142395,
        0.5211529731750488,
        0.5211529731750488,
        0.5211529731750488,
        4.018989562988281
    ],
    "timestamp": 1754257820.7815564
}