{
  "predicted_latency": 0.0291377454996109,
  "actual_latency": 3.2932159999999997,
  "q_error": 113.02233123779297,
  "inference_time": 0.2974398136138916,
  "timestamp": 1745771711.0631907
}