{
  "predicted_latency": 0.0291377454996109,
  "actual_latency": 99.005311,
  "q_error": 3397.8369140625,
  "inference_time": 0.1027677059173584,
  "timestamp": 1745760250.383978
}