{
  "predicted_latency": 0.02913774736225605,
  "actual_latency": 6.3201719999999995,
  "q_error": 216.90667724609375,
  "inference_time": 3.552647113800049,
  "timestamp": 1745479179.0170836
}